1
                 Chemistry at HARvard Macromolecular Mechanics
           (CHARMM) - Developmental Version 47a2   February 15, 2021            
                                Revision unknown                                
       Copyright(c) 1984-2020  President and Fellows of Harvard College
                              All Rights Reserved
             Current operating system: Linux-6.1.0-41-amd64(x86_64)             
                 Created on 12/1/25 at  8:04:38 by user: charmm-gui  

            Maximum number of ATOMS:    360720, and RESidues:      120240
 RDTITL> * GENERATED BY CHARMM-GUI (HTTP://WWW.CHARMM-GUI.ORG) V3.7 ON DEC, 01. 2025. JOBID=6459390172
 RDTITL> * GENERATES ION CONFORMATION USING MONTE-CARLO SIMULATION
 RDTITL> *
  
 CHARMM>     
  
 CHARMM>    DIMENS CHSIZE 5000000 MAXRES 3000000
Size      Original         New
MAXA        360720     5000000
MAXB        360720     5000000
MAXT        721440    10000000
MAXP       1082160    15000000
MAXIMP      180360     2500000
MAXNB        90180     1250000
MAXPAD      360720     5000000
MAXRES      120240     3000000
MAXSEG       45090      625000
MAXATC        1400
MAXCB         3000
MAXCT        50000
MAXCP        50000
MAXCI         1200
MAXCH         6400
MAXCN       502503
MAXCRT      120240     1666666
  
 CHARMM>     
  
 CHARMM>    ! Read topology and parameter files
 CHARMM>    stream toppar.str
 VOPEN> Attempting to open::toppar.str::
 OPNLGU> Unit 99 opened for READONLY access to toppar.str

                    INPUT STREAM SWITCHING TO UNIT    99
 RDTITL> * GENERATED BY CHARMM-GUI (HTTP://WWW.CHARMM-GUI.ORG) V3.7 ON DEC, 01. 2025. JOBID=6459390172
 RDTITL> * STREAM FILE FOR TOPOLOGY AND PARAMETER READING
 RDTITL> *
 Parameter: IN1 <- "" <empty>
  
 CHARMM>     
  
 CHARMM>    ! protein topology and parameter
 CHARMM>    open read card unit 10 name toppar/top_all36_prot.rtf
 VOPEN> Attempting to open::toppar/top_all36_prot.rtf::
 OPNLGU> Unit 10 opened for READONLY access to toppar/top_all36_prot.rtf
  
 CHARMM>    read  rtf card unit 10
 MAINIO> Residue topology file being read from unit  10.
 TITLE> *>>>>>>>>CHARMM36 ALL-HYDROGEN TOPOLOGY FILE FOR PROTEINS <<<<<<
 TITLE> *>>>>> INCLUDES PHI, PSI CROSS TERM MAP (CMAP) CORRECTION <<<<<<<
 TITLE> *>>>>>>>>>>>>>>>>>>>>>>>>>> MAY 2011 <<<<<<<<<<<<<<<<<<<<<<<<<<<<
 TITLE> * ALL COMMENTS TO THE CHARMM WEB SITE: WWW.CHARMM.ORG
 TITLE> *             PARAMETER SET DISCUSSION FORUM
 TITLE> *
  
 CHARMM>     
  
 CHARMM>    open read card unit 20 name toppar/par_all36m_prot.prm
 VOPEN> Attempting to open::toppar/par_all36m_prot.prm::
 OPNLGU> Unit 20 opened for READONLY access to toppar/par_all36m_prot.prm
  
 CHARMM>    read para card unit 20 flex

          PARAMETER FILE BEING READ FROM UNIT 20
 TITLE> *>>>> CHARMM36 ALL-HYDROGEN PARAMETER FILE FOR PROTEINS <<<<<<<<<<
 TITLE> *>>>>> INCLUDES PHI, PSI CROSS TERM MAP (CMAP) CORRECTION <<<<<<<<
 TITLE> *>>>>>>>>>>>>>>>>>>>>>>>>>> JAN. 2016 <<<<<<<<<<<<<<<<<<<<<<<<<<<<
 TITLE> * ALL COMMENTS TO THE CHARMM WEB SITE: WWW.CHARMM.ORG
 TITLE> *             PARAMETER SET DISCUSSION FORUM
 TITLE> *
 PARMIO> NONBOND, HBOND lists and IMAGE atoms cleared.
  
 CHARMM>     
  
 CHARMM>    ! nucleic acids
 CHARMM>    open read card unit 10 name toppar/top_all36_na.rtf
 OPNLGU> Unit already open. The old file will be closed first.
 VCLOSE: Closing unit   10 with status "KEEP"
 VOPEN> Attempting to open::toppar/top_all36_na.rtf::
 OPNLGU> Unit 10 opened for READONLY access to toppar/top_all36_na.rtf
  
 CHARMM>    read  rtf card unit 10 append
 MAINIO> Residue topology file being read from unit  10.
 TITLE> *  \\\\ CHARMM36 ALL-HYDROGEN NUCLEIC ACID TOPOLOGY FILE ////
 TITLE> *   ALEXANDER D. MACKERELL JR. AND COWORKERS
 TITLE> *                      APRIL 2011
 TITLE> * ALL COMMENTS TO THE CHARMM WEB SITE: WWW.CHARMM.ORG
 TITLE> *           PARAMETER SET DISCUSSION FORUM
 TITLE> *
  
 CHARMM>     
  
 CHARMM>    open read card unit 20 name toppar/par_all36_na.prm
 OPNLGU> Unit already open. The old file will be closed first.
 VCLOSE: Closing unit   20 with status "KEEP"
 VOPEN> Attempting to open::toppar/par_all36_na.prm::
 OPNLGU> Unit 20 opened for READONLY access to toppar/par_all36_na.prm
  
 CHARMM>    read para card unit 20 append flex

          PARAMETER FILE BEING READ FROM UNIT 20
 TITLE> * \\\\ CHARMM36 ALL-HYDROGEN NUCLEIC ACID PARAMETER FILE ////
 TITLE> *         ALEXANDER D. MACKERELL JR. AND COWORKERS
 TITLE> *                        APRIL 2011
 TITLE> * ALL COMMENTS TO THE CHARMM WEB SITE: WWW.CHARMM.ORG PARAMETER
 TITLE> *                     SET DISCUSSION FORUM
 TITLE> *
 PARMIO> NONBOND, HBOND lists and IMAGE atoms cleared.
  
 CHARMM>     
  
 CHARMM>    ! carbohydrates
 CHARMM>    open read card unit 10 name toppar/top_all36_carb.rtf
 OPNLGU> Unit already open. The old file will be closed first.
 VCLOSE: Closing unit   10 with status "KEEP"
 VOPEN> Attempting to open::toppar/top_all36_carb.rtf::
 OPNLGU> Unit 10 opened for READONLY access to toppar/top_all36_carb.rtf
  
 CHARMM>    read  rtf card unit 10 append
 MAINIO> Residue topology file being read from unit  10.
 TITLE> * $ID: TOP_ALLXX_SUGAR.INP,V 1.106 2014/08/19 19:07:43 ALEX EXP $
 TITLE> *>>>>>>>>>>>> ALL-HYDROGEN TOPOLOGIES USED IN THE <<<<<<<<<<<<<<<<
 TITLE> *>>>>> DEVELOPMENT OF THE CHARMM CARBOHYDRATE  FORCE FIELD<<<<<<<<
 TITLE> *>>>>>>>>>>>>>>>>>>>>>>>>> JUNE 2009 <<<<<<<<<<<<<<<<<<<<<<<<<<<<<
 TITLE> *>>>>>>>> DIRECT COMMENTS TO ALEXANDER D. MACKERELL JR. <<<<<<<<<<
 TITLE> *>>>>>>>>>> VIA THE CHARMM WEB SITE: WWW.CHARMM.ORG <<<<<<<<<<<<<<
 TITLE> *>>>>>>>>>>>>>>> PARAMETER SET DISCUSSION FORUM <<<<<<<<<<<<<<<<<<
 TITLE> *
  
 CHARMM>     
  
 CHARMM>    open read card unit 20 name toppar/par_all36_carb.prm
 OPNLGU> Unit already open. The old file will be closed first.
 VCLOSE: Closing unit   20 with status "KEEP"
 VOPEN> Attempting to open::toppar/par_all36_carb.prm::
 OPNLGU> Unit 20 opened for READONLY access to toppar/par_all36_carb.prm
  
 CHARMM>    read para card unit 20 append flex

          PARAMETER FILE BEING READ FROM UNIT 20
 TITLE> * $ID: PAR_ALLXX_SUGAR.INP,V 1.132 2014/08/19 19:03:21 ALEX EXP $
 TITLE> *>>>>>>>>>>>> ALL-HYDROGEN PARAMETERS USED IN THE <<<<<<<<<<<<<<<<
 TITLE> *>>>>> DEVELOPMENT OF THE CHARMM CARBOHYDRATE  FORCE FIELD<<<<<<<<
 TITLE> *>>>>>>>>>>>>>>>>>>>>>>>>> JUNE 2009 <<<<<<<<<<<<<<<<<<<<<<<<<<<<<
 TITLE> *>>>>>>>> DIRECT COMMENTS TO ALEXANDER D. MACKERELL JR. <<<<<<<<<<
 TITLE> *>>>>>>>>>> VIA THE CHARMM WEB SITE: WWW.CHARMM.ORG <<<<<<<<<<<<<<
 TITLE> *>>>>>>>>>>>>>>> PARAMETER SET DISCUSSION FORUM <<<<<<<<<<<<<<<<<<
 TITLE> *
 PARMIO> NONBOND, HBOND lists and IMAGE atoms cleared.
  
 CHARMM>     
  
 CHARMM>    ! lipids
 CHARMM>    open read card unit 10 name toppar/top_all36_lipid.rtf
 OPNLGU> Unit already open. The old file will be closed first.
 VCLOSE: Closing unit   10 with status "KEEP"
 VOPEN> Attempting to open::toppar/top_all36_lipid.rtf::
 OPNLGU> Unit 10 opened for READONLY access to toppar/top_all36_lipid.rtf
  
 CHARMM>    read  rtf card unit 10 append
 MAINIO> Residue topology file being read from unit  10.
 TITLE> *  \\\\\\\ CHARMM36 ALL-HYDROGEN LIPID TOPOLOGY FILE ///////
 TITLE> *  ALL COMMENTS AND QUESTIONS SHOULD BE SUBMITTED TO THE
 TITLE> *  PARAMETER FORUM AT THE CHARMM WEBSITE: WWW.CHARMM.ORG
 TITLE> *
  
 CHARMM>     
  
 CHARMM>    open read card unit 20 name toppar/par_all36_lipid.prm
 OPNLGU> Unit already open. The old file will be closed first.
 VCLOSE: Closing unit   20 with status "KEEP"
 VOPEN> Attempting to open::toppar/par_all36_lipid.prm::
 OPNLGU> Unit 20 opened for READONLY access to toppar/par_all36_lipid.prm
  
 CHARMM>    read para card unit 20 append flex

          PARAMETER FILE BEING READ FROM UNIT 20
 TITLE> *  \\\\\\\ CHARMM36 ALL-HYDROGEN LIPID PARAMETER FILE ///////
 TITLE> *  ALL COMMENTS AND QUESTIONS SHOULD BE SUBMITTED TO THE
 TITLE> *  PARAMETER FORUM AT THE CHARMM WEBSITE: WWW.CHARMM.ORG
 TITLE> *
 PARMIO> NONBOND, HBOND lists and IMAGE atoms cleared.
  
 CHARMM>     
  
 CHARMM>    ! CGENFF
 CHARMM>    open read card unit 10 name toppar/top_all36_cgenff.rtf
 OPNLGU> Unit already open. The old file will be closed first.
 VCLOSE: Closing unit   10 with status "KEEP"
 VOPEN> Attempting to open::toppar/top_all36_cgenff.rtf::
 OPNLGU> Unit 10 opened for READONLY access to toppar/top_all36_cgenff.rtf
  
 CHARMM>    read  rtf card unit 10 append
 MAINIO> Residue topology file being read from unit  10.
 TITLE> *  --------------------------------------------------------------------------  *
 TITLE> *          CGENFF: TOPOLOGY FOR THE CHARMM GENERAL FORCE FIELD V. 4.6          *
 TITLE> *                    FOR SMALL MOLECULE DRUG DESIGN                            *
 TITLE> *  --------------------------------------------------------------------------  *
 TITLE> *

 DRUDES PARTICLES WILL BE GENERATED AUTOMATICALLY FOR ALL ATOMS WITH NON-ZERO ALPHA
 Thole-type dipole screening, Slater-Delta shape {S(u) = 1 - (1+u/2)*exp(-u)}, default radius =  1.300000
  
 CHARMM>     
  
 CHARMM>    open read card unit 20 name toppar/par_all36_cgenff.prm
 OPNLGU> Unit already open. The old file will be closed first.
 VCLOSE: Closing unit   20 with status "KEEP"
 VOPEN> Attempting to open::toppar/par_all36_cgenff.prm::
 OPNLGU> Unit 20 opened for READONLY access to toppar/par_all36_cgenff.prm
  
 CHARMM>    read para card unit 20 append flex

          PARAMETER FILE BEING READ FROM UNIT 20
 TITLE> *  --------------------------------------------------------------------------  *
 TITLE> *         CGENFF: PARAMETERS FOR THE CHARMM GENERAL FORCE FIELD V. 4.6         *
 TITLE> *                    FOR SMALL MOLECULE DRUG DESIGN                            *
 TITLE> *  --------------------------------------------------------------------------  *
 TITLE> *  2017/8: IF PROTEIN, NUCLEIC ACID AND CARBOHYDRATE TOPOLOGY AND PARAMETER FILES
 TITLE> *  ARE NOT READ PRIOR TO THE CGENFF FILES "WARNING: ATOMS IN NBFIX ' errors will
 TITLE> *  BE ENCOUNTERED.  THESE CAN BE PASSED BY SETTING BOMLEV ( -2) PRIOR TO READING
 TITLE> *  THIS FILE. IN ADDITION, WHEN GENERATING AROMATIC HALOGENS (CL, BR, I) WITH
 TITLE> *  PRE C41B/C42A VERSIONS OF CHARMM "MISSING PARAMETER" ERRORS WILL BE
 TITLE> *  ENCOUNTERED THAT ALSO REQUIRE SETTING BOMLEV ( -2).
 TITLE> *
 PARMIO> NONBOND, HBOND lists and IMAGE atoms cleared.
  
 CHARMM>     
  
 CHARMM>    ! Phosphates and Sulfates
 CHARMM>    stream toppar/toppar_all36_moreions.str
 VOPEN> Attempting to open::toppar/toppar_all36_moreions.str::
 OPNLGU> Unit 98 opened for READONLY access to toppar/toppar_all36_moreions.str

                    INPUT STREAM SWITCHING TO UNIT    98
 RDTITL> * ADDITIONAL IONS GENERATED USING CGENFF
 RDTITL> *
 Parameter: IN1 <- "" <empty>
  
 CHARMM>     
  
 CHARMM>    set nat ?NATC
 RDCMND substituted energy or value "?NATC" to "345"
 Parameter: NAT <- "345"
  
 CHARMM>    set app
 Parameter: APP <- "" <empty>
  
 CHARMM>     
  
 CHARMM>    if "@NAT" ne "?NATC" if @nat ne 0 set app append
 Parameter: NAT -> "345"
 Parameter: NAT -> "345"
 RDCMND: can not substitute energy "?NATC""
 Comparing ""345"" and ""?NATC"".
 IF test evaluated as true.  Performing command
 Comparing "345" and "0".
 IF test evaluated as true.  Performing command
 Parameter: APP <- "APPEND"
  
 CHARMM>     
  
 CHARMM>    read rtf card @app
 Parameter: APP -> "APPEND"
 MAINIO> Residue topology file being read from unit  98.
 RDTITL> * TOPOLOGIES GENERATED BY
 RDTITL> * CHARMM GENERAL FORCE FIELD (CGENFF) PROGRAM VERSION 2.4.0
 RDTITL> *
  
 CHARMM>     
  
 CHARMM>    read para card flex @app
 Parameter: APP -> "APPEND"

          PARAMETER FILE BEING READ FROM UNIT 98
 RDTITL> * PARAMETERS GENERATED BY ANALOGY BY
 RDTITL> * CHARMM GENERAL FORCE FIELD (CGENFF) PROGRAM VERSION 2.4.0
 RDTITL> *
 PARMIO> NONBOND, HBOND lists and IMAGE atoms cleared.
  
 CHARMM>     
  
 VCLOSE: Closing unit   98 with status "KEEP"

                    RETURNING TO INPUT STREAM    99
  
 CHARMM>     
  
 CHARMM>    ! Interface FF
 CHARMM>    open read card unit 10 name toppar/top_interface.rtf
 OPNLGU> Unit already open. The old file will be closed first.
 VCLOSE: Closing unit   10 with status "KEEP"
 VOPEN> Attempting to open::toppar/top_interface.rtf::
 OPNLGU> Unit 10 opened for READONLY access to toppar/top_interface.rtf
  
 CHARMM>    read  rtf card unit 10 append
 MAINIO> Residue topology file being read from unit  10.
 TITLE> * INTERFACE FF
 TITLE> * TOPOLOGY FOR NANOMATERIALS
 TITLE> *
*** WARNING **** residue TSHO already exists (old one deleted)

      ***** LEVEL  1 WARNING FROM <RTFRDR> *****
      ***** Residue already exists.
      ******************************************
      BOMLEV (  0) IS NOT REACHED. WRNLEV IS  5

          PRES TSHO17      -1.050
*** WARNING **** residue TSHO already exists (old one deleted)

      ***** LEVEL  1 WARNING FROM <RTFRDR> *****
      ***** Residue already exists.
      ******************************************
      BOMLEV (  0) IS NOT REACHED. WRNLEV IS  5

          PRES TSHO21      -1.050
 There were   2 warning(s) from RTFRDR.
  
 CHARMM>     
  
 CHARMM>    open read card unit 10 name toppar/par_interface.prm
 OPNLGU> Unit already open. The old file will be closed first.
 VCLOSE: Closing unit   10 with status "KEEP"
 VOPEN> Attempting to open::toppar/par_interface.prm::
 OPNLGU> Unit 10 opened for READONLY access to toppar/par_interface.prm
  
 CHARMM>    read para card unit 10 append flex

          PARAMETER FILE BEING READ FROM UNIT 10
 TITLE> * INTERFACE FF
 TITLE> * TOPOLOGY AND PARAMETER FOR CALY MINERALS, CEMENT MINERALS
 TITLE> *
 PARRDR> Error: Repeated DIHE parameter ( 10947): HGR6  ICG1  ICG1  ICGE is replaced
 PARMIO> NONBOND, HBOND lists and IMAGE atoms cleared.
  
 CHARMM>     
  
 CHARMM>    stream toppar/toppar_all36_nano_lig.str
 VOPEN> Attempting to open::toppar/toppar_all36_nano_lig.str::
 OPNLGU> Unit 98 opened for READONLY access to toppar/toppar_all36_nano_lig.str

                    INPUT STREAM SWITCHING TO UNIT    98
 RDTITL> READ RTF CARD APPEND
 RDTITL> No title read.
 Parameter: IN1 <- "" <empty>
  
 CHARMM>    read rtf card append
 MAINIO> Residue topology file being read from unit  98.
 RDTITL> * TOPOLOGY FOR NANO-LIGAND
 RDTITL> *
  
 CHARMM>     
  
 CHARMM>    read param card flex append

          PARAMETER FILE BEING READ FROM UNIT 98
 RDTITL> * SYNTHETIC POLYMER PARAMETER
 RDTITL> *
 PARMIO> NONBOND, HBOND lists and IMAGE atoms cleared.
  
 CHARMM>    RETURN
 VCLOSE: Closing unit   98 with status "KEEP"

                    RETURNING TO INPUT STREAM    99
  
 CHARMM>    stream toppar/toppar_all36_nano_lig_patch.str
 VOPEN> Attempting to open::toppar/toppar_all36_nano_lig_patch.str::
 OPNLGU> Unit 98 opened for READONLY access to toppar/toppar_all36_nano_lig_patch.str

                    INPUT STREAM SWITCHING TO UNIT    98
 RDTITL> READ RTF CARD APPEND
 RDTITL> No title read.
 Parameter: IN1 <- "" <empty>
  
 CHARMM>    read rtf card append
 MAINIO> Residue topology file being read from unit  98.
 RDTITL> * TOPOLOGY FOR SYNTHETIC_POLYMER
 RDTITL> *
  
 CHARMM>    RETURN
 VCLOSE: Closing unit   98 with status "KEEP"

                    RETURNING TO INPUT STREAM    99
  
 CHARMM>     
  
 CHARMM>    ! Additional topologies and parameters for synthetic polymer
 CHARMM>    stream toppar/toppar_all36_synthetic_polymer.str
 VOPEN> Attempting to open::toppar/toppar_all36_synthetic_polymer.str::
 OPNLGU> Unit 98 opened for READONLY access to toppar/toppar_all36_synthetic_polymer.str

                    INPUT STREAM SWITCHING TO UNIT    98
 RDTITL> READ RTF CARD APPEND
 RDTITL> No title read.
 Parameter: IN1 <- "" <empty>
  
 CHARMM>    read rtf card append
 MAINIO> Residue topology file being read from unit  98.
 RDTITL> * TOPOLOGY FOR SYNTHETIC_POLYMER
 RDTITL> *
  
 CHARMM>     
  
 CHARMM>    read param card flex append

          PARAMETER FILE BEING READ FROM UNIT 98
 RDTITL> * SYNTHETIC POLYMER PARAMETER
 RDTITL> *
 PARMIO> NONBOND, HBOND lists and IMAGE atoms cleared.
  
 CHARMM>    RETURN
 VCLOSE: Closing unit   98 with status "KEEP"

                    RETURNING TO INPUT STREAM    99
  
 CHARMM>    stream toppar/toppar_all36_synthetic_polymer_patch.str
 VOPEN> Attempting to open::toppar/toppar_all36_synthetic_polymer_patch.str::
 OPNLGU> Unit 98 opened for READONLY access to toppar/toppar_all36_synthetic_polymer_patch.str

                    INPUT STREAM SWITCHING TO UNIT    98
 RDTITL> READ RTF CARD APPEND
 RDTITL> No title read.
 Parameter: IN1 <- "" <empty>
  
 CHARMM>    read rtf card append
 MAINIO> Residue topology file being read from unit  98.
 RDTITL> * TOPOLOGY FOR SYNTHETIC_POLYMER
 RDTITL> *
  
 CHARMM>     
  
 CHARMM>    return
 VCLOSE: Closing unit   98 with status "KEEP"

                    RETURNING TO INPUT STREAM    99
  
 CHARMM>    stream toppar/toppar_all36_polymer_solvent.str
 VOPEN> Attempting to open::toppar/toppar_all36_polymer_solvent.str::
 OPNLGU> Unit 98 opened for READONLY access to toppar/toppar_all36_polymer_solvent.str

                    INPUT STREAM SWITCHING TO UNIT    98
 RDTITL> READ RTF CARD APPEND
 RDTITL> No title read.
 Parameter: IN1 <- "" <empty>
  
 CHARMM>    read rtf card append
 MAINIO> Residue topology file being read from unit  98.
 RDTITL> * TOPOLOGY FOR SYNTHETIC_POLYMER
 RDTITL> *
  
 CHARMM>    read param card flex append

          PARAMETER FILE BEING READ FROM UNIT 98
 RDTITL> * SYNTHETIC POLYMER PARAMETER
 RDTITL> *
 PARMIO> NONBOND, HBOND lists and IMAGE atoms cleared.
  
 CHARMM>     
  
 CHARMM>    RETURN
 VCLOSE: Closing unit   98 with status "KEEP"

                    RETURNING TO INPUT STREAM    99
  
 CHARMM>     
  
 CHARMM>    ! Additional topologies and parameters for water and ions
 CHARMM>    stream toppar/toppar_water_ions.str
 VOPEN> Attempting to open::toppar/toppar_water_ions.str::
 OPNLGU> Unit 98 opened for READONLY access to toppar/toppar_water_ions.str

                    INPUT STREAM SWITCHING TO UNIT    98
 RDTITL> * TOPLOGY AND PARAMETER INFORMATION FOR WATER AND IONS.
 RDTITL> *
 Parameter: IN1 <- "" <empty>
  
 CHARMM>     
  
 CHARMM>    !Testcase
 CHARMM>    !test_water_ions.inp
 CHARMM>     
  
 CHARMM>    ! IMPORTANT NOTE: this file contains NBFixes between carboxylates and sodium,
 CHARMM>    ! which will only apply if the main files containing carboxylate atom types
 CHARMM>    ! have been read in first!
 CHARMM>     
  
 CHARMM>    !references
 CHARMM>    !
 CHARMM>    !TIP3P water model
 CHARMM>    !
 CHARMM>    !W.L. Jorgensen; J.Chandrasekhar; J.D. Madura; R.W. Impey;
 CHARMM>    !M.L. Klein; "Comparison of simple potential functions for
 CHARMM>    !simulating liquid water", J. Chem. Phys. 79 926-935 (1983).
 CHARMM>    !
 CHARMM>    !IONS
 CHARMM>    !
 CHARMM>    !Ions from Roux and coworkers
 CHARMM>    !
 CHARMM>    !Beglov, D. and Roux, B., Finite Representation of an Infinite
 CHARMM>    !Bulk System: Solvent Boundary Potential for Computer Simulations,
 CHARMM>    !Journal of Chemical Physics, 1994, 100: 9050-9063
 CHARMM>    !
 CHARMM>    !ZINC
 CHARMM>    !
 CHARMM>    !Stote, R.H. and Karplus, M. Zinc Binding in Proteins and
 CHARMM>    !Solution: A Simple but Accurate Nonbonded Representation, PROTEINS:
 CHARMM>    !Structure, Function, and Genetics 23:12-31 (1995)
 CHARMM>     
  
 CHARMM>    !test "append" to determine if previous toppar files have been read and
 CHARMM>    !add append to "read rtf card" if true
 CHARMM>    set nat ?NATC
 RDCMND substituted energy or value "?NATC" to "468"
 Parameter: NAT <- "468"
  
 CHARMM>    set app
 Parameter: APP <- "" <empty>
  
 CHARMM>    !We're exploiting what is arguably a bug in the parser. On the left hand side,
 CHARMM>    !the quotes have priority, so NAT is correctly substituted. On the right hand
 CHARMM>    !side, the ? has priority and NATC" (sic) is not a valid substitution...
 CHARMM>    if "@NAT" ne "?NATC" if @nat ne 0 set app append
 Parameter: NAT -> "468"
 Parameter: NAT -> "468"
 RDCMND: can not substitute energy "?NATC""
 Comparing ""468"" and ""?NATC"".
 IF test evaluated as true.  Performing command
 Comparing "468" and "0".
 IF test evaluated as true.  Performing command
 Parameter: APP <- "APPEND"
  
 CHARMM>     
  
 CHARMM>    read rtf card @app
 Parameter: APP -> "APPEND"
 MAINIO> Residue topology file being read from unit  98.
 RDTITL> * TOPOLOGY FOR WATER AND IONS
 RDTITL> *
  
 CHARMM>     
  
 CHARMM>    read para card flex @app
 Parameter: APP -> "APPEND"

          PARAMETER FILE BEING READ FROM UNIT 98
 RDTITL> * PARAMETERS FOR WATER AND IONS
 RDTITL> *
 PARMIO> NONBOND, HBOND lists and IMAGE atoms cleared.
  
 CHARMM>     
  
 CHARMM>    ! The following section contains NBFixes for sodium interacting with
 CHARMM>    ! carboxylate oxygens of various CHARMM force fields. It will generate
 CHARMM>    ! level -1 warnings whenever any of these force fields have not been
 CHARMM>    ! read prior to the current stream file. Since we don't want to force
 CHARMM>    ! the user to always read all the force fields, we're suppressing the
 CHARMM>    ! warnings. The only side effect is that you will have "most severe
 CHARMM>    ! warning was at level 0" at the end of your output. Also note that
 CHARMM>    ! the user is responsible for reading the current file last if they
 CHARMM>    ! want the NBFixes to apply. A more elegant solution would require new
 CHARMM>    ! features to be added to CHARMM.
 CHARMM>    ! parallel fix, to avoid duplicated messages in the log
 CHARMM>    set para
 Parameter: PARA <- "" <empty>
  
 CHARMM>    if ?NUMNODE gt 1 set para node 0
 RDCMND substituted energy or value "?NUMNODE" to "1"
 Comparing "1" and "1".
 IF test evaluated as false.  Skipping command
  
 CHARMM>     
  
 CHARMM>    set wrn ?WRNLEV
 RDCMND substituted energy or value "?WRNLEV" to "5"
 Parameter: WRN <- "5"
  
 CHARMM>    ! Some versions of CHARMM don't seem to initialize wrnlev...
 CHARMM>    if "@WRN" eq "?WRNLEV" set wrn 5
 Parameter: WRN -> "5"
 RDCMND: can not substitute energy "?WRNLEV""
 Comparing ""5"" and ""?WRNLEV"".
 IF test evaluated as false.  Skipping command
  
 CHARMM>    set bom ?bomlev
 RDCMND substituted energy or value "?BOMLEV" to "0"
 Parameter: BOM <- "0"
  
 CHARMM>    WRNLEV -1 @PARA
 Parameter: PARA -> "" <empty>
  
 CHARMM>    BOMLEV -1 @PARA
 Parameter: PARA -> "" <empty>
  
 CHARMM>    read para card flex append

          PARAMETER FILE BEING READ FROM UNIT 98
 RDTITL> * NBFIX BETWEEN CARBOXYLATE AND SODIUM
 RDTITL> *
 PARMIO> NONBOND, HBOND lists and IMAGE atoms cleared.
  
 CHARMM>    BOMLEV @bom @PARA
 Parameter: BOM -> "0"
 Parameter: PARA -> "" <empty>
  
 CHARMM>    WRNLEV @wrn @PARA
 Parameter: WRN -> "5"
 Parameter: PARA -> "" <empty>
  
 CHARMM>     
  
 CHARMM>    return
 VCLOSE: Closing unit   98 with status "KEEP"

                    RETURNING TO INPUT STREAM    99
  
 CHARMM>    stream toppar/toppar_dum_noble_gases.str
 VOPEN> Attempting to open::toppar/toppar_dum_noble_gases.str::
 OPNLGU> Unit 98 opened for READONLY access to toppar/toppar_dum_noble_gases.str

                    INPUT STREAM SWITCHING TO UNIT    98
 RDTITL> * TOPLOGY AND PARAMETER INFORMATION FOR HELIUM, NEON AND A DUMMY ATOM.
 RDTITL> *
 Parameter: IN1 <- "" <empty>
  
 CHARMM>     
  
 CHARMM>    !Testcase
 CHARMM>    !test_dum_nobel_gases.inp
 CHARMM>     
  
 CHARMM>    !test "append" to determine if previous	toppar files have been read and
 CHARMM>    !add append to "read rtf card" if true
 CHARMM>    set nat ?NATC
 RDCMND substituted energy or value "?NATC" to "485"
 Parameter: NAT <- "485"
  
 CHARMM>    set app
 Parameter: APP <- "" <empty>
  
 CHARMM>    !We're exploiting what is arguably a bug in the parser. On the left hand side,
 CHARMM>    !the quotes have proirity, so NAT is correctly substituted. On the right hand
 CHARMM>    !side, the ? has priority and NATC" (sic) is not a valid substitution...
 CHARMM>    if "@NAT" ne "?NATC" if @nat ne 0 set app append
 Parameter: NAT -> "485"
 Parameter: NAT -> "485"
 RDCMND: can not substitute energy "?NATC""
 Comparing ""485"" and ""?NATC"".
 IF test evaluated as true.  Performing command
 Comparing "485" and "0".
 IF test evaluated as true.  Performing command
 Parameter: APP <- "APPEND"
  
 CHARMM>     
  
 CHARMM>    read rtf card @app
 Parameter: APP -> "APPEND"
 MAINIO> Residue topology file being read from unit  98.
 RDTITL> * TOPOLOGY FOR HELIUM, NEON AND A DUMMY ATOM.
 RDTITL> *
  
 CHARMM>     
  
 CHARMM>    read para card flex @app
 Parameter: APP -> "APPEND"

          PARAMETER FILE BEING READ FROM UNIT 98
 RDTITL> * PARAMETERS FOR HELIUM, NEON AND A DUMMY ATOM.
 RDTITL> *
 PARMIO> NONBOND, HBOND lists and IMAGE atoms cleared.
  
 CHARMM>     
  
 CHARMM>    return
 VCLOSE: Closing unit   98 with status "KEEP"

                    RETURNING TO INPUT STREAM    99
  
 CHARMM>    stream toppar/toppar_ions_won.str
 VOPEN> Attempting to open::toppar/toppar_ions_won.str::
 OPNLGU> Unit 98 opened for READONLY access to toppar/toppar_ions_won.str

                    INPUT STREAM SWITCHING TO UNIT    98
 RDTITL> * TOP_IONS_WON.STR: GENERAL MODEL FOR MONO-, DI-, AND TRIVALENT CATIONS
 RDTITL> *
 Parameter: IN1 <- "" <empty>
  
 CHARMM>     
  
 CHARMM>    !This is a comprehensive set of ions developed using stochastic boundary
 CHARMM>    !conditions. It is strongly recommended that ion parameters in
 CHARMM>    !toppar_water_ions.str be used if available, as they are more highly
 CHARMM>    !optimized.  Accordingly, those ions have been commented in this
 CHARMM>    !file.
 CHARMM>    !
 CHARMM>    !reference
 CHARMM>    !Won, Y., "Force Field for Monovalent, Divalent, and Trivalent Cations
 CHARMM>    !Developed under the Solvent Boundary Potential," Journal of Physical
 CHARMM>    !Chemistry A., 116: 11763-11767, 2012.
 CHARMM>     
  
 CHARMM>     
  
 CHARMM>    !test "append" to determine if previous toppar files have been read and
 CHARMM>    !add append to "read rtf card" if true
 CHARMM>    set nat ?NATC
 RDCMND substituted energy or value "?NATC" to "488"
 Parameter: NAT <- "488"
  
 CHARMM>    set app
 Parameter: APP <- "" <empty>
  
 CHARMM>    !We're exploiting what is arguably a bug in the parser. On the left hand side,
 CHARMM>    !the quotes have priority, so NAT is correctly substituted. On the right hand
 CHARMM>    !side, the ? has priority and NATC" (sic) is not a valid substitution...
 CHARMM>    if "@NAT" ne "?NATC" if @nat ne 0 set app append
 Parameter: NAT -> "488"
 Parameter: NAT -> "488"
 RDCMND: can not substitute energy "?NATC""
 Comparing ""488"" and ""?NATC"".
 IF test evaluated as true.  Performing command
 Comparing "488" and "0".
 IF test evaluated as true.  Performing command
 Parameter: APP <- "APPEND"
  
 CHARMM>     
  
 CHARMM>    read rtf card @app
 Parameter: APP -> "APPEND"
 MAINIO> Residue topology file being read from unit  98.
 RDTITL> * TOPOLOGY FOR WATER AND IONS
 RDTITL> *
  
 CHARMM>     
  
 CHARMM>    read para card flex @app
 Parameter: APP -> "APPEND"

          PARAMETER FILE BEING READ FROM UNIT 98
 RDTITL> * PAR_CATION.PRM FOR MONO-, DI-, AND TRIVALENT CATIONS
 RDTITL> *
 PARMIO> NONBOND, HBOND lists and IMAGE atoms cleared.
  
 VCLOSE: Closing unit   98 with status "KEEP"

                    RETURNING TO INPUT STREAM    99
  
 CHARMM>    stream toppar/cam.str
 VOPEN> Attempting to open::toppar/cam.str::
 OPNLGU> Unit 98 opened for READONLY access to toppar/cam.str

                    INPUT STREAM SWITCHING TO UNIT    98
 RDTITL> READ RTF CARD APPEND
 RDTITL> No title read.
 Parameter: IN1 <- "" <empty>
  
 CHARMM>    read rtf card append
 MAINIO> Residue topology file being read from unit  98.
 RDTITL> * TOPOLOGY GENERATED BY PARMED
 RDTITL> *

      ***** LEVEL  1 WARNING FROM <rtfrdr> *****
      ***** No AUTOgen defaults specified in appended RTF. Potential conflict with prior RTF autogen options. Check.
      ******************************************
      BOMLEV (  0) IS NOT REACHED. WRNLEV IS  5

  
 CHARMM>     
  
 CHARMM>    read para card flex append

          PARAMETER FILE BEING READ FROM UNIT 98
 RDTITL> * PARAMETERS GENERATED BY PARMED
 RDTITL> *
 PARMIO> NONBOND, HBOND lists and IMAGE atoms cleared.
  
 CHARMM>     
  
 CHARMM>    ! The following section contains NBFixes for CAM interacting with
 CHARMM>    ! water.
 CHARMM>    set para
 Parameter: PARA <- "" <empty>
  
 CHARMM>    if ?NUMNODE gt 1 set para node 0
 RDCMND substituted energy or value "?NUMNODE" to "1"
 Comparing "1" and "1".
 IF test evaluated as false.  Skipping command
  
 CHARMM>     
  
 CHARMM>    set wrn ?WRNLEV
 RDCMND substituted energy or value "?WRNLEV" to "5"
 Parameter: WRN <- "5"
  
 CHARMM>    ! Some versions of CHARMM don't seem to initialize wrnlev...
 CHARMM>    if "@WRN" eq "?WRNLEV" set wrn 5
 Parameter: WRN -> "5"
 RDCMND: can not substitute energy "?WRNLEV""
 Comparing ""5"" and ""?WRNLEV"".
 IF test evaluated as false.  Skipping command
  
 CHARMM>    set bom ?bomlev
 RDCMND substituted energy or value "?BOMLEV" to "0"
 Parameter: BOM <- "0"
  
 CHARMM>    WRNLEV -1 @PARA
 Parameter: PARA -> "" <empty>
  
 CHARMM>    BOMLEV -1 @PARA
 Parameter: PARA -> "" <empty>
  
 CHARMM>     
  
 CHARMM>    read para card flex append

          PARAMETER FILE BEING READ FROM UNIT 98
 RDTITL> * NBFIX BETWEEN CAM AND WATER
 RDTITL> *
 PARMIO> NONBOND, HBOND lists and IMAGE atoms cleared.
  
 CHARMM>    BOMLEV @bom @PARA
 Parameter: BOM -> "0"
 Parameter: PARA -> "" <empty>
  
 CHARMM>    WRNLEV @wrn @PARA
 Parameter: WRN -> "5"
 Parameter: PARA -> "" <empty>
  
 CHARMM>     
  
 CHARMM>    return
 VCLOSE: Closing unit   98 with status "KEEP"

                    RETURNING TO INPUT STREAM    99
  
 CHARMM>     
  
 CHARMM>    ! Additional topologies and parameters for protein
 CHARMM>    stream toppar/toppar_all36_prot_arg0.str
 VOPEN> Attempting to open::toppar/toppar_all36_prot_arg0.str::
 OPNLGU> Unit 98 opened for READONLY access to toppar/toppar_all36_prot_arg0.str

                    INPUT STREAM SWITCHING TO UNIT    98
 RDTITL> *>>>>>> ALL-HYDROGEN TOPOLOGY FOR NEUTRAL ARG <<<<<<<<<<<<<<<<<<<<
 RDTITL> *>>>>>>>>>>>>>>>>>>>>>>> 2007 <<<<<<<<<<<<<<<<<<<<<<<<<<<<<<<<<<<<
 RDTITL> *>>>>>>>> DIRECT COMMENTS TO ALEXANDER D. MACKERELL JR. <<<<<<<<<<
 RDTITL> *>>>>>>>>>>>>>>> PARAMETER FORUM, WWW.CHARMM.ORG <<<<<<<<<<<<<<<<<
 RDTITL> *
 Parameter: IN1 <- "" <empty>
  
 CHARMM>     
  
 CHARMM>    ! Atom names include "R" (for Arg) as the second letter. The
 CHARMM>    ! only other atom types in the additive FF with this second
 CHARMM>    ! letter are histidine [HN]R[123] in the protein FF and CRL[12]
 CHARMM>    ! in toppar_all36_lipid_cholesterol.str , so no more conflicts.
 CHARMM>     
  
 CHARMM>    !Parent files that have to be read prior to streaming this file
 CHARMM>    !top_all36_prot.rtf
 CHARMM>    !par_all36_prot.rtf
 CHARMM>    !
 CHARMM>    !Testcase
 CHARMM>    !test_all36_prot_arg0.inp
 CHARMM>     
  
 CHARMM>    !Li, L., Vorobyov, I.V., MacKerell, Jr., A.D., Allen, T.W., "Is
 CHARMM>    !arginine charged in a membrane?" Biophysical Journal, 94: L11-L13,
 CHARMM>    !2008, PMCID: PMC2157258
 CHARMM>     
  
 CHARMM>    read rtf card append
 MAINIO> Residue topology file being read from unit  98.
 RDTITL> * TOPOLOGY FOR PROTEIN RELATED MODEL COMPOUNDS
 RDTITL> *
*** WARNING **** residue MGU1 already exists (old one deleted)

      ***** LEVEL  1 WARNING FROM <RTFRDR> *****
      ***** Residue already exists.
      ******************************************
      BOMLEV (  0) IS NOT REACHED. WRNLEV IS  5

          RESI MGU1          0.00
*** WARNING **** residue MGU2 already exists (old one deleted)

      ***** LEVEL  1 WARNING FROM <RTFRDR> *****
      ***** Residue already exists.
      ******************************************
      BOMLEV (  0) IS NOT REACHED. WRNLEV IS  5

          RESI MGU2          0.00
 There were   2 warning(s) from RTFRDR.
  
 CHARMM>     
  
 CHARMM>    read param card flex append

          PARAMETER FILE BEING READ FROM UNIT 98
 RDTITL>  
 RDTITL> No title read.
 PARMIO> NONBOND, HBOND lists and IMAGE atoms cleared.
  
 CHARMM>     
  
 CHARMM>    return
 VCLOSE: Closing unit   98 with status "KEEP"

                    RETURNING TO INPUT STREAM    99
  
 CHARMM>    stream toppar/toppar_all36_prot_c36m_d_aminoacids.str
 VOPEN> Attempting to open::toppar/toppar_all36_prot_c36m_d_aminoacids.str::
 OPNLGU> Unit 98 opened for READONLY access to toppar/toppar_all36_prot_c36m_d_aminoacids.str

                    INPUT STREAM SWITCHING TO UNIT    98
 RDTITL> *>>>>>>CHARMM36 ALL-HYDROGEN TOPPAR FILE FOR D-PROTEINS <<<<<<<
 RDTITL> *>>>>>>>>>>>>>>>>>>>>>>>>>> JAN. 2016 <<<<<<<<<<<<<<<<<<<<<<<<<<<<
 RDTITL> * ALL COMMENTS TO THE CHARMM WEB SITE: WWW.CHARMM.ORG
 RDTITL> *             PARAMETER SET DISCUSSION FORUM
 RDTITL> *
 Parameter: IN1 <- "" <empty>
  
 CHARMM>     
  
 CHARMM>    !update 2016/2. use directly inverted CMAPs
 CHARMM>     
  
 CHARMM>    !toppar stream file for D-amino acids. Includes new residue
 CHARMM>    !names, inverted CMAP and additional parameters.
 CHARMM>     
  
 CHARMM>    !Parent files that have to be read prior to streaming this file
 CHARMM>    !top_all36_prot.rtf
 CHARMM>    !par_all36m_prot.prm
 CHARMM>    !
 CHARMM>    !Testcase
 CHARMM>    !test_all36_d_amino_acid.inp
 CHARMM>     
  
 CHARMM>    !test "append" to determine if previous toppar files have been read and
 CHARMM>    !add append to "read rtf card" if true
 CHARMM>    set nat ?NATC
 RDCMND substituted energy or value "?NATC" to "554"
 Parameter: NAT <- "554"
  
 CHARMM>    set app
 Parameter: APP <- "" <empty>
  
 CHARMM>    !We're exploiting what is arguably a bug in the parser. On the left hand side,
 CHARMM>    !the quotes have priority, so NAT is correctly substituted. On the right hand
 CHARMM>    !side, the ? has priority and NATC" (sic) is not a valid substitution...
 CHARMM>    if "@NAT" ne "?NATC" if @nat ne 0 set app append
 Parameter: NAT -> "554"
 Parameter: NAT -> "554"
 RDCMND: can not substitute energy "?NATC""
 Comparing ""554"" and ""?NATC"".
 IF test evaluated as true.  Performing command
 Comparing "554" and "0".
 IF test evaluated as true.  Performing command
 Parameter: APP <- "APPEND"
  
 CHARMM>     
  
 CHARMM>    read rtf card @app
 Parameter: APP -> "APPEND"
 MAINIO> Residue topology file being read from unit  98.
 RDTITL> * TOPOLOGY FOR D- AMINOACIDS
 RDTITL> *
  
 CHARMM>     
  
 CHARMM>    read para card flex @app
 Parameter: APP -> "APPEND"

          PARAMETER FILE BEING READ FROM UNIT 98
 RDTITL> * PARAMETERS FOR D- AMINOACIDS
 RDTITL> *
 PARMIO> NONBOND, HBOND lists and IMAGE atoms cleared.
  
 VCLOSE: Closing unit   98 with status "KEEP"

                    RETURNING TO INPUT STREAM    99
  
 CHARMM>    stream toppar/toppar_all36_prot_fluoro_alkanes.str
 VOPEN> Attempting to open::toppar/toppar_all36_prot_fluoro_alkanes.str::
 OPNLGU> Unit 98 opened for READONLY access to toppar/toppar_all36_prot_fluoro_alkanes.str

                    INPUT STREAM SWITCHING TO UNIT    98
 RDTITL> * TOPOLOGY AND PARAMETERS FOR FLUORINATED ALKANES.
 RDTITL> *
 Parameter: IN1 <- "" <empty>
  
 CHARMM>     
  
 CHARMM>    !These parameters are maintained for historic reasons.  The CGenFF
 CHARMM>    !halogen parameters are a significant improvement over these
 CHARMM>    !parameters.
 CHARMM>     
  
 CHARMM>    !Parent files that have to be read prior to streaming this file
 CHARMM>    !top_all36_prot.rtf
 CHARMM>    !par_all36_prot.prm
 CHARMM>     
  
 CHARMM>    !Testcase
 CHARMM>    !test_all36_prot_fluoro_alkanes.inp
 CHARMM>     
  
 CHARMM>    !Reference
 CHARMM>    !Chen, I.-J., Yin, D. and MacKerell, Jr., A.D., "Combined Ab
 CHARMM>    !initio/Empirical Approach for Optimization of Lennard-Jones Parameters
 CHARMM>    !for Polar-Neutral Compounds," Journal of Computational Chemistry,
 CHARMM>    !2002, 23:199-213.
 CHARMM>    !
 CHARMM>    !Note that these parameters are higly optimized to reproduce the
 CHARMM>    !corresponding condensed phase properties and have not been incorporated
 CHARMM>    !into the CHARMM22 or CHARMM27 biomolecular force fields
 CHARMM>     
  
 CHARMM>    read rtf card append
 MAINIO> Residue topology file being read from unit  98.
 RDTITL> * TOPOLOGY FOR FLUOROALKANES
 RDTITL> *
*** WARNING **** residue ETHA already exists (old one deleted)

      ***** LEVEL  1 WARNING FROM <RTFRDR> *****
      ***** Residue already exists.
      ******************************************
      BOMLEV (  0) IS NOT REACHED. WRNLEV IS  5

          RESI ETHA  0.0
*** WARNING **** residue FETH already exists (old one deleted)

      ***** LEVEL  1 WARNING FROM <RTFRDR> *****
      ***** Residue already exists.
      ******************************************
      BOMLEV (  0) IS NOT REACHED. WRNLEV IS  5

          RESI FETH  0.0
*** WARNING **** residue DFET already exists (old one deleted)

      ***** LEVEL  1 WARNING FROM <RTFRDR> *****
      ***** Residue already exists.
      ******************************************
      BOMLEV (  0) IS NOT REACHED. WRNLEV IS  5

          RESI DFET 0.0
*** WARNING **** residue TFET already exists (old one deleted)

      ***** LEVEL  1 WARNING FROM <RTFRDR> *****
      ***** Residue already exists.
      ******************************************
      BOMLEV (  0) IS NOT REACHED. WRNLEV IS  5

          RESI TFET  0.0
*** WARNING **** residue TFE  already exists (old one deleted)

      ***** LEVEL  1 WARNING FROM <RTFRDR> *****
      ***** Residue already exists.
      ******************************************
      BOMLEV (  0) IS NOT REACHED. WRNLEV IS  5

          RESI TFE   0.0
 There were   5 warning(s) from RTFRDR.
  
 CHARMM>     
  
 CHARMM>    read para card flex append

          PARAMETER FILE BEING READ FROM UNIT 98
 RDTITL> * FLUOROALKANE PARAMETERS
 RDTITL> *
 PARMIO> NONBOND, HBOND lists and IMAGE atoms cleared.
  
 CHARMM>     
  
 CHARMM>    return
 VCLOSE: Closing unit   98 with status "KEEP"

                    RETURNING TO INPUT STREAM    99
  
 CHARMM>    stream toppar/toppar_all36_prot_heme.str
 VOPEN> Attempting to open::toppar/toppar_all36_prot_heme.str::
 OPNLGU> Unit 98 opened for READONLY access to toppar/toppar_all36_prot_heme.str

                    INPUT STREAM SWITCHING TO UNIT    98
 RDTITL> * TOPOLOGY AND PARAMETER STREAM FILE FOR HEME AND RELATED
 RDTITL> * LIGANDS AND PATCHES.
 RDTITL> *
 Parameter: IN1 <- "" <empty>
  
 CHARMM>     
  
 CHARMM>    !updated 2016/2, allow for use of AUTOGENERATE ANGLE DIHEDRAl PATCH
 CHARMM>     
  
 CHARMM>    !Parent files that have to be read prior to streaming this file
 CHARMM>    !top_all36_prot.rtf
 CHARMM>    !par_all36_prot.prm
 CHARMM>     
  
 CHARMM>    !Testcase
 CHARMM>    !test_all36_prot_heme.inp
 CHARMM>     
  
 CHARMM>    read rtf card append
 MAINIO> Residue topology file being read from unit  98.
 RDTITL> * TOPOLOGY FOR HEME AND RELATED COMPOUNDS AND PATCHES
 RDTITL> *
*** WARNING **** residue CO2  already exists (old one deleted)

      ***** LEVEL  1 WARNING FROM <RTFRDR> *****
      ***** Residue already exists.
      ******************************************
      BOMLEV (  0) IS NOT REACHED. WRNLEV IS  5

          RESI CO2             0.00
 There were   1 warning(s) from RTFRDR.
  
 CHARMM>     
  
 CHARMM>    read para card flex append

          PARAMETER FILE BEING READ FROM UNIT 98
 RDTITL> * ADDITIONAL PARAMETERS FOR HEME
 RDTITL> *
 PARMIO> NONBOND, HBOND lists and IMAGE atoms cleared.
  
 CHARMM>     
  
 CHARMM>    return
 VCLOSE: Closing unit   98 with status "KEEP"

                    RETURNING TO INPUT STREAM    99
  
 CHARMM>    stream toppar/toppar_all36_prot_na_combined.str
 VOPEN> Attempting to open::toppar/toppar_all36_prot_na_combined.str::
 OPNLGU> Unit 98 opened for READONLY access to toppar/toppar_all36_prot_na_combined.str

                    INPUT STREAM SWITCHING TO UNIT    98
 RDTITL> * TOPOLOGY AND PARAMETER STREAM FILE FOR PATCHES TO CREATE
 RDTITL> * MODEL COMPOUNDS AND PATCHES THAT REQUIRE BOTH PROTEIN AND
 RDTITL> * NUCLEIC ACID TOPOLOGY AND PARAMETER INFORMATION
 RDTITL> *
 Parameter: IN1 <- "" <empty>
  
 CHARMM>     
  
 CHARMM>    !Parent files that have to be read prior to streaming this file
 CHARMM>    !top_all36_prot.rtf
 CHARMM>    !par_all36_prot.prm
 CHARMM>    !top_all36_na.rtf
 CHARMM>    !par_all36_na.prm
 CHARMM>    !stream/toppar_all36_prot_fluoro_alkanes.str ! atom types an parameters for fluorinated compounds
 CHARMM>     
  
 CHARMM>    !Testcase
 CHARMM>    !test_all36_prot_na_combined.inp
 CHARMM>     
  
 CHARMM>    !all patches must be followed by AUTOGENERATE ANGLES DIHEDRALS
 CHARMM>     
  
 CHARMM>    !PHOSPHOTYROSINE
 CHARMM>    !
 CHARMM>    !Feng, M.-H., Philippopoulos, M., MacKerell, Jr., A.D. and Lim, C.
 CHARMM>    !Structural Characterization of the Phosphotyrosine Binding Region of a
 CHARMM>    !High-Affinity aSH2 Domain-Phosphopeptide Complex by Molecular Dynamics
 CHARMM>    !Simulation and Chemical Shift Calculations. Journal of the American
 CHARMM>    !Chemical Society, 1996, 118: 11265-11277.
 CHARMM>     
  
 CHARMM>    read rtf card append
 MAINIO> Residue topology file being read from unit  98.
 RDTITL> * TOPOLOGY FOR PHOSPHORYLATED AMINO ACIDS
 RDTITL> *
*** WARNING **** residue THFI already exists (old one deleted)

      ***** LEVEL  1 WARNING FROM <RTFRDR> *****
      ***** Residue already exists.
      ******************************************
      BOMLEV (  0) IS NOT REACHED. WRNLEV IS  5

          RESI THFI       0.00
*** WARNING **** residue THMI already exists (old one deleted)

      ***** LEVEL  1 WARNING FROM <RTFRDR> *****
      ***** Residue already exists.
      ******************************************
      BOMLEV (  0) IS NOT REACHED. WRNLEV IS  5

          RESI THMI       0.00
*** WARNING **** residue THFA already exists (old one deleted)

      ***** LEVEL  1 WARNING FROM <RTFRDR> *****
      ***** Residue already exists.
      ******************************************
      BOMLEV (  0) IS NOT REACHED. WRNLEV IS  5

          RESI THFA        0.00
*** WARNING **** residue THAO already exists (old one deleted)

      ***** LEVEL  1 WARNING FROM <RTFRDR> *****
      ***** Residue already exists.
      ******************************************
      BOMLEV (  0) IS NOT REACHED. WRNLEV IS  5

          RESI THAO         0.00
*** WARNING **** residue RNUS already exists (old one deleted)

      ***** LEVEL  1 WARNING FROM <RTFRDR> *****
      ***** Residue already exists.
      ******************************************
      BOMLEV (  0) IS NOT REACHED. WRNLEV IS  5

          RESI RNUS         0.00
*** WARNING **** residue NUCL already exists (old one deleted)

      ***** LEVEL  1 WARNING FROM <RTFRDR> *****
      ***** Residue already exists.
      ******************************************
      BOMLEV (  0) IS NOT REACHED. WRNLEV IS  5

          RESI NUCL        -1.00
*** WARNING **** residue PPH1 already exists (old one deleted)

      ***** LEVEL  1 WARNING FROM <RTFRDR> *****
      ***** Residue already exists.
      ******************************************
      BOMLEV (  0) IS NOT REACHED. WRNLEV IS  5

          RESI PPH1      -1.00
*** WARNING **** residue BMPH already exists (old one deleted)

      ***** LEVEL  1 WARNING FROM <RTFRDR> *****
      ***** Residue already exists.
      ******************************************
      BOMLEV (  0) IS NOT REACHED. WRNLEV IS  5

          RESI BMPH      -1.00
*** WARNING **** residue BMPD already exists (old one deleted)

      ***** LEVEL  1 WARNING FROM <RTFRDR> *****
      ***** Residue already exists.
      ******************************************
      BOMLEV (  0) IS NOT REACHED. WRNLEV IS  5

          RESI BMPD      -2.00
*** WARNING **** residue BDFP already exists (old one deleted)

      ***** LEVEL  1 WARNING FROM <RTFRDR> *****
      ***** Residue already exists.
      ******************************************
      BOMLEV (  0) IS NOT REACHED. WRNLEV IS  5

          RESI BDFP      -1.00
*** WARNING **** residue BDFD already exists (old one deleted)

      ***** LEVEL  1 WARNING FROM <RTFRDR> *****
      ***** Residue already exists.
      ******************************************
      BOMLEV (  0) IS NOT REACHED. WRNLEV IS  5

          RESI BDFD -2.00
*** WARNING **** residue EP_2 already exists (old one deleted)

      ***** LEVEL  1 WARNING FROM <RTFRDR> *****
      ***** Residue already exists.
      ******************************************
      BOMLEV (  0) IS NOT REACHED. WRNLEV IS  5

          RESI EP_2        -2.00
*** WARNING **** residue IP_2 already exists (old one deleted)

      ***** LEVEL  1 WARNING FROM <RTFRDR> *****
      ***** Residue already exists.
      ******************************************
      BOMLEV (  0) IS NOT REACHED. WRNLEV IS  5

          RESI IP_2        -2.00
 There were  13 warning(s) from RTFRDR.
  
 CHARMM>     
  
 CHARMM>    read para card flex append

          PARAMETER FILE BEING READ FROM UNIT 98
 RDTITL> * ADDITIONAL PARAMETERS FOR PHOSPHORYLATED AMINO ACIDS
 RDTITL> *
 PARMIO> NONBOND, HBOND lists and IMAGE atoms cleared.
  
 VCLOSE: Closing unit   98 with status "KEEP"

                    RETURNING TO INPUT STREAM    99
  
 CHARMM>    stream toppar/toppar_all36_prot_retinol.str
 VOPEN> Attempting to open::toppar/toppar_all36_prot_retinol.str::
 OPNLGU> Unit 98 opened for READONLY access to toppar/toppar_all36_prot_retinol.str

                    INPUT STREAM SWITCHING TO UNIT    98
 RDTITL> * TOPPAR STREAM FILE FOR RETINOL AND RETINAL PARAMETERS
 RDTITL> * A. LOCCISANO, A.M.W., J. EVANSECK AND A.D. MACKERELL, JR.
 RDTITL> * APRIL, 2005
 RDTITL> *
 Parameter: IN1 <- "" <empty>
  
 CHARMM>     
  
 CHARMM>    !use with c36 protein force fields
 CHARMM>    !top_all36_prot.rtf
 CHARMM>    !par_all36_prot.prm
 CHARMM>     
  
 CHARMM>    read rtf card append
 MAINIO> Residue topology file being read from unit  98.
 RDTITL> * RETINAL/RETINOL AND RELATED MODEL COMPOUNDS
 RDTITL> *
*** WARNING **** residue BTE2 already exists (old one deleted)

      ***** LEVEL  1 WARNING FROM <RTFRDR> *****
      ***** Residue already exists.
      ******************************************
      BOMLEV (  0) IS NOT REACHED. WRNLEV IS  5

          RESI BTE2       0.00
*** WARNING **** residue 13DB already exists (old one deleted)

      ***** LEVEL  1 WARNING FROM <RTFRDR> *****
      ***** Residue already exists.
      ******************************************
      BOMLEV (  0) IS NOT REACHED. WRNLEV IS  5

          RESI 13DB       0.00
*** WARNING **** residue 13DP already exists (old one deleted)

      ***** LEVEL  1 WARNING FROM <RTFRDR> *****
      ***** Residue already exists.
      ******************************************
      BOMLEV (  0) IS NOT REACHED. WRNLEV IS  5

          RESI 13DP       0.00
*** WARNING **** residue DMB1 already exists (old one deleted)

      ***** LEVEL  1 WARNING FROM <RTFRDR> *****
      ***** Residue already exists.
      ******************************************
      BOMLEV (  0) IS NOT REACHED. WRNLEV IS  5

          RESI DMB1       0.00
*** WARNING **** residue DMP1 already exists (old one deleted)

      ***** LEVEL  1 WARNING FROM <RTFRDR> *****
      ***** Residue already exists.
      ******************************************
      BOMLEV (  0) IS NOT REACHED. WRNLEV IS  5

          RESI DMP1       0.00
*** WARNING **** residue DMP2 already exists (old one deleted)

      ***** LEVEL  1 WARNING FROM <RTFRDR> *****
      ***** Residue already exists.
      ******************************************
      BOMLEV (  0) IS NOT REACHED. WRNLEV IS  5

          RESI DMP2       0.00
*** WARNING **** residue CROT already exists (old one deleted)

      ***** LEVEL  1 WARNING FROM <RTFRDR> *****
      ***** Residue already exists.
      ******************************************
      BOMLEV (  0) IS NOT REACHED. WRNLEV IS  5

          RESI CROT       0.00
*** WARNING **** residue PACP already exists (old one deleted)

      ***** LEVEL  1 WARNING FROM <RTFRDR> *****
      ***** Residue already exists.
      ******************************************
      BOMLEV (  0) IS NOT REACHED. WRNLEV IS  5

          RESI PACP       0.00
*** WARNING **** residue MECH already exists (old one deleted)

      ***** LEVEL  1 WARNING FROM <RTFRDR> *****
      ***** Residue already exists.
      ******************************************
      BOMLEV (  0) IS NOT REACHED. WRNLEV IS  5

          RESI MECH       0.00
*** WARNING **** residue TMCH already exists (old one deleted)

      ***** LEVEL  1 WARNING FROM <RTFRDR> *****
      ***** Residue already exists.
      ******************************************
      BOMLEV (  0) IS NOT REACHED. WRNLEV IS  5

          RESI TMCH       0.00
*** WARNING **** residue FRET already exists (old one deleted)

      ***** LEVEL  1 WARNING FROM <RTFRDR> *****
      ***** Residue already exists.
      ******************************************
      BOMLEV (  0) IS NOT REACHED. WRNLEV IS  5

          RESI FRET       0.00
*** WARNING **** residue RTOL already exists (old one deleted)

      ***** LEVEL  1 WARNING FROM <RTFRDR> *****
      ***** Residue already exists.
      ******************************************
      BOMLEV (  0) IS NOT REACHED. WRNLEV IS  5

          RESI RTOL       0.00
*** WARNING **** residue RTAL already exists (old one deleted)

      ***** LEVEL  1 WARNING FROM <RTFRDR> *****
      ***** Residue already exists.
      ******************************************
      BOMLEV (  0) IS NOT REACHED. WRNLEV IS  5

          RESI RTAL       0.00
*** WARNING **** residue RTAC already exists (old one deleted)

      ***** LEVEL  1 WARNING FROM <RTFRDR> *****
      ***** Residue already exists.
      ******************************************
      BOMLEV (  0) IS NOT REACHED. WRNLEV IS  5

          RESI RTAC      -1.00
*** WARNING **** residue PRAC already exists (old one deleted)

      ***** LEVEL  1 WARNING FROM <RTFRDR> *****
      ***** Residue already exists.
      ******************************************
      BOMLEV (  0) IS NOT REACHED. WRNLEV IS  5

          RESI PRAC      -1.00
*** WARNING **** residue PROL already exists (old one deleted)

      ***** LEVEL  1 WARNING FROM <RTFRDR> *****
      ***** Residue already exists.
      ******************************************
      BOMLEV (  0) IS NOT REACHED. WRNLEV IS  5

          RESI PROL       0.00
*** WARNING **** residue PRAL already exists (old one deleted)

      ***** LEVEL  1 WARNING FROM <RTFRDR> *****
      ***** Residue already exists.
      ******************************************
      BOMLEV (  0) IS NOT REACHED. WRNLEV IS  5

          RESI PRAL       0.00
*** WARNING **** residue SCH1 already exists (old one deleted)

      ***** LEVEL  1 WARNING FROM <RTFRDR> *****
      ***** Residue already exists.
      ******************************************
      BOMLEV (  0) IS NOT REACHED. WRNLEV IS  5

          RESI SCH1       0.00
*** WARNING **** residue SCH2 already exists (old one deleted)

      ***** LEVEL  1 WARNING FROM <RTFRDR> *****
      ***** Residue already exists.
      ******************************************
      BOMLEV (  0) IS NOT REACHED. WRNLEV IS  5

          RESI SCH2       1.00
*** WARNING **** residue SCH3 already exists (old one deleted)

      ***** LEVEL  1 WARNING FROM <RTFRDR> *****
      ***** Residue already exists.
      ******************************************
      BOMLEV (  0) IS NOT REACHED. WRNLEV IS  5

          RESI SCH3       1.00
 There were  20 warning(s) from RTFRDR.
  
 CHARMM>     
  
 CHARMM>    read para card flex append

          PARAMETER FILE BEING READ FROM UNIT 98
 RDTITL> * RETINAL/RETINOL AND RELATED PARAMETERS
 RDTITL> *
 PARMIO> NONBOND, HBOND lists and IMAGE atoms cleared.
  
 CHARMM>     
  
 VCLOSE: Closing unit   98 with status "KEEP"

                    RETURNING TO INPUT STREAM    99
  
 CHARMM>    stream toppar/toppar_all36_prot_model.str
 VOPEN> Attempting to open::toppar/toppar_all36_prot_model.str::
 OPNLGU> Unit 98 opened for READONLY access to toppar/toppar_all36_prot_model.str

                    INPUT STREAM SWITCHING TO UNIT    98
 RDTITL> *>> ALL-HYDROGEN TOPOLOGY FOR SMALL MODEL COMPOUNDS USED IN THE <<
 RDTITL> *>> DEVELOPMENT OF THE CHARMM22 PROTEIN ALL-HYDROGEN PARAMETERS <<
 RDTITL> *>>>>>>>>>>>>>>>>>>>>>>> JULY 1997 <<<<<<<<<<<<<<<<<<<<<<<<<<<<<<<
 RDTITL> *>>>>>>>> DIRECT COMMENTS TO ALEXANDER D. MACKERELL JR. <<<<<<<<<<
 RDTITL> *>>>>>>>>>>>>>>> PARAMETER FORUM, WWW.CHARMM.ORG <<<<<<<<<<<<<<<<<
 RDTITL> *CONVERTED TO STREAM FORMAT, DECEMBER 2003
 RDTITL> *CONVERTED TO CHARMM36 PROTEIN ATOM TYPES, MAY 2011
 RDTITL> *
 Parameter: IN1 <- "" <empty>
  
 CHARMM>     
  
 CHARMM>    !Parent files that have to be read prior to streaming this file
 CHARMM>    !top_all36_prot.rtf
 CHARMM>    !par_all36_prot.prm
 CHARMM>    !
 CHARMM>    !Testcase
 CHARMM>    !test_all36_prot_model.inp
 CHARMM>     
  
 CHARMM>    !changes after 9/98
 CHARMM>    !
 CHARMM>    !change alkene HA1 and HA2 to HE1 and HE2
 CHARMM>    !
 CHARMM>    !improper atom ordering corrected
 CHARMM>    !
 CHARMM>    !version b5i to be consistent with protein toppar files
 CHARMM>    !
 CHARMM>    !Heme vinyl groups upgraded based on new butene parameters
 CHARMM>    !
 CHARMM>     
  
 CHARMM>    ! references
 CHARMM>    !
 CHARMM>    !PROTEINS
 CHARMM>    !
 CHARMM>    !MacKerell, Jr., A. D.; Bashford, D.; Bellott, M.; Dunbrack Jr., R.L.;
 CHARMM>    !Evanseck, J.D.; Field, M.J.; Fischer, S.; Gao, J.; Guo, H.; Ha, S.;
 CHARMM>    !Joseph-McCarthy, D.; Kuchnir, L.; Kuczera, K.; Lau, F.T.K.; Mattos,
 CHARMM>    !C.; Michnick, S.; Ngo, T.; Nguyen, D.T.; Prodhom, B.; Reiher, III,
 CHARMM>    !W.E.; Roux, B.; Schlenkrich, M.; Smith, J.C.; Stote, R.; Straub, J.;
 CHARMM>    !Watanabe, M.; Wiorkiewicz-Kuczera, J.; Yin, D.; Karplus, M.  All-atom
 CHARMM>    !empirical potential for molecular modeling and dynamics Studies of
 CHARMM>    !proteins.  Journal of Physical Chemistry B, 1998, 102, 3586-3616.
 CHARMM>     
  
 CHARMM>    read rtf card append
 MAINIO> Residue topology file being read from unit  98.
 RDTITL> * TOPOLOGY FOR PROTEIN RELATED MODEL COMPOUNDS
 RDTITL> *
*** WARNING **** residue ACET already exists (old one deleted)

      ***** LEVEL  1 WARNING FROM <RTFRDR> *****
      ***** Residue already exists.
      ******************************************
      BOMLEV (  0) IS NOT REACHED. WRNLEV IS  5

          RESI ACET       -1.00
*** WARNING **** residue PROA already exists (old one deleted)

      ***** LEVEL  1 WARNING FROM <RTFRDR> *****
      ***** Residue already exists.
      ******************************************
      BOMLEV (  0) IS NOT REACHED. WRNLEV IS  5

          RESI PROA       -1.00
*** WARNING **** residue GUAN already exists (old one deleted)

      ***** LEVEL  1 WARNING FROM <RTFRDR> *****
      ***** Residue already exists.
      ******************************************
      BOMLEV (  0) IS NOT REACHED. WRNLEV IS  5

          RESI GUAN        1.00
*** WARNING **** residue MGUA already exists (old one deleted)

      ***** LEVEL  1 WARNING FROM <RTFRDR> *****
      ***** Residue already exists.
      ******************************************
      BOMLEV (  0) IS NOT REACHED. WRNLEV IS  5

          RESI MGUA        1.00
*** WARNING **** residue GLYN already exists (old one deleted)

      ***** LEVEL  1 WARNING FROM <RTFRDR> *****
      ***** Residue already exists.
      ******************************************
      BOMLEV (  0) IS NOT REACHED. WRNLEV IS  5

          RESI GLYN         0.00
*** WARNING **** residue MAMM already exists (old one deleted)

      ***** LEVEL  1 WARNING FROM <RTFRDR> *****
      ***** Residue already exists.
      ******************************************
      BOMLEV (  0) IS NOT REACHED. WRNLEV IS  5

          RESI MAMM        1.00
*** WARNING **** residue EAMM already exists (old one deleted)

      ***** LEVEL  1 WARNING FROM <RTFRDR> *****
      ***** Residue already exists.
      ******************************************
      BOMLEV (  0) IS NOT REACHED. WRNLEV IS  5

          RESI EAMM        1.00
*** WARNING **** residue ACEH already exists (old one deleted)

      ***** LEVEL  1 WARNING FROM <RTFRDR> *****
      ***** Residue already exists.
      ******************************************
      BOMLEV (  0) IS NOT REACHED. WRNLEV IS  5

          RESI ACEH        0.00
*** WARNING **** residue MEOH already exists (old one deleted)

      ***** LEVEL  1 WARNING FROM <RTFRDR> *****
      ***** Residue already exists.
      ******************************************
      BOMLEV (  0) IS NOT REACHED. WRNLEV IS  5

          RESI MEOH        0.00
*** WARNING **** residue METO already exists (old one deleted)

      ***** LEVEL  1 WARNING FROM <RTFRDR> *****
      ***** Residue already exists.
      ******************************************
      BOMLEV (  0) IS NOT REACHED. WRNLEV IS  5

          RESI METO       -1.00
*** WARNING **** residue ETOH already exists (old one deleted)

      ***** LEVEL  1 WARNING FROM <RTFRDR> *****
      ***** Residue already exists.
      ******************************************
      BOMLEV (  0) IS NOT REACHED. WRNLEV IS  5

          RESI ETOH        0.00
*** WARNING **** residue ETO  already exists (old one deleted)

      ***** LEVEL  1 WARNING FROM <RTFRDR> *****
      ***** Residue already exists.
      ******************************************
      BOMLEV (  0) IS NOT REACHED. WRNLEV IS  5

          RESI ETO        -1.00
*** WARNING **** residue PRO2 already exists (old one deleted)

      ***** LEVEL  1 WARNING FROM <RTFRDR> *****
      ***** Residue already exists.
      ******************************************
      BOMLEV (  0) IS NOT REACHED. WRNLEV IS  5

          RESI PRO2        0.00
*** WARNING **** residue FORM already exists (old one deleted)

      ***** LEVEL  1 WARNING FROM <RTFRDR> *****
      ***** Residue already exists.
      ******************************************
      BOMLEV (  0) IS NOT REACHED. WRNLEV IS  5

          RESI FORM        0.00
*** WARNING **** residue ACEM already exists (old one deleted)

      ***** LEVEL  1 WARNING FROM <RTFRDR> *****
      ***** Residue already exists.
      ******************************************
      BOMLEV (  0) IS NOT REACHED. WRNLEV IS  5

          RESI ACEM        0.00
*** WARNING **** residue NMA  already exists (old one deleted)

      ***** LEVEL  1 WARNING FROM <RTFRDR> *****
      ***** Residue already exists.
      ******************************************
      BOMLEV (  0) IS NOT REACHED. WRNLEV IS  5

          RESI NMA         0.00
*** WARNING **** residue MESH already exists (old one deleted)

      ***** LEVEL  1 WARNING FROM <RTFRDR> *****
      ***** Residue already exists.
      ******************************************
      BOMLEV (  0) IS NOT REACHED. WRNLEV IS  5

          RESI MESH        0.00
*** WARNING **** residue MES1 already exists (old one deleted)

      ***** LEVEL  1 WARNING FROM <RTFRDR> *****
      ***** Residue already exists.
      ******************************************
      BOMLEV (  0) IS NOT REACHED. WRNLEV IS  5

          RESI MES1       -1.00
*** WARNING **** residue ETSH already exists (old one deleted)

      ***** LEVEL  1 WARNING FROM <RTFRDR> *****
      ***** Residue already exists.
      ******************************************
      BOMLEV (  0) IS NOT REACHED. WRNLEV IS  5

          RESI ETSH        0.00
*** WARNING **** residue ES1  already exists (old one deleted)

      ***** LEVEL  1 WARNING FROM <RTFRDR> *****
      ***** Residue already exists.
      ******************************************
      BOMLEV (  0) IS NOT REACHED. WRNLEV IS  5

          RESI ES1        -1.00
*** WARNING **** residue DMDS already exists (old one deleted)

      ***** LEVEL  1 WARNING FROM <RTFRDR> *****
      ***** Residue already exists.
      ******************************************
      BOMLEV (  0) IS NOT REACHED. WRNLEV IS  5

          RESI DMDS        0.00
*** WARNING **** residue DEDS already exists (old one deleted)

      ***** LEVEL  1 WARNING FROM <RTFRDR> *****
      ***** Residue already exists.
      ******************************************
      BOMLEV (  0) IS NOT REACHED. WRNLEV IS  5

          RESI DEDS        0.00
*** WARNING **** residue EMS  already exists (old one deleted)

      ***** LEVEL  1 WARNING FROM <RTFRDR> *****
      ***** Residue already exists.
      ******************************************
      BOMLEV (  0) IS NOT REACHED. WRNLEV IS  5

          RESI EMS         0.00
*** WARNING **** residue IMIA already exists (old one deleted)

      ***** LEVEL  1 WARNING FROM <RTFRDR> *****
      ***** Residue already exists.
      ******************************************
      BOMLEV (  0) IS NOT REACHED. WRNLEV IS  5

          RESI IMIA        0.00
*** WARNING **** residue MIMI already exists (old one deleted)

      ***** LEVEL  1 WARNING FROM <RTFRDR> *****
      ***** Residue already exists.
      ******************************************
      BOMLEV (  0) IS NOT REACHED. WRNLEV IS  5

          RESI MIMI        0.00
*** WARNING **** residue EIMI already exists (old one deleted)

      ***** LEVEL  1 WARNING FROM <RTFRDR> *****
      ***** Residue already exists.
      ******************************************
      BOMLEV (  0) IS NOT REACHED. WRNLEV IS  5

          RESI EIMI        0.00
*** WARNING **** residue IMIM already exists (old one deleted)

      ***** LEVEL  1 WARNING FROM <RTFRDR> *****
      ***** Residue already exists.
      ******************************************
      BOMLEV (  0) IS NOT REACHED. WRNLEV IS  5

          RESI IMIM        1.00
*** WARNING **** residue EIMM already exists (old one deleted)

      ***** LEVEL  1 WARNING FROM <RTFRDR> *****
      ***** Residue already exists.
      ******************************************
      BOMLEV (  0) IS NOT REACHED. WRNLEV IS  5

          RESI EIMM        1.00
*** WARNING **** residue BENZ already exists (old one deleted)

      ***** LEVEL  1 WARNING FROM <RTFRDR> *****
      ***** Residue already exists.
      ******************************************
      BOMLEV (  0) IS NOT REACHED. WRNLEV IS  5

          RESI BENZ        0.00
*** WARNING **** residue EBEN already exists (old one deleted)

      ***** LEVEL  1 WARNING FROM <RTFRDR> *****
      ***** Residue already exists.
      ******************************************
      BOMLEV (  0) IS NOT REACHED. WRNLEV IS  5

          RESI EBEN         0.00
*** WARNING **** residue PHEN already exists (old one deleted)

      ***** LEVEL  1 WARNING FROM <RTFRDR> *****
      ***** Residue already exists.
      ******************************************
      BOMLEV (  0) IS NOT REACHED. WRNLEV IS  5

          RESI PHEN        0.00
*** WARNING **** residue EPHE already exists (old one deleted)

      ***** LEVEL  1 WARNING FROM <RTFRDR> *****
      ***** Residue already exists.
      ******************************************
      BOMLEV (  0) IS NOT REACHED. WRNLEV IS  5

          RESI EPHE        0.00
*** WARNING **** residue PHEO already exists (old one deleted)

      ***** LEVEL  1 WARNING FROM <RTFRDR> *****
      ***** Residue already exists.
      ******************************************
      BOMLEV (  0) IS NOT REACHED. WRNLEV IS  5

          RESI PHEO       -1.00
*** WARNING **** residue INDO already exists (old one deleted)

      ***** LEVEL  1 WARNING FROM <RTFRDR> *****
      ***** Residue already exists.
      ******************************************
      BOMLEV (  0) IS NOT REACHED. WRNLEV IS  5

          RESI INDO        0.00
*** WARNING **** residue EIND already exists (old one deleted)

      ***** LEVEL  1 WARNING FROM <RTFRDR> *****
      ***** Residue already exists.
      ******************************************
      BOMLEV (  0) IS NOT REACHED. WRNLEV IS  5

          RESI EIND        0.00
*** WARNING **** residue PDIP already exists (old one deleted)

      ***** LEVEL  1 WARNING FROM <RTFRDR> *****
      ***** Residue already exists.
      ******************************************
      BOMLEV (  0) IS NOT REACHED. WRNLEV IS  5

          RESI PDIP        0.00
*** WARNING **** residue ETHA already exists (old one deleted)

      ***** LEVEL  1 WARNING FROM <RTFRDR> *****
      ***** Residue already exists.
      ******************************************
      BOMLEV (  0) IS NOT REACHED. WRNLEV IS  5

          RESI ETHA        0.00
*** WARNING **** residue PRPA already exists (old one deleted)

      ***** LEVEL  1 WARNING FROM <RTFRDR> *****
      ***** Residue already exists.
      ******************************************
      BOMLEV (  0) IS NOT REACHED. WRNLEV IS  5

          RESI PRPA        0.00
*** WARNING **** residue IBUT already exists (old one deleted)

      ***** LEVEL  1 WARNING FROM <RTFRDR> *****
      ***** Residue already exists.
      ******************************************
      BOMLEV (  0) IS NOT REACHED. WRNLEV IS  5

          RESI IBUT        0.00
*** WARNING **** residue OCOH already exists (old one deleted)

      ***** LEVEL  1 WARNING FROM <RTFRDR> *****
      ***** Residue already exists.
      ******************************************
      BOMLEV (  0) IS NOT REACHED. WRNLEV IS  5

          RESI OCOH    0.0
*** WARNING **** residue CO3  already exists (old one deleted)

      ***** LEVEL  1 WARNING FROM <RTFRDR> *****
      ***** Residue already exists.
      ******************************************
      BOMLEV (  0) IS NOT REACHED. WRNLEV IS  5

          RESI CO3  -2.0
*** WARNING **** residue C3   already exists (old one deleted)

      ***** LEVEL  1 WARNING FROM <RTFRDR> *****
      ***** Residue already exists.
      ******************************************
      BOMLEV (  0) IS NOT REACHED. WRNLEV IS  5

          RESI C3    0.00
 There were  42 warning(s) from RTFRDR.
  
 CHARMM>     
  
 CHARMM>    read para card flex append

          PARAMETER FILE BEING READ FROM UNIT 98
 RDTITL>  
 RDTITL> No title read.
 PARMIO> NONBOND, HBOND lists and IMAGE atoms cleared.
  
 CHARMM>     
  
 CHARMM>    return
 VCLOSE: Closing unit   98 with status "KEEP"

                    RETURNING TO INPUT STREAM    99
  
 CHARMM>    stream toppar/toppar_all36_prot_modify_res.str
 VOPEN> Attempting to open::toppar/toppar_all36_prot_modify_res.str::
 OPNLGU> Unit 98 opened for READONLY access to toppar/toppar_all36_prot_modify_res.str

                    INPUT STREAM SWITCHING TO UNIT    98
 RDTITL> * TOPPAR FILE FOR VARIOUS MODIFIED RESIDUES AND PATCHES, INCLUDING
 RDTITL> * PATCHES TO COVALENTLY LINK RESIDUES TO IONS TO WORK WITH THE
 RDTITL> * ADDITIVE C36 PROTEIN FORCE FIELD
 RDTITL> * REQUIRES CGENFF PARAMETER FILE
 RDTITL> *
 Parameter: IN1 <- "" <empty>
  
 CHARMM>     
  
 CHARMM>    !Acetyllysine (ALY)
 CHARMM>    !Norleucine (NLE) and
 CHARMM>    ! residues and patches for Zn-protein interactions modeled using
 CHARMM>    ! bond and angles between the protein and Zn.
 CHARMM>     
  
 CHARMM>    !non-standard amino acids: 2021
 CHARMM>    !Croitoru, A., Park, S.-J., Kumar, A., Lee, J., Im, Wonpil; MacKerell,
 CHARMM>    !A.D., Jr., and Aleksandrov, A. Additive CHARMM36 Force Field for
 CHARMM>    !Nonstandard Amino Acids, Journal of Chemical Theory and Computation,
 CHARMM>    !17:3554-3570, doi: 10.1021/acs.jctc.1c00254.
 CHARMM>     
  
 CHARMM>    read rtf card append
 MAINIO> Residue topology file being read from unit  98.
 RDTITL> * TOPPAR FILE PROTEIN MODIFICATIONS
 RDTITL> *
*** WARNING **** residue CGU  already exists (old one deleted)

      ***** LEVEL  1 WARNING FROM <RTFRDR> *****
      ***** Residue already exists.
      ******************************************
      BOMLEV (  0) IS NOT REACHED. WRNLEV IS  5

          RESI CGU              -2.000
*** WARNING **** residue CME  already exists (old one deleted)

      ***** LEVEL  1 WARNING FROM <RTFRDR> *****
      ***** Residue already exists.
      ******************************************
      BOMLEV (  0) IS NOT REACHED. WRNLEV IS  5

          RESI CME               0.000
*** WARNING **** residue HIC  already exists (old one deleted)

      ***** LEVEL  1 WARNING FROM <RTFRDR> *****
      ***** Residue already exists.
      ******************************************
      BOMLEV (  0) IS NOT REACHED. WRNLEV IS  5

          RESI HIC               0.000
*** WARNING **** residue HICP already exists (old one deleted)

      ***** LEVEL  1 WARNING FROM <RTFRDR> *****
      ***** Residue already exists.
      ******************************************
      BOMLEV (  0) IS NOT REACHED. WRNLEV IS  5

          RESI HICP              1.000
*** WARNING **** residue CGUP already exists (old one deleted)

      ***** LEVEL  1 WARNING FROM <RTFRDR> *****
      ***** Residue already exists.
      ******************************************
      BOMLEV (  0) IS NOT REACHED. WRNLEV IS  5

          RESI CGUP             -1.000
 There were   5 warning(s) from RTFRDR.
  
 CHARMM>     
  
 CHARMM>    read para card append flex

          PARAMETER FILE BEING READ FROM UNIT 98
 RDTITL>  
 RDTITL> No title read.
 PARMIO> NONBOND, HBOND lists and IMAGE atoms cleared.
  
 CHARMM>     
  
 CHARMM>    return
 VCLOSE: Closing unit   98 with status "KEEP"

                    RETURNING TO INPUT STREAM    99
  
 CHARMM>     
  
 CHARMM>    ! Additional topologies and parameters for nucleic acids
 CHARMM>    stream toppar/toppar_all36_na_nad_ppi.str
 VOPEN> Attempting to open::toppar/toppar_all36_na_nad_ppi.str::
 OPNLGU> Unit 98 opened for READONLY access to toppar/toppar_all36_na_nad_ppi.str

                    INPUT STREAM SWITCHING TO UNIT    98
 RDTITL> * CHARMM36 ALL-HYDROGEN NUCLEIC ACID FORCE TOPPAR STREAM FILE
 RDTITL> * NAD+, NADH, ADP, ATP, PPI AND RELATED ANALOGS
 RDTITL> * A.D. MACKERELL, JR., JULY 2001
 RDTITL> * STREAM FOLLOWING RTF AND PARAM READ OF
 RDTITL> *
 Parameter: IN1 <- "" <empty>
  
 CHARMM>     
  
 CHARMM>    !Update, 2015/1, nomenclature for NAD+ etc. consistent with PDB
 CHARMM>     
  
 CHARMM>    !Parent files that have to be read prior to streaming this file
 CHARMM>    !top_all36_na.rtf
 CHARMM>    !par_all36_na.prm
 CHARMM>     
  
 CHARMM>    !Testcase
 CHARMM>    !test_all36_na_nad_ppi.inp
 CHARMM>     
  
 CHARMM>    !Reference
 CHARMM>    !Pavelites, J.J., Bash, P.A., Gao, J., and MacKerell, Jr.,
 CHARMM>    !A.D. A Molecular Mechanics Force Field for NAD+, NADH and the
 CHARMM>    !Pyrophosphate Groups of Nucleotides, Journal of Computational
 CHARMM>    !Chemistry, 1997, 18: 221-239.
 CHARMM>     
  
 CHARMM>    read rtf card append
 MAINIO> Residue topology file being read from unit  98.
 RDTITL> * NAD, PPI TOPOLOGY
 RDTITL> *
*** WARNING **** residue NIC  already exists (old one deleted)

      ***** LEVEL  1 WARNING FROM <RTFRDR> *****
      ***** Residue already exists.
      ******************************************
      BOMLEV (  0) IS NOT REACHED. WRNLEV IS  5

          RESI NIC         1.00
*** WARNING **** residue NICH already exists (old one deleted)

      ***** LEVEL  1 WARNING FROM <RTFRDR> *****
      ***** Residue already exists.
      ******************************************
      BOMLEV (  0) IS NOT REACHED. WRNLEV IS  5

          RESI NICH         0.00
*** WARNING **** residue PPI1 already exists (old one deleted)

      ***** LEVEL  1 WARNING FROM <RTFRDR> *****
      ***** Residue already exists.
      ******************************************
      BOMLEV (  0) IS NOT REACHED. WRNLEV IS  5

          RESI PPI1        -3.00
*** WARNING **** residue PPI2 already exists (old one deleted)

      ***** LEVEL  1 WARNING FROM <RTFRDR> *****
      ***** Residue already exists.
      ******************************************
      BOMLEV (  0) IS NOT REACHED. WRNLEV IS  5

          RESI PPI2        -2.00
*** WARNING **** residue AMP  already exists (old one deleted)

      ***** LEVEL  1 WARNING FROM <RTFRDR> *****
      ***** Residue already exists.
      ******************************************
      BOMLEV (  0) IS NOT REACHED. WRNLEV IS  5

          RESI AMP         -2.00
*** WARNING **** residue ADP  already exists (old one deleted)

      ***** LEVEL  1 WARNING FROM <RTFRDR> *****
      ***** Residue already exists.
      ******************************************
      BOMLEV (  0) IS NOT REACHED. WRNLEV IS  5

          RESI ADP         -3.00
*** WARNING **** residue ATP  already exists (old one deleted)

      ***** LEVEL  1 WARNING FROM <RTFRDR> *****
      ***** Residue already exists.
      ******************************************
      BOMLEV (  0) IS NOT REACHED. WRNLEV IS  5

          RESI ATP         -4.00
*** WARNING **** residue 5DP  already exists (old one deleted)

      ***** LEVEL  1 WARNING FROM <RTFRDR> *****
      ***** Residue already exists.
      ******************************************
      BOMLEV (  0) IS NOT REACHED. WRNLEV IS  5

          PRES 5DP         -3.00
*** WARNING **** residue NAD  already exists (old one deleted)

      ***** LEVEL  1 WARNING FROM <RTFRDR> *****
      ***** Residue already exists.
      ******************************************
      BOMLEV (  0) IS NOT REACHED. WRNLEV IS  5

          RESI NAD         -1.00
*** WARNING **** residue NADH already exists (old one deleted)

      ***** LEVEL  1 WARNING FROM <RTFRDR> *****
      ***** Residue already exists.
      ******************************************
      BOMLEV (  0) IS NOT REACHED. WRNLEV IS  5

          RESI NADH        -2.00
*** WARNING **** residue NADP already exists (old one deleted)

      ***** LEVEL  1 WARNING FROM <RTFRDR> *****
      ***** Residue already exists.
      ******************************************
      BOMLEV (  0) IS NOT REACHED. WRNLEV IS  5

          RESI NADP        -2.00
*** WARNING **** residue NDPH already exists (old one deleted)

      ***** LEVEL  1 WARNING FROM <RTFRDR> *****
      ***** Residue already exists.
      ******************************************
      BOMLEV (  0) IS NOT REACHED. WRNLEV IS  5

          RESI NDPH        -3.00
 There were  12 warning(s) from RTFRDR.
  
 CHARMM>     
  
 CHARMM>    read para card flex append

          PARAMETER FILE BEING READ FROM UNIT 98
 RDTITL> * NAD, PPI PARAMETERS
 RDTITL> *
 PARMIO> NONBOND, HBOND lists and IMAGE atoms cleared.
  
 CHARMM>     
  
 CHARMM>     
  
 VCLOSE: Closing unit   98 with status "KEEP"

                    RETURNING TO INPUT STREAM    99
  
 CHARMM>    stream toppar/toppar_all36_na_rna_modified.str
 VOPEN> Attempting to open::toppar/toppar_all36_na_rna_modified.str::
 OPNLGU> Unit 98 opened for READONLY access to toppar/toppar_all36_na_rna_modified.str

                    INPUT STREAM SWITCHING TO UNIT    98
 RDTITL> * ADDITIVE CHARMM FORCE FIELD FOR MODIFIED RIBONUCLEIC ACIDS, INCLUDING
 RDTITL> * THOSE FOUNDS IN TRNA. YOU XU, KAROLINSKA INSTITUTET, 2015.
 RDTITL> * |
 RDTITL> * WARNING: PARAMETERS AND ATOM TYPE ASSIGNMENTS IN THIS FILE ARE SPECIFIC
 RDTITL> * FOR THESE COMPOUNDS AND SHOULD UNDER NO CIRCUMSTANCES BE APPLIED TO
 RDTITL> * OTHER ORGANIC MOLECULES
 RDTITL> *
 Parameter: IN1 <- "" <empty>
  
 CHARMM>     
  
 CHARMM>    ! Xu, Y., Vanommeslaeghe, K., Aleksandrov, A., MacKerell, A.D.,
 CHARMM>    ! Jr. Nilsson, L., “Additive CHARMM force field for naturally
 CHARMM>    ! occurring modified ribonucleotides,” Journal of Computational
 CHARMM>    !  Chemistry, DOI: 10.1002/jcc.24307, 2016
 CHARMM>     
  
 CHARMM>    ! Should be used with parent files CGenFF: top_all36_cgenff.inp and par_all36_cgenff.inp
 CHARMM>    !                                    NA36: top_all36_na.inp and par_all36_na.inp
 CHARMM>    !                              and Carb36: top_all36_carb.inp and par_all36_carb.inp
 CHARMM>    !
 CHARMM>     
  
 CHARMM>    read rtf card append
 MAINIO> Residue topology file being read from unit  98.
 RDTITL> * TOPOLOGIES OF MODIFIED NUCLEOTIDES
 RDTITL> *
*** WARNING **** residue BUG  already exists (old one deleted)

      ***** LEVEL  1 WARNING FROM <RTFRDR> *****
      ***** Residue already exists.
      ******************************************
      BOMLEV (  0) IS NOT REACHED. WRNLEV IS  5

          RESI BUG           -1.00
 There were   1 warning(s) from RTFRDR.
  
 CHARMM>     
  
 CHARMM>    read param card flex append

          PARAMETER FILE BEING READ FROM UNIT 98
 RDTITL> * ADDITIVE CHARMM PARAMETERS FOR MODIFIED NUCLEIC ACIDS, BETA VERSION
 RDTITL> * YOU XU, KAROLINSKA INSTITUTET, 2015.
 RDTITL> *
 PARMIO> NONBOND, HBOND lists and IMAGE atoms cleared.
  
 CHARMM>    RETURN
 VCLOSE: Closing unit   98 with status "KEEP"

                    RETURNING TO INPUT STREAM    99
  
 CHARMM>     
  
 CHARMM>    ! Additional topologies and parameters for lipids
 CHARMM>    stream toppar/toppar_all36_lipid_sphingo.str
 VOPEN> Attempting to open::toppar/toppar_all36_lipid_sphingo.str::
 OPNLGU> Unit 98 opened for READONLY access to toppar/toppar_all36_lipid_sphingo.str

                    INPUT STREAM SWITCHING TO UNIT    98
 RDTITL> * TOPPAR STREAM FOR CERAMIDES AND SPINGOMYELINS; REQUIRES FLEX FORMAT FILES
 RDTITL> * TOP_ALL36_LIPID.RTF AND PAR_ALL36_LIPID.PRM
 RDTITL> *
 Parameter: IN1 <- "" <empty>
  
 CHARMM>     
  
 CHARMM>    ! REFERENCES
 CHARMM>    !
 CHARMM>    ! PSM and SSM Lipids
 CHARMM>    !
 CHARMM>    ! Venable, R. M.; Sodt, A. J.; Rogaski, B.; Rui, H.; Hatcher, E.; MacKerell, A. D.;
 CHARMM>    ! Pastor, R. W.; Klauda, J. B., CHARMM All-Atom Additive Force Field for Sphingomyelin:
 CHARMM>    ! Elucidation of Hydrogen Bonding and of Positive Curvature. Biophys. J. 2014, 107 (1), 134-145
 CHARMM>    !
 CHARMM>    ! Ceramide
 CHARMM>    !
 CHARMM>    ! Submited by Sam Tonddast-Navaei of U. Cincinnati. Advised by Russell Devane
 CHARMM>    ! Tested by Eric Wang of U. Maryland. Advised by Jeffery Klauda
 CHARMM>    !
 CHARMM>    !
 CHARMM>    ! CerAP/Cer6, CerNP/Cer3, and CerEOS/Cer1
 CHARMM>    !
 CHARMM>    ! Wang, E.; Klauda, J. B., Structure and Permeability of Ceramide Bilayers and Multilayers.
 CHARMM>    ! J. Phys. Chem. B., 2019, 123, 11, 2525-2535
 CHARMM>    ! Wang, E.; Klauda, J. B., Molecular Structure of the Long Periodicity Phase in the Stratum Corneum.
 CHARMM>    ! J. Amer. Chem. Soc., 2019. 141, 42, 16930-16943
 CHARMM>     
  
 CHARMM>    set nat ?NATC
 RDCMND substituted energy or value "?NATC" to "585"
 Parameter: NAT <- "585"
  
 CHARMM>    set app
 Parameter: APP <- "" <empty>
  
 CHARMM>    !We're exploiting what is arguably a bug in the parser. On the left hand side,
 CHARMM>    !the quotes have proirity, so NAT is correctly substituted. On the right hand
 CHARMM>    !side, the ? has priority and NATC" (sic) is not a valid substitution...
 CHARMM>    if "@NAT" ne "?NATC" if @nat ne 0 set app append
 Parameter: NAT -> "585"
 Parameter: NAT -> "585"
 RDCMND: can not substitute energy "?NATC""
 Comparing ""585"" and ""?NATC"".
 IF test evaluated as true.  Performing command
 Comparing "585" and "0".
 IF test evaluated as true.  Performing command
 Parameter: APP <- "APPEND"
  
 CHARMM>     
  
 CHARMM>    read rtf card @app
 Parameter: APP -> "APPEND"
 MAINIO> Residue topology file being read from unit  98.
 RDTITL> * CER/SM RESIDUES
 RDTITL> *
  
 CHARMM>     
  
 CHARMM>    read para card flex @app
 Parameter: APP -> "APPEND"

          PARAMETER FILE BEING READ FROM UNIT 98
 RDTITL> * NEW PARAMETERS
 RDTITL> *
 PARRDR> Error: Repeated DIHE parameter ( 14761): NHL   C     CTO1  HAL1 is replaced
 PARRDR> Error: Repeated DIHE parameter ( 14782): O     C     CTO1  HAL1 is replaced
 PARMIO> NONBOND, HBOND lists and IMAGE atoms cleared.
  
 CHARMM>     
  
 CHARMM>    return
 VCLOSE: Closing unit   98 with status "KEEP"

                    RETURNING TO INPUT STREAM    99
  
 CHARMM>    stream toppar/toppar_all36_lipid_archaeal.str
 VOPEN> Attempting to open::toppar/toppar_all36_lipid_archaeal.str::
 OPNLGU> Unit 98 opened for READONLY access to toppar/toppar_all36_lipid_archaeal.str

                    INPUT STREAM SWITCHING TO UNIT    98
 RDTITL> * TOPPAR STREAM FILE FOR ARCHAEAL LIPIDS.
 RDTITL> *
 Parameter: IN1 <- "" <empty>
  
 CHARMM>     
  
 CHARMM>    ! This is an on-going file of archaeal lipids
 CHARMM>    ! I am adding meanquinone-7 now
 CHARMM>     
  
 CHARMM>    read rtf card append
 MAINIO> Residue topology file being read from unit  98.
 RDTITL> * ARCHAEAL LIPIDS
 RDTITL> *
  
 CHARMM>     
  
 CHARMM>    read param card flex append

          PARAMETER FILE BEING READ FROM UNIT 98
 RDTITL> * PARAMETERS GENERATED BY ANALOGY BY CGENFF
 RDTITL> *
 PARMIO> NONBOND, HBOND lists and IMAGE atoms cleared.
  
 CHARMM>     
  
 CHARMM>    RETURN
 VCLOSE: Closing unit   98 with status "KEEP"

                    RETURNING TO INPUT STREAM    99
  
 CHARMM>    stream toppar/toppar_all36_lipid_bacterial.str
 VOPEN> Attempting to open::toppar/toppar_all36_lipid_bacterial.str::
 OPNLGU> Unit 98 opened for READONLY access to toppar/toppar_all36_lipid_bacterial.str

                    INPUT STREAM SWITCHING TO UNIT    98
 RDTITL> * TOPPAR STREAM FILE FOR BRANCHED AND CYCLIC CHAINED LIPIDS.  FOLLOWING READING OF
 RDTITL> * TOP_ALL36_LIPID.RTF
 RDTITL> * AND
 RDTITL> * PAR_ALL36_LIPID.RTF
 RDTITL> *
 Parameter: IN1 <- "" <empty>
  
 CHARMM>     
  
 CHARMM>    ! REFERENCES
 CHARMM>    !
 CHARMM>    ! Branched Lipids
 CHARMM>    !
 CHARMM>    ! Lim, J.B. & Klauda, J.B. Branching at the Iso- and Anteiso- Positions in Complex Chlamydia
 CHARMM>    ! Membranes: A Molecular Dynamics Study. Biochimica et Biophysica Acta (BBA) - Biomembranes
 CHARMM>    ! 1808:323-331 (2011).
 CHARMM>    !
 CHARMM>    ! Cyclic-replacement of double bond
 CHARMM>    !
 CHARMM>    ! Pandit, K.R. & Klauda, J.B. Membrane models of E. coli containing cyclic moieties in
 CHARMM>    ! the aliphatic lipid chain. Biochimica et Biophysica Acta (BBA) - Biomembranes
 CHARMM>    ! 1818:1205-1210 (2012).
 CHARMM>    !
 CHARMM>     
  
 CHARMM>    set nat ?NATC
 RDCMND substituted energy or value "?NATC" to "590"
 Parameter: NAT <- "590"
  
 CHARMM>    set app
 Parameter: APP <- "" <empty>
  
 CHARMM>    !We're exploiting what is arguably a bug in the parser. On the left hand side,
 CHARMM>    !the quotes have proirity, so NAT is correctly substituted. On the right hand
 CHARMM>    !side, the ? has priority and NATC" (sic) is not a valid substitution...
 CHARMM>    if "@NAT" ne "?NATC" if @nat ne 0 set app append
 Parameter: NAT -> "590"
 Parameter: NAT -> "590"
 RDCMND: can not substitute energy "?NATC""
 Comparing ""590"" and ""?NATC"".
 IF test evaluated as true.  Performing command
 Comparing "590" and "0".
 IF test evaluated as true.  Performing command
 Parameter: APP <- "APPEND"
  
 CHARMM>     
  
 CHARMM>    read rtf card @app
 Parameter: APP -> "APPEND"
 MAINIO> Residue topology file being read from unit  98.
 RDTITL> * CHOLESTEROL RESIDUES
 RDTITL> *
  
 CHARMM>     
  
 CHARMM>    read para card flex @app
 Parameter: APP -> "APPEND"

          PARAMETER FILE BEING READ FROM UNIT 98
 RDTITL> * NEW PARAMETERS
 RDTITL> *
 PARMIO> NONBOND, HBOND lists and IMAGE atoms cleared.
  
 CHARMM>     
  
 CHARMM>    return
 VCLOSE: Closing unit   98 with status "KEEP"

                    RETURNING TO INPUT STREAM    99
  
 CHARMM>    stream toppar/toppar_all36_lipid_cardiolipin.str
 VOPEN> Attempting to open::toppar/toppar_all36_lipid_cardiolipin.str::
 OPNLGU> Unit 98 opened for READONLY access to toppar/toppar_all36_lipid_cardiolipin.str

                    INPUT STREAM SWITCHING TO UNIT    98
 RDTITL> READ RTF CARD APPEND FLEX
 RDTITL> No title read.
 Parameter: IN1 <- "" <empty>
  
 CHARMM>    read rtf card append flex
 MAINIO> Residue topology file being read from unit  98.
 RDTITL>  
 RDTITL> No title read.
 WARNING from DECODI -- Zero length string being converted to 0
 RTFRDR> WARNING: Version number is NOT specified.
  
 CHARMM>     
  
 CHARMM>    return
 VCLOSE: Closing unit   98 with status "KEEP"

                    RETURNING TO INPUT STREAM    99
  
 CHARMM>    stream toppar/toppar_all36_lipid_cholesterol.str
 VOPEN> Attempting to open::toppar/toppar_all36_lipid_cholesterol.str::
 OPNLGU> Unit 98 opened for READONLY access to toppar/toppar_all36_lipid_cholesterol.str

                    INPUT STREAM SWITCHING TO UNIT    98
 RDTITL> * TOPPAR STREAM FILE FOR CHOLESTEROL.  STREAM FOLLOWING READING OF
 RDTITL> * TOP_ALL36_LIPID.RTF
 RDTITL> * PAR_ALL36_LIPID.RTF
 RDTITL> * TOP_ALL36_CGENFF.RTF
 RDTITL> * AND PAR_ALL36_CGENFF.PRM
 RDTITL> *
 Parameter: IN1 <- "" <empty>
  
 CHARMM>     
  
 CHARMM>    !topology and parameters are included for two cholesterol models. the
 CHARMM>    !model may be selected by setting variable chol_model to 1 or 2, as
 CHARMM>    !specified below
 CHARMM>    !
 CHARMM>     
  
 CHARMM>    set chol_model 1 !2 for original Suits et al. model
 Parameter: CHOL_MODEL <- "1"
  
 CHARMM>     
  
 CHARMM>    !
 CHARMM>    !1) Revised model of Lim et al.  This contains a number of NBFIXes that
 CHARMM>    !makes it unsuitable for ANTON (set chol_model 1)
 CHARMM>    !
 CHARMM>    !2) Original model of Suits et al., which is used on ANTON as well as
 CHARMM>    !being suitable for other systems (set chol_model 2 (or anything but 1....))
 CHARMM>    !
 CHARMM>    !references
 CHARMM>    !
 CHARMM>    !Lim, J.B., Rogaski, B. and Klauda, J.B.. "Update of the Cholesterol Force Field
 CHARMM>    !Parameters in CHARMM" 116: 203-210 (2012).
 CHARMM>    !
 CHARMM>    !Suits, F., Pitman, M., MacKerell, A.D., Jr., Feller, S.E. "Molecular Level
 CHARMM>    !Organization of Saturated and Polyunsaturated Fatty Acids in a
 CHARMM>    !Phosphatidylcholine Bilayer Containing Cholesterol" Biochemistry,
 CHARMM>    !43(49):15318-28, 2004
 CHARMM>    !
 CHARMM>     
  
 CHARMM>    !test "append"
 CHARMM>    set nat ?NATC
 RDCMND substituted energy or value "?NATC" to "590"
 Parameter: NAT <- "590"
  
 CHARMM>    set app
 Parameter: APP <- "" <empty>
  
 CHARMM>    !We're exploiting what is arguably a bug in the parser. On the left hand side,
 CHARMM>    !the quotes have priority, so NAT is correctly substituted. On the right hand
 CHARMM>    !side, the ? has priority and NATC" (sic) is not a valid substitution...
 CHARMM>    if "@NAT" ne "?NATC" if @nat ne 0 set app append
 Parameter: NAT -> "590"
 Parameter: NAT -> "590"
 RDCMND: can not substitute energy "?NATC""
 Comparing ""590"" and ""?NATC"".
 IF test evaluated as true.  Performing command
 Comparing "590" and "0".
 IF test evaluated as true.  Performing command
 Parameter: APP <- "APPEND"
  
 CHARMM>     
  
 CHARMM>    if chol_model eq 1 then
 Comparing "1" and "1".
 IF test evaluated as true.  Performing command
  
 CHARMM>     
  
 CHARMM>    ! reference
 CHARMM>    ! Lim, J.B., Rogaski, B. and Klauda, J.B.. "Update of the Cholesterol Force Field
 CHARMM>    ! Parameters in CHARMM" 116: 203-210 (2012).
 CHARMM>    !
 CHARMM>     
  
 CHARMM>    read rtf card @app
 Parameter: APP -> "APPEND"
 MAINIO> Residue topology file being read from unit  98.
 RDTITL> * TOPOLOGY FOR CHOLESTEROL
 RDTITL> *
  
 CHARMM>     
  
 CHARMM>    read param card flex @app
 Parameter: APP -> "APPEND"

          PARAMETER FILE BEING READ FROM UNIT 98
 RDTITL> * CHOLESTEROL PARAMETERS
 RDTITL> *
 PARRDR> Error: Repeated DIHE parameter ( 15121): OG31  CG30  CG3C  CG3C is replaced
 PARRDR> Error: Repeated DIHE parameter ( 15122): OG31  CG30  CG3C  CG3R is replaced
 PARRDR> Error: Repeated DIHE parameter ( 15123): OG31  CG30  CG3C  HGA1 is replaced
 PARRDR> Error: Repeated DIHE parameter ( 15121): OG31  CG30  CG3C  CG3C is replaced
 PARRDR> Error: Repeated DIHE parameter ( 15122): OG31  CG30  CG3C  CG3R is replaced
 PARRDR> Error: Repeated DIHE parameter ( 15123): OG31  CG30  CG3C  HGA1 is replaced
 PARMIO> NONBOND, HBOND lists and IMAGE atoms cleared.
  
 CHARMM>     
  
 CHARMM>    return
 VCLOSE: Closing unit   98 with status "KEEP"

                    RETURNING TO INPUT STREAM    99
  
 CHARMM>    stream toppar/toppar_all36_lipid_dag.str
 VOPEN> Attempting to open::toppar/toppar_all36_lipid_dag.str::
 OPNLGU> Unit 98 opened for READONLY access to toppar/toppar_all36_lipid_dag.str

                    INPUT STREAM SWITCHING TO UNIT    98
 RDTITL> READ RTF CARD APPEND
 RDTITL> No title read.
 Parameter: IN1 <- "" <empty>
  
 CHARMM>    read rtf card append
 MAINIO> Residue topology file being read from unit  98.
 RDTITL> * TOPOLOGY FOR LIPIDA FROM DAG
 RDTITL> *
  
 VCLOSE: Closing unit   98 with status "KEEP"

                    RETURNING TO INPUT STREAM    99
  
 CHARMM>    stream toppar/toppar_all36_lipid_inositol.str
 VOPEN> Attempting to open::toppar/toppar_all36_lipid_inositol.str::
 OPNLGU> Unit 98 opened for READONLY access to toppar/toppar_all36_lipid_inositol.str

                    INPUT STREAM SWITCHING TO UNIT    98
 RDTITL> READ RTF CARD APPEND
 RDTITL> No title read.
 Parameter: IN1 <- "" <empty>
  
 CHARMM>    read rtf card append
 MAINIO> Residue topology file being read from unit  98.
 RDTITL> * TOPOLOGY FOR INOSITOL-BASED LIPIDS
 RDTITL> *
  
 CHARMM>     
  
 CHARMM>    RETURN
 VCLOSE: Closing unit   98 with status "KEEP"

                    RETURNING TO INPUT STREAM    99
  
 CHARMM>    stream toppar/toppar_all36_lipid_lnp.str
 VOPEN> Attempting to open::toppar/toppar_all36_lipid_lnp.str::
 OPNLGU> Unit 98 opened for READONLY access to toppar/toppar_all36_lipid_lnp.str

                    INPUT STREAM SWITCHING TO UNIT    98
 RDTITL> READ RTF CARD APPEND
 RDTITL> No title read.
 Parameter: IN1 <- "" <empty>
  
 CHARMM>    read rtf card append
 MAINIO> Residue topology file being read from unit  98.
 RDTITL> * LNP
 RDTITL> *

      ***** LEVEL  1 WARNING FROM <DECODF> *****
      ***** Zero length string
      ******************************************
      BOMLEV (  0) IS NOT REACHED. WRNLEV IS  5

 WARNING from DECODF -- Zero length string being converted to 0.
 **** WARNING from RTFRDR **** The total charge of the residue, DAGP,  -0.0100000,
 does not equal the expected charge,   0.0000000.

      ***** LEVEL  1 WARNING FROM <DECODF> *****
      ***** Zero length string
      ******************************************
      BOMLEV (  0) IS NOT REACHED. WRNLEV IS  5

 WARNING from DECODF -- Zero length string being converted to 0.
          PRES DPEPEG
 **** WARNING from RTFRDR **** The total charge of the residue, DPEP,  -0.0100000,
 does not equal the expected charge,   0.0000000.
 There were   2 warning(s) from RTFRDR.
  
 CHARMM>     
  
 CHARMM>    read param card flex append

          PARAMETER FILE BEING READ FROM UNIT 98
 RDTITL> * LNP
 RDTITL> *
 PARMIO> NONBOND, HBOND lists and IMAGE atoms cleared.
  
 CHARMM>     
  
 CHARMM>    RETURN
 VCLOSE: Closing unit   98 with status "KEEP"

                    RETURNING TO INPUT STREAM    99
  
 CHARMM>    stream toppar/toppar_all36_lipid_lps.str
 VOPEN> Attempting to open::toppar/toppar_all36_lipid_lps.str::
 OPNLGU> Unit 98 opened for READONLY access to toppar/toppar_all36_lipid_lps.str

                    INPUT STREAM SWITCHING TO UNIT    98
 RDTITL> READ RTF CARD APPEND
 RDTITL> No title read.
 Parameter: IN1 <- "" <empty>
  
 CHARMM>    read rtf card append
 MAINIO> Residue topology file being read from unit  98.
 RDTITL> * TOPOLOGY FOR LIPIDA FROM LPS
 RDTITL> *
 WARNING from DECODI -- Zero length string being converted to 0
 RTFRDR> WARNING: Version number is NOT specified.
  
 CHARMM>     
  
 CHARMM>     
  
 CHARMM>    read param card append flex

          PARAMETER FILE BEING READ FROM UNIT 98
 RDTITL> *    NEW PARAMETES
 RDTITL> *
 PARMIO> NONBOND, HBOND lists and IMAGE atoms cleared.
  
 CHARMM>     
  
 VCLOSE: Closing unit   98 with status "KEEP"

                    RETURNING TO INPUT STREAM    99
  
 CHARMM>    stream toppar/toppar_all36_lipid_mycobacterial.str
 VOPEN> Attempting to open::toppar/toppar_all36_lipid_mycobacterial.str::
 OPNLGU> Unit 98 opened for READONLY access to toppar/toppar_all36_lipid_mycobacterial.str

                    INPUT STREAM SWITCHING TO UNIT    98
 RDTITL> * TOPPAR STREAM FILE FOR BRANCHED AND CYCLIC CHAINED LIPIDS.  FOLLOWING READING OF
 RDTITL> * TOP_ALL36_LIPID.RTF, PAR_ALL36_LIPID.PRM
 RDTITL> * AND
 RDTITL> * TOPPAR_ALL36_LIPID_BACTERIAL.STR
 RDTITL> *
 Parameter: IN1 <- "" <empty>
  
 CHARMM>     
  
 CHARMM>    read rtf card append
 MAINIO> Residue topology file being read from unit  98.
 RDTITL> * CHOLESTEROL RESIDUES
 RDTITL> *
  
 CHARMM>     
  
 CHARMM>    read para card flex @app
 Parameter: APP -> "APPEND"

          PARAMETER FILE BEING READ FROM UNIT 98
 RDTITL> * NEW PARAMETERS
 RDTITL> *
 PARRDR> Error: Repeated ANGLE parameter (  5024): CEL1  CEL1  CTL1 is replaced
 PARRDR> Error: Repeated DIHE parameter ( 15368): CTL2  CG2O  CTL1  CTL3 is replaced
 PARRDR> Error: Repeated DIHE parameter ( 15369): CTL2  CG2O  CTL1  CTL3 is replaced
 PARRDR> Error: Repeated DIHE parameter ( 15368): CTL2  CG2O  CTL1  CTL3 is replaced
 PARRDR> Error: Repeated DIHE parameter ( 15369): CTL2  CG2O  CTL1  CTL3 is replaced
 PARMIO> NONBOND, HBOND lists and IMAGE atoms cleared.
  
 CHARMM>     
  
 CHARMM>    RETURN
 VCLOSE: Closing unit   98 with status "KEEP"

                    RETURNING TO INPUT STREAM    99
  
 CHARMM>    stream toppar/toppar_all36_lipid_miscellaneous.str
 VOPEN> Attempting to open::toppar/toppar_all36_lipid_miscellaneous.str::
 OPNLGU> Unit 98 opened for READONLY access to toppar/toppar_all36_lipid_miscellaneous.str

                    INPUT STREAM SWITCHING TO UNIT    98
 RDTITL> READ RTF CARD APPEND FLEX
 RDTITL> No title read.
 Parameter: IN1 <- "" <empty>
  
 CHARMM>    read rtf card append flex
 MAINIO> Residue topology file being read from unit  98.
 RDTITL> * TOPOLOGY FOR MISCELLANEOUS LIPIDS
 RDTITL> *
  
 CHARMM>     
  
 CHARMM>    read param card flex append

          PARAMETER FILE BEING READ FROM UNIT 98
 RDTITL> * PARAMETER FOR ACYL PYROPHOSPHATE: ADDED 2019_7
 RDTITL> *
 PARMIO> NONBOND, HBOND lists and IMAGE atoms cleared.
  
 CHARMM>     
  
 CHARMM>    return
 VCLOSE: Closing unit   98 with status "KEEP"

                    RETURNING TO INPUT STREAM    99
  
 CHARMM>    stream toppar/toppar_all36_lipid_model.str
 VOPEN> Attempting to open::toppar/toppar_all36_lipid_model.str::
 OPNLGU> Unit 98 opened for READONLY access to toppar/toppar_all36_lipid_model.str

                    INPUT STREAM SWITCHING TO UNIT    98
 RDTITL> * CHARMM36 ALL-HYDROGEN LIPID FORCE FIELD TOPPAR STREAM FILE
 RDTITL> * COLLECTION OF RESIDUES AND PATCHES FOR MODEL COMPOUNDS USED
 RDTITL> * IN THE OPTIMIZATION THE LIPID FORCE FIELD.
 RDTITL> *
 Parameter: IN1 <- "" <empty>
  
 CHARMM>     
  
 CHARMM>    !Parent files that have to be read prior to streaming this file
 CHARMM>    !top_all36_lipid.rtf
 CHARMM>    !par_all36_lipid.prm
 CHARMM>     
  
 CHARMM>    !Testcase
 CHARMM>    !test_all36_lipid_model.inp
 CHARMM>     
  
 CHARMM>    read rtf card append
 MAINIO> Residue topology file being read from unit  98.
 RDTITL> * C36 LIPID MODEL COMPOUNDS
 RDTITL> *
*** WARNING **** residue MAS  already exists (old one deleted)

      ***** LEVEL  1 WARNING FROM <RTFRDR> *****
      ***** Residue already exists.
      ******************************************
      BOMLEV (  0) IS NOT REACHED. WRNLEV IS  5

          RESI MAS          0.00
*** WARNING **** residue ETAC already exists (old one deleted)

      ***** LEVEL  1 WARNING FROM <RTFRDR> *****
      ***** Residue already exists.
      ******************************************
      BOMLEV (  0) IS NOT REACHED. WRNLEV IS  5

          RESI ETAC         0.00
*** WARNING **** residue MPRO already exists (old one deleted)

      ***** LEVEL  1 WARNING FROM <RTFRDR> *****
      ***** Residue already exists.
      ******************************************
      BOMLEV (  0) IS NOT REACHED. WRNLEV IS  5

          RESI MPRO         0.00
*** WARNING **** residue MP_1 already exists (old one deleted)

      ***** LEVEL  1 WARNING FROM <RTFRDR> *****
      ***** Residue already exists.
      ******************************************
      BOMLEV (  0) IS NOT REACHED. WRNLEV IS  5

          RESI MP_1        -1.00
*** WARNING **** residue MP_2 already exists (old one deleted)

      ***** LEVEL  1 WARNING FROM <RTFRDR> *****
      ***** Residue already exists.
      ******************************************
      BOMLEV (  0) IS NOT REACHED. WRNLEV IS  5

          RESI MP_2        -2.00
*** WARNING **** residue MSO4 already exists (old one deleted)

      ***** LEVEL  1 WARNING FROM <RTFRDR> *****
      ***** Residue already exists.
      ******************************************
      BOMLEV (  0) IS NOT REACHED. WRNLEV IS  5

          RESI MSO4        -1.00
*** WARNING **** residue BUTA already exists (old one deleted)

      ***** LEVEL  1 WARNING FROM <RTFRDR> *****
      ***** Residue already exists.
      ******************************************
      BOMLEV (  0) IS NOT REACHED. WRNLEV IS  5

          RESI BUTA         0.00
*** WARNING **** residue PENT already exists (old one deleted)

      ***** LEVEL  1 WARNING FROM <RTFRDR> *****
      ***** Residue already exists.
      ******************************************
      BOMLEV (  0) IS NOT REACHED. WRNLEV IS  5

          RESI PENT         0.00
*** WARNING **** residue HEXA already exists (old one deleted)

      ***** LEVEL  1 WARNING FROM <RTFRDR> *****
      ***** Residue already exists.
      ******************************************
      BOMLEV (  0) IS NOT REACHED. WRNLEV IS  5

          RESI HEXA         0.00
*** WARNING **** residue ETHE already exists (old one deleted)

      ***** LEVEL  1 WARNING FROM <RTFRDR> *****
      ***** Residue already exists.
      ******************************************
      BOMLEV (  0) IS NOT REACHED. WRNLEV IS  5

          RESI ETHE       0.00
*** WARNING **** residue PRPE already exists (old one deleted)

      ***** LEVEL  1 WARNING FROM <RTFRDR> *****
      ***** Residue already exists.
      ******************************************
      BOMLEV (  0) IS NOT REACHED. WRNLEV IS  5

          RESI PRPE       0.00
*** WARNING **** residue BTE1 already exists (old one deleted)

      ***** LEVEL  1 WARNING FROM <RTFRDR> *****
      ***** Residue already exists.
      ******************************************
      BOMLEV (  0) IS NOT REACHED. WRNLEV IS  5

          RESI BTE1       0.00
*** WARNING **** residue BTE2 already exists (old one deleted)

      ***** LEVEL  1 WARNING FROM <RTFRDR> *****
      ***** Residue already exists.
      ******************************************
      BOMLEV (  0) IS NOT REACHED. WRNLEV IS  5

          RESI BTE2       0.00
*** WARNING **** residue DIPE already exists (old one deleted)

      ***** LEVEL  1 WARNING FROM <RTFRDR> *****
      ***** Residue already exists.
      ******************************************
      BOMLEV (  0) IS NOT REACHED. WRNLEV IS  5

          RESI DIPE       0.00
*** WARNING **** residue DIHE already exists (old one deleted)

      ***** LEVEL  1 WARNING FROM <RTFRDR> *****
      ***** Residue already exists.
      ******************************************
      BOMLEV (  0) IS NOT REACHED. WRNLEV IS  5

          RESI DIHE       0.00
*** WARNING **** residue NC4  already exists (old one deleted)

      ***** LEVEL  1 WARNING FROM <RTFRDR> *****
      ***** Residue already exists.
      ******************************************
      BOMLEV (  0) IS NOT REACHED. WRNLEV IS  5

          RESI NC4          1.00
*** WARNING **** residue NC5  already exists (old one deleted)

      ***** LEVEL  1 WARNING FROM <RTFRDR> *****
      ***** Residue already exists.
      ******************************************
      BOMLEV (  0) IS NOT REACHED. WRNLEV IS  5

          RESI NC5          1.00
*** WARNING **** residue CHOL already exists (old one deleted)

      ***** LEVEL  1 WARNING FROM <RTFRDR> *****
      ***** Residue already exists.
      ******************************************
      BOMLEV (  0) IS NOT REACHED. WRNLEV IS  5

          RESI CHOL         1.00
*** WARNING **** residue ACHO already exists (old one deleted)

      ***** LEVEL  1 WARNING FROM <RTFRDR> *****
      ***** Residue already exists.
      ******************************************
      BOMLEV (  0) IS NOT REACHED. WRNLEV IS  5

          RESI ACHO         1.00
*** WARNING **** residue PC   already exists (old one deleted)

      ***** LEVEL  1 WARNING FROM <RTFRDR> *****
      ***** Residue already exists.
      ******************************************
      BOMLEV (  0) IS NOT REACHED. WRNLEV IS  5

          RESI PC           0.00
*** WARNING **** residue GPC  already exists (old one deleted)

      ***** LEVEL  1 WARNING FROM <RTFRDR> *****
      ***** Residue already exists.
      ******************************************
      BOMLEV (  0) IS NOT REACHED. WRNLEV IS  5

          RESI GPC          0.00
*** WARNING **** residue TEA  already exists (old one deleted)

      ***** LEVEL  1 WARNING FROM <RTFRDR> *****
      ***** Residue already exists.
      ******************************************
      BOMLEV (  0) IS NOT REACHED. WRNLEV IS  5

          RESI TEA          1.00
*** WARNING **** residue ETAM already exists (old one deleted)

      ***** LEVEL  1 WARNING FROM <RTFRDR> *****
      ***** Residue already exists.
      ******************************************
      BOMLEV (  0) IS NOT REACHED. WRNLEV IS  5

          RESI ETAM       1.00
*** WARNING **** residue GLYC already exists (old one deleted)

      ***** LEVEL  1 WARNING FROM <RTFRDR> *****
      ***** Residue already exists.
      ******************************************
      BOMLEV (  0) IS NOT REACHED. WRNLEV IS  5

          RESI GLYC         0.00
*** WARNING **** residue MBUT already exists (old one deleted)

      ***** LEVEL  1 WARNING FROM <RTFRDR> *****
      ***** Residue already exists.
      ******************************************
      BOMLEV (  0) IS NOT REACHED. WRNLEV IS  5

          RESI MBUT         0.00
 There were  25 warning(s) from RTFRDR.
  
 CHARMM>     
  
 CHARMM>    return
 VCLOSE: Closing unit   98 with status "KEEP"

                    RETURNING TO INPUT STREAM    99
  
 CHARMM>    stream toppar/toppar_all36_lipid_prot.str
 VOPEN> Attempting to open::toppar/toppar_all36_lipid_prot.str::
 OPNLGU> Unit 98 opened for READONLY access to toppar/toppar_all36_lipid_prot.str

                    INPUT STREAM SWITCHING TO UNIT    98
 RDTITL> * TOPOLOGY AND PARAMETERS FOR LIPID TAIL LINKERS TO CYSTEINE AND GLYCINE,
 RDTITL> * FOR EXAMPLE, PALMITOYLATION, MARISTOYLATION, FERNASYLATION, GERANYLATION
 RDTITL> *
 Parameter: IN1 <- "" <empty>
  
 CHARMM>     
  
 CHARMM>    read rtf card append
 MAINIO> Residue topology file being read from unit  98.
 RDTITL> * LIPID-MODIFIED PROTEIN RESIDUES
 RDTITL> *
  
 CHARMM>     
  
 CHARMM>    read para card append flex

          PARAMETER FILE BEING READ FROM UNIT 98
 RDTITL> * CYSTEIN-PALMITATE PARAMETERS
 RDTITL> *
 PARMIO> NONBOND, HBOND lists and IMAGE atoms cleared.
  
 CHARMM>     
  
 CHARMM>    return
 VCLOSE: Closing unit   98 with status "KEEP"

                    RETURNING TO INPUT STREAM    99
  
 CHARMM>    stream toppar/toppar_all36_lipid_tag.str
 VOPEN> Attempting to open::toppar/toppar_all36_lipid_tag.str::
 OPNLGU> Unit 98 opened for READONLY access to toppar/toppar_all36_lipid_tag.str

                    INPUT STREAM SWITCHING TO UNIT    98
 RDTITL> READ RTF CARD APPEND
 RDTITL> No title read.
 Parameter: IN1 <- "" <empty>
  
 CHARMM>    read rtf card append
 MAINIO> Residue topology file being read from unit  98.
 RDTITL> * TOPOLOGY FOR TRIACYLGLYCEROLS [STEPHEN GEE FROM LEHIGH UNIVERSITY]
 RDTITL> *
  
 VCLOSE: Closing unit   98 with status "KEEP"

                    RETURNING TO INPUT STREAM    99
  
 CHARMM>    stream toppar/toppar_all36_lipid_yeast.str
 VOPEN> Attempting to open::toppar/toppar_all36_lipid_yeast.str::
 OPNLGU> Unit 98 opened for READONLY access to toppar/toppar_all36_lipid_yeast.str

                    INPUT STREAM SWITCHING TO UNIT    98
 RDTITL> * TOPPAR STREAM FILE FOR BRANCHED AND CYCLIC CHAINED LIPIDS.  FOLLOWING READING OF
 RDTITL> * TOP_ALL36_LIPID.RTF
 RDTITL> * AND
 RDTITL> * PAR_ALL36_LIPID.RTF
 RDTITL> *
 Parameter: IN1 <- "" <empty>
  
 CHARMM>     
  
 CHARMM>    set nat ?NATC
 RDCMND substituted energy or value "?NATC" to "590"
 Parameter: NAT <- "590"
  
 CHARMM>    set app
 Parameter: APP <- "" <empty>
  
 CHARMM>    !We're exploiting what is arguably a bug in the parser. On the left hand side,
 CHARMM>    !the quotes have proirity, so NAT is correctly substituted. On the right hand
 CHARMM>    !side, the ? has priority and NATC" (sic) is not a valid substitution...
 CHARMM>    if "@NAT" ne "?NATC" if @nat ne 0 set app append
 Parameter: NAT -> "590"
 Parameter: NAT -> "590"
 RDCMND: can not substitute energy "?NATC""
 Comparing ""590"" and ""?NATC"".
 IF test evaluated as true.  Performing command
 Comparing "590" and "0".
 IF test evaluated as true.  Performing command
 Parameter: APP <- "APPEND"
  
 CHARMM>     
  
 CHARMM>    read rtf card @app
 Parameter: APP -> "APPEND"
 MAINIO> Residue topology file being read from unit  98.
 RDTITL> * CHOLESTEROL RESIDUES
 RDTITL> *
  
 CHARMM>     
  
 CHARMM>    read para card flex @app
 Parameter: APP -> "APPEND"

          PARAMETER FILE BEING READ FROM UNIT 98
 RDTITL> * NEW PARAMETERS
 RDTITL> *
 PARMIO> NONBOND, HBOND lists and IMAGE atoms cleared.
  
 CHARMM>     
  
 CHARMM>    return
 VCLOSE: Closing unit   98 with status "KEEP"

                    RETURNING TO INPUT STREAM    99
  
 CHARMM>    stream toppar/toppar_all36_lipid_hmmm.str
 VOPEN> Attempting to open::toppar/toppar_all36_lipid_hmmm.str::
 OPNLGU> Unit 98 opened for READONLY access to toppar/toppar_all36_lipid_hmmm.str

                    INPUT STREAM SWITCHING TO UNIT    98
 RDTITL> READ RTF CARD APPEND FLEX
 RDTITL> No title read.
 Parameter: IN1 <- "" <empty>
  
 CHARMM>    read rtf card append flex
 MAINIO> Residue topology file being read from unit  98.
 RDTITL> * TOPOLOGY FOR TERMINAL PATCHES FOR HMMM TRUNCATED LIPIDS
 RDTITL> *

      ***** LEVEL  1 WARNING FROM <DECODF> *****
      ***** Zero length string
      ******************************************
      BOMLEV (  0) IS NOT REACHED. WRNLEV IS  5

 WARNING from DECODF -- Zero length string being converted to 0.

      ***** LEVEL  1 WARNING FROM <DECODF> *****
      ***** Zero length string
      ******************************************
      BOMLEV (  0) IS NOT REACHED. WRNLEV IS  5

 WARNING from DECODF -- Zero length string being converted to 0.

      ***** LEVEL  1 WARNING FROM <DECODF> *****
      ***** Zero length string
      ******************************************
      BOMLEV (  0) IS NOT REACHED. WRNLEV IS  5

 WARNING from DECODF -- Zero length string being converted to 0.

      ***** LEVEL  1 WARNING FROM <DECODF> *****
      ***** Zero length string
      ******************************************
      BOMLEV (  0) IS NOT REACHED. WRNLEV IS  5

 WARNING from DECODF -- Zero length string being converted to 0.

      ***** LEVEL  1 WARNING FROM <DECODF> *****
      ***** Zero length string
      ******************************************
      BOMLEV (  0) IS NOT REACHED. WRNLEV IS  5

 WARNING from DECODF -- Zero length string being converted to 0.

      ***** LEVEL  1 WARNING FROM <DECODF> *****
      ***** Zero length string
      ******************************************
      BOMLEV (  0) IS NOT REACHED. WRNLEV IS  5

 WARNING from DECODF -- Zero length string being converted to 0.

      ***** LEVEL  1 WARNING FROM <DECODF> *****
      ***** Zero length string
      ******************************************
      BOMLEV (  0) IS NOT REACHED. WRNLEV IS  5

 WARNING from DECODF -- Zero length string being converted to 0.

      ***** LEVEL  1 WARNING FROM <DECODF> *****
      ***** Zero length string
      ******************************************
      BOMLEV (  0) IS NOT REACHED. WRNLEV IS  5

 WARNING from DECODF -- Zero length string being converted to 0.
  
 CHARMM>     
  
 CHARMM>    read para card flex @app
 Parameter: APP -> "APPEND"

          PARAMETER FILE BEING READ FROM UNIT 98
 RDTITL> * NEW PARAMETERS
 RDTITL> *
 PARMIO> NONBOND, HBOND lists and IMAGE atoms cleared.
  
 CHARMM>     
  
 CHARMM>    return
 VCLOSE: Closing unit   98 with status "KEEP"

                    RETURNING TO INPUT STREAM    99
  
 CHARMM>    stream toppar/toppar_all36_lipid_detergent.str
 VOPEN> Attempting to open::toppar/toppar_all36_lipid_detergent.str::
 OPNLGU> Unit 98 opened for READONLY access to toppar/toppar_all36_lipid_detergent.str

                    INPUT STREAM SWITCHING TO UNIT    98
 RDTITL> * TOPPAR STREAM FILE FOR DETERGENTS AND FATTY ACIDS.
 RDTITL> * STREAM FOLLOWING READING OF
 RDTITL> * TOP_ALL36_LIPID.RTF
 RDTITL> * AND
 RDTITL> * PAR_ALL36_LIPID.RTF
 RDTITL> *
 Parameter: IN1 <- "" <empty>
  
 CHARMM>     
  
 CHARMM>    !Additional residues added by Im lab, Aug. 2017
 CHARMM>     
  
 CHARMM>    !Fatty acids added Jan. 2016
 CHARMM>     
  
 CHARMM>    read rtf card append
 MAINIO> Residue topology file being read from unit  98.
 RDTITL> * DETERGENT AND FATTY ACID RESIDUES
 RDTITL> *
  
 CHARMM>     
  
 CHARMM>    read para card append flex

          PARAMETER FILE BEING READ FROM UNIT 98
 RDTITL> * SB3-12 AND SB3-14 PARAMETERS
 RDTITL> *
 PARMIO> NONBOND, HBOND lists and IMAGE atoms cleared.
  
 CHARMM>     
  
 CHARMM>    return
 VCLOSE: Closing unit   98 with status "KEEP"

                    RETURNING TO INPUT STREAM    99
  
 CHARMM>    stream toppar/toppar_all36_lipid_ether.str
 VOPEN> Attempting to open::toppar/toppar_all36_lipid_ether.str::
 OPNLGU> Unit 98 opened for READONLY access to toppar/toppar_all36_lipid_ether.str

                    INPUT STREAM SWITCHING TO UNIT    98
 RDTITL> * CHARMM36 ALL-HYDROGEN ETHER LIPID FORCE FIELD INCLUDING PLASMALOGENS ALISON
 RDTITL> * N. LEONARD (A. L.), 7/18 WITH RICHARD PASTOR AND JEFFERY KLAUDA, JPCB 122(26)
 RDTITL> * PP. 6744 - 6754.  ANA WEST, 1/20 WITH VALERIA ZONI, WALTER TEAGUE JR., ALISON
 RDTITL> * LEONARD, STEFANO VANNI, KLAUS GAWRISCH, STEPHANIE TRISTAM-NAGLE, JONATHAN
 RDTITL> * SACHS, AND JEFFERY KLAUDA, JPCB 124(5) PP. 828 - 839.
 RDTITL> *
 Parameter: IN1 <- "" <empty>
  
 CHARMM>     
  
 CHARMM>    !Parent files that have to be read prior to streaming this file
 CHARMM>    !top_all36_lipid.rtf
 CHARMM>    !par_all36_lipid.prm
 CHARMM>    !top_all36_cgenff.rtf
 CHARMM>    !par_all36_cgenff.prm
 CHARMM>     
  
 CHARMM>    read rtf card append
 MAINIO> Residue topology file being read from unit  98.
 RDTITL> * C36 ETHER MODEL COMPOUNDS
 RDTITL> *

      ***** LEVEL  1 WARNING FROM <DECODF> *****
      ***** Zero length string
      ******************************************
      BOMLEV (  0) IS NOT REACHED. WRNLEV IS  5

 WARNING from DECODF -- Zero length string being converted to 0.

      ***** LEVEL  1 WARNING FROM <DECODF> *****
      ***** Zero length string
      ******************************************
      BOMLEV (  0) IS NOT REACHED. WRNLEV IS  5

 WARNING from DECODF -- Zero length string being converted to 0.

      ***** LEVEL  1 WARNING FROM <DECODF> *****
      ***** Zero length string
      ******************************************
      BOMLEV (  0) IS NOT REACHED. WRNLEV IS  5

 WARNING from DECODF -- Zero length string being converted to 0.
  
 CHARMM>     
  
 CHARMM>    read para card flex append

          PARAMETER FILE BEING READ FROM UNIT 98
 RDTITL> * PARAMETERS
 RDTITL> *
 PARMIO> NONBOND, HBOND lists and IMAGE atoms cleared.
  
 CHARMM>     
  
 CHARMM>    return
 VCLOSE: Closing unit   98 with status "KEEP"

                    RETURNING TO INPUT STREAM    99
  
 CHARMM>    stream toppar/toppar_all36_lipid_oxidized.str
 VOPEN> Attempting to open::toppar/toppar_all36_lipid_oxidized.str::
 OPNLGU> Unit 98 opened for READONLY access to toppar/toppar_all36_lipid_oxidized.str

                    INPUT STREAM SWITCHING TO UNIT    98
 RDTITL> READ RTF CARD APPEND
 RDTITL> No title read.
 Parameter: IN1 <- "" <empty>
  
 CHARMM>    read rtf card append
 MAINIO> Residue topology file being read from unit  98.
 RDTITL> * TOPOLOGY FOR OXIDIZED PHOSPHOLIPID
 RDTITL> *

      ***** LEVEL  1 WARNING FROM <rtfrdr> *****
      ***** No AUTOgen defaults specified in appended RTF. Potential conflict with prior RTF autogen options. Check.
      ******************************************
      BOMLEV (  0) IS NOT REACHED. WRNLEV IS  5

  
 CHARMM>     
  
 CHARMM>    read param card flex append

          PARAMETER FILE BEING READ FROM UNIT 98
 RDTITL> * ADDITIONAL PARAMETERS FOR OXIDIZED PHOSPHOLIPIDS
 RDTITL> *
 PARMIO> NONBOND, HBOND lists and IMAGE atoms cleared.
  
 CHARMM>     
  
 CHARMM>    RETURN
 VCLOSE: Closing unit   98 with status "KEEP"

                    RETURNING TO INPUT STREAM    99
  
 CHARMM>     
  
 CHARMM>    ! Additional topologies and parameters for carbohydrates
 CHARMM>    stream toppar/toppar_all36_carb_glycolipid.str
 VOPEN> Attempting to open::toppar/toppar_all36_carb_glycolipid.str::
 OPNLGU> Unit 98 opened for READONLY access to toppar/toppar_all36_carb_glycolipid.str

                    INPUT STREAM SWITCHING TO UNIT    98
 RDTITL> READ RTF CARD APPEND
 RDTITL> No title read.
 Parameter: IN1 <- "" <empty>
  
 CHARMM>    read rtf card append
 MAINIO> Residue topology file being read from unit  98.
 RDTITL> * TOPOLOGY FOR GLYCOLIPIDS
 RDTITL> *
  
 CHARMM>     
  
 CHARMM>    read param card flex append

          PARAMETER FILE BEING READ FROM UNIT 98
 RDTITL> * PIP RELATED PARAMETERS
 RDTITL> *
 PARMIO> NONBOND, HBOND lists and IMAGE atoms cleared.
  
 CHARMM>     
  
 CHARMM>    RETURN
 VCLOSE: Closing unit   98 with status "KEEP"

                    RETURNING TO INPUT STREAM    99
  
 CHARMM>    stream toppar/toppar_all36_carb_glycopeptide.str
 VOPEN> Attempting to open::toppar/toppar_all36_carb_glycopeptide.str::
 OPNLGU> Unit 98 opened for READONLY access to toppar/toppar_all36_carb_glycopeptide.str

                    INPUT STREAM SWITCHING TO UNIT    98
 RDTITL> READ RTF CARD APPEND
 RDTITL> No title read.
 Parameter: IN1 <- "" <empty>
  
 CHARMM>    read rtf card append
 MAINIO> Residue topology file being read from unit  98.
 RDTITL> * TOPOLOGY FOR GLYCOPEPTIDE LINKAGES
 RDTITL> *
  
 CHARMM>     
  
 CHARMM>    read param card flex append

          PARAMETER FILE BEING READ FROM UNIT 98
 RDTITL> *    NEW PARAMETES
 RDTITL> *
 PARMIO> NONBOND, HBOND lists and IMAGE atoms cleared.
  
 CHARMM>     
  
 CHARMM>     
  
 CHARMM>    RETURN
 VCLOSE: Closing unit   98 with status "KEEP"

                    RETURNING TO INPUT STREAM    99
  
 CHARMM>    stream toppar/toppar_all36_carb_imlab.str
 VOPEN> Attempting to open::toppar/toppar_all36_carb_imlab.str::
 OPNLGU> Unit 98 opened for READONLY access to toppar/toppar_all36_carb_imlab.str

                    INPUT STREAM SWITCHING TO UNIT    98
 RDTITL> READ RTF CARD APPEND
 RDTITL> No title read.
 Parameter: IN1 <- "" <empty>
  
 CHARMM>    read rtf card append
 MAINIO> Residue topology file being read from unit  98.
 RDTITL> * GLYCAN CHEMICAL MODIFICATION PATCHES
 RDTITL> *
  
 CHARMM>     
  
 CHARMM>    read param card flex append

          PARAMETER FILE BEING READ FROM UNIT 98
 RDTITL> * GLYCAN CHEMICAL MODIFICATION PATCHES
 RDTITL> *
 PARMIO> NONBOND, HBOND lists and IMAGE atoms cleared.
  
 CHARMM>     
  
 CHARMM>    RETURN
 VCLOSE: Closing unit   98 with status "KEEP"

                    RETURNING TO INPUT STREAM    99
  
 CHARMM>     
  
 CHARMM>    ! Additional topologies and parameters for spin/fluorophore labels
 CHARMM>    stream toppar/toppar_all36_label_spin.str
 VOPEN> Attempting to open::toppar/toppar_all36_label_spin.str::
 OPNLGU> Unit 98 opened for READONLY access to toppar/toppar_all36_label_spin.str

                    INPUT STREAM SWITCHING TO UNIT    98
 RDTITL> *>>>>> TOPOLOGY FOR NITROXYDE SPIN LABELS <<<<<<<
 RDTITL> * SHAHIDUL M. ISLAM, UNIVERSITY OF CHICAGO
 RDTITL> *
 Parameter: IN1 <- "" <empty>
  
 CHARMM>     
  
 CHARMM>    ! please reference the following:
 CHARMM>    !Sezer, D., Freed J. H., and Roux, B. “Parametrization, Molecular Dynamics Simulation, and Calculation of Electron Spin
 CHARMM>    !Resonance Spectra of a Nitroxide Spin Label on a Polyalanine alpha-Helix” J. Phys. Chem. B 2008, 112, 5755-5767
 CHARMM>     
  
 CHARMM>    !Islam, S. M., and Roux, B. “Parameterization and molecular dynamics simulations of a
 CHARMM>    !conformationally constrained double linked spin label constrained by EPR/DEER data”
 CHARMM>    !(planed submission to J journal)
 CHARMM>     
  
 CHARMM>    !test "append" to determine if previous toppar files have been read and
 CHARMM>    !add append to "read rtf card" if true
 CHARMM>    set nat ?NATC
 RDCMND substituted energy or value "?NATC" to "590"
 Parameter: NAT <- "590"
  
 CHARMM>    set app
 Parameter: APP <- "" <empty>
  
 CHARMM>    !We're exploiting what is arguably a bug in the parser. On the left hand side,
 CHARMM>    !the quotes have proirity, so NAT is correctly substituted. On the right hand
 CHARMM>    !side, the ? has priority and NATC" (sic) is not a valid substitution...
 CHARMM>    if "@NAT" ne "?NATC" if @nat ne 0 set app append
 Parameter: NAT -> "590"
 Parameter: NAT -> "590"
 RDCMND: can not substitute energy "?NATC""
 Comparing ""590"" and ""?NATC"".
 IF test evaluated as true.  Performing command
 Comparing "590" and "0".
 IF test evaluated as true.  Performing command
 Parameter: APP <- "APPEND"
  
 CHARMM>     
  
 CHARMM>     
  
 CHARMM>    read rtf card @app
 Parameter: APP -> "APPEND"
 MAINIO> Residue topology file being read from unit  98.
 RDTITL> * TOPOLOGY FOR SPIN LABEL
 RDTITL> *
  
 CHARMM>     
  
 CHARMM>     
  
 CHARMM>    read para card flex @app
 Parameter: APP -> "APPEND"

          PARAMETER FILE BEING READ FROM UNIT 98
 RDTITL> * PARAMETERS FOR SPIN LABEL
 RDTITL> *
 PARMIO> NONBOND, HBOND lists and IMAGE atoms cleared.
  
 CHARMM>     
  
 CHARMM>    return
 VCLOSE: Closing unit   98 with status "KEEP"

                    RETURNING TO INPUT STREAM    99
  
 CHARMM>    stream toppar/toppar_all36_label_fluorophore.str
 VOPEN> Attempting to open::toppar/toppar_all36_label_fluorophore.str::
 OPNLGU> Unit 98 opened for READONLY access to toppar/toppar_all36_label_fluorophore.str

                    INPUT STREAM SWITCHING TO UNIT    98
 RDTITL> READ RTF CARD APPEND
 RDTITL> No title read.
 Parameter: IN1 <- "" <empty>
  
 CHARMM>    read rtf card append
 MAINIO> Residue topology file being read from unit  98.
 RDTITL> * TOPOLOGY FILES
 RDTITL> *
  
 CHARMM>     
  
 CHARMM>    read param card flex append

          PARAMETER FILE BEING READ FROM UNIT 98
 RDTITL> * MINI FORCE FIELD PARAMETER FILE.
 RDTITL> *
 PARMIO> NONBOND, HBOND lists and IMAGE atoms cleared.
  
 CHARMM>     
  
 VCLOSE: Closing unit   98 with status "KEEP"

                    RETURNING TO INPUT STREAM    99
  
 CHARMM>     
  
 CHARMM>     
  
 CHARMM>     
  
 VCLOSE: Closing unit   99 with status "KEEP"

                    RETURNING TO INPUT STREAM     5
  
 CHARMM>     
  
 CHARMM>    ! Read PSF and Coordinates
 CHARMM>    open read unit 10 card name step1_pdbreader.psf
 OPNLGU> Unit already open. The old file will be closed first.
 VCLOSE: Closing unit   10 with status "KEEP"
 VOPEN> Attempting to open::step1_pdbreader.psf::
 OPNLGU> Unit 10 opened for READONLY access to step1_pdbreader.psf
  
 CHARMM>    read psf  unit 10 card
 MAINIO> Protein structure file being read from unit  10.
 psf_read_formatted: Reading PSF in the expanded format.
 TITLE>  * GENERATED BY CHARMM-GUI (HTTP://WWW.CHARMM-GUI.ORG) V3.7 ON DEC, 01. 2025. JOB
 TITLE>  * READ PDB, MANIPULATE STRUCTURE IF NEEDED, AND GENERATE TOPOLOGY FILE
 TITLE>  *  DATE:    12/ 1/25      7:59:13      CREATED BY USER: charmm-gui
 TITLE>  *
 PSFSUM> PSF modified: NONBOND lists and IMAGE atoms cleared.
 PSFSUM> Summary of the structure file counters :
         Number of segments      =        2   Number of residues   =       52
         Number of atoms         =      872   Number of groups     =      248
         Number of bonds         =      876   Number of angles     =     1608
         Number of dihedrals     =     2332   Number of impropers  =      136
         Number of cross-terms   =       48   Number of autogens   =        0
         Number of HB acceptors  =       62   Number of HB donors  =      112
         Number of NB exclusions =        0   Total charge =   12.00000
  
 CHARMM>     
  
 CHARMM>    open read unit 10 card name step2_orient.crd
 OPNLGU> Unit already open. The old file will be closed first.
 VCLOSE: Closing unit   10 with status "KEEP"
 VOPEN> Attempting to open::step2_orient.crd::
 OPNLGU> Unit 10 opened for READONLY access to step2_orient.crd
  
 CHARMM>    read coor unit 10 card
          SPATIAL COORDINATES BEING READ FROM UNIT 10
 TITLE> * CALC TOPAREA = 436.519425
 TITLE> * CALC BOTAREA = 396.273754
 TITLE> * CALC XMAX = 11.4588244
 TITLE> * CALC XMIN = -11.4588244
 TITLE> * CALC YMAX = 16.1840875
 TITLE> * CALC YMIN = -16.1840875
 TITLE> * CALC ZMAX = 16.4166004
 TITLE> * CALC ZMIN = -18.0983996
 TITLE> *  DATE:    12/ 1/25      8: 0:20      CREATED BY USER: CHARMM-GUI
 TITLE> *
  
 CHARMM>     
  
 CHARMM>    define PROT sele all end
 SELRPN>    872 atoms have been selected out of    872
  
 CHARMM>     
  
 CHARMM>    !Read the system information
 CHARMM>    stream step3_size.str
 VOPEN> Attempting to open::step3_size.str::
 OPNLGU> Unit 99 opened for READONLY access to step3_size.str

                    INPUT STREAM SWITCHING TO UNIT    99
 RDTITL> SET BOXTYPE  = RECT
 RDTITL> No title read.
 Parameter: IN1 <- "" <empty>
  
 CHARMM>     SET BOXTYPE  = RECT
 Parameter: BOXTYPE <- "RECT"
  
 CHARMM>     SET XTLTYPE  = TETRAGONAL
 Parameter: XTLTYPE <- "TETRAGONAL"
  
 CHARMM>     SET A        = 60.2201683
 Parameter: A <- "60.2201683"
  
 CHARMM>     SET B        = 60.2201683
 Parameter: B <- "60.2201683"
  
 CHARMM>     SET C        = 85
 Parameter: C <- "85"
  
 CHARMM>     SET ALPHA    = 90.0
 Parameter: ALPHA <- "90.0"
  
 CHARMM>     SET BETA     = 90.0
 Parameter: BETA <- "90.0"
  
 CHARMM>     SET GAMMA    = 90.0
 Parameter: GAMMA <- "90.0"
  
 CHARMM>     SET ZCEN     = 0
 Parameter: ZCEN <- "0"
  
 CHARMM>     SET NLIPTOP  = 47
 Parameter: NLIPTOP <- "47"
  
 CHARMM>     SET NLIPBOT  = 47
 Parameter: NLIPBOT <- "47"
  
 CHARMM>     SET WBOXZ    = 22.5
 Parameter: WBOXZ <- "22.5"
  
 CHARMM>     SET WATBOXZ  = 22.5
 Parameter: WATBOXZ <- "22.5"
  
 CHARMM>     SET NCHARGE  = 12
 Parameter: NCHARGE <- "12"
  
 VCLOSE: Closing unit   99 with status "KEEP"

                    RETURNING TO INPUT STREAM     5
  
 CHARMM>    stream step4_components.str
 VOPEN> Attempting to open::step4_components.str::
 OPNLGU> Unit 99 opened for READONLY access to step4_components.str

                    INPUT STREAM SWITCHING TO UNIT    99
 RDTITL> SET NWATER = 0
 RDTITL> No title read.
 Parameter: IN1 <- "" <empty>
  
 CHARMM>     SET NWATER = 0
 Parameter: NWATER <- "0"
  
 VCLOSE: Closing unit   99 with status "KEEP"

                    RETURNING TO INPUT STREAM     5
  
 CHARMM>    if islconj .eq. YES stream step3_lipid_conjugate.str
 Comparing "ISLCONJ" and "YES".
 IF test evaluated as false.  Skipping command
  
 CHARMM>     
  
 CHARMM>    ! Read Lipids
 CHARMM>    open read unit 10 card name step4_lipid_lipid.psf
 OPNLGU> Unit already open. The old file will be closed first.
 VCLOSE: Closing unit   10 with status "KEEP"
 VOPEN> Attempting to open::step4_lipid_lipid.psf::
 OPNLGU> Unit 10 opened for READONLY access to step4_lipid_lipid.psf
  
 CHARMM>    read psf  unit 10 card append
 MAINIO> Protein structure file being appended from unit  10.
 psf_read_formatted: Reading PSF in the expanded format.
 TITLE>  * GENERATED BY CHARMM-GUI (HTTP://WWW.CHARMM-GUI.ORG) V3.7 ON DEC, 01. 2025. JOB
 TITLE>  * GET A DIFFERENT CONFORMATION FOR LIPIDS PENETRATING PROTEIN / CHOL
 TITLE>  *  DATE:    12/ 1/25      8: 4: 6      CREATED BY USER: charmm-gui
 TITLE>  *
 PSFSUM> PSF modified: NONBOND lists and IMAGE atoms cleared.
 PSFSUM> Summary of the structure file counters :
         Number of segments      =        3   Number of residues   =      146
         Number of atoms         =    13468   Number of groups     =     3444
         Number of bonds         =    13378   Number of angles     =    25672
         Number of dihedrals     =    35796   Number of impropers  =      324
         Number of cross-terms   =       48   Number of autogens   =        0
         Number of HB acceptors  =       62   Number of HB donors  =      112
         Number of NB exclusions =        0   Total charge =   12.00000
  
 CHARMM>     
  
 CHARMM>    open read unit 10 card name step4_lipid_lipid.crd
 OPNLGU> Unit already open. The old file will be closed first.
 VCLOSE: Closing unit   10 with status "KEEP"
 VOPEN> Attempting to open::step4_lipid_lipid.crd::
 OPNLGU> Unit 10 opened for READONLY access to step4_lipid_lipid.crd
  
 CHARMM>    read coor unit 10 card append
          SPATIAL COORDINATES BEING READ FROM UNIT 10
 A RESIDUE OFFSET OF  52 WILL BE USED.
 INFO: A subset of total atoms will be read.

 TITLE> * GENERATED BY CHARMM-GUI (HTTP://WWW.CHARMM-GUI.ORG) V3.7 ON DEC, 01. 2025. JOB
 TITLE> * GET A DIFFERENT CONFORMATION FOR LIPIDS PENETRATING PROTEIN / CHOL
 TITLE> *  DATE:    12/ 1/25      8: 4: 6      CREATED BY USER: CHARMM-GUI
 TITLE> *
  
 CHARMM>     
  
 CHARMM>    ! Write coordinates
 CHARMM>    open write unit 10 card name step4.3_ion_protmemb.crd
 OPNLGU> Unit already open. The old file will be closed first.
 VCLOSE: Closing unit   10 with status "KEEP"
 VOPEN> Attempting to open::step4.3_ion_protmemb.crd::
 OPNLGU> Unit 10 opened for WRITE access to step4.3_ion_protmemb.crd
  
 CHARMM>    write coor unit 10 card
 RDTITL>  
 RDTITL> No title read.
 VCLOSE: Closing unit   10 with status "KEEP"
  
 CHARMM>     
  
 CHARMM>    define LPSION sele none end
 SELRPN>      0 atoms have been selected out of  13468
  
 CHARMM>     
  
 CHARMM>    !
 CHARMM>    ! conc    : concentration (M)
 CHARMM>    ! volumn  : ion accessible volume (Ang**3)
 CHARMM>    ! npos    : number of positive ions
 CHARMM>    ! nneg    : number of negative ions
 CHARMM>    ! nion    : number of positive and negative ions of a particular compound
 CHARMM>    ! npostot : total number of all positive ions
 CHARMM>    ! nnegtot : total number of all negative ions
 CHARMM>    ! niontot : total number of all ions
 CHARMM>    !
 CHARMM>     
  
 CHARMM>    set zmemb =  20.0           ! ion exclusion membrane region
 Parameter: ZMEMB <- "20.0"
  
 CHARMM>     
  
 CHARMM>    ! protein volume, calculation with a grid spacing of 0.5
 CHARMM>    coor stat
 STATISTICS FOR     13468 SELECTED ATOMS:
    XMIN =  -36.506221 XMAX =   36.668890 XAVE =   -0.110435
    YMIN =  -34.578442 YMAX =   35.497822 YAVE =    0.592756
    ZMIN =  -23.340668 ZMAX =   23.147037 ZAVE =   -0.046748
    WMIN =    0.000000 WMAX =    0.061413 WAVE =    0.000139
  
 CHARMM>     
  
 CHARMM>    calc dcel = 0.5
Evaluating: 0.5
 Parameter: DCEL <- "0.5"
  
 CHARMM>    calc xdim = int ( ( ?xmax - ?xmin + 5.0 ) / @dcel ) + 1
 Parameter: DCEL -> "0.5"
 RDCMND substituted energy or value "?XMAX" to "36.6688899"
 RDCMND substituted energy or value "?XMIN" to "-36.5062208"
Evaluating: INT((36.6688899--36.5062208+5.0)/0.5)+1
 Parameter: XDIM <- "157"
  
 CHARMM>    calc ydim = int ( ( ?ymax - ?ymin + 5.0 ) / @dcel ) + 1
 Parameter: DCEL -> "0.5"
 RDCMND substituted energy or value "?YMAX" to "35.4978217"
 RDCMND substituted energy or value "?YMIN" to "-34.5784417"
Evaluating: INT((35.4978217--34.5784417+5.0)/0.5)+1
 Parameter: YDIM <- "151"
  
 CHARMM>    calc zdim = int ( ( ?zmax - ?zmin + 5.0 ) / @dcel ) + 1
 Parameter: DCEL -> "0.5"
 RDCMND substituted energy or value "?ZMAX" to "23.1470373"
 RDCMND substituted energy or value "?ZMIN" to "-23.3406681"
Evaluating: INT((23.1470373--23.3406681+5.0)/0.5)+1
 Parameter: ZDIM <- "103"
  
 CHARMM>    calc space = @xdim * @ydim * @zdim
 Parameter: XDIM -> "157"
 Parameter: YDIM -> "151"
 Parameter: ZDIM -> "103"
Evaluating: 157*151*103
 Parameter: SPACE <- "2441821"
  
 CHARMM>     
  
 CHARMM>    ! prevent overflow on integer conversion
 CHARMM>    calc maxint = 2**32 / 2 - 1
Evaluating: 2**32/2-1
 Parameter: MAXINT <- "2.147483647E+09"
  
 CHARMM>    if space .gt. @maxint calc space = @maxint
 Parameter: MAXINT -> "2.147483647E+09"
 Parameter: MAXINT -> "2.147483647E+09"
 Comparing "2441821" and "2.147483647E+09".
 IF test evaluated as false.  Skipping command
  
 CHARMM>     
  
 CHARMM>    scalar wmain = radius
  
 CHARMM>    scalar wmain add 1.4    ! use solvent accessible surface for molecular volume
  
 CHARMM>    scalar 1 = wmain
  
 CHARMM>    scalar 2 set 6.0
  
 CHARMM>    coor volume hole space @space sele .not. resname TIP3 end
 Parameter: SPACE -> "2441821"
 SELRPN>  13468 atoms have been selected out of  13468
 COMPUTING VOLUME PER ATOM WITH:
   XMIN=    -39.2462 XMAX=     39.4089 NX= 156
   YMIN=    -37.3184 YMAX=     38.2786 NY= 150
   ZMIN=    -25.8916 ZMAX=     26.0113 NZ= 103


 A TOTAL OF     5120   VACUUM POINTS WERE FOUND
 A TOTAL OF  1350844 OCCUPIED POINTS WERE FOUND
 A TOTAL OF  1054236 EXTERNAL POINTS WERE FOUND
 A TOTAL OF  2405080 SELECTED POINTS WERE FOUND
 TOTAL OCCUPIED  VOLUME =  172971.767408
 TOTAL SELECTED  VOLUME =  307963.716282
 TOTAL FREE      VOLUME =     655.601571
 FRACTIONAL FREE VOLUME =       0.377591
  
 CHARMM>     
  
 CHARMM>    set sysvol = ?volume
 RDCMND substituted energy or value "?VOLUME" to "172971.767"
 Parameter: SYSVOL <- "172971.767"
  
 CHARMM>     
  
 CHARMM>    IF BOXTYPE .ne. HEXA then
 Comparing "RECT" and "HEXA".
 IF test evaluated as true.  Performing command
  
 CHARMM>       calc volumn = ( @A * @B * @C ) - @sysvol
 Parameter: A -> "60.2201683"
 Parameter: B -> "60.2201683"
 Parameter: C -> "85"
 Parameter: SYSVOL -> "172971.767"
Evaluating: (60.2201683*60.2201683*85)-172971.767
 Parameter: VOLUMN <- "135278.07"
  
 CHARMM>    ENDIF
  
 CHARMM>     
  
 CHARMM>    IF BOXTYPE .eq. HEXA THEN
 Comparing "RECT" and "HEXA".
 IF test evaluated as false.  Skip to ELSE or ENDIF
  
 CHARMM>     
  
 CHARMM>    if @?nlipaion  .eq. 0 set nlipaion  = 0
 Comparing "0" and "0".
 IF test evaluated as true.  Performing command
 Parameter: NLIPAION <- "0"
  
 CHARMM>    if @?ncoreion  .eq. 0 set ncoreion  = 0
 Comparing "0" and "0".
 IF test evaluated as true.  Performing command
 Parameter: NCOREION <- "0"
  
 CHARMM>    if @?noantiion .eq. 0 set noantiion = 0
 Comparing "0" and "0".
 IF test evaluated as true.  Performing command
 Parameter: NOANTIION <- "0"
  
 CHARMM>     
  
 CHARMM>    calc npostot = @nlipaion + @ncoreion + @noantiion
 Parameter: NLIPAION -> "0"
 Parameter: NCOREION -> "0"
 Parameter: NOANTIION -> "0"
Evaluating: 0+0+0
 Parameter: NPOSTOT <- "0"
  
 CHARMM>    calc nnegtot = 0
Evaluating: 0
 Parameter: NNEGTOT <- "0"
  
 CHARMM>    calc niontot = @npostot
 Parameter: NPOSTOT -> "0"
Evaluating: 0
 Parameter: NIONTOT <- "0"
  
 CHARMM>     
  
 CHARMM>    define ALLIONS sele none end
 SELRPN>      0 atoms have been selected out of  13468
  
 CHARMM>     
  
 CHARMM>    set ionind = 1
 Parameter: IONIND <- "1"
  
 CHARMM>    label do_ion
  
 CHARMM>        define POS sele none end
 SELRPN>      0 atoms have been selected out of  13468
  
 CHARMM>        define NEG sele none end
 SELRPN>      0 atoms have been selected out of  13468
  
 CHARMM>     
  
 CHARMM>        stream step2.2_ions_count.str @ionind
 Parameter: IONIND -> "1"
 VOPEN> Attempting to open::step2.2_ions_count.str::
 OPNLGU> Unit 99 opened for READONLY access to step2.2_ions_count.str

                    INPUT STREAM SWITCHING TO UNIT    99
 RDTITL> * NUMBER OF EACH ION STRUCTURE, AS CHOSEN BY USER;
 RDTITL> * USAGE: STREAM STEP2_IONS_COUNT.STR INDEX
 RDTITL> *
 Parameter: IN1 <- "1"
  
 CHARMM>     
  
 CHARMM>    if @?IN1 .eq. 0 stop ! ABNORMAL TERMINATION: missing index
 Comparing "1" and "0".
 IF test evaluated as false.  Skipping command
  
 CHARMM>     
  
 CHARMM>    set isusercation = 0
 Parameter: ISUSERCATION <- "0"
  
 CHARMM>    set isuseranion  = 0
 Parameter: ISUSERANION <- "0"
  
 CHARMM>    if @IN1 .eq. 1 set pos = SOD
 Parameter: IN1 -> "1"
 Comparing "1" and "1".
 IF test evaluated as true.  Performing command
 Parameter: POS <- "SOD"
  
 CHARMM>    if @IN1 .eq. 1 set neg = CLA
 Parameter: IN1 -> "1"
 Comparing "1" and "1".
 IF test evaluated as true.  Performing command
 Parameter: NEG <- "CLA"
  
 CHARMM>    if @IN1 .eq. 1 set poscharge = 1
 Parameter: IN1 -> "1"
 Comparing "1" and "1".
 IF test evaluated as true.  Performing command
 Parameter: POSCHARGE <- "1"
  
 CHARMM>    if @IN1 .eq. 1 set negcharge = 1
 Parameter: IN1 -> "1"
 Comparing "1" and "1".
 IF test evaluated as true.  Performing command
 Parameter: NEGCHARGE <- "1"
  
 CHARMM>    if @IN1 .eq. 1 set posval = 1
 Parameter: IN1 -> "1"
 Comparing "1" and "1".
 IF test evaluated as true.  Performing command
 Parameter: POSVAL <- "1"
  
 CHARMM>    if @IN1 .eq. 1 set negval = 1
 Parameter: IN1 -> "1"
 Comparing "1" and "1".
 IF test evaluated as true.  Performing command
 Parameter: NEGVAL <- "1"
  
 CHARMM>    if @IN1 .eq. 1 set conc = 0.15
 Parameter: IN1 -> "1"
 Comparing "1" and "1".
 IF test evaluated as true.  Performing command
 Parameter: CONC <- "0.15"
  
 CHARMM>    if @IN1 .eq. 1 set natompos = 1
 Parameter: IN1 -> "1"
 Comparing "1" and "1".
 IF test evaluated as true.  Performing command
 Parameter: NATOMPOS <- "1"
  
 CHARMM>    if @IN1 .eq. 1 set natomneg = 1
 Parameter: IN1 -> "1"
 Comparing "1" and "1".
 IF test evaluated as true.  Performing command
 Parameter: NATOMNEG <- "1"
  
 CHARMM>    if @IN1 .eq. 1 set isusercation = 0
 Parameter: IN1 -> "1"
 Comparing "1" and "1".
 IF test evaluated as true.  Performing command
 Parameter: ISUSERCATION <- "0"
  
 CHARMM>    if @IN1 .eq. 1 set isuseranion  = 0
 Parameter: IN1 -> "1"
 Comparing "1" and "1".
 IF test evaluated as true.  Performing command
 Parameter: ISUSERANION <- "0"
  
 CHARMM>     
  
 CHARMM>     
  
 CHARMM>    set neutral_index = 1
 Parameter: NEUTRAL_INDEX <- "1"
  
 CHARMM>    set niontypes = 1
 Parameter: NIONTYPES <- "1"
  
 CHARMM>     
  
 VCLOSE: Closing unit   99 with status "KEEP"

                    RETURNING TO INPUT STREAM     5
  
 CHARMM>     
  
 CHARMM>        calc ncharge = int( ?cgtot )
 RDCMND substituted energy or value "?CGTOT" to "12"
Evaluating: INT(12)
 Parameter: NCHARGE <- "12"
  
 CHARMM>        calc cgtot = ?cgtot
 RDCMND substituted energy or value "?CGTOT" to "12"
Evaluating: 12
 Parameter: CGTOT <- "12"
  
 CHARMM>     
  
 CHARMM>        calc npos = 0
Evaluating: 0
 Parameter: NPOS <- "0"
  
 CHARMM>        calc nneg = 0
Evaluating: 0
 Parameter: NNEG <- "0"
  
 CHARMM>        if neutral_index .eq. @ionind then
 Parameter: IONIND -> "1"
 Comparing "1" and "1".
 IF test evaluated as true.  Performing command
  
 CHARMM>            if ncharge .lt. 0 calc npos = int( abs( @cgtot ) / @poscharge )
 Parameter: CGTOT -> "12"
 Parameter: POSCHARGE -> "1"
 Comparing "12" and "0".
 IF test evaluated as false.  Skipping command
  
 CHARMM>            if ncharge .gt. 0 calc nneg = int( abs( @cgtot ) / @negcharge )
 Parameter: CGTOT -> "12"
 Parameter: NEGCHARGE -> "1"
 Comparing "12" and "0".
 IF test evaluated as true.  Performing command
Evaluating: INT(ABS(12)/1)
 Parameter: NNEG <- "12"
  
 CHARMM>        endif
  
 CHARMM>     
  
 CHARMM>        calc diff   = int ( @cgtot + @npos*@poscharge - @nneg*@negcharge )
 Parameter: CGTOT -> "12"
 Parameter: NPOS -> "0"
 Parameter: POSCHARGE -> "1"
 Parameter: NNEG -> "12"
 Parameter: NEGCHARGE -> "1"
Evaluating: INT(12+0*1-12*1)
 Parameter: DIFF <- "0"
  
 CHARMM>     
  
 CHARMM>        if neutral_index .eq. @ionind then
 Parameter: IONIND -> "1"
 Comparing "1" and "1".
 IF test evaluated as true.  Performing command
  
 CHARMM>            set ntries = 0
 Parameter: NTRIES <- "0"
  
 CHARMM>            label neutral
  
 CHARMM>                if diff .gt. 0 calc nneg = @nneg + 1
 Parameter: NNEG -> "12"
 Comparing "0" and "0".
 IF test evaluated as false.  Skipping command
  
 CHARMM>                if diff .lt. 0 calc npos = @npos + 1
 Parameter: NPOS -> "0"
 Comparing "0" and "0".
 IF test evaluated as false.  Skipping command
  
 CHARMM>                calc diff   = int ( @cgtot + @npos*@poscharge - @nneg*@negcharge )
 Parameter: CGTOT -> "12"
 Parameter: NPOS -> "0"
 Parameter: POSCHARGE -> "1"
 Parameter: NNEG -> "12"
 Parameter: NEGCHARGE -> "1"
Evaluating: INT(12+0*1-12*1)
 Parameter: DIFF <- "0"
  
 CHARMM>                incr ntries
 Parameter: NTRIES <- "1"
  
 CHARMM>                if ntries .ge. 10 stop ! ABNORMAL TERMINATION: can't neutralize this system
 Comparing "1" and "10".
 IF test evaluated as false.  Skipping command
  
 CHARMM>                if diff .ne. 0 goto neutral
 Comparing "0" and "0".
 IF test evaluated as false.  Skipping command
  
 CHARMM>        endif
  
 CHARMM>     
  
 CHARMM>        calc npos = @npos + int ( @conc * 6.021 * 0.0001 * @volumn ) * @negval
 Parameter: NPOS -> "0"
 Parameter: CONC -> "0.15"
 Parameter: VOLUMN -> "135278.07"
 Parameter: NEGVAL -> "1"
Evaluating: 0+INT(0.15*6.021*0.0001*135278.07)*1
 Parameter: NPOS <- "12"
  
 CHARMM>        calc nneg = @nneg + int ( @conc * 6.021 * 0.0001 * @volumn ) * @posval
 Parameter: NNEG -> "12"
 Parameter: CONC -> "0.15"
 Parameter: VOLUMN -> "135278.07"
 Parameter: POSVAL -> "1"
Evaluating: 12+INT(0.15*6.021*0.0001*135278.07)*1
 Parameter: NNEG <- "24"
  
 CHARMM>     
  
 CHARMM>        if npos .lt. 0 stop ! ABNORMAL TERMINATION: something wrong
 Comparing "12" and "0".
 IF test evaluated as false.  Skipping command
  
 CHARMM>        if nneg .lt. 0 stop ! ABNORMAL TERMINATION: something wrong
 Comparing "24" and "0".
 IF test evaluated as false.  Skipping command
  
 CHARMM>     
  
 CHARMM>        !
  
 CHARMM>        ! Randomly place the ions
  
 CHARMM>        !
  
 CHARMM>     
  
 CHARMM>        ! Generate positive ion
  
 CHARMM>        if npos .gt. 0 then
 Comparing "12" and "0".
 IF test evaluated as true.  Performing command
  
 CHARMM>            if isusercation .eq. 1 then
 Comparing "0" and "1".
 IF test evaluated as false.  Skip to ELSE or ENDIF
  
 CHARMM>                read sequence @pos @npos
 Parameter: POS -> "SOD"
 Parameter: NPOS -> "12"
  
 CHARMM>                generate POS warn
 NO PATCHING WILL BE DONE ON THE FIRST RESIDUE
 NO PATCHING WILL BE DONE ON THE LAST  RESIDUE
 AUTGEN: Autogenerating specified angles and dihedrals.
 GENPSF> Segment   4 has been generated. Its identifier is POS.
 PSFSUM> PSF modified: NONBOND lists and IMAGE atoms cleared.
 PSFSUM> Summary of the structure file counters :
         Number of segments      =        4   Number of residues   =      158
         Number of atoms         =    13480   Number of groups     =     3456
         Number of bonds         =    13378   Number of angles     =    25672
         Number of dihedrals     =    35796   Number of impropers  =      324
         Number of cross-terms   =       48   Number of autogens   =        0
         Number of HB acceptors  =       62   Number of HB donors  =      112
         Number of NB exclusions =        0   Total charge =   24.00000
  
 CHARMM>            endif
  
 CHARMM>     
  
 CHARMM>            define POS sele segid POS end
 SELRPN>     12 atoms have been selected out of  13480
  
 CHARMM>     
  
 CHARMM>            if natompos .gt. 1 then
 Comparing "1" and "1".
 IF test evaluated as false.  Skip to ELSE or ENDIF
  
 CHARMM>                ! move ion to origin
  
 CHARMM>                coor set sele POS end
 SELRPN>     12 atoms have been selected out of  13480
 SELECTED COORDINATES SET IN THE MAIN SET.

  
 CHARMM>            endif
  
 CHARMM>        endif
  
 CHARMM>     
  
 CHARMM>        ! Generate negative ion
  
 CHARMM>        if nneg .gt. 0 then
 Comparing "24" and "0".
 IF test evaluated as true.  Performing command
  
 CHARMM>            if isuseranion .eq. 1 then
 Comparing "0" and "1".
 IF test evaluated as false.  Skip to ELSE or ENDIF
  
 CHARMM>                read sequence @neg @nneg
 Parameter: NEG -> "CLA"
 Parameter: NNEG -> "24"
  
 CHARMM>                generate NEG warn
 NO PATCHING WILL BE DONE ON THE FIRST RESIDUE
 NO PATCHING WILL BE DONE ON THE LAST  RESIDUE
 AUTGEN: Autogenerating specified angles and dihedrals.
 GENPSF> Segment   5 has been generated. Its identifier is NEG.
 PSFSUM> PSF modified: NONBOND lists and IMAGE atoms cleared.
 PSFSUM> Summary of the structure file counters :
         Number of segments      =        5   Number of residues   =      182
         Number of atoms         =    13504   Number of groups     =     3480
         Number of bonds         =    13378   Number of angles     =    25672
         Number of dihedrals     =    35796   Number of impropers  =      324
         Number of cross-terms   =       48   Number of autogens   =        0
         Number of HB acceptors  =       62   Number of HB donors  =      112
         Number of NB exclusions =        0   Total charge =   -0.00000
  
 CHARMM>            endif
  
 CHARMM>     
  
 CHARMM>            define NEG sele segid NEG end
 SELRPN>     24 atoms have been selected out of  13504
  
 CHARMM>     
  
 CHARMM>            if natomneg .gt. 1 then
 Comparing "1" and "1".
 IF test evaluated as false.  Skip to ELSE or ENDIF
  
 CHARMM>                ! move ion to origin
  
 CHARMM>                coor set sele NEG end
 SELRPN>     24 atoms have been selected out of  13504
 SELECTED COORDINATES SET IN THE MAIN SET.

  
 CHARMM>            endif
  
 CHARMM>        endif
  
 CHARMM>     
  
 CHARMM>        define IONS sele POS .or. NEG end
 SELRPN>     36 atoms have been selected out of  13504
  
 CHARMM>        define ALLIONS sele segid IONS .or. IONS end
 SELRPN>     36 atoms have been selected out of  13504
  
 CHARMM>     
  
 CHARMM>        calc nion = @npos + @nneg
 Parameter: NPOS -> "12"
 Parameter: NNEG -> "24"
Evaluating: 12+24
 Parameter: NION <- "36"
  
 CHARMM>     
  
 CHARMM>        incr npostot by @npos
 Parameter: NPOS -> "12"
 Parameter: NPOSTOT <- "12"
  
 CHARMM>        incr nnegtot by @nneg
 Parameter: NNEG -> "24"
 Parameter: NNEGTOT <- "24"
  
 CHARMM>        incr niontot by @nion
 Parameter: NION -> "36"
 Parameter: NIONTOT <- "36"
  
 CHARMM>     
  
 CHARMM>        if nion .eq. 0 goto continue
 Comparing "36" and "0".
 IF test evaluated as false.  Skipping command
  
 CHARMM>        !
  
 CHARMM>        !Images Setup [to place all atoms inside the box]
  
 CHARMM>        !
  
 CHARMM>     
  
 CHARMM>        open read unit 10 card name crystal_image.str
 VOPEN> Attempting to open::crystal_image.str::
 OPNLGU> Unit 10 opened for READONLY access to crystal_image.str
  
 CHARMM>        CRYSTAL DEFINE @XTLtype @A @B @C @alpha @beta @gamma
 Parameter: XTLTYPE -> "TETRAGONAL"
 Parameter: A -> "60.2201683"
 Parameter: B -> "60.2201683"
 Parameter: C -> "85"
 Parameter: ALPHA -> "90.0"
 Parameter: BETA -> "90.0"
 Parameter: GAMMA -> "90.0"
 Crystal Parameters : Crystal Type = TETR
           A     =   60.22017 B    =   60.22017 C     =   85.00000
           Alpha =   90.00000 Beta =   90.00000 Gamma =   90.00000
  
 CHARMM>        CRYSTAL READ UNIT 10 CARD
 CRYSTAL FILE BEING READ FROM UNIT    10
 TITLE> * GENERATED BY CHARMM-GUI (HTTP://WWW.CHARMM-GUI.ORG) V3.7 ON DEC, 01. 2025. JOBID=6459390172
 TITLE> * STREAM FILE FOR CRYSTAL SYMMETRY OPERATION
 TITLE> *
 TITLE>  * GENERATED BY CHARMM-GUI (HTTP://WWW.CHARMM-GUI.ORG) V3.7 ON DEC, 01. 2025. JOB
 TITLE>  * STREAM FILE FOR CRYSTAL SYMMETRY OPERATION
 TITLE>  *
                     THERE ARE NO ROTATIONS FOR THIS TRANSFORMATION SET
    26 Transformations have been processed.

  
 CHARMM>     
  
 CHARMM>        !Image centering by residue
  
 CHARMM>        IMAGE BYRES XCEN 0.0 YCEN 0.0 ZCEN @zcen
 Parameter: ZCEN -> "0"
 IMAGE CENTERING ON FOR SOME ATOMS
  
 CHARMM>     
  
 CHARMM>        update image inbf 0

 SELECTED IMAGES ATOMS BEING CENTERED ABOUT  0.000000  0.000000  0.000000
 RESIDUE   94 OPERATED ON BY TRANSFORMATION N1Z0Z0R1
 RESIDUE   96 OPERATED ON BY TRANSFORMATION Z0N1Z0R1
 RESIDUE   97 OPERATED ON BY TRANSFORMATION P1Z0Z0R1
 RESIDUE  139 OPERATED ON BY TRANSFORMATION P1Z0Z0R1

 <MKIMAT2>: updating the image atom lists and remapping
 Transformation   Atoms  Groups  Residues  Min-Distance
    1  N1N1N1R1 has       0       0       0       39.90
    2  N1Z0N1R1 has       0       0       0       38.80
    3  N1P1N1R1 has       0       0       0       39.38
    4  Z0N1N1R1 has       0       0       0       39.49
    5  Z0Z0N1R1 has       0       0       0       38.51
    6  Z0P1N1R1 has       0       0       0       38.89
    7  N1N1Z0R1 has     740     186      11        0.00
    8  N1Z0Z0R1 has    4049    1016      36        0.00
    9  N1P1Z0R1 has     903     229      10        0.00
   10  Z0N1Z0R1 has    3748     932      36        0.00
   12  N1N1P1R1 has       0       0       0       38.86
   13  N1Z0P1R1 has       0       0       0       38.86
   14  N1P1P1R1 has       0       0       0       39.41
 Total of22944 atoms and 5843 groups and  275 residues were included

 **** Warning ****  The following extraneous characters
 were found while command processing in CHARMM
 IMAGE
  
 CHARMM>     
  
 CHARMM>        CONS FIX SELE .NOT. ( POS .OR. NEG ) END
 SELRPN>  13468 atoms have been selected out of  13504
  
 CHARMM>        SKIP ALL EXCL VDW ELEC
 SKIPE> The following energy terms will be computed :
  VDW  ELEC
  
 CHARMM>        scalar wmain = charge
  
 CHARMM>     
  
 CHARMM>        !
  
 CHARMM>        ! Initial placement of ions
  
 CHARMM>        !
  
 CHARMM>     
  
 CHARMM>        calc cntrand = 0
Evaluating: 0
 Parameter: CNTRAND <- "0"
  
 CHARMM>     
  
 CHARMM>        calc i   = 1
Evaluating: 1
 Parameter: I <- "1"
  
 CHARMM>        label doinit
  
 CHARMM>     
  
 CHARMM>            calc cntrand = @cntrand + 1
 Parameter: CNTRAND -> "0"
Evaluating: 0+1
 Parameter: CNTRAND <- "1"
  
 CHARMM>            if cntrand .gt. 100 stop ! ABNORMAL TERMINATION: ion placing may not work.. stop here
 Comparing "1" and "100".
 IF test evaluated as false.  Skipping command
  
 CHARMM>     
  
 CHARMM>            calc j = @i
 Parameter: I -> "1"
Evaluating: 1
 Parameter: J <- "1"
  
 CHARMM>            set ion = POS
 Parameter: ION <- "POS"
  
 CHARMM>     
  
 CHARMM>            if j .gt. @npos then
 Parameter: NPOS -> "12"
 Comparing "1" and "12".
 IF test evaluated as false.  Skip to ELSE or ENDIF
  
 CHARMM>     
  
 CHARMM>            define target select segid @ion .and. resid @j end
 Parameter: ION -> "POS"
 Parameter: J -> "1"
 SELRPN>      1 atoms have been selected out of  13504
  
 CHARMM>     
  
 CHARMM>            calc xpos = @A * ( ?random - 0.5 )
 Parameter: A -> "60.2201683"
 RDCMND substituted energy or value "?RANDOM" to "0.535455439"
Evaluating: 60.2201683*(0.535455439-0.5)
 Parameter: XPOS <- "2.1351325"
  
 CHARMM>            calc ypos = @B * ( ?random - 0.5 )
 Parameter: B -> "60.2201683"
 RDCMND substituted energy or value "?RANDOM" to "0.537080357"
Evaluating: 60.2201683*(0.537080357-0.5)
 Parameter: YPOS <- "2.23298534"
  
 CHARMM>            calc zpos = @C * ( ?random - 0.5 ) + @zcen
 Parameter: C -> "85"
 Parameter: ZCEN -> "0"
 RDCMND substituted energy or value "?RANDOM" to "0.169260083"
Evaluating: 85*(0.169260083-0.5)+0
 Parameter: ZPOS <- "-28.1128929"
  
 CHARMM>     
  
 CHARMM>            if zpos .gt. -15 if zpos .lt. 15 goto doinit
 Comparing "-28.1128929" and "-15".
 IF test evaluated as false.  Skipping command
  
 CHARMM>     
  
 CHARMM>            ! move target to selected position
  
 CHARMM>            coor stat select target end
 SELRPN>      1 atoms have been selected out of  13504
 STATISTICS FOR         1 SELECTED ATOMS:
    XMIN =    0.000000 XMAX =    0.000000 XAVE =    0.000000
    YMIN =    0.000000 YMAX =    0.000000 YAVE =    0.000000
    ZMIN =    0.000000 ZMAX =    0.000000 ZAVE =    0.000000
    WMIN =    1.000000 WMAX =    1.000000 WAVE =    1.000000
  
 CHARMM>            calc xtran = @xpos - ?xave
 Parameter: XPOS -> "2.1351325"
 RDCMND substituted energy or value "?XAVE" to "0"
Evaluating: 2.1351325-0
 Parameter: XTRAN <- "2.1351325"
  
 CHARMM>            calc ytran = @ypos - ?yave
 Parameter: YPOS -> "2.23298534"
 RDCMND substituted energy or value "?YAVE" to "0"
Evaluating: 2.23298534-0
 Parameter: YTRAN <- "2.23298534"
  
 CHARMM>            calc ztran = @zpos - ?zave
 Parameter: ZPOS -> "-28.1128929"
 RDCMND substituted energy or value "?ZAVE" to "0"
Evaluating: -28.1128929-0
 Parameter: ZTRAN <- "-28.1128929"
  
 CHARMM>            coor trans xdir @xtran ydir @ytran zdir @ztran select target end
 Parameter: XTRAN -> "2.1351325"
 Parameter: YTRAN -> "2.23298534"
 Parameter: ZTRAN -> "-28.1128929"
 SELRPN>      1 atoms have been selected out of  13504
 TRANSLATION VECTOR     2.135133    2.232985  -28.112893
 SELECTED COORDINATES TRANSLATED IN THE MAIN SET.

  
 CHARMM>     
  
 CHARMM>            ! apply a random rotation along XYZ
  
 CHARMM>            calc xphi = ?random * 360.0
 RDCMND substituted energy or value "?RANDOM" to "0.69640607"
Evaluating: 0.69640607*360.0
 Parameter: XPHI <- "250.706185"
  
 CHARMM>            calc yphi = ?random * 360.0
 RDCMND substituted energy or value "?RANDOM" to "0.405979559"
Evaluating: 0.405979559*360.0
 Parameter: YPHI <- "146.152641"
  
 CHARMM>            calc zphi = ?random * 360.0
 RDCMND substituted energy or value "?RANDOM" to "0.110810814"
Evaluating: 0.110810814*360.0
 Parameter: ZPHI <- "39.891893"
  
 CHARMM>            coor rotate xcen @xpos ycen @ypos zcen @zpos xdir 1.0 -
 CHARMM>                phi @xphi select target end
 Parameter: XPOS -> "2.1351325"
 Parameter: YPOS -> "2.23298534"
 Parameter: ZPOS -> "-28.1128929"
 Parameter: XPHI -> "250.706185"
 SELRPN>      1 atoms have been selected out of  13504
 ROTATION MATRIX
    1.000000    0.000000    0.000000
    0.000000   -0.330413   -0.943837
    0.000000    0.943837   -0.330413

 AXIS OF ROTATION IS -1.000000  0.000000  0.000000  ANGLE IS  109.29

 SELECTED COORDINATES ROTATED IN THE MAIN SET.

  
 CHARMM>            coor rotate xcen @xpos ycen @ypos zcen @zpos ydir 1.0 -
 CHARMM>                phi @yphi select target end
 Parameter: XPOS -> "2.1351325"
 Parameter: YPOS -> "2.23298534"
 Parameter: ZPOS -> "-28.1128929"
 Parameter: YPHI -> "146.152641"
 SELRPN>      1 atoms have been selected out of  13504
 ROTATION MATRIX
   -0.830524    0.000000   -0.556982
    0.000000    1.000000    0.000000
    0.556982    0.000000   -0.830524

 AXIS OF ROTATION IS  0.000000  1.000000  0.000000  ANGLE IS  146.15

 SELECTED COORDINATES ROTATED IN THE MAIN SET.

  
 CHARMM>            coor rotate xcen @xpos ycen @ypos zcen @zpos zdir 1.0 -
 CHARMM>                phi @zphi select target end
 Parameter: XPOS -> "2.1351325"
 Parameter: YPOS -> "2.23298534"
 Parameter: ZPOS -> "-28.1128929"
 Parameter: ZPHI -> "39.891893"
 SELRPN>      1 atoms have been selected out of  13504
 ROTATION MATRIX
    0.767256    0.641341    0.000000
   -0.641341    0.767256    0.000000
    0.000000    0.000000    1.000000

 AXIS OF ROTATION IS  0.000000  0.000000  1.000000  ANGLE IS   39.89

 SELECTED COORDINATES ROTATED IN THE MAIN SET.

  
 CHARMM>     
  
 CHARMM>     
  
 CHARMM>            calc dcut = 3.5
Evaluating: 3.5
 Parameter: DCUT <- "3.5"
  
 CHARMM>     
  
 CHARMM>            coor stat sele target end
 SELRPN>      1 atoms have been selected out of  13504
 STATISTICS FOR         1 SELECTED ATOMS:
    XMIN =    2.135133 XMAX =    2.135133 XAVE =    2.135133
    YMIN =    2.232985 YMAX =    2.232985 YAVE =    2.232985
    ZMIN =  -28.112893 ZMAX =  -28.112893 ZAVE =  -28.112893
    WMIN =    1.000000 WMAX =    1.000000 WAVE =    1.000000
  
 CHARMM>            calc xmax = ?xmax + @dcut
 Parameter: DCUT -> "3.5"
 RDCMND substituted energy or value "?XMAX" to "2.1351325"
Evaluating: 2.1351325+3.5
 Parameter: XMAX <- "5.6351325"
  
 CHARMM>            calc ymax = ?ymax + @dcut
 Parameter: DCUT -> "3.5"
 RDCMND substituted energy or value "?YMAX" to "2.23298534"
Evaluating: 2.23298534+3.5
 Parameter: YMAX <- "5.73298534"
  
 CHARMM>            calc zmax = ?zmax + @dcut
 Parameter: DCUT -> "3.5"
 RDCMND substituted energy or value "?ZMAX" to "-28.1128929"
Evaluating: -28.1128929+3.5
 Parameter: ZMAX <- "-24.6128929"
  
 CHARMM>            calc xmin = ?xmin - @dcut
 Parameter: DCUT -> "3.5"
 RDCMND substituted energy or value "?XMIN" to "2.1351325"
Evaluating: 2.1351325-3.5
 Parameter: XMIN <- "-1.3648675"
  
 CHARMM>            calc ymin = ?ymin - @dcut
 Parameter: DCUT -> "3.5"
 RDCMND substituted energy or value "?YMIN" to "2.23298534"
Evaluating: 2.23298534-3.5
 Parameter: YMIN <- "-1.26701466"
  
 CHARMM>            calc zmin = ?zmin - @dcut
 Parameter: DCUT -> "3.5"
 RDCMND substituted energy or value "?ZMIN" to "-28.1128929"
Evaluating: -28.1128929-3.5
 Parameter: ZMIN <- "-31.6128929"
  
 CHARMM>     
  
 CHARMM>            define JUNK sele .not. target .and. -
 CHARMM>                             prop X .lt. @xmax .and. prop X .gt. @xmin .and. -
 CHARMM>                             prop Y .lt. @ymax .and. prop Y .gt. @ymin .and. -
 CHARMM>                             prop Z .lt. @zmax .and. prop Z .gt. @zmin  end
 Parameter: XMAX -> "5.6351325"
 Parameter: XMIN -> "-1.3648675"
 Parameter: YMAX -> "5.73298534"
 Parameter: YMIN -> "-1.26701466"
 Parameter: ZMAX -> "-24.6128929"
 Parameter: ZMIN -> "-31.6128929"
 SELRPN>      0 atoms have been selected out of  13504
  
 CHARMM>     
  
 CHARMM>            ! check if the ions are too close to protein
  
 CHARMM>            define XXX sele PROT end
 SELRPN>    872 atoms have been selected out of  13504
  
 CHARMM>            if ?nsel .gt. 0 then
 RDCMND substituted energy or value "?NSEL" to "872"
 Comparing "872" and "0".
 IF test evaluated as true.  Performing command
  
 CHARMM>                coor dist cut 10.0 sele target end -
 CHARMM>                                   sele PROT .and. JUNK .and. .not. hydrogen end image
 SELRPN>      1 atoms have been selected out of  22944
 SELRPN>      0 atoms have been selected out of  22944

            DISTANCES FOR SELECTED ATOMS
            ONLY ONE SELECTION SET SPECIFIED, A COMPARISON WILL BE DONE
 TOTAL EXCLUSION COUNT =         0
 TOTAL 1-4 EXCLUSIONS  =         0
 TOTAL NON-EXCLUSIONS  =         0
  
 CHARMM>                if ?npair .gt. 0 goto doinit
 RDCMND substituted energy or value "?NPAIR" to "0"
 Comparing "0" and "0".
 IF test evaluated as false.  Skipping command
  
 CHARMM>            endif
  
 CHARMM>     
  
 CHARMM>            ! check if the ions are too close to solute
  
 CHARMM>            coor dist cut 4.0 sele target end sele JUNK .and. .not. hydrogen end image
 SELRPN>      1 atoms have been selected out of  22944
 SELRPN>      0 atoms have been selected out of  22944

            DISTANCES FOR SELECTED ATOMS
            ONLY ONE SELECTION SET SPECIFIED, A COMPARISON WILL BE DONE
 TOTAL EXCLUSION COUNT =         0
 TOTAL 1-4 EXCLUSIONS  =         0
 TOTAL NON-EXCLUSIONS  =         0
  
 CHARMM>            if ?npair .gt. 0 goto doinit
 RDCMND substituted energy or value "?NPAIR" to "0"
 Comparing "0" and "0".
 IF test evaluated as false.  Skipping command
  
 CHARMM>     
  
 CHARMM>            calc cntrand = 0
Evaluating: 0
 Parameter: CNTRAND <- "0"
  
 CHARMM>            increase i by 1
 Parameter: I <- "2"
  
 CHARMM>            if i .le. @nion goto doinit
 Parameter: NION -> "36"
 Comparing "2" and "36".
 IF test evaluated as true.  Performing command
  
 CHARMM>     
  
 CHARMM>            calc cntrand = @cntrand + 1
 Parameter: CNTRAND -> "0"
Evaluating: 0+1
 Parameter: CNTRAND <- "1"
  
 CHARMM>            if cntrand .gt. 100 stop ! ABNORMAL TERMINATION: ion placing may not work.. stop here
 Comparing "1" and "100".
 IF test evaluated as false.  Skipping command
  
 CHARMM>     
  
 CHARMM>            calc j = @i
 Parameter: I -> "2"
Evaluating: 2
 Parameter: J <- "2"
  
 CHARMM>            set ion = POS
 Parameter: ION <- "POS"
  
 CHARMM>     
  
 CHARMM>            if j .gt. @npos then
 Parameter: NPOS -> "12"
 Comparing "2" and "12".
 IF test evaluated as false.  Skip to ELSE or ENDIF
  
 CHARMM>     
  
 CHARMM>            define target select segid @ion .and. resid @j end
 Parameter: ION -> "POS"
 Parameter: J -> "2"
 SELRPN>      1 atoms have been selected out of  13504
  
 CHARMM>     
  
 CHARMM>            calc xpos = @A * ( ?random - 0.5 )
 Parameter: A -> "60.2201683"
 RDCMND substituted energy or value "?RANDOM" to "0.916293089"
Evaluating: 60.2201683*(0.916293089-0.5)
 Parameter: XPOS <- "25.0692399"
  
 CHARMM>            calc ypos = @B * ( ?random - 0.5 )
 Parameter: B -> "60.2201683"
 RDCMND substituted energy or value "?RANDOM" to "2.262486862E-02"
Evaluating: 60.2201683*(2.262486862E-02-0.5)
 Parameter: YPOS <- "-28.7476108"
  
 CHARMM>            calc zpos = @C * ( ?random - 0.5 ) + @zcen
 Parameter: C -> "85"
 Parameter: ZCEN -> "0"
 RDCMND substituted energy or value "?RANDOM" to "0.745067873"
Evaluating: 85*(0.745067873-0.5)+0
 Parameter: ZPOS <- "20.8307692"
  
 CHARMM>     
  
 CHARMM>            if zpos .gt. -15 if zpos .lt. 15 goto doinit
 Comparing "20.8307692" and "-15".
 IF test evaluated as true.  Performing command
 Comparing "20.8307692" and "15".
 IF test evaluated as false.  Skipping command
  
 CHARMM>     
  
 CHARMM>            ! move target to selected position
  
 CHARMM>            coor stat select target end
 SELRPN>      1 atoms have been selected out of  13504
 STATISTICS FOR         1 SELECTED ATOMS:
    XMIN =    0.000000 XMAX =    0.000000 XAVE =    0.000000
    YMIN =    0.000000 YMAX =    0.000000 YAVE =    0.000000
    ZMIN =    0.000000 ZMAX =    0.000000 ZAVE =    0.000000
    WMIN =    1.000000 WMAX =    1.000000 WAVE =    1.000000
  
 CHARMM>            calc xtran = @xpos - ?xave
 Parameter: XPOS -> "25.0692399"
 RDCMND substituted energy or value "?XAVE" to "0"
Evaluating: 25.0692399-0
 Parameter: XTRAN <- "25.0692399"
  
 CHARMM>            calc ytran = @ypos - ?yave
 Parameter: YPOS -> "-28.7476108"
 RDCMND substituted energy or value "?YAVE" to "0"
Evaluating: -28.7476108-0
 Parameter: YTRAN <- "-28.7476108"
  
 CHARMM>            calc ztran = @zpos - ?zave
 Parameter: ZPOS -> "20.8307692"
 RDCMND substituted energy or value "?ZAVE" to "0"
Evaluating: 20.8307692-0
 Parameter: ZTRAN <- "20.8307692"
  
 CHARMM>            coor trans xdir @xtran ydir @ytran zdir @ztran select target end
 Parameter: XTRAN -> "25.0692399"
 Parameter: YTRAN -> "-28.7476108"
 Parameter: ZTRAN -> "20.8307692"
 SELRPN>      1 atoms have been selected out of  13504
 TRANSLATION VECTOR    25.069240  -28.747611   20.830769
 SELECTED COORDINATES TRANSLATED IN THE MAIN SET.

  
 CHARMM>     
  
 CHARMM>            ! apply a random rotation along XYZ
  
 CHARMM>            calc xphi = ?random * 360.0
 RDCMND substituted energy or value "?RANDOM" to "0.95240098"
Evaluating: 0.95240098*360.0
 Parameter: XPHI <- "342.864353"
  
 CHARMM>            calc yphi = ?random * 360.0
 RDCMND substituted energy or value "?RANDOM" to "0.195772424"
Evaluating: 0.195772424*360.0
 Parameter: YPHI <- "70.4780726"
  
 CHARMM>            calc zphi = ?random * 360.0
 RDCMND substituted energy or value "?RANDOM" to "0.603924952"
Evaluating: 0.603924952*360.0
 Parameter: ZPHI <- "217.412983"
  
 CHARMM>            coor rotate xcen @xpos ycen @ypos zcen @zpos xdir 1.0 -
 CHARMM>                phi @xphi select target end
 Parameter: XPOS -> "25.0692399"
 Parameter: YPOS -> "-28.7476108"
 Parameter: ZPOS -> "20.8307692"
 Parameter: XPHI -> "342.864353"
 SELRPN>      1 atoms have been selected out of  13504
 ROTATION MATRIX
    1.000000    0.000000    0.000000
    0.000000    0.955610   -0.294635
    0.000000    0.294635    0.955610

 AXIS OF ROTATION IS -1.000000  0.000000  0.000000  ANGLE IS   17.14

 SELECTED COORDINATES ROTATED IN THE MAIN SET.

  
 CHARMM>            coor rotate xcen @xpos ycen @ypos zcen @zpos ydir 1.0 -
 CHARMM>                phi @yphi select target end
 Parameter: XPOS -> "25.0692399"
 Parameter: YPOS -> "-28.7476108"
 Parameter: ZPOS -> "20.8307692"
 Parameter: YPHI -> "70.4780726"
 SELRPN>      1 atoms have been selected out of  13504
 ROTATION MATRIX
    0.334168    0.000000   -0.942514
    0.000000    1.000000    0.000000
    0.942514    0.000000    0.334168

 AXIS OF ROTATION IS  0.000000  1.000000  0.000000  ANGLE IS   70.48

 SELECTED COORDINATES ROTATED IN THE MAIN SET.

  
 CHARMM>            coor rotate xcen @xpos ycen @ypos zcen @zpos zdir 1.0 -
 CHARMM>                phi @zphi select target end
 Parameter: XPOS -> "25.0692399"
 Parameter: YPOS -> "-28.7476108"
 Parameter: ZPOS -> "20.8307692"
 Parameter: ZPHI -> "217.412983"
 SELRPN>      1 atoms have been selected out of  13504
 ROTATION MATRIX
   -0.794277   -0.607556    0.000000
    0.607556   -0.794277    0.000000
    0.000000    0.000000    1.000000

 AXIS OF ROTATION IS  0.000000  0.000000 -1.000000  ANGLE IS  142.59

 SELECTED COORDINATES ROTATED IN THE MAIN SET.

  
 CHARMM>     
  
 CHARMM>     
  
 CHARMM>            calc dcut = 3.5
Evaluating: 3.5
 Parameter: DCUT <- "3.5"
  
 CHARMM>     
  
 CHARMM>            coor stat sele target end
 SELRPN>      1 atoms have been selected out of  13504
 STATISTICS FOR         1 SELECTED ATOMS:
    XMIN =   25.069240 XMAX =   25.069240 XAVE =   25.069240
    YMIN =  -28.747611 YMAX =  -28.747611 YAVE =  -28.747611
    ZMIN =   20.830769 ZMAX =   20.830769 ZAVE =   20.830769
    WMIN =    1.000000 WMAX =    1.000000 WAVE =    1.000000
  
 CHARMM>            calc xmax = ?xmax + @dcut
 Parameter: DCUT -> "3.5"
 RDCMND substituted energy or value "?XMAX" to "25.0692399"
Evaluating: 25.0692399+3.5
 Parameter: XMAX <- "28.5692399"
  
 CHARMM>            calc ymax = ?ymax + @dcut
 Parameter: DCUT -> "3.5"
 RDCMND substituted energy or value "?YMAX" to "-28.7476108"
Evaluating: -28.7476108+3.5
 Parameter: YMAX <- "-25.2476108"
  
 CHARMM>            calc zmax = ?zmax + @dcut
 Parameter: DCUT -> "3.5"
 RDCMND substituted energy or value "?ZMAX" to "20.8307692"
Evaluating: 20.8307692+3.5
 Parameter: ZMAX <- "24.3307692"
  
 CHARMM>            calc xmin = ?xmin - @dcut
 Parameter: DCUT -> "3.5"
 RDCMND substituted energy or value "?XMIN" to "25.0692399"
Evaluating: 25.0692399-3.5
 Parameter: XMIN <- "21.5692399"
  
 CHARMM>            calc ymin = ?ymin - @dcut
 Parameter: DCUT -> "3.5"
 RDCMND substituted energy or value "?YMIN" to "-28.7476108"
Evaluating: -28.7476108-3.5
 Parameter: YMIN <- "-32.2476108"
  
 CHARMM>            calc zmin = ?zmin - @dcut
 Parameter: DCUT -> "3.5"
 RDCMND substituted energy or value "?ZMIN" to "20.8307692"
Evaluating: 20.8307692-3.5
 Parameter: ZMIN <- "17.3307692"
  
 CHARMM>     
  
 CHARMM>            define JUNK sele .not. target .and. -
 CHARMM>                             prop X .lt. @xmax .and. prop X .gt. @xmin .and. -
 CHARMM>                             prop Y .lt. @ymax .and. prop Y .gt. @ymin .and. -
 CHARMM>                             prop Z .lt. @zmax .and. prop Z .gt. @zmin  end
 Parameter: XMAX -> "28.5692399"
 Parameter: XMIN -> "21.5692399"
 Parameter: YMAX -> "-25.2476108"
 Parameter: YMIN -> "-32.2476108"
 Parameter: ZMAX -> "24.3307692"
 Parameter: ZMIN -> "17.3307692"
 SELRPN>     19 atoms have been selected out of  13504
  
 CHARMM>     
  
 CHARMM>            ! check if the ions are too close to protein
  
 CHARMM>            define XXX sele PROT end
 SELRPN>    872 atoms have been selected out of  13504
  
 CHARMM>            if ?nsel .gt. 0 then
 RDCMND substituted energy or value "?NSEL" to "872"
 Comparing "872" and "0".
 IF test evaluated as true.  Performing command
  
 CHARMM>                coor dist cut 10.0 sele target end -
 CHARMM>                                   sele PROT .and. JUNK .and. .not. hydrogen end image
 SELRPN>      1 atoms have been selected out of  22944
 SELRPN>      0 atoms have been selected out of  22944

            DISTANCES FOR SELECTED ATOMS
            ONLY ONE SELECTION SET SPECIFIED, A COMPARISON WILL BE DONE
 TOTAL EXCLUSION COUNT =         0
 TOTAL 1-4 EXCLUSIONS  =         0
 TOTAL NON-EXCLUSIONS  =         0
  
 CHARMM>                if ?npair .gt. 0 goto doinit
 RDCMND substituted energy or value "?NPAIR" to "0"
 Comparing "0" and "0".
 IF test evaluated as false.  Skipping command
  
 CHARMM>            endif
  
 CHARMM>     
  
 CHARMM>            ! check if the ions are too close to solute
  
 CHARMM>            coor dist cut 4.0 sele target end sele JUNK .and. .not. hydrogen end image
 SELRPN>      1 atoms have been selected out of  22944
 SELRPN>     10 atoms have been selected out of  22944

            DISTANCES FOR SELECTED ATOMS
13470 POS      SOD      2        SOD     -6651 MEMB     POPC     44       C11           3.1289
13470 POS      SOD      2        SOD     -6654 MEMB     POPC     44       P             0.9393
13470 POS      SOD      2        SOD     -6655 MEMB     POPC     44       O13           1.2736
13470 POS      SOD      2        SOD     -6656 MEMB     POPC     44       O14           1.4229
13470 POS      SOD      2        SOD     -6657 MEMB     POPC     44       O12           1.9150
13470 POS      SOD      2        SOD     -6658 MEMB     POPC     44       O11           2.4616
13470 POS      SOD      2        SOD     -6659 MEMB     POPC     44       C1            3.3211
 TOTAL EXCLUSION COUNT =         0
 TOTAL 1-4 EXCLUSIONS  =         0
 TOTAL NON-EXCLUSIONS  =         7
  
 CHARMM>            if ?npair .gt. 0 goto doinit
 RDCMND substituted energy or value "?NPAIR" to "7"
 Comparing "7" and "0".
 IF test evaluated as true.  Performing command
  
 CHARMM>     
  
 CHARMM>            calc cntrand = @cntrand + 1
 Parameter: CNTRAND -> "1"
Evaluating: 1+1
 Parameter: CNTRAND <- "2"
  
 CHARMM>            if cntrand .gt. 100 stop ! ABNORMAL TERMINATION: ion placing may not work.. stop here
 Comparing "2" and "100".
 IF test evaluated as false.  Skipping command
  
 CHARMM>     
  
 CHARMM>            calc j = @i
 Parameter: I -> "2"
Evaluating: 2
 Parameter: J <- "2"
  
 CHARMM>            set ion = POS
 Parameter: ION <- "POS"
  
 CHARMM>     
  
 CHARMM>            if j .gt. @npos then
 Parameter: NPOS -> "12"
 Comparing "2" and "12".
 IF test evaluated as false.  Skip to ELSE or ENDIF
  
 CHARMM>     
  
 CHARMM>            define target select segid @ion .and. resid @j end
 Parameter: ION -> "POS"
 Parameter: J -> "2"
 SELRPN>      1 atoms have been selected out of  13504
  
 CHARMM>     
  
 CHARMM>            calc xpos = @A * ( ?random - 0.5 )
 Parameter: A -> "60.2201683"
 RDCMND substituted energy or value "?RANDOM" to "0.805541461"
Evaluating: 60.2201683*(0.805541461-0.5)
 Parameter: XPOS <- "18.3997582"
  
 CHARMM>            calc ypos = @B * ( ?random - 0.5 )
 Parameter: B -> "60.2201683"
 RDCMND substituted energy or value "?RANDOM" to "0.261354359"
Evaluating: 60.2201683*(0.261354359-0.5)
 Parameter: YPOS <- "-14.3712807"
  
 CHARMM>            calc zpos = @C * ( ?random - 0.5 ) + @zcen
 Parameter: C -> "85"
 Parameter: ZCEN -> "0"
 RDCMND substituted energy or value "?RANDOM" to "0.525416709"
Evaluating: 85*(0.525416709-0.5)+0
 Parameter: ZPOS <- "2.16042026"
  
 CHARMM>     
  
 CHARMM>            if zpos .gt. -15 if zpos .lt. 15 goto doinit
 Comparing "2.16042026" and "-15".
 IF test evaluated as true.  Performing command
 Comparing "2.16042026" and "15".
 IF test evaluated as true.  Performing command
  
 CHARMM>     
  
 CHARMM>            calc cntrand = @cntrand + 1
 Parameter: CNTRAND -> "2"
Evaluating: 2+1
 Parameter: CNTRAND <- "3"
  
 CHARMM>            if cntrand .gt. 100 stop ! ABNORMAL TERMINATION: ion placing may not work.. stop here
 Comparing "3" and "100".
 IF test evaluated as false.  Skipping command
  
 CHARMM>     
  
 CHARMM>            calc j = @i
 Parameter: I -> "2"
Evaluating: 2
 Parameter: J <- "2"
  
 CHARMM>            set ion = POS
 Parameter: ION <- "POS"
  
 CHARMM>     
  
 CHARMM>            if j .gt. @npos then
 Parameter: NPOS -> "12"
 Comparing "2" and "12".
 IF test evaluated as false.  Skip to ELSE or ENDIF
  
 CHARMM>     
  
 CHARMM>            define target select segid @ion .and. resid @j end
 Parameter: ION -> "POS"
 Parameter: J -> "2"
 SELRPN>      1 atoms have been selected out of  13504
  
 CHARMM>     
  
 CHARMM>            calc xpos = @A * ( ?random - 0.5 )
 Parameter: A -> "60.2201683"
 RDCMND substituted energy or value "?RANDOM" to "0.526737453"
Evaluating: 60.2201683*(0.526737453-0.5)
 Parameter: XPOS <- "1.61013392"
  
 CHARMM>            calc ypos = @B * ( ?random - 0.5 )
 Parameter: B -> "60.2201683"
 RDCMND substituted energy or value "?RANDOM" to "0.624189845"
Evaluating: 60.2201683*(0.624189845-0.5)
 Parameter: YPOS <- "7.47873337"
  
 CHARMM>            calc zpos = @C * ( ?random - 0.5 ) + @zcen
 Parameter: C -> "85"
 Parameter: ZCEN -> "0"
 RDCMND substituted energy or value "?RANDOM" to "0.464928989"
Evaluating: 85*(0.464928989-0.5)+0
 Parameter: ZPOS <- "-2.98103593"
  
 CHARMM>     
  
 CHARMM>            if zpos .gt. -15 if zpos .lt. 15 goto doinit
 Comparing "-2.98103593" and "-15".
 IF test evaluated as true.  Performing command
 Comparing "-2.98103593" and "15".
 IF test evaluated as true.  Performing command
  
 CHARMM>     
  
 CHARMM>            calc cntrand = @cntrand + 1
 Parameter: CNTRAND -> "3"
Evaluating: 3+1
 Parameter: CNTRAND <- "4"
  
 CHARMM>            if cntrand .gt. 100 stop ! ABNORMAL TERMINATION: ion placing may not work.. stop here
 Comparing "4" and "100".
 IF test evaluated as false.  Skipping command
  
 CHARMM>     
  
 CHARMM>            calc j = @i
 Parameter: I -> "2"
Evaluating: 2
 Parameter: J <- "2"
  
 CHARMM>            set ion = POS
 Parameter: ION <- "POS"
  
 CHARMM>     
  
 CHARMM>            if j .gt. @npos then
 Parameter: NPOS -> "12"
 Comparing "2" and "12".
 IF test evaluated as false.  Skip to ELSE or ENDIF
  
 CHARMM>     
  
 CHARMM>            define target select segid @ion .and. resid @j end
 Parameter: ION -> "POS"
 Parameter: J -> "2"
 SELRPN>      1 atoms have been selected out of  13504
  
 CHARMM>     
  
 CHARMM>            calc xpos = @A * ( ?random - 0.5 )
 Parameter: A -> "60.2201683"
 RDCMND substituted energy or value "?RANDOM" to "0.625373352"
Evaluating: 60.2201683*(0.625373352-0.5)
 Parameter: XPOS <- "7.55000436"
  
 CHARMM>            calc ypos = @B * ( ?random - 0.5 )
 Parameter: B -> "60.2201683"
 RDCMND substituted energy or value "?RANDOM" to "0.662474597"
Evaluating: 60.2201683*(0.662474597-0.5)
 Parameter: YPOS <- "9.78424758"
  
 CHARMM>            calc zpos = @C * ( ?random - 0.5 ) + @zcen
 Parameter: C -> "85"
 Parameter: ZCEN -> "0"
 RDCMND substituted energy or value "?RANDOM" to "0.320663233"
Evaluating: 85*(0.320663233-0.5)+0
 Parameter: ZPOS <- "-15.2436252"
  
 CHARMM>     
  
 CHARMM>            if zpos .gt. -15 if zpos .lt. 15 goto doinit
 Comparing "-15.2436252" and "-15".
 IF test evaluated as false.  Skipping command
  
 CHARMM>     
  
 CHARMM>            ! move target to selected position
  
 CHARMM>            coor stat select target end
 SELRPN>      1 atoms have been selected out of  13504
 STATISTICS FOR         1 SELECTED ATOMS:
    XMIN =   25.069240 XMAX =   25.069240 XAVE =   25.069240
    YMIN =  -28.747611 YMAX =  -28.747611 YAVE =  -28.747611
    ZMIN =   20.830769 ZMAX =   20.830769 ZAVE =   20.830769
    WMIN =    1.000000 WMAX =    1.000000 WAVE =    1.000000
  
 CHARMM>            calc xtran = @xpos - ?xave
 Parameter: XPOS -> "7.55000436"
 RDCMND substituted energy or value "?XAVE" to "25.0692399"
Evaluating: 7.55000436-25.0692399
 Parameter: XTRAN <- "-17.5192355"
  
 CHARMM>            calc ytran = @ypos - ?yave
 Parameter: YPOS -> "9.78424758"
 RDCMND substituted energy or value "?YAVE" to "-28.7476108"
Evaluating: 9.78424758--28.7476108
 Parameter: YTRAN <- "38.5318584"
  
 CHARMM>            calc ztran = @zpos - ?zave
 Parameter: ZPOS -> "-15.2436252"
 RDCMND substituted energy or value "?ZAVE" to "20.8307692"
Evaluating: -15.2436252-20.8307692
 Parameter: ZTRAN <- "-36.0743944"
  
 CHARMM>            coor trans xdir @xtran ydir @ytran zdir @ztran select target end
 Parameter: XTRAN -> "-17.5192355"
 Parameter: YTRAN -> "38.5318584"
 Parameter: ZTRAN -> "-36.0743944"
 SELRPN>      1 atoms have been selected out of  13504
 TRANSLATION VECTOR   -17.519236   38.531858  -36.074394
 SELECTED COORDINATES TRANSLATED IN THE MAIN SET.

  
 CHARMM>     
  
 CHARMM>            ! apply a random rotation along XYZ
  
 CHARMM>            calc xphi = ?random * 360.0
 RDCMND substituted energy or value "?RANDOM" to "3.642575861E-02"
Evaluating: 3.642575861E-02*360.0
 Parameter: XPHI <- "13.1132731"
  
 CHARMM>            calc yphi = ?random * 360.0
 RDCMND substituted energy or value "?RANDOM" to "0.837555074"
Evaluating: 0.837555074*360.0
 Parameter: YPHI <- "301.519827"
  
 CHARMM>            calc zphi = ?random * 360.0
 RDCMND substituted energy or value "?RANDOM" to "0.310043086"
Evaluating: 0.310043086*360.0
 Parameter: ZPHI <- "111.615511"
  
 CHARMM>            coor rotate xcen @xpos ycen @ypos zcen @zpos xdir 1.0 -
 CHARMM>                phi @xphi select target end
 Parameter: XPOS -> "7.55000436"
 Parameter: YPOS -> "9.78424758"
 Parameter: ZPOS -> "-15.2436252"
 Parameter: XPHI -> "13.1132731"
 SELRPN>      1 atoms have been selected out of  13504
 ROTATION MATRIX
    1.000000    0.000000    0.000000
    0.000000    0.973923    0.226877
    0.000000   -0.226877    0.973923

 AXIS OF ROTATION IS  1.000000  0.000000  0.000000  ANGLE IS   13.11

 SELECTED COORDINATES ROTATED IN THE MAIN SET.

  
 CHARMM>            coor rotate xcen @xpos ycen @ypos zcen @zpos ydir 1.0 -
 CHARMM>                phi @yphi select target end
 Parameter: XPOS -> "7.55000436"
 Parameter: YPOS -> "9.78424758"
 Parameter: ZPOS -> "-15.2436252"
 Parameter: YPHI -> "301.519827"
 SELRPN>      1 atoms have been selected out of  13504
 ROTATION MATRIX
    0.522794    0.000000    0.852459
    0.000000    1.000000    0.000000
   -0.852459    0.000000    0.522794

 AXIS OF ROTATION IS  0.000000 -1.000000  0.000000  ANGLE IS   58.48

 SELECTED COORDINATES ROTATED IN THE MAIN SET.

  
 CHARMM>            coor rotate xcen @xpos ycen @ypos zcen @zpos zdir 1.0 -
 CHARMM>                phi @zphi select target end
 Parameter: XPOS -> "7.55000436"
 Parameter: YPOS -> "9.78424758"
 Parameter: ZPOS -> "-15.2436252"
 Parameter: ZPHI -> "111.615511"
 SELRPN>      1 atoms have been selected out of  13504
 ROTATION MATRIX
   -0.368376    0.929677    0.000000
   -0.929677   -0.368376    0.000000
    0.000000    0.000000    1.000000

 AXIS OF ROTATION IS  0.000000  0.000000  1.000000  ANGLE IS  111.62

 SELECTED COORDINATES ROTATED IN THE MAIN SET.

  
 CHARMM>     
  
 CHARMM>     
  
 CHARMM>            calc dcut = 3.5
Evaluating: 3.5
 Parameter: DCUT <- "3.5"
  
 CHARMM>     
  
 CHARMM>            coor stat sele target end
 SELRPN>      1 atoms have been selected out of  13504
 STATISTICS FOR         1 SELECTED ATOMS:
    XMIN =    7.550004 XMAX =    7.550004 XAVE =    7.550004
    YMIN =    9.784248 YMAX =    9.784248 YAVE =    9.784248
    ZMIN =  -15.243625 ZMAX =  -15.243625 ZAVE =  -15.243625
    WMIN =    1.000000 WMAX =    1.000000 WAVE =    1.000000
  
 CHARMM>            calc xmax = ?xmax + @dcut
 Parameter: DCUT -> "3.5"
 RDCMND substituted energy or value "?XMAX" to "7.55000437"
Evaluating: 7.55000437+3.5
 Parameter: XMAX <- "11.0500044"
  
 CHARMM>            calc ymax = ?ymax + @dcut
 Parameter: DCUT -> "3.5"
 RDCMND substituted energy or value "?YMAX" to "9.78424756"
Evaluating: 9.78424756+3.5
 Parameter: YMAX <- "13.2842476"
  
 CHARMM>            calc zmax = ?zmax + @dcut
 Parameter: DCUT -> "3.5"
 RDCMND substituted energy or value "?ZMAX" to "-15.2436252"
Evaluating: -15.2436252+3.5
 Parameter: ZMAX <- "-11.7436252"
  
 CHARMM>            calc xmin = ?xmin - @dcut
 Parameter: DCUT -> "3.5"
 RDCMND substituted energy or value "?XMIN" to "7.55000437"
Evaluating: 7.55000437-3.5
 Parameter: XMIN <- "4.05000437"
  
 CHARMM>            calc ymin = ?ymin - @dcut
 Parameter: DCUT -> "3.5"
 RDCMND substituted energy or value "?YMIN" to "9.78424756"
Evaluating: 9.78424756-3.5
 Parameter: YMIN <- "6.28424756"
  
 CHARMM>            calc zmin = ?zmin - @dcut
 Parameter: DCUT -> "3.5"
 RDCMND substituted energy or value "?ZMIN" to "-15.2436252"
Evaluating: -15.2436252-3.5
 Parameter: ZMIN <- "-18.7436252"
  
 CHARMM>     
  
 CHARMM>            define JUNK sele .not. target .and. -
 CHARMM>                             prop X .lt. @xmax .and. prop X .gt. @xmin .and. -
 CHARMM>                             prop Y .lt. @ymax .and. prop Y .gt. @ymin .and. -
 CHARMM>                             prop Z .lt. @zmax .and. prop Z .gt. @zmin  end
 Parameter: XMAX -> "11.0500044"
 Parameter: XMIN -> "4.05000437"
 Parameter: YMAX -> "13.2842476"
 Parameter: YMIN -> "6.28424756"
 Parameter: ZMAX -> "-11.7436252"
 Parameter: ZMIN -> "-18.7436252"
 SELRPN>     46 atoms have been selected out of  13504
  
 CHARMM>     
  
 CHARMM>            ! check if the ions are too close to protein
  
 CHARMM>            define XXX sele PROT end
 SELRPN>    872 atoms have been selected out of  13504
  
 CHARMM>            if ?nsel .gt. 0 then
 RDCMND substituted energy or value "?NSEL" to "872"
 Comparing "872" and "0".
 IF test evaluated as true.  Performing command
  
 CHARMM>                coor dist cut 10.0 sele target end -
 CHARMM>                                   sele PROT .and. JUNK .and. .not. hydrogen end image
 SELRPN>      1 atoms have been selected out of  22944
 SELRPN>      0 atoms have been selected out of  22944

            DISTANCES FOR SELECTED ATOMS
            ONLY ONE SELECTION SET SPECIFIED, A COMPARISON WILL BE DONE
 TOTAL EXCLUSION COUNT =         0
 TOTAL 1-4 EXCLUSIONS  =         0
 TOTAL NON-EXCLUSIONS  =         0
  
 CHARMM>                if ?npair .gt. 0 goto doinit
 RDCMND substituted energy or value "?NPAIR" to "0"
 Comparing "0" and "0".
 IF test evaluated as false.  Skipping command
  
 CHARMM>            endif
  
 CHARMM>     
  
 CHARMM>            ! check if the ions are too close to solute
  
 CHARMM>            coor dist cut 4.0 sele target end sele JUNK .and. .not. hydrogen end image
 SELRPN>      1 atoms have been selected out of  22944
 SELRPN>     22 atoms have been selected out of  22944

            DISTANCES FOR SELECTED ATOMS
13470 POS      SOD      2        SOD     -7748 MEMB     POPC     52       C32           3.1300
13470 POS      SOD      2        SOD     -7798 MEMB     POPC     52       C33           2.6952
13470 POS      SOD      2        SOD     -8125 MEMB     POPC     55       C11           3.3263
13470 POS      SOD      2        SOD     -8136 MEMB     POPC     55       C2            3.5562
13470 POS      SOD      2        SOD     -8138 MEMB     POPC     55       O21           2.3801
13470 POS      SOD      2        SOD     -8139 MEMB     POPC     55       C21           2.7712
13470 POS      SOD      2        SOD     -8140 MEMB     POPC     55       O22           3.9294
13470 POS      SOD      2        SOD     -8141 MEMB     POPC     55       C22           2.2074
13470 POS      SOD      2        SOD     -8144 MEMB     POPC     55       C3            3.9170
13470 POS      SOD      2        SOD     -8147 MEMB     POPC     55       O31           3.4314
13470 POS      SOD      2        SOD     -8148 MEMB     POPC     55       C31           3.1365
13470 POS      SOD      2        SOD     -8149 MEMB     POPC     55       O32           3.3357
13470 POS      SOD      2        SOD     -8150 MEMB     POPC     55       C32           3.1685
13470 POS      SOD      2        SOD     -8153 MEMB     POPC     55       C23           3.4485
13470 POS      SOD      2        SOD     -8159 MEMB     POPC     55       C25           3.9700
13470 POS      SOD      2        SOD     -8200 MEMB     POPC     55       C33           3.1060
13470 POS      SOD      2        SOD     -8206 MEMB     POPC     55       C35           3.6298
13470 POS      SOD      2        SOD     -8209 MEMB     POPC     55       C36           2.5721
13470 POS      SOD      2        SOD     -8212 MEMB     POPC     55       C37           3.5675
 TOTAL EXCLUSION COUNT =         0
 TOTAL 1-4 EXCLUSIONS  =         0
 TOTAL NON-EXCLUSIONS  =        19
  
 CHARMM>            if ?npair .gt. 0 goto doinit
 RDCMND substituted energy or value "?NPAIR" to "19"
 Comparing "19" and "0".
 IF test evaluated as true.  Performing command
  
 CHARMM>     
  
 CHARMM>            calc cntrand = @cntrand + 1
 Parameter: CNTRAND -> "4"
Evaluating: 4+1
 Parameter: CNTRAND <- "5"
  
 CHARMM>            if cntrand .gt. 100 stop ! ABNORMAL TERMINATION: ion placing may not work.. stop here
 Comparing "5" and "100".
 IF test evaluated as false.  Skipping command
  
 CHARMM>     
  
 CHARMM>            calc j = @i
 Parameter: I -> "2"
Evaluating: 2
 Parameter: J <- "2"
  
 CHARMM>            set ion = POS
 Parameter: ION <- "POS"
  
 CHARMM>     
  
 CHARMM>            if j .gt. @npos then
 Parameter: NPOS -> "12"
 Comparing "2" and "12".
 IF test evaluated as false.  Skip to ELSE or ENDIF
  
 CHARMM>     
  
 CHARMM>            define target select segid @ion .and. resid @j end
 Parameter: ION -> "POS"
 Parameter: J -> "2"
 SELRPN>      1 atoms have been selected out of  13504
  
 CHARMM>     
  
 CHARMM>            calc xpos = @A * ( ?random - 0.5 )
 Parameter: A -> "60.2201683"
 RDCMND substituted energy or value "?RANDOM" to "0.601515395"
Evaluating: 60.2201683*(0.601515395-0.5)
 Parameter: XPOS <- "6.11327417"
  
 CHARMM>            calc ypos = @B * ( ?random - 0.5 )
 Parameter: B -> "60.2201683"
 RDCMND substituted energy or value "?RANDOM" to "0.387840515"
Evaluating: 60.2201683*(0.387840515-0.5)
 Parameter: YPOS <- "-6.75426306"
  
 CHARMM>            calc zpos = @C * ( ?random - 0.5 ) + @zcen
 Parameter: C -> "85"
 Parameter: ZCEN -> "0"
 RDCMND substituted energy or value "?RANDOM" to "0.86426097"
Evaluating: 85*(0.86426097-0.5)+0
 Parameter: ZPOS <- "30.9621825"
  
 CHARMM>     
  
 CHARMM>            if zpos .gt. -15 if zpos .lt. 15 goto doinit
 Comparing "30.9621825" and "-15".
 IF test evaluated as true.  Performing command
 Comparing "30.9621825" and "15".
 IF test evaluated as false.  Skipping command
  
 CHARMM>     
  
 CHARMM>            ! move target to selected position
  
 CHARMM>            coor stat select target end
 SELRPN>      1 atoms have been selected out of  13504
 STATISTICS FOR         1 SELECTED ATOMS:
    XMIN =    7.550004 XMAX =    7.550004 XAVE =    7.550004
    YMIN =    9.784248 YMAX =    9.784248 YAVE =    9.784248
    ZMIN =  -15.243625 ZMAX =  -15.243625 ZAVE =  -15.243625
    WMIN =    1.000000 WMAX =    1.000000 WAVE =    1.000000
  
 CHARMM>            calc xtran = @xpos - ?xave
 Parameter: XPOS -> "6.11327417"
 RDCMND substituted energy or value "?XAVE" to "7.55000437"
Evaluating: 6.11327417-7.55000437
 Parameter: XTRAN <- "-1.4367302"
  
 CHARMM>            calc ytran = @ypos - ?yave
 Parameter: YPOS -> "-6.75426306"
 RDCMND substituted energy or value "?YAVE" to "9.78424756"
Evaluating: -6.75426306-9.78424756
 Parameter: YTRAN <- "-16.5385106"
  
 CHARMM>            calc ztran = @zpos - ?zave
 Parameter: ZPOS -> "30.9621825"
 RDCMND substituted energy or value "?ZAVE" to "-15.2436252"
Evaluating: 30.9621825--15.2436252
 Parameter: ZTRAN <- "46.2058077"
  
 CHARMM>            coor trans xdir @xtran ydir @ytran zdir @ztran select target end
 Parameter: XTRAN -> "-1.4367302"
 Parameter: YTRAN -> "-16.5385106"
 Parameter: ZTRAN -> "46.2058077"
 SELRPN>      1 atoms have been selected out of  13504
 TRANSLATION VECTOR    -1.436730  -16.538511   46.205808
 SELECTED COORDINATES TRANSLATED IN THE MAIN SET.

  
 CHARMM>     
  
 CHARMM>            ! apply a random rotation along XYZ
  
 CHARMM>            calc xphi = ?random * 360.0
 RDCMND substituted energy or value "?RANDOM" to "0.794477537"
Evaluating: 0.794477537*360.0
 Parameter: XPHI <- "286.011913"
  
 CHARMM>            calc yphi = ?random * 360.0
 RDCMND substituted energy or value "?RANDOM" to "0.623968611"
Evaluating: 0.623968611*360.0
 Parameter: YPHI <- "224.6287"
  
 CHARMM>            calc zphi = ?random * 360.0
 RDCMND substituted energy or value "?RANDOM" to "0.391658494"
Evaluating: 0.391658494*360.0
 Parameter: ZPHI <- "140.997058"
  
 CHARMM>            coor rotate xcen @xpos ycen @ypos zcen @zpos xdir 1.0 -
 CHARMM>                phi @xphi select target end
 Parameter: XPOS -> "6.11327417"
 Parameter: YPOS -> "-6.75426306"
 Parameter: ZPOS -> "30.9621825"
 Parameter: XPHI -> "286.011913"
 SELRPN>      1 atoms have been selected out of  13504
 ROTATION MATRIX
    1.000000    0.000000    0.000000
    0.000000    0.275837   -0.961204
    0.000000    0.961204    0.275837

 AXIS OF ROTATION IS -1.000000  0.000000  0.000000  ANGLE IS   73.99

 SELECTED COORDINATES ROTATED IN THE MAIN SET.

  
 CHARMM>            coor rotate xcen @xpos ycen @ypos zcen @zpos ydir 1.0 -
 CHARMM>                phi @yphi select target end
 Parameter: XPOS -> "6.11327417"
 Parameter: YPOS -> "-6.75426306"
 Parameter: ZPOS -> "30.9621825"
 Parameter: YPHI -> "224.6287"
 SELRPN>      1 atoms have been selected out of  13504
 ROTATION MATRIX
   -0.711674    0.000000    0.702510
    0.000000    1.000000    0.000000
   -0.702510    0.000000   -0.711674

 AXIS OF ROTATION IS  0.000000 -1.000000  0.000000  ANGLE IS  135.37

 SELECTED COORDINATES ROTATED IN THE MAIN SET.

  
 CHARMM>            coor rotate xcen @xpos ycen @ypos zcen @zpos zdir 1.0 -
 CHARMM>                phi @zphi select target end
 Parameter: XPOS -> "6.11327417"
 Parameter: YPOS -> "-6.75426306"
 Parameter: ZPOS -> "30.9621825"
 Parameter: ZPHI -> "140.997058"
 SELRPN>      1 atoms have been selected out of  13504
 ROTATION MATRIX
   -0.777114    0.629360    0.000000
   -0.629360   -0.777114    0.000000
    0.000000    0.000000    1.000000

 AXIS OF ROTATION IS  0.000000  0.000000  1.000000  ANGLE IS  141.00

 SELECTED COORDINATES ROTATED IN THE MAIN SET.

  
 CHARMM>     
  
 CHARMM>     
  
 CHARMM>            calc dcut = 3.5
Evaluating: 3.5
 Parameter: DCUT <- "3.5"
  
 CHARMM>     
  
 CHARMM>            coor stat sele target end
 SELRPN>      1 atoms have been selected out of  13504
 STATISTICS FOR         1 SELECTED ATOMS:
    XMIN =    6.113274 XMAX =    6.113274 XAVE =    6.113274
    YMIN =   -6.754263 YMAX =   -6.754263 YAVE =   -6.754263
    ZMIN =   30.962182 ZMAX =   30.962182 ZAVE =   30.962182
    WMIN =    1.000000 WMAX =    1.000000 WAVE =    1.000000
  
 CHARMM>            calc xmax = ?xmax + @dcut
 Parameter: DCUT -> "3.5"
 RDCMND substituted energy or value "?XMAX" to "6.11327419"
Evaluating: 6.11327419+3.5
 Parameter: XMAX <- "9.61327419"
  
 CHARMM>            calc ymax = ?ymax + @dcut
 Parameter: DCUT -> "3.5"
 RDCMND substituted energy or value "?YMAX" to "-6.75426309"
Evaluating: -6.75426309+3.5
 Parameter: YMAX <- "-3.25426309"
  
 CHARMM>            calc zmax = ?zmax + @dcut
 Parameter: DCUT -> "3.5"
 RDCMND substituted energy or value "?ZMAX" to "30.9621825"
Evaluating: 30.9621825+3.5
 Parameter: ZMAX <- "34.4621825"
  
 CHARMM>            calc xmin = ?xmin - @dcut
 Parameter: DCUT -> "3.5"
 RDCMND substituted energy or value "?XMIN" to "6.11327419"
Evaluating: 6.11327419-3.5
 Parameter: XMIN <- "2.61327419"
  
 CHARMM>            calc ymin = ?ymin - @dcut
 Parameter: DCUT -> "3.5"
 RDCMND substituted energy or value "?YMIN" to "-6.75426309"
Evaluating: -6.75426309-3.5
 Parameter: YMIN <- "-10.2542631"
  
 CHARMM>            calc zmin = ?zmin - @dcut
 Parameter: DCUT -> "3.5"
 RDCMND substituted energy or value "?ZMIN" to "30.9621825"
Evaluating: 30.9621825-3.5
 Parameter: ZMIN <- "27.4621825"
  
 CHARMM>     
  
 CHARMM>            define JUNK sele .not. target .and. -
 CHARMM>                             prop X .lt. @xmax .and. prop X .gt. @xmin .and. -
 CHARMM>                             prop Y .lt. @ymax .and. prop Y .gt. @ymin .and. -
 CHARMM>                             prop Z .lt. @zmax .and. prop Z .gt. @zmin  end
 Parameter: XMAX -> "9.61327419"
 Parameter: XMIN -> "2.61327419"
 Parameter: YMAX -> "-3.25426309"
 Parameter: YMIN -> "-10.2542631"
 Parameter: ZMAX -> "34.4621825"
 Parameter: ZMIN -> "27.4621825"
 SELRPN>      0 atoms have been selected out of  13504
  
 CHARMM>     
  
 CHARMM>            ! check if the ions are too close to protein
  
 CHARMM>            define XXX sele PROT end
 SELRPN>    872 atoms have been selected out of  13504
  
 CHARMM>            if ?nsel .gt. 0 then
 RDCMND substituted energy or value "?NSEL" to "872"
 Comparing "872" and "0".
 IF test evaluated as true.  Performing command
  
 CHARMM>                coor dist cut 10.0 sele target end -
 CHARMM>                                   sele PROT .and. JUNK .and. .not. hydrogen end image
 SELRPN>      1 atoms have been selected out of  22944
 SELRPN>      0 atoms have been selected out of  22944

            DISTANCES FOR SELECTED ATOMS
            ONLY ONE SELECTION SET SPECIFIED, A COMPARISON WILL BE DONE
 TOTAL EXCLUSION COUNT =         0
 TOTAL 1-4 EXCLUSIONS  =         0
 TOTAL NON-EXCLUSIONS  =         0
  
 CHARMM>                if ?npair .gt. 0 goto doinit
 RDCMND substituted energy or value "?NPAIR" to "0"
 Comparing "0" and "0".
 IF test evaluated as false.  Skipping command
  
 CHARMM>            endif
  
 CHARMM>     
  
 CHARMM>            ! check if the ions are too close to solute
  
 CHARMM>            coor dist cut 4.0 sele target end sele JUNK .and. .not. hydrogen end image
 SELRPN>      1 atoms have been selected out of  22944
 SELRPN>      0 atoms have been selected out of  22944

            DISTANCES FOR SELECTED ATOMS
            ONLY ONE SELECTION SET SPECIFIED, A COMPARISON WILL BE DONE
 TOTAL EXCLUSION COUNT =         0
 TOTAL 1-4 EXCLUSIONS  =         0
 TOTAL NON-EXCLUSIONS  =         0
  
 CHARMM>            if ?npair .gt. 0 goto doinit
 RDCMND substituted energy or value "?NPAIR" to "0"
 Comparing "0" and "0".
 IF test evaluated as false.  Skipping command
  
 CHARMM>     
  
 CHARMM>            calc cntrand = 0
Evaluating: 0
 Parameter: CNTRAND <- "0"
  
 CHARMM>            increase i by 1
 Parameter: I <- "3"
  
 CHARMM>            if i .le. @nion goto doinit
 Parameter: NION -> "36"
 Comparing "3" and "36".
 IF test evaluated as true.  Performing command
  
 CHARMM>     
  
 CHARMM>            calc cntrand = @cntrand + 1
 Parameter: CNTRAND -> "0"
Evaluating: 0+1
 Parameter: CNTRAND <- "1"
  
 CHARMM>            if cntrand .gt. 100 stop ! ABNORMAL TERMINATION: ion placing may not work.. stop here
 Comparing "1" and "100".
 IF test evaluated as false.  Skipping command
  
 CHARMM>     
  
 CHARMM>            calc j = @i
 Parameter: I -> "3"
Evaluating: 3
 Parameter: J <- "3"
  
 CHARMM>            set ion = POS
 Parameter: ION <- "POS"
  
 CHARMM>     
  
 CHARMM>            if j .gt. @npos then
 Parameter: NPOS -> "12"
 Comparing "3" and "12".
 IF test evaluated as false.  Skip to ELSE or ENDIF
  
 CHARMM>     
  
 CHARMM>            define target select segid @ion .and. resid @j end
 Parameter: ION -> "POS"
 Parameter: J -> "3"
 SELRPN>      1 atoms have been selected out of  13504
  
 CHARMM>     
  
 CHARMM>            calc xpos = @A * ( ?random - 0.5 )
 Parameter: A -> "60.2201683"
 RDCMND substituted energy or value "?RANDOM" to "0.213087408"
Evaluating: 60.2201683*(0.213087408-0.5)
 Parameter: XPOS <- "-17.2779246"
  
 CHARMM>            calc ypos = @B * ( ?random - 0.5 )
 Parameter: B -> "60.2201683"
 RDCMND substituted energy or value "?RANDOM" to "0.103243152"
Evaluating: 60.2201683*(0.103243152-0.5)
 Parameter: YPOS <- "-23.8927642"
  
 CHARMM>            calc zpos = @C * ( ?random - 0.5 ) + @zcen
 Parameter: C -> "85"
 Parameter: ZCEN -> "0"
 RDCMND substituted energy or value "?RANDOM" to "0.35023357"
Evaluating: 85*(0.35023357-0.5)+0
 Parameter: ZPOS <- "-12.7301466"
  
 CHARMM>     
  
 CHARMM>            if zpos .gt. -15 if zpos .lt. 15 goto doinit
 Comparing "-12.7301466" and "-15".
 IF test evaluated as true.  Performing command
 Comparing "-12.7301466" and "15".
 IF test evaluated as true.  Performing command
  
 CHARMM>     
  
 CHARMM>            calc cntrand = @cntrand + 1
 Parameter: CNTRAND -> "1"
Evaluating: 1+1
 Parameter: CNTRAND <- "2"
  
 CHARMM>            if cntrand .gt. 100 stop ! ABNORMAL TERMINATION: ion placing may not work.. stop here
 Comparing "2" and "100".
 IF test evaluated as false.  Skipping command
  
 CHARMM>     
  
 CHARMM>            calc j = @i
 Parameter: I -> "3"
Evaluating: 3
 Parameter: J <- "3"
  
 CHARMM>            set ion = POS
 Parameter: ION <- "POS"
  
 CHARMM>     
  
 CHARMM>            if j .gt. @npos then
 Parameter: NPOS -> "12"
 Comparing "3" and "12".
 IF test evaluated as false.  Skip to ELSE or ENDIF
  
 CHARMM>     
  
 CHARMM>            define target select segid @ion .and. resid @j end
 Parameter: ION -> "POS"
 Parameter: J -> "3"
 SELRPN>      1 atoms have been selected out of  13504
  
 CHARMM>     
  
 CHARMM>            calc xpos = @A * ( ?random - 0.5 )
 Parameter: A -> "60.2201683"
 RDCMND substituted energy or value "?RANDOM" to "0.368115732"
Evaluating: 60.2201683*(0.368115732-0.5)
 Parameter: XPOS <- "-7.94209282"
  
 CHARMM>            calc ypos = @B * ( ?random - 0.5 )
 Parameter: B -> "60.2201683"
 RDCMND substituted energy or value "?RANDOM" to "0.997493941"
Evaluating: 60.2201683*(0.997493941-0.5)
 Parameter: YPOS <- "29.9591689"
  
 CHARMM>            calc zpos = @C * ( ?random - 0.5 ) + @zcen
 Parameter: C -> "85"
 Parameter: ZCEN -> "0"
 RDCMND substituted energy or value "?RANDOM" to "6.641240821E-02"
Evaluating: 85*(6.641240821E-02-0.5)+0
 Parameter: ZPOS <- "-36.8549453"
  
 CHARMM>     
  
 CHARMM>            if zpos .gt. -15 if zpos .lt. 15 goto doinit
 Comparing "-36.8549453" and "-15".
 IF test evaluated as false.  Skipping command
  
 CHARMM>     
  
 CHARMM>            ! move target to selected position
  
 CHARMM>            coor stat select target end
 SELRPN>      1 atoms have been selected out of  13504
 STATISTICS FOR         1 SELECTED ATOMS:
    XMIN =    0.000000 XMAX =    0.000000 XAVE =    0.000000
    YMIN =    0.000000 YMAX =    0.000000 YAVE =    0.000000
    ZMIN =    0.000000 ZMAX =    0.000000 ZAVE =    0.000000
    WMIN =    1.000000 WMAX =    1.000000 WAVE =    1.000000
  
 CHARMM>            calc xtran = @xpos - ?xave
 Parameter: XPOS -> "-7.94209282"
 RDCMND substituted energy or value "?XAVE" to "0"
Evaluating: -7.94209282-0
 Parameter: XTRAN <- "-7.94209282"
  
 CHARMM>            calc ytran = @ypos - ?yave
 Parameter: YPOS -> "29.9591689"
 RDCMND substituted energy or value "?YAVE" to "0"
Evaluating: 29.9591689-0
 Parameter: YTRAN <- "29.9591689"
  
 CHARMM>            calc ztran = @zpos - ?zave
 Parameter: ZPOS -> "-36.8549453"
 RDCMND substituted energy or value "?ZAVE" to "0"
Evaluating: -36.8549453-0
 Parameter: ZTRAN <- "-36.8549453"
  
 CHARMM>            coor trans xdir @xtran ydir @ytran zdir @ztran select target end
 Parameter: XTRAN -> "-7.94209282"
 Parameter: YTRAN -> "29.9591689"
 Parameter: ZTRAN -> "-36.8549453"
 SELRPN>      1 atoms have been selected out of  13504
 TRANSLATION VECTOR    -7.942093   29.959169  -36.854945
 SELECTED COORDINATES TRANSLATED IN THE MAIN SET.

  
 CHARMM>     
  
 CHARMM>            ! apply a random rotation along XYZ
  
 CHARMM>            calc xphi = ?random * 360.0
 RDCMND substituted energy or value "?RANDOM" to "0.995359958"
Evaluating: 0.995359958*360.0
 Parameter: XPHI <- "358.329585"
  
 CHARMM>            calc yphi = ?random * 360.0
 RDCMND substituted energy or value "?RANDOM" to "0.168114932"
Evaluating: 0.168114932*360.0
 Parameter: YPHI <- "60.5213755"
  
 CHARMM>            calc zphi = ?random * 360.0
 RDCMND substituted energy or value "?RANDOM" to "0.17728771"
Evaluating: 0.17728771*360.0
 Parameter: ZPHI <- "63.8235756"
  
 CHARMM>            coor rotate xcen @xpos ycen @ypos zcen @zpos xdir 1.0 -
 CHARMM>                phi @xphi select target end
 Parameter: XPOS -> "-7.94209282"
 Parameter: YPOS -> "29.9591689"
 Parameter: ZPOS -> "-36.8549453"
 Parameter: XPHI -> "358.329585"
 SELRPN>      1 atoms have been selected out of  13504
 ROTATION MATRIX
    1.000000    0.000000    0.000000
    0.000000    0.999575   -0.029150
    0.000000    0.029150    0.999575

 AXIS OF ROTATION IS -1.000000  0.000000  0.000000  ANGLE IS    1.67

 SELECTED COORDINATES ROTATED IN THE MAIN SET.

  
 CHARMM>            coor rotate xcen @xpos ycen @ypos zcen @zpos ydir 1.0 -
 CHARMM>                phi @yphi select target end
 Parameter: XPOS -> "-7.94209282"
 Parameter: YPOS -> "29.9591689"
 Parameter: ZPOS -> "-36.8549453"
 Parameter: YPHI -> "60.5213755"
 SELRPN>      1 atoms have been selected out of  13504
 ROTATION MATRIX
    0.492099    0.000000   -0.870539
    0.000000    1.000000    0.000000
    0.870539    0.000000    0.492099

 AXIS OF ROTATION IS  0.000000  1.000000  0.000000  ANGLE IS   60.52

 SELECTED COORDINATES ROTATED IN THE MAIN SET.

  
 CHARMM>            coor rotate xcen @xpos ycen @ypos zcen @zpos zdir 1.0 -
 CHARMM>                phi @zphi select target end
 Parameter: XPOS -> "-7.94209282"
 Parameter: YPOS -> "29.9591689"
 Parameter: ZPOS -> "-36.8549453"
 Parameter: ZPHI -> "63.8235756"
 SELRPN>      1 atoms have been selected out of  13504
 ROTATION MATRIX
    0.441137    0.897440    0.000000
   -0.897440    0.441137    0.000000
    0.000000    0.000000    1.000000

 AXIS OF ROTATION IS  0.000000  0.000000  1.000000  ANGLE IS   63.82

 SELECTED COORDINATES ROTATED IN THE MAIN SET.

  
 CHARMM>     
  
 CHARMM>     
  
 CHARMM>            calc dcut = 3.5
Evaluating: 3.5
 Parameter: DCUT <- "3.5"
  
 CHARMM>     
  
 CHARMM>            coor stat sele target end
 SELRPN>      1 atoms have been selected out of  13504
 STATISTICS FOR         1 SELECTED ATOMS:
    XMIN =   -7.942093 XMAX =   -7.942093 XAVE =   -7.942093
    YMIN =   29.959169 YMAX =   29.959169 YAVE =   29.959169
    ZMIN =  -36.854945 ZMAX =  -36.854945 ZAVE =  -36.854945
    WMIN =    1.000000 WMAX =    1.000000 WAVE =    1.000000
  
 CHARMM>            calc xmax = ?xmax + @dcut
 Parameter: DCUT -> "3.5"
 RDCMND substituted energy or value "?XMAX" to "-7.94209282"
Evaluating: -7.94209282+3.5
 Parameter: XMAX <- "-4.44209282"
  
 CHARMM>            calc ymax = ?ymax + @dcut
 Parameter: DCUT -> "3.5"
 RDCMND substituted energy or value "?YMAX" to "29.9591689"
Evaluating: 29.9591689+3.5
 Parameter: YMAX <- "33.4591689"
  
 CHARMM>            calc zmax = ?zmax + @dcut
 Parameter: DCUT -> "3.5"
 RDCMND substituted energy or value "?ZMAX" to "-36.8549453"
Evaluating: -36.8549453+3.5
 Parameter: ZMAX <- "-33.3549453"
  
 CHARMM>            calc xmin = ?xmin - @dcut
 Parameter: DCUT -> "3.5"
 RDCMND substituted energy or value "?XMIN" to "-7.94209282"
Evaluating: -7.94209282-3.5
 Parameter: XMIN <- "-11.4420928"
  
 CHARMM>            calc ymin = ?ymin - @dcut
 Parameter: DCUT -> "3.5"
 RDCMND substituted energy or value "?YMIN" to "29.9591689"
Evaluating: 29.9591689-3.5
 Parameter: YMIN <- "26.4591689"
  
 CHARMM>            calc zmin = ?zmin - @dcut
 Parameter: DCUT -> "3.5"
 RDCMND substituted energy or value "?ZMIN" to "-36.8549453"
Evaluating: -36.8549453-3.5
 Parameter: ZMIN <- "-40.3549453"
  
 CHARMM>     
  
 CHARMM>            define JUNK sele .not. target .and. -
 CHARMM>                             prop X .lt. @xmax .and. prop X .gt. @xmin .and. -
 CHARMM>                             prop Y .lt. @ymax .and. prop Y .gt. @ymin .and. -
 CHARMM>                             prop Z .lt. @zmax .and. prop Z .gt. @zmin  end
 Parameter: XMAX -> "-4.44209282"
 Parameter: XMIN -> "-11.4420928"
 Parameter: YMAX -> "33.4591689"
 Parameter: YMIN -> "26.4591689"
 Parameter: ZMAX -> "-33.3549453"
 Parameter: ZMIN -> "-40.3549453"
 SELRPN>      0 atoms have been selected out of  13504
  
 CHARMM>     
  
 CHARMM>            ! check if the ions are too close to protein
  
 CHARMM>            define XXX sele PROT end
 SELRPN>    872 atoms have been selected out of  13504
  
 CHARMM>            if ?nsel .gt. 0 then
 RDCMND substituted energy or value "?NSEL" to "872"
 Comparing "872" and "0".
 IF test evaluated as true.  Performing command
  
 CHARMM>                coor dist cut 10.0 sele target end -
 CHARMM>                                   sele PROT .and. JUNK .and. .not. hydrogen end image
 SELRPN>      1 atoms have been selected out of  22944
 SELRPN>      0 atoms have been selected out of  22944

            DISTANCES FOR SELECTED ATOMS
            ONLY ONE SELECTION SET SPECIFIED, A COMPARISON WILL BE DONE
 TOTAL EXCLUSION COUNT =         0
 TOTAL 1-4 EXCLUSIONS  =         0
 TOTAL NON-EXCLUSIONS  =         0
  
 CHARMM>                if ?npair .gt. 0 goto doinit
 RDCMND substituted energy or value "?NPAIR" to "0"
 Comparing "0" and "0".
 IF test evaluated as false.  Skipping command
  
 CHARMM>            endif
  
 CHARMM>     
  
 CHARMM>            ! check if the ions are too close to solute
  
 CHARMM>            coor dist cut 4.0 sele target end sele JUNK .and. .not. hydrogen end image
 SELRPN>      1 atoms have been selected out of  22944
 SELRPN>      0 atoms have been selected out of  22944

            DISTANCES FOR SELECTED ATOMS
            ONLY ONE SELECTION SET SPECIFIED, A COMPARISON WILL BE DONE
 TOTAL EXCLUSION COUNT =         0
 TOTAL 1-4 EXCLUSIONS  =         0
 TOTAL NON-EXCLUSIONS  =         0
  
 CHARMM>            if ?npair .gt. 0 goto doinit
 RDCMND substituted energy or value "?NPAIR" to "0"
 Comparing "0" and "0".
 IF test evaluated as false.  Skipping command
  
 CHARMM>     
  
 CHARMM>            calc cntrand = 0
Evaluating: 0
 Parameter: CNTRAND <- "0"
  
 CHARMM>            increase i by 1
 Parameter: I <- "4"
  
 CHARMM>            if i .le. @nion goto doinit
 Parameter: NION -> "36"
 Comparing "4" and "36".
 IF test evaluated as true.  Performing command
  
 CHARMM>     
  
 CHARMM>            calc cntrand = @cntrand + 1
 Parameter: CNTRAND -> "0"
Evaluating: 0+1
 Parameter: CNTRAND <- "1"
  
 CHARMM>            if cntrand .gt. 100 stop ! ABNORMAL TERMINATION: ion placing may not work.. stop here
 Comparing "1" and "100".
 IF test evaluated as false.  Skipping command
  
 CHARMM>     
  
 CHARMM>            calc j = @i
 Parameter: I -> "4"
Evaluating: 4
 Parameter: J <- "4"
  
 CHARMM>            set ion = POS
 Parameter: ION <- "POS"
  
 CHARMM>     
  
 CHARMM>            if j .gt. @npos then
 Parameter: NPOS -> "12"
 Comparing "4" and "12".
 IF test evaluated as false.  Skip to ELSE or ENDIF
  
 CHARMM>     
  
 CHARMM>            define target select segid @ion .and. resid @j end
 Parameter: ION -> "POS"
 Parameter: J -> "4"
 SELRPN>      1 atoms have been selected out of  13504
  
 CHARMM>     
  
 CHARMM>            calc xpos = @A * ( ?random - 0.5 )
 Parameter: A -> "60.2201683"
 RDCMND substituted energy or value "?RANDOM" to "0.28567699"
Evaluating: 60.2201683*(0.28567699-0.5)
 Parameter: XPOS <- "-12.9065677"
  
 CHARMM>            calc ypos = @B * ( ?random - 0.5 )
 Parameter: B -> "60.2201683"
 RDCMND substituted energy or value "?RANDOM" to "0.846576858"
Evaluating: 60.2201683*(0.846576858-0.5)
 Parameter: YPOS <- "20.8709167"
  
 CHARMM>            calc zpos = @C * ( ?random - 0.5 ) + @zcen
 Parameter: C -> "85"
 Parameter: ZCEN -> "0"
 RDCMND substituted energy or value "?RANDOM" to "0.500897339"
Evaluating: 85*(0.500897339-0.5)+0
 Parameter: ZPOS <- "7.6273815E-02"
  
 CHARMM>     
  
 CHARMM>            if zpos .gt. -15 if zpos .lt. 15 goto doinit
 Comparing "7.6273815E-02" and "-15".
 IF test evaluated as true.  Performing command
 Comparing "7.6273815E-02" and "15".
 IF test evaluated as true.  Performing command
  
 CHARMM>     
  
 CHARMM>            calc cntrand = @cntrand + 1
 Parameter: CNTRAND -> "1"
Evaluating: 1+1
 Parameter: CNTRAND <- "2"
  
 CHARMM>            if cntrand .gt. 100 stop ! ABNORMAL TERMINATION: ion placing may not work.. stop here
 Comparing "2" and "100".
 IF test evaluated as false.  Skipping command
  
 CHARMM>     
  
 CHARMM>            calc j = @i
 Parameter: I -> "4"
Evaluating: 4
 Parameter: J <- "4"
  
 CHARMM>            set ion = POS
 Parameter: ION <- "POS"
  
 CHARMM>     
  
 CHARMM>            if j .gt. @npos then
 Parameter: NPOS -> "12"
 Comparing "4" and "12".
 IF test evaluated as false.  Skip to ELSE or ENDIF
  
 CHARMM>     
  
 CHARMM>            define target select segid @ion .and. resid @j end
 Parameter: ION -> "POS"
 Parameter: J -> "4"
 SELRPN>      1 atoms have been selected out of  13504
  
 CHARMM>     
  
 CHARMM>            calc xpos = @A * ( ?random - 0.5 )
 Parameter: A -> "60.2201683"
 RDCMND substituted energy or value "?RANDOM" to "5.23216169E-02"
Evaluating: 60.2201683*(5.23216169E-02-0.5)
 Parameter: XPOS <- "-26.9592676"
  
 CHARMM>            calc ypos = @B * ( ?random - 0.5 )
 Parameter: B -> "60.2201683"
 RDCMND substituted energy or value "?RANDOM" to "0.650896677"
Evaluating: 60.2201683*(0.650896677-0.5)
 Parameter: YPOS <- "9.08702328"
  
 CHARMM>            calc zpos = @C * ( ?random - 0.5 ) + @zcen
 Parameter: C -> "85"
 Parameter: ZCEN -> "0"
 RDCMND substituted energy or value "?RANDOM" to "0.144919281"
Evaluating: 85*(0.144919281-0.5)+0
 Parameter: ZPOS <- "-30.1818611"
  
 CHARMM>     
  
 CHARMM>            if zpos .gt. -15 if zpos .lt. 15 goto doinit
 Comparing "-30.1818611" and "-15".
 IF test evaluated as false.  Skipping command
  
 CHARMM>     
  
 CHARMM>            ! move target to selected position
  
 CHARMM>            coor stat select target end
 SELRPN>      1 atoms have been selected out of  13504
 STATISTICS FOR         1 SELECTED ATOMS:
    XMIN =    0.000000 XMAX =    0.000000 XAVE =    0.000000
    YMIN =    0.000000 YMAX =    0.000000 YAVE =    0.000000
    ZMIN =    0.000000 ZMAX =    0.000000 ZAVE =    0.000000
    WMIN =    1.000000 WMAX =    1.000000 WAVE =    1.000000
  
 CHARMM>            calc xtran = @xpos - ?xave
 Parameter: XPOS -> "-26.9592676"
 RDCMND substituted energy or value "?XAVE" to "0"
Evaluating: -26.9592676-0
 Parameter: XTRAN <- "-26.9592676"
  
 CHARMM>            calc ytran = @ypos - ?yave
 Parameter: YPOS -> "9.08702328"
 RDCMND substituted energy or value "?YAVE" to "0"
Evaluating: 9.08702328-0
 Parameter: YTRAN <- "9.08702328"
  
 CHARMM>            calc ztran = @zpos - ?zave
 Parameter: ZPOS -> "-30.1818611"
 RDCMND substituted energy or value "?ZAVE" to "0"
Evaluating: -30.1818611-0
 Parameter: ZTRAN <- "-30.1818611"
  
 CHARMM>            coor trans xdir @xtran ydir @ytran zdir @ztran select target end
 Parameter: XTRAN -> "-26.9592676"
 Parameter: YTRAN -> "9.08702328"
 Parameter: ZTRAN -> "-30.1818611"
 SELRPN>      1 atoms have been selected out of  13504
 TRANSLATION VECTOR   -26.959268    9.087023  -30.181861
 SELECTED COORDINATES TRANSLATED IN THE MAIN SET.

  
 CHARMM>     
  
 CHARMM>            ! apply a random rotation along XYZ
  
 CHARMM>            calc xphi = ?random * 360.0
 RDCMND substituted energy or value "?RANDOM" to "0.686592914"
Evaluating: 0.686592914*360.0
 Parameter: XPHI <- "247.173449"
  
 CHARMM>            calc yphi = ?random * 360.0
 RDCMND substituted energy or value "?RANDOM" to "1.204375142E-02"
Evaluating: 1.204375142E-02*360.0
 Parameter: YPHI <- "4.33575051"
  
 CHARMM>            calc zphi = ?random * 360.0
 RDCMND substituted energy or value "?RANDOM" to "0.217974284"
Evaluating: 0.217974284*360.0
 Parameter: ZPHI <- "78.4707422"
  
 CHARMM>            coor rotate xcen @xpos ycen @ypos zcen @zpos xdir 1.0 -
 CHARMM>                phi @xphi select target end
 Parameter: XPOS -> "-26.9592676"
 Parameter: YPOS -> "9.08702328"
 Parameter: ZPOS -> "-30.1818611"
 Parameter: XPHI -> "247.173449"
 SELRPN>      1 atoms have been selected out of  13504
 ROTATION MATRIX
    1.000000    0.000000    0.000000
    0.000000   -0.387943   -0.921683
    0.000000    0.921683   -0.387943

 AXIS OF ROTATION IS -1.000000  0.000000  0.000000  ANGLE IS  112.83

 SELECTED COORDINATES ROTATED IN THE MAIN SET.

  
 CHARMM>            coor rotate xcen @xpos ycen @ypos zcen @zpos ydir 1.0 -
 CHARMM>                phi @yphi select target end
 Parameter: XPOS -> "-26.9592676"
 Parameter: YPOS -> "9.08702328"
 Parameter: ZPOS -> "-30.1818611"
 Parameter: YPHI -> "4.33575051"
 SELRPN>      1 atoms have been selected out of  13504
 ROTATION MATRIX
    0.997138    0.000000   -0.075601
    0.000000    1.000000    0.000000
    0.075601    0.000000    0.997138

 AXIS OF ROTATION IS  0.000000  1.000000  0.000000  ANGLE IS    4.34

 SELECTED COORDINATES ROTATED IN THE MAIN SET.

  
 CHARMM>            coor rotate xcen @xpos ycen @ypos zcen @zpos zdir 1.0 -
 CHARMM>                phi @zphi select target end
 Parameter: XPOS -> "-26.9592676"
 Parameter: YPOS -> "9.08702328"
 Parameter: ZPOS -> "-30.1818611"
 Parameter: ZPHI -> "78.4707422"
 SELRPN>      1 atoms have been selected out of  13504
 ROTATION MATRIX
    0.199868    0.979823    0.000000
   -0.979823    0.199868    0.000000
    0.000000    0.000000    1.000000

 AXIS OF ROTATION IS  0.000000  0.000000  1.000000  ANGLE IS   78.47

 SELECTED COORDINATES ROTATED IN THE MAIN SET.

  
 CHARMM>     
  
 CHARMM>     
  
 CHARMM>            calc dcut = 3.5
Evaluating: 3.5
 Parameter: DCUT <- "3.5"
  
 CHARMM>     
  
 CHARMM>            coor stat sele target end
 SELRPN>      1 atoms have been selected out of  13504
 STATISTICS FOR         1 SELECTED ATOMS:
    XMIN =  -26.959268 XMAX =  -26.959268 XAVE =  -26.959268
    YMIN =    9.087023 YMAX =    9.087023 YAVE =    9.087023
    ZMIN =  -30.181861 ZMAX =  -30.181861 ZAVE =  -30.181861
    WMIN =    1.000000 WMAX =    1.000000 WAVE =    1.000000
  
 CHARMM>            calc xmax = ?xmax + @dcut
 Parameter: DCUT -> "3.5"
 RDCMND substituted energy or value "?XMAX" to "-26.9592676"
Evaluating: -26.9592676+3.5
 Parameter: XMAX <- "-23.4592676"
  
 CHARMM>            calc ymax = ?ymax + @dcut
 Parameter: DCUT -> "3.5"
 RDCMND substituted energy or value "?YMAX" to "9.08702328"
Evaluating: 9.08702328+3.5
 Parameter: YMAX <- "12.5870233"
  
 CHARMM>            calc zmax = ?zmax + @dcut
 Parameter: DCUT -> "3.5"
 RDCMND substituted energy or value "?ZMAX" to "-30.1818611"
Evaluating: -30.1818611+3.5
 Parameter: ZMAX <- "-26.6818611"
  
 CHARMM>            calc xmin = ?xmin - @dcut
 Parameter: DCUT -> "3.5"
 RDCMND substituted energy or value "?XMIN" to "-26.9592676"
Evaluating: -26.9592676-3.5
 Parameter: XMIN <- "-30.4592676"
  
 CHARMM>            calc ymin = ?ymin - @dcut
 Parameter: DCUT -> "3.5"
 RDCMND substituted energy or value "?YMIN" to "9.08702328"
Evaluating: 9.08702328-3.5
 Parameter: YMIN <- "5.58702328"
  
 CHARMM>            calc zmin = ?zmin - @dcut
 Parameter: DCUT -> "3.5"
 RDCMND substituted energy or value "?ZMIN" to "-30.1818611"
Evaluating: -30.1818611-3.5
 Parameter: ZMIN <- "-33.6818611"
  
 CHARMM>     
  
 CHARMM>            define JUNK sele .not. target .and. -
 CHARMM>                             prop X .lt. @xmax .and. prop X .gt. @xmin .and. -
 CHARMM>                             prop Y .lt. @ymax .and. prop Y .gt. @ymin .and. -
 CHARMM>                             prop Z .lt. @zmax .and. prop Z .gt. @zmin  end
 Parameter: XMAX -> "-23.4592676"
 Parameter: XMIN -> "-30.4592676"
 Parameter: YMAX -> "12.5870233"
 Parameter: YMIN -> "5.58702328"
 Parameter: ZMAX -> "-26.6818611"
 Parameter: ZMIN -> "-33.6818611"
 SELRPN>      0 atoms have been selected out of  13504
  
 CHARMM>     
  
 CHARMM>            ! check if the ions are too close to protein
  
 CHARMM>            define XXX sele PROT end
 SELRPN>    872 atoms have been selected out of  13504
  
 CHARMM>            if ?nsel .gt. 0 then
 RDCMND substituted energy or value "?NSEL" to "872"
 Comparing "872" and "0".
 IF test evaluated as true.  Performing command
  
 CHARMM>                coor dist cut 10.0 sele target end -
 CHARMM>                                   sele PROT .and. JUNK .and. .not. hydrogen end image
 SELRPN>      1 atoms have been selected out of  22944
 SELRPN>      0 atoms have been selected out of  22944

            DISTANCES FOR SELECTED ATOMS
            ONLY ONE SELECTION SET SPECIFIED, A COMPARISON WILL BE DONE
 TOTAL EXCLUSION COUNT =         0
 TOTAL 1-4 EXCLUSIONS  =         0
 TOTAL NON-EXCLUSIONS  =         0
  
 CHARMM>                if ?npair .gt. 0 goto doinit
 RDCMND substituted energy or value "?NPAIR" to "0"
 Comparing "0" and "0".
 IF test evaluated as false.  Skipping command
  
 CHARMM>            endif
  
 CHARMM>     
  
 CHARMM>            ! check if the ions are too close to solute
  
 CHARMM>            coor dist cut 4.0 sele target end sele JUNK .and. .not. hydrogen end image
 SELRPN>      1 atoms have been selected out of  22944
 SELRPN>      0 atoms have been selected out of  22944

            DISTANCES FOR SELECTED ATOMS
            ONLY ONE SELECTION SET SPECIFIED, A COMPARISON WILL BE DONE
 TOTAL EXCLUSION COUNT =         0
 TOTAL 1-4 EXCLUSIONS  =         0
 TOTAL NON-EXCLUSIONS  =         0
  
 CHARMM>            if ?npair .gt. 0 goto doinit
 RDCMND substituted energy or value "?NPAIR" to "0"
 Comparing "0" and "0".
 IF test evaluated as false.  Skipping command
  
 CHARMM>     
  
 CHARMM>            calc cntrand = 0
Evaluating: 0
 Parameter: CNTRAND <- "0"
  
 CHARMM>            increase i by 1
 Parameter: I <- "5"
  
 CHARMM>            if i .le. @nion goto doinit
 Parameter: NION -> "36"
 Comparing "5" and "36".
 IF test evaluated as true.  Performing command
  
 CHARMM>     
  
 CHARMM>            calc cntrand = @cntrand + 1
 Parameter: CNTRAND -> "0"
Evaluating: 0+1
 Parameter: CNTRAND <- "1"
  
 CHARMM>            if cntrand .gt. 100 stop ! ABNORMAL TERMINATION: ion placing may not work.. stop here
 Comparing "1" and "100".
 IF test evaluated as false.  Skipping command
  
 CHARMM>     
  
 CHARMM>            calc j = @i
 Parameter: I -> "5"
Evaluating: 5
 Parameter: J <- "5"
  
 CHARMM>            set ion = POS
 Parameter: ION <- "POS"
  
 CHARMM>     
  
 CHARMM>            if j .gt. @npos then
 Parameter: NPOS -> "12"
 Comparing "5" and "12".
 IF test evaluated as false.  Skip to ELSE or ENDIF
  
 CHARMM>     
  
 CHARMM>            define target select segid @ion .and. resid @j end
 Parameter: ION -> "POS"
 Parameter: J -> "5"
 SELRPN>      1 atoms have been selected out of  13504
  
 CHARMM>     
  
 CHARMM>            calc xpos = @A * ( ?random - 0.5 )
 Parameter: A -> "60.2201683"
 RDCMND substituted energy or value "?RANDOM" to "0.573961275"
Evaluating: 60.2201683*(0.573961275-0.5)
 Parameter: XPOS <- "4.45396043"
  
 CHARMM>            calc ypos = @B * ( ?random - 0.5 )
 Parameter: B -> "60.2201683"
 RDCMND substituted energy or value "?RANDOM" to "0.692560158"
Evaluating: 60.2201683*(0.692560158-0.5)
 Parameter: YPOS <- "11.5960051"
  
 CHARMM>            calc zpos = @C * ( ?random - 0.5 ) + @zcen
 Parameter: C -> "85"
 Parameter: ZCEN -> "0"
 RDCMND substituted energy or value "?RANDOM" to "0.262663665"
Evaluating: 85*(0.262663665-0.5)+0
 Parameter: ZPOS <- "-20.1735885"
  
 CHARMM>     
  
 CHARMM>            if zpos .gt. -15 if zpos .lt. 15 goto doinit
 Comparing "-20.1735885" and "-15".
 IF test evaluated as false.  Skipping command
  
 CHARMM>     
  
 CHARMM>            ! move target to selected position
  
 CHARMM>            coor stat select target end
 SELRPN>      1 atoms have been selected out of  13504
 STATISTICS FOR         1 SELECTED ATOMS:
    XMIN =    0.000000 XMAX =    0.000000 XAVE =    0.000000
    YMIN =    0.000000 YMAX =    0.000000 YAVE =    0.000000
    ZMIN =    0.000000 ZMAX =    0.000000 ZAVE =    0.000000
    WMIN =    1.000000 WMAX =    1.000000 WAVE =    1.000000
  
 CHARMM>            calc xtran = @xpos - ?xave
 Parameter: XPOS -> "4.45396043"
 RDCMND substituted energy or value "?XAVE" to "0"
Evaluating: 4.45396043-0
 Parameter: XTRAN <- "4.45396043"
  
 CHARMM>            calc ytran = @ypos - ?yave
 Parameter: YPOS -> "11.5960051"
 RDCMND substituted energy or value "?YAVE" to "0"
Evaluating: 11.5960051-0
 Parameter: YTRAN <- "11.5960051"
  
 CHARMM>            calc ztran = @zpos - ?zave
 Parameter: ZPOS -> "-20.1735885"
 RDCMND substituted energy or value "?ZAVE" to "0"
Evaluating: -20.1735885-0
 Parameter: ZTRAN <- "-20.1735885"
  
 CHARMM>            coor trans xdir @xtran ydir @ytran zdir @ztran select target end
 Parameter: XTRAN -> "4.45396043"
 Parameter: YTRAN -> "11.5960051"
 Parameter: ZTRAN -> "-20.1735885"
 SELRPN>      1 atoms have been selected out of  13504
 TRANSLATION VECTOR     4.453960   11.596005  -20.173589
 SELECTED COORDINATES TRANSLATED IN THE MAIN SET.

  
 CHARMM>     
  
 CHARMM>            ! apply a random rotation along XYZ
  
 CHARMM>            calc xphi = ?random * 360.0
 RDCMND substituted energy or value "?RANDOM" to "0.445932571"
Evaluating: 0.445932571*360.0
 Parameter: XPHI <- "160.535726"
  
 CHARMM>            calc yphi = ?random * 360.0
 RDCMND substituted energy or value "?RANDOM" to "1.549754775E-02"
Evaluating: 1.549754775E-02*360.0
 Parameter: YPHI <- "5.57911719"
  
 CHARMM>            calc zphi = ?random * 360.0
 RDCMND substituted energy or value "?RANDOM" to "0.177518918"
Evaluating: 0.177518918*360.0
 Parameter: ZPHI <- "63.9068105"
  
 CHARMM>            coor rotate xcen @xpos ycen @ypos zcen @zpos xdir 1.0 -
 CHARMM>                phi @xphi select target end
 Parameter: XPOS -> "4.45396043"
 Parameter: YPOS -> "11.5960051"
 Parameter: ZPOS -> "-20.1735885"
 Parameter: XPHI -> "160.535726"
 SELRPN>      1 atoms have been selected out of  13504
 ROTATION MATRIX
    1.000000    0.000000    0.000000
    0.000000   -0.942849    0.333219
    0.000000   -0.333219   -0.942849

 AXIS OF ROTATION IS  1.000000  0.000000  0.000000  ANGLE IS  160.54

 SELECTED COORDINATES ROTATED IN THE MAIN SET.

  
 CHARMM>            coor rotate xcen @xpos ycen @ypos zcen @zpos ydir 1.0 -
 CHARMM>                phi @yphi select target end
 Parameter: XPOS -> "4.45396043"
 Parameter: YPOS -> "11.5960051"
 Parameter: ZPOS -> "-20.1735885"
 Parameter: YPHI -> "5.57911719"
 SELRPN>      1 atoms have been selected out of  13504
 ROTATION MATRIX
    0.995263    0.000000   -0.097220
    0.000000    1.000000    0.000000
    0.097220    0.000000    0.995263

 AXIS OF ROTATION IS  0.000000  1.000000  0.000000  ANGLE IS    5.58

 SELECTED COORDINATES ROTATED IN THE MAIN SET.

  
 CHARMM>            coor rotate xcen @xpos ycen @ypos zcen @zpos zdir 1.0 -
 CHARMM>                phi @zphi select target end
 Parameter: XPOS -> "4.45396043"
 Parameter: YPOS -> "11.5960051"
 Parameter: ZPOS -> "-20.1735885"
 Parameter: ZPHI -> "63.9068105"
 SELRPN>      1 atoms have been selected out of  13504
 ROTATION MATRIX
    0.439832    0.898080    0.000000
   -0.898080    0.439832    0.000000
    0.000000    0.000000    1.000000

 AXIS OF ROTATION IS  0.000000  0.000000  1.000000  ANGLE IS   63.91

 SELECTED COORDINATES ROTATED IN THE MAIN SET.

  
 CHARMM>     
  
 CHARMM>     
  
 CHARMM>            calc dcut = 3.5
Evaluating: 3.5
 Parameter: DCUT <- "3.5"
  
 CHARMM>     
  
 CHARMM>            coor stat sele target end
 SELRPN>      1 atoms have been selected out of  13504
 STATISTICS FOR         1 SELECTED ATOMS:
    XMIN =    4.453960 XMAX =    4.453960 XAVE =    4.453960
    YMIN =   11.596005 YMAX =   11.596005 YAVE =   11.596005
    ZMIN =  -20.173589 ZMAX =  -20.173589 ZAVE =  -20.173589
    WMIN =    1.000000 WMAX =    1.000000 WAVE =    1.000000
  
 CHARMM>            calc xmax = ?xmax + @dcut
 Parameter: DCUT -> "3.5"
 RDCMND substituted energy or value "?XMAX" to "4.45396043"
Evaluating: 4.45396043+3.5
 Parameter: XMAX <- "7.95396043"
  
 CHARMM>            calc ymax = ?ymax + @dcut
 Parameter: DCUT -> "3.5"
 RDCMND substituted energy or value "?YMAX" to "11.5960051"
Evaluating: 11.5960051+3.5
 Parameter: YMAX <- "15.0960051"
  
 CHARMM>            calc zmax = ?zmax + @dcut
 Parameter: DCUT -> "3.5"
 RDCMND substituted energy or value "?ZMAX" to "-20.1735885"
Evaluating: -20.1735885+3.5
 Parameter: ZMAX <- "-16.6735885"
  
 CHARMM>            calc xmin = ?xmin - @dcut
 Parameter: DCUT -> "3.5"
 RDCMND substituted energy or value "?XMIN" to "4.45396043"
Evaluating: 4.45396043-3.5
 Parameter: XMIN <- "0.95396043"
  
 CHARMM>            calc ymin = ?ymin - @dcut
 Parameter: DCUT -> "3.5"
 RDCMND substituted energy or value "?YMIN" to "11.5960051"
Evaluating: 11.5960051-3.5
 Parameter: YMIN <- "8.0960051"
  
 CHARMM>            calc zmin = ?zmin - @dcut
 Parameter: DCUT -> "3.5"
 RDCMND substituted energy or value "?ZMIN" to "-20.1735885"
Evaluating: -20.1735885-3.5
 Parameter: ZMIN <- "-23.6735885"
  
 CHARMM>     
  
 CHARMM>            define JUNK sele .not. target .and. -
 CHARMM>                             prop X .lt. @xmax .and. prop X .gt. @xmin .and. -
 CHARMM>                             prop Y .lt. @ymax .and. prop Y .gt. @ymin .and. -
 CHARMM>                             prop Z .lt. @zmax .and. prop Z .gt. @zmin  end
 Parameter: XMAX -> "7.95396043"
 Parameter: XMIN -> "0.95396043"
 Parameter: YMAX -> "15.0960051"
 Parameter: YMIN -> "8.0960051"
 Parameter: ZMAX -> "-16.6735885"
 Parameter: ZMIN -> "-23.6735885"
 SELRPN>     14 atoms have been selected out of  13504
  
 CHARMM>     
  
 CHARMM>            ! check if the ions are too close to protein
  
 CHARMM>            define XXX sele PROT end
 SELRPN>    872 atoms have been selected out of  13504
  
 CHARMM>            if ?nsel .gt. 0 then
 RDCMND substituted energy or value "?NSEL" to "872"
 Comparing "872" and "0".
 IF test evaluated as true.  Performing command
  
 CHARMM>                coor dist cut 10.0 sele target end -
 CHARMM>                                   sele PROT .and. JUNK .and. .not. hydrogen end image
 SELRPN>      1 atoms have been selected out of  22944
 SELRPN>      0 atoms have been selected out of  22944

            DISTANCES FOR SELECTED ATOMS
            ONLY ONE SELECTION SET SPECIFIED, A COMPARISON WILL BE DONE
 TOTAL EXCLUSION COUNT =         0
 TOTAL 1-4 EXCLUSIONS  =         0
 TOTAL NON-EXCLUSIONS  =         0
  
 CHARMM>                if ?npair .gt. 0 goto doinit
 RDCMND substituted energy or value "?NPAIR" to "0"
 Comparing "0" and "0".
 IF test evaluated as false.  Skipping command
  
 CHARMM>            endif
  
 CHARMM>     
  
 CHARMM>            ! check if the ions are too close to solute
  
 CHARMM>            coor dist cut 4.0 sele target end sele JUNK .and. .not. hydrogen end image
 SELRPN>      1 atoms have been selected out of  22944
 SELRPN>     10 atoms have been selected out of  22944

            DISTANCES FOR SELECTED ATOMS
13473 POS      SOD      5        SOD     -8110 MEMB     POPC     55       C12           3.5351
13473 POS      SOD      5        SOD     -8125 MEMB     POPC     55       C11           3.6253
13473 POS      SOD      5        SOD     -8128 MEMB     POPC     55       P             2.6798
13473 POS      SOD      5        SOD     -8129 MEMB     POPC     55       O13           3.7224
13473 POS      SOD      5        SOD     -8130 MEMB     POPC     55       O14           1.2165
13473 POS      SOD      5        SOD     -8131 MEMB     POPC     55       O12           3.5101
13473 POS      SOD      5        SOD     -8132 MEMB     POPC     55       O11           3.2769
 TOTAL EXCLUSION COUNT =         0
 TOTAL 1-4 EXCLUSIONS  =         0
 TOTAL NON-EXCLUSIONS  =         7
  
 CHARMM>            if ?npair .gt. 0 goto doinit
 RDCMND substituted energy or value "?NPAIR" to "7"
 Comparing "7" and "0".
 IF test evaluated as true.  Performing command
  
 CHARMM>     
  
 CHARMM>            calc cntrand = @cntrand + 1
 Parameter: CNTRAND -> "1"
Evaluating: 1+1
 Parameter: CNTRAND <- "2"
  
 CHARMM>            if cntrand .gt. 100 stop ! ABNORMAL TERMINATION: ion placing may not work.. stop here
 Comparing "2" and "100".
 IF test evaluated as false.  Skipping command
  
 CHARMM>     
  
 CHARMM>            calc j = @i
 Parameter: I -> "5"
Evaluating: 5
 Parameter: J <- "5"
  
 CHARMM>            set ion = POS
 Parameter: ION <- "POS"
  
 CHARMM>     
  
 CHARMM>            if j .gt. @npos then
 Parameter: NPOS -> "12"
 Comparing "5" and "12".
 IF test evaluated as false.  Skip to ELSE or ENDIF
  
 CHARMM>     
  
 CHARMM>            define target select segid @ion .and. resid @j end
 Parameter: ION -> "POS"
 Parameter: J -> "5"
 SELRPN>      1 atoms have been selected out of  13504
  
 CHARMM>     
  
 CHARMM>            calc xpos = @A * ( ?random - 0.5 )
 Parameter: A -> "60.2201683"
 RDCMND substituted energy or value "?RANDOM" to "0.474075327"
Evaluating: 60.2201683*(0.474075327-0.5)
 Parameter: XPOS <- "-1.56118817"
  
 CHARMM>            calc ypos = @B * ( ?random - 0.5 )
 Parameter: B -> "60.2201683"
 RDCMND substituted energy or value "?RANDOM" to "0.67866597"
Evaluating: 60.2201683*(0.67866597-0.5)
 Parameter: YPOS <- "10.7592948"
  
 CHARMM>            calc zpos = @C * ( ?random - 0.5 ) + @zcen
 Parameter: C -> "85"
 Parameter: ZCEN -> "0"
 RDCMND substituted energy or value "?RANDOM" to "0.224024998"
Evaluating: 85*(0.224024998-0.5)+0
 Parameter: ZPOS <- "-23.4578752"
  
 CHARMM>     
  
 CHARMM>            if zpos .gt. -15 if zpos .lt. 15 goto doinit
 Comparing "-23.4578752" and "-15".
 IF test evaluated as false.  Skipping command
  
 CHARMM>     
  
 CHARMM>            ! move target to selected position
  
 CHARMM>            coor stat select target end
 SELRPN>      1 atoms have been selected out of  13504
 STATISTICS FOR         1 SELECTED ATOMS:
    XMIN =    4.453960 XMAX =    4.453960 XAVE =    4.453960
    YMIN =   11.596005 YMAX =   11.596005 YAVE =   11.596005
    ZMIN =  -20.173589 ZMAX =  -20.173589 ZAVE =  -20.173589
    WMIN =    1.000000 WMAX =    1.000000 WAVE =    1.000000
  
 CHARMM>            calc xtran = @xpos - ?xave
 Parameter: XPOS -> "-1.56118817"
 RDCMND substituted energy or value "?XAVE" to "4.45396043"
Evaluating: -1.56118817-4.45396043
 Parameter: XTRAN <- "-6.0151486"
  
 CHARMM>            calc ytran = @ypos - ?yave
 Parameter: YPOS -> "10.7592948"
 RDCMND substituted energy or value "?YAVE" to "11.5960051"
Evaluating: 10.7592948-11.5960051
 Parameter: YTRAN <- "-0.8367103"
  
 CHARMM>            calc ztran = @zpos - ?zave
 Parameter: ZPOS -> "-23.4578752"
 RDCMND substituted energy or value "?ZAVE" to "-20.1735885"
Evaluating: -23.4578752--20.1735885
 Parameter: ZTRAN <- "-3.2842867"
  
 CHARMM>            coor trans xdir @xtran ydir @ytran zdir @ztran select target end
 Parameter: XTRAN -> "-6.0151486"
 Parameter: YTRAN -> "-0.8367103"
 Parameter: ZTRAN -> "-3.2842867"
 SELRPN>      1 atoms have been selected out of  13504
 TRANSLATION VECTOR    -6.015149   -0.836710   -3.284287
 SELECTED COORDINATES TRANSLATED IN THE MAIN SET.

  
 CHARMM>     
  
 CHARMM>            ! apply a random rotation along XYZ
  
 CHARMM>            calc xphi = ?random * 360.0
 RDCMND substituted energy or value "?RANDOM" to "0.840896478"
Evaluating: 0.840896478*360.0
 Parameter: XPHI <- "302.722732"
  
 CHARMM>            calc yphi = ?random * 360.0
 RDCMND substituted energy or value "?RANDOM" to "0.135415265"
Evaluating: 0.135415265*360.0
 Parameter: YPHI <- "48.7494954"
  
 CHARMM>            calc zphi = ?random * 360.0
 RDCMND substituted energy or value "?RANDOM" to "0.316402578"
Evaluating: 0.316402578*360.0
 Parameter: ZPHI <- "113.904928"
  
 CHARMM>            coor rotate xcen @xpos ycen @ypos zcen @zpos xdir 1.0 -
 CHARMM>                phi @xphi select target end
 Parameter: XPOS -> "-1.56118817"
 Parameter: YPOS -> "10.7592948"
 Parameter: ZPOS -> "-23.4578752"
 Parameter: XPHI -> "302.722732"
 SELRPN>      1 atoms have been selected out of  13504
 ROTATION MATRIX
    1.000000    0.000000    0.000000
    0.000000    0.540574   -0.841296
    0.000000    0.841296    0.540574

 AXIS OF ROTATION IS -1.000000  0.000000  0.000000  ANGLE IS   57.28

 SELECTED COORDINATES ROTATED IN THE MAIN SET.

  
 CHARMM>            coor rotate xcen @xpos ycen @ypos zcen @zpos ydir 1.0 -
 CHARMM>                phi @yphi select target end
 Parameter: XPOS -> "-1.56118817"
 Parameter: YPOS -> "10.7592948"
 Parameter: ZPOS -> "-23.4578752"
 Parameter: YPHI -> "48.7494954"
 SELRPN>      1 atoms have been selected out of  13504
 ROTATION MATRIX
    0.659352    0.000000   -0.751834
    0.000000    1.000000    0.000000
    0.751834    0.000000    0.659352

 AXIS OF ROTATION IS  0.000000  1.000000  0.000000  ANGLE IS   48.75

 SELECTED COORDINATES ROTATED IN THE MAIN SET.

  
 CHARMM>            coor rotate xcen @xpos ycen @ypos zcen @zpos zdir 1.0 -
 CHARMM>                phi @zphi select target end
 Parameter: XPOS -> "-1.56118817"
 Parameter: YPOS -> "10.7592948"
 Parameter: ZPOS -> "-23.4578752"
 Parameter: ZPHI -> "113.904928"
 SELRPN>      1 atoms have been selected out of  13504
 ROTATION MATRIX
   -0.405220    0.914219    0.000000
   -0.914219   -0.405220    0.000000
    0.000000    0.000000    1.000000

 AXIS OF ROTATION IS  0.000000  0.000000  1.000000  ANGLE IS  113.90

 SELECTED COORDINATES ROTATED IN THE MAIN SET.

  
 CHARMM>     
  
 CHARMM>     
  
 CHARMM>            calc dcut = 3.5
Evaluating: 3.5
 Parameter: DCUT <- "3.5"
  
 CHARMM>     
  
 CHARMM>            coor stat sele target end
 SELRPN>      1 atoms have been selected out of  13504
 STATISTICS FOR         1 SELECTED ATOMS:
    XMIN =   -1.561188 XMAX =   -1.561188 XAVE =   -1.561188
    YMIN =   10.759295 YMAX =   10.759295 YAVE =   10.759295
    ZMIN =  -23.457875 ZMAX =  -23.457875 ZAVE =  -23.457875
    WMIN =    1.000000 WMAX =    1.000000 WAVE =    1.000000
  
 CHARMM>            calc xmax = ?xmax + @dcut
 Parameter: DCUT -> "3.5"
 RDCMND substituted energy or value "?XMAX" to "-1.56118817"
Evaluating: -1.56118817+3.5
 Parameter: XMAX <- "1.93881183"
  
 CHARMM>            calc ymax = ?ymax + @dcut
 Parameter: DCUT -> "3.5"
 RDCMND substituted energy or value "?YMAX" to "10.7592948"
Evaluating: 10.7592948+3.5
 Parameter: YMAX <- "14.2592948"
  
 CHARMM>            calc zmax = ?zmax + @dcut
 Parameter: DCUT -> "3.5"
 RDCMND substituted energy or value "?ZMAX" to "-23.4578752"
Evaluating: -23.4578752+3.5
 Parameter: ZMAX <- "-19.9578752"
  
 CHARMM>            calc xmin = ?xmin - @dcut
 Parameter: DCUT -> "3.5"
 RDCMND substituted energy or value "?XMIN" to "-1.56118817"
Evaluating: -1.56118817-3.5
 Parameter: XMIN <- "-5.06118817"
  
 CHARMM>            calc ymin = ?ymin - @dcut
 Parameter: DCUT -> "3.5"
 RDCMND substituted energy or value "?YMIN" to "10.7592948"
Evaluating: 10.7592948-3.5
 Parameter: YMIN <- "7.2592948"
  
 CHARMM>            calc zmin = ?zmin - @dcut
 Parameter: DCUT -> "3.5"
 RDCMND substituted energy or value "?ZMIN" to "-23.4578752"
Evaluating: -23.4578752-3.5
 Parameter: ZMIN <- "-26.9578752"
  
 CHARMM>     
  
 CHARMM>            define JUNK sele .not. target .and. -
 CHARMM>                             prop X .lt. @xmax .and. prop X .gt. @xmin .and. -
 CHARMM>                             prop Y .lt. @ymax .and. prop Y .gt. @ymin .and. -
 CHARMM>                             prop Z .lt. @zmax .and. prop Z .gt. @zmin  end
 Parameter: XMAX -> "1.93881183"
 Parameter: XMIN -> "-5.06118817"
 Parameter: YMAX -> "14.2592948"
 Parameter: YMIN -> "7.2592948"
 Parameter: ZMAX -> "-19.9578752"
 Parameter: ZMIN -> "-26.9578752"
 SELRPN>     14 atoms have been selected out of  13504
  
 CHARMM>     
  
 CHARMM>            ! check if the ions are too close to protein
  
 CHARMM>            define XXX sele PROT end
 SELRPN>    872 atoms have been selected out of  13504
  
 CHARMM>            if ?nsel .gt. 0 then
 RDCMND substituted energy or value "?NSEL" to "872"
 Comparing "872" and "0".
 IF test evaluated as true.  Performing command
  
 CHARMM>                coor dist cut 10.0 sele target end -
 CHARMM>                                   sele PROT .and. JUNK .and. .not. hydrogen end image
 SELRPN>      1 atoms have been selected out of  22944
 SELRPN>      0 atoms have been selected out of  22944

            DISTANCES FOR SELECTED ATOMS
            ONLY ONE SELECTION SET SPECIFIED, A COMPARISON WILL BE DONE
 TOTAL EXCLUSION COUNT =         0
 TOTAL 1-4 EXCLUSIONS  =         0
 TOTAL NON-EXCLUSIONS  =         0
  
 CHARMM>                if ?npair .gt. 0 goto doinit
 RDCMND substituted energy or value "?NPAIR" to "0"
 Comparing "0" and "0".
 IF test evaluated as false.  Skipping command
  
 CHARMM>            endif
  
 CHARMM>     
  
 CHARMM>            ! check if the ions are too close to solute
  
 CHARMM>            coor dist cut 4.0 sele target end sele JUNK .and. .not. hydrogen end image
 SELRPN>      1 atoms have been selected out of  22944
 SELRPN>      5 atoms have been selected out of  22944

            DISTANCES FOR SELECTED ATOMS
13473 POS      SOD      5        SOD     -7439 MEMB     POPC     50       N             2.5045
13473 POS      SOD      5        SOD     -7440 MEMB     POPC     50       C12           3.3300
13473 POS      SOD      5        SOD     -7443 MEMB     POPC     50       C13           3.6608
13473 POS      SOD      5        SOD     -7447 MEMB     POPC     50       C14           2.8176
13473 POS      SOD      5        SOD     -7451 MEMB     POPC     50       C15           1.3045
 TOTAL EXCLUSION COUNT =         0
 TOTAL 1-4 EXCLUSIONS  =         0
 TOTAL NON-EXCLUSIONS  =         5
  
 CHARMM>            if ?npair .gt. 0 goto doinit
 RDCMND substituted energy or value "?NPAIR" to "5"
 Comparing "5" and "0".
 IF test evaluated as true.  Performing command
  
 CHARMM>     
  
 CHARMM>            calc cntrand = @cntrand + 1
 Parameter: CNTRAND -> "2"
Evaluating: 2+1
 Parameter: CNTRAND <- "3"
  
 CHARMM>            if cntrand .gt. 100 stop ! ABNORMAL TERMINATION: ion placing may not work.. stop here
 Comparing "3" and "100".
 IF test evaluated as false.  Skipping command
  
 CHARMM>     
  
 CHARMM>            calc j = @i
 Parameter: I -> "5"
Evaluating: 5
 Parameter: J <- "5"
  
 CHARMM>            set ion = POS
 Parameter: ION <- "POS"
  
 CHARMM>     
  
 CHARMM>            if j .gt. @npos then
 Parameter: NPOS -> "12"
 Comparing "5" and "12".
 IF test evaluated as false.  Skip to ELSE or ENDIF
  
 CHARMM>     
  
 CHARMM>            define target select segid @ion .and. resid @j end
 Parameter: ION -> "POS"
 Parameter: J -> "5"
 SELRPN>      1 atoms have been selected out of  13504
  
 CHARMM>     
  
 CHARMM>            calc xpos = @A * ( ?random - 0.5 )
 Parameter: A -> "60.2201683"
 RDCMND substituted energy or value "?RANDOM" to "0.163884001"
Evaluating: 60.2201683*(0.163884001-0.5)
 Parameter: XPOS <- "-20.240962"
  
 CHARMM>            calc ypos = @B * ( ?random - 0.5 )
 Parameter: B -> "60.2201683"
 RDCMND substituted energy or value "?RANDOM" to "0.340359396"
Evaluating: 60.2201683*(0.340359396-0.5)
 Parameter: YPOS <- "-9.61358404"
  
 CHARMM>            calc zpos = @C * ( ?random - 0.5 ) + @zcen
 Parameter: C -> "85"
 Parameter: ZCEN -> "0"
 RDCMND substituted energy or value "?RANDOM" to "0.19114609"
Evaluating: 85*(0.19114609-0.5)+0
 Parameter: ZPOS <- "-26.2525824"
  
 CHARMM>     
  
 CHARMM>            if zpos .gt. -15 if zpos .lt. 15 goto doinit
 Comparing "-26.2525824" and "-15".
 IF test evaluated as false.  Skipping command
  
 CHARMM>     
  
 CHARMM>            ! move target to selected position
  
 CHARMM>            coor stat select target end
 SELRPN>      1 atoms have been selected out of  13504
 STATISTICS FOR         1 SELECTED ATOMS:
    XMIN =   -1.561188 XMAX =   -1.561188 XAVE =   -1.561188
    YMIN =   10.759295 YMAX =   10.759295 YAVE =   10.759295
    ZMIN =  -23.457875 ZMAX =  -23.457875 ZAVE =  -23.457875
    WMIN =    1.000000 WMAX =    1.000000 WAVE =    1.000000
  
 CHARMM>            calc xtran = @xpos - ?xave
 Parameter: XPOS -> "-20.240962"
 RDCMND substituted energy or value "?XAVE" to "-1.56118817"
Evaluating: -20.240962--1.56118817
 Parameter: XTRAN <- "-18.6797738"
  
 CHARMM>            calc ytran = @ypos - ?yave
 Parameter: YPOS -> "-9.61358404"
 RDCMND substituted energy or value "?YAVE" to "10.7592948"
Evaluating: -9.61358404-10.7592948
 Parameter: YTRAN <- "-20.3728788"
  
 CHARMM>            calc ztran = @zpos - ?zave
 Parameter: ZPOS -> "-26.2525824"
 RDCMND substituted energy or value "?ZAVE" to "-23.4578752"
Evaluating: -26.2525824--23.4578752
 Parameter: ZTRAN <- "-2.7947072"
  
 CHARMM>            coor trans xdir @xtran ydir @ytran zdir @ztran select target end
 Parameter: XTRAN -> "-18.6797738"
 Parameter: YTRAN -> "-20.3728788"
 Parameter: ZTRAN -> "-2.7947072"
 SELRPN>      1 atoms have been selected out of  13504
 TRANSLATION VECTOR   -18.679774  -20.372879   -2.794707
 SELECTED COORDINATES TRANSLATED IN THE MAIN SET.

  
 CHARMM>     
  
 CHARMM>            ! apply a random rotation along XYZ
  
 CHARMM>            calc xphi = ?random * 360.0
 RDCMND substituted energy or value "?RANDOM" to "0.58098163"
Evaluating: 0.58098163*360.0
 Parameter: XPHI <- "209.153387"
  
 CHARMM>            calc yphi = ?random * 360.0
 RDCMND substituted energy or value "?RANDOM" to "0.820303643"
Evaluating: 0.820303643*360.0
 Parameter: YPHI <- "295.309311"
  
 CHARMM>            calc zphi = ?random * 360.0
 RDCMND substituted energy or value "?RANDOM" to "0.684293703"
Evaluating: 0.684293703*360.0
 Parameter: ZPHI <- "246.345733"
  
 CHARMM>            coor rotate xcen @xpos ycen @ypos zcen @zpos xdir 1.0 -
 CHARMM>                phi @xphi select target end
 Parameter: XPOS -> "-20.240962"
 Parameter: YPOS -> "-9.61358404"
 Parameter: ZPOS -> "-26.2525824"
 Parameter: XPHI -> "209.153387"
 SELRPN>      1 atoms have been selected out of  13504
 ROTATION MATRIX
    1.000000    0.000000    0.000000
    0.000000   -0.873319   -0.487149
    0.000000    0.487149   -0.873319

 AXIS OF ROTATION IS -1.000000  0.000000  0.000000  ANGLE IS  150.85

 SELECTED COORDINATES ROTATED IN THE MAIN SET.

  
 CHARMM>            coor rotate xcen @xpos ycen @ypos zcen @zpos ydir 1.0 -
 CHARMM>                phi @yphi select target end
 Parameter: XPOS -> "-20.240962"
 Parameter: YPOS -> "-9.61358404"
 Parameter: ZPOS -> "-26.2525824"
 Parameter: YPHI -> "295.309311"
 SELRPN>      1 atoms have been selected out of  13504
 ROTATION MATRIX
    0.427505    0.000000    0.904013
    0.000000    1.000000    0.000000
   -0.904013    0.000000    0.427505

 AXIS OF ROTATION IS  0.000000 -1.000000  0.000000  ANGLE IS   64.69

 SELECTED COORDINATES ROTATED IN THE MAIN SET.

  
 CHARMM>            coor rotate xcen @xpos ycen @ypos zcen @zpos zdir 1.0 -
 CHARMM>                phi @zphi select target end
 Parameter: XPOS -> "-20.240962"
 Parameter: YPOS -> "-9.61358404"
 Parameter: ZPOS -> "-26.2525824"
 Parameter: ZPHI -> "246.345733"
 SELRPN>      1 atoms have been selected out of  13504
 ROTATION MATRIX
   -0.401217   -0.915983    0.000000
    0.915983   -0.401217    0.000000
    0.000000    0.000000    1.000000

 AXIS OF ROTATION IS  0.000000  0.000000 -1.000000  ANGLE IS  113.65

 SELECTED COORDINATES ROTATED IN THE MAIN SET.

  
 CHARMM>     
  
 CHARMM>     
  
 CHARMM>            calc dcut = 3.5
Evaluating: 3.5
 Parameter: DCUT <- "3.5"
  
 CHARMM>     
  
 CHARMM>            coor stat sele target end
 SELRPN>      1 atoms have been selected out of  13504
 STATISTICS FOR         1 SELECTED ATOMS:
    XMIN =  -20.240962 XMAX =  -20.240962 XAVE =  -20.240962
    YMIN =   -9.613584 YMAX =   -9.613584 YAVE =   -9.613584
    ZMIN =  -26.252582 ZMAX =  -26.252582 ZAVE =  -26.252582
    WMIN =    1.000000 WMAX =    1.000000 WAVE =    1.000000
  
 CHARMM>            calc xmax = ?xmax + @dcut
 Parameter: DCUT -> "3.5"
 RDCMND substituted energy or value "?XMAX" to "-20.240962"
Evaluating: -20.240962+3.5
 Parameter: XMAX <- "-16.740962"
  
 CHARMM>            calc ymax = ?ymax + @dcut
 Parameter: DCUT -> "3.5"
 RDCMND substituted energy or value "?YMAX" to "-9.613584"
Evaluating: -9.613584+3.5
 Parameter: YMAX <- "-6.113584"
  
 CHARMM>            calc zmax = ?zmax + @dcut
 Parameter: DCUT -> "3.5"
 RDCMND substituted energy or value "?ZMAX" to "-26.2525824"
Evaluating: -26.2525824+3.5
 Parameter: ZMAX <- "-22.7525824"
  
 CHARMM>            calc xmin = ?xmin - @dcut
 Parameter: DCUT -> "3.5"
 RDCMND substituted energy or value "?XMIN" to "-20.240962"
Evaluating: -20.240962-3.5
 Parameter: XMIN <- "-23.740962"
  
 CHARMM>            calc ymin = ?ymin - @dcut
 Parameter: DCUT -> "3.5"
 RDCMND substituted energy or value "?YMIN" to "-9.613584"
Evaluating: -9.613584-3.5
 Parameter: YMIN <- "-13.113584"
  
 CHARMM>            calc zmin = ?zmin - @dcut
 Parameter: DCUT -> "3.5"
 RDCMND substituted energy or value "?ZMIN" to "-26.2525824"
Evaluating: -26.2525824-3.5
 Parameter: ZMIN <- "-29.7525824"
  
 CHARMM>     
  
 CHARMM>            define JUNK sele .not. target .and. -
 CHARMM>                             prop X .lt. @xmax .and. prop X .gt. @xmin .and. -
 CHARMM>                             prop Y .lt. @ymax .and. prop Y .gt. @ymin .and. -
 CHARMM>                             prop Z .lt. @zmax .and. prop Z .gt. @zmin  end
 Parameter: XMAX -> "-16.740962"
 Parameter: XMIN -> "-23.740962"
 Parameter: YMAX -> "-6.113584"
 Parameter: YMIN -> "-13.113584"
 Parameter: ZMAX -> "-22.7525824"
 Parameter: ZMIN -> "-29.7525824"
 SELRPN>      0 atoms have been selected out of  13504
  
 CHARMM>     
  
 CHARMM>            ! check if the ions are too close to protein
  
 CHARMM>            define XXX sele PROT end
 SELRPN>    872 atoms have been selected out of  13504
  
 CHARMM>            if ?nsel .gt. 0 then
 RDCMND substituted energy or value "?NSEL" to "872"
 Comparing "872" and "0".
 IF test evaluated as true.  Performing command
  
 CHARMM>                coor dist cut 10.0 sele target end -
 CHARMM>                                   sele PROT .and. JUNK .and. .not. hydrogen end image
 SELRPN>      1 atoms have been selected out of  22944
 SELRPN>      0 atoms have been selected out of  22944

            DISTANCES FOR SELECTED ATOMS
            ONLY ONE SELECTION SET SPECIFIED, A COMPARISON WILL BE DONE
 TOTAL EXCLUSION COUNT =         0
 TOTAL 1-4 EXCLUSIONS  =         0
 TOTAL NON-EXCLUSIONS  =         0
  
 CHARMM>                if ?npair .gt. 0 goto doinit
 RDCMND substituted energy or value "?NPAIR" to "0"
 Comparing "0" and "0".
 IF test evaluated as false.  Skipping command
  
 CHARMM>            endif
  
 CHARMM>     
  
 CHARMM>            ! check if the ions are too close to solute
  
 CHARMM>            coor dist cut 4.0 sele target end sele JUNK .and. .not. hydrogen end image
 SELRPN>      1 atoms have been selected out of  22944
 SELRPN>      0 atoms have been selected out of  22944

            DISTANCES FOR SELECTED ATOMS
            ONLY ONE SELECTION SET SPECIFIED, A COMPARISON WILL BE DONE
 TOTAL EXCLUSION COUNT =         0
 TOTAL 1-4 EXCLUSIONS  =         0
 TOTAL NON-EXCLUSIONS  =         0
  
 CHARMM>            if ?npair .gt. 0 goto doinit
 RDCMND substituted energy or value "?NPAIR" to "0"
 Comparing "0" and "0".
 IF test evaluated as false.  Skipping command
  
 CHARMM>     
  
 CHARMM>            calc cntrand = 0
Evaluating: 0
 Parameter: CNTRAND <- "0"
  
 CHARMM>            increase i by 1
 Parameter: I <- "6"
  
 CHARMM>            if i .le. @nion goto doinit
 Parameter: NION -> "36"
 Comparing "6" and "36".
 IF test evaluated as true.  Performing command
  
 CHARMM>     
  
 CHARMM>            calc cntrand = @cntrand + 1
 Parameter: CNTRAND -> "0"
Evaluating: 0+1
 Parameter: CNTRAND <- "1"
  
 CHARMM>            if cntrand .gt. 100 stop ! ABNORMAL TERMINATION: ion placing may not work.. stop here
 Comparing "1" and "100".
 IF test evaluated as false.  Skipping command
  
 CHARMM>     
  
 CHARMM>            calc j = @i
 Parameter: I -> "6"
Evaluating: 6
 Parameter: J <- "6"
  
 CHARMM>            set ion = POS
 Parameter: ION <- "POS"
  
 CHARMM>     
  
 CHARMM>            if j .gt. @npos then
 Parameter: NPOS -> "12"
 Comparing "6" and "12".
 IF test evaluated as false.  Skip to ELSE or ENDIF
  
 CHARMM>     
  
 CHARMM>            define target select segid @ion .and. resid @j end
 Parameter: ION -> "POS"
 Parameter: J -> "6"
 SELRPN>      1 atoms have been selected out of  13504
  
 CHARMM>     
  
 CHARMM>            calc xpos = @A * ( ?random - 0.5 )
 Parameter: A -> "60.2201683"
 RDCMND substituted energy or value "?RANDOM" to "0.400009148"
Evaluating: 60.2201683*(0.400009148-0.5)
 Parameter: XPOS <- "-6.02146594"
  
 CHARMM>            calc ypos = @B * ( ?random - 0.5 )
 Parameter: B -> "60.2201683"
 RDCMND substituted energy or value "?RANDOM" to "0.907114206"
Evaluating: 60.2201683*(0.907114206-0.5)
 Parameter: YPOS <- "24.516486"
  
 CHARMM>            calc zpos = @C * ( ?random - 0.5 ) + @zcen
 Parameter: C -> "85"
 Parameter: ZCEN -> "0"
 RDCMND substituted energy or value "?RANDOM" to "0.433583161"
Evaluating: 85*(0.433583161-0.5)+0
 Parameter: ZPOS <- "-5.64543132"
  
 CHARMM>     
  
 CHARMM>            if zpos .gt. -15 if zpos .lt. 15 goto doinit
 Comparing "-5.64543132" and "-15".
 IF test evaluated as true.  Performing command
 Comparing "-5.64543132" and "15".
 IF test evaluated as true.  Performing command
  
 CHARMM>     
  
 CHARMM>            calc cntrand = @cntrand + 1
 Parameter: CNTRAND -> "1"
Evaluating: 1+1
 Parameter: CNTRAND <- "2"
  
 CHARMM>            if cntrand .gt. 100 stop ! ABNORMAL TERMINATION: ion placing may not work.. stop here
 Comparing "2" and "100".
 IF test evaluated as false.  Skipping command
  
 CHARMM>     
  
 CHARMM>            calc j = @i
 Parameter: I -> "6"
Evaluating: 6
 Parameter: J <- "6"
  
 CHARMM>            set ion = POS
 Parameter: ION <- "POS"
  
 CHARMM>     
  
 CHARMM>            if j .gt. @npos then
 Parameter: NPOS -> "12"
 Comparing "6" and "12".
 IF test evaluated as false.  Skip to ELSE or ENDIF
  
 CHARMM>     
  
 CHARMM>            define target select segid @ion .and. resid @j end
 Parameter: ION -> "POS"
 Parameter: J -> "6"
 SELRPN>      1 atoms have been selected out of  13504
  
 CHARMM>     
  
 CHARMM>            calc xpos = @A * ( ?random - 0.5 )
 Parameter: A -> "60.2201683"
 RDCMND substituted energy or value "?RANDOM" to "0.886236123"
Evaluating: 60.2201683*(0.886236123-0.5)
 Parameter: XPOS <- "23.2592043"
  
 CHARMM>            calc ypos = @B * ( ?random - 0.5 )
 Parameter: B -> "60.2201683"
 RDCMND substituted energy or value "?RANDOM" to "0.944776389"
Evaluating: 60.2201683*(0.944776389-0.5)
 Parameter: YPOS <- "26.784509"
  
 CHARMM>            calc zpos = @C * ( ?random - 0.5 ) + @zcen
 Parameter: C -> "85"
 Parameter: ZCEN -> "0"
 RDCMND substituted energy or value "?RANDOM" to "0.541963468"
Evaluating: 85*(0.541963468-0.5)+0
 Parameter: ZPOS <- "3.56689478"
  
 CHARMM>     
  
 CHARMM>            if zpos .gt. -15 if zpos .lt. 15 goto doinit
 Comparing "3.56689478" and "-15".
 IF test evaluated as true.  Performing command
 Comparing "3.56689478" and "15".
 IF test evaluated as true.  Performing command
  
 CHARMM>     
  
 CHARMM>            calc cntrand = @cntrand + 1
 Parameter: CNTRAND -> "2"
Evaluating: 2+1
 Parameter: CNTRAND <- "3"
  
 CHARMM>            if cntrand .gt. 100 stop ! ABNORMAL TERMINATION: ion placing may not work.. stop here
 Comparing "3" and "100".
 IF test evaluated as false.  Skipping command
  
 CHARMM>     
  
 CHARMM>            calc j = @i
 Parameter: I -> "6"
Evaluating: 6
 Parameter: J <- "6"
  
 CHARMM>            set ion = POS
 Parameter: ION <- "POS"
  
 CHARMM>     
  
 CHARMM>            if j .gt. @npos then
 Parameter: NPOS -> "12"
 Comparing "6" and "12".
 IF test evaluated as false.  Skip to ELSE or ENDIF
  
 CHARMM>     
  
 CHARMM>            define target select segid @ion .and. resid @j end
 Parameter: ION -> "POS"
 Parameter: J -> "6"
 SELRPN>      1 atoms have been selected out of  13504
  
 CHARMM>     
  
 CHARMM>            calc xpos = @A * ( ?random - 0.5 )
 Parameter: A -> "60.2201683"
 RDCMND substituted energy or value "?RANDOM" to "0.116671499"
Evaluating: 60.2201683*(0.116671499-0.5)
 Parameter: XPOS <- "-23.0841068"
  
 CHARMM>            calc ypos = @B * ( ?random - 0.5 )
 Parameter: B -> "60.2201683"
 RDCMND substituted energy or value "?RANDOM" to "0.894843955"
Evaluating: 60.2201683*(0.894843955-0.5)
 Parameter: YPOS <- "23.7775694"
  
 CHARMM>            calc zpos = @C * ( ?random - 0.5 ) + @zcen
 Parameter: C -> "85"
 Parameter: ZCEN -> "0"
 RDCMND substituted energy or value "?RANDOM" to "0.176823979"
Evaluating: 85*(0.176823979-0.5)+0
 Parameter: ZPOS <- "-27.4699618"
  
 CHARMM>     
  
 CHARMM>            if zpos .gt. -15 if zpos .lt. 15 goto doinit
 Comparing "-27.4699618" and "-15".
 IF test evaluated as false.  Skipping command
  
 CHARMM>     
  
 CHARMM>            ! move target to selected position
  
 CHARMM>            coor stat select target end
 SELRPN>      1 atoms have been selected out of  13504
 STATISTICS FOR         1 SELECTED ATOMS:
    XMIN =    0.000000 XMAX =    0.000000 XAVE =    0.000000
    YMIN =    0.000000 YMAX =    0.000000 YAVE =    0.000000
    ZMIN =    0.000000 ZMAX =    0.000000 ZAVE =    0.000000
    WMIN =    1.000000 WMAX =    1.000000 WAVE =    1.000000
  
 CHARMM>            calc xtran = @xpos - ?xave
 Parameter: XPOS -> "-23.0841068"
 RDCMND substituted energy or value "?XAVE" to "0"
Evaluating: -23.0841068-0
 Parameter: XTRAN <- "-23.0841068"
  
 CHARMM>            calc ytran = @ypos - ?yave
 Parameter: YPOS -> "23.7775694"
 RDCMND substituted energy or value "?YAVE" to "0"
Evaluating: 23.7775694-0
 Parameter: YTRAN <- "23.7775694"
  
 CHARMM>            calc ztran = @zpos - ?zave
 Parameter: ZPOS -> "-27.4699618"
 RDCMND substituted energy or value "?ZAVE" to "0"
Evaluating: -27.4699618-0
 Parameter: ZTRAN <- "-27.4699618"
  
 CHARMM>            coor trans xdir @xtran ydir @ytran zdir @ztran select target end
 Parameter: XTRAN -> "-23.0841068"
 Parameter: YTRAN -> "23.7775694"
 Parameter: ZTRAN -> "-27.4699618"
 SELRPN>      1 atoms have been selected out of  13504
 TRANSLATION VECTOR   -23.084107   23.777569  -27.469962
 SELECTED COORDINATES TRANSLATED IN THE MAIN SET.

  
 CHARMM>     
  
 CHARMM>            ! apply a random rotation along XYZ
  
 CHARMM>            calc xphi = ?random * 360.0
 RDCMND substituted energy or value "?RANDOM" to "0.818283139"
Evaluating: 0.818283139*360.0
 Parameter: XPHI <- "294.58193"
  
 CHARMM>            calc yphi = ?random * 360.0
 RDCMND substituted energy or value "?RANDOM" to "0.692627365"
Evaluating: 0.692627365*360.0
 Parameter: YPHI <- "249.345851"
  
 CHARMM>            calc zphi = ?random * 360.0
 RDCMND substituted energy or value "?RANDOM" to "0.385885553"
Evaluating: 0.385885553*360.0
 Parameter: ZPHI <- "138.918799"
  
 CHARMM>            coor rotate xcen @xpos ycen @ypos zcen @zpos xdir 1.0 -
 CHARMM>                phi @xphi select target end
 Parameter: XPOS -> "-23.0841068"
 Parameter: YPOS -> "23.7775694"
 Parameter: ZPOS -> "-27.4699618"
 Parameter: XPHI -> "294.58193"
 SELRPN>      1 atoms have been selected out of  13504
 ROTATION MATRIX
    1.000000    0.000000    0.000000
    0.000000    0.415994   -0.909367
    0.000000    0.909367    0.415994

 AXIS OF ROTATION IS -1.000000  0.000000  0.000000  ANGLE IS   65.42

 SELECTED COORDINATES ROTATED IN THE MAIN SET.

  
 CHARMM>            coor rotate xcen @xpos ycen @ypos zcen @zpos ydir 1.0 -
 CHARMM>                phi @yphi select target end
 Parameter: XPOS -> "-23.0841068"
 Parameter: YPOS -> "23.7775694"
 Parameter: ZPOS -> "-27.4699618"
 Parameter: YPHI -> "249.345851"
 SELRPN>      1 atoms have been selected out of  13504
 ROTATION MATRIX
   -0.352726    0.000000    0.935727
    0.000000    1.000000    0.000000
   -0.935727    0.000000   -0.352726

 AXIS OF ROTATION IS  0.000000 -1.000000  0.000000  ANGLE IS  110.65

 SELECTED COORDINATES ROTATED IN THE MAIN SET.

  
 CHARMM>            coor rotate xcen @xpos ycen @ypos zcen @zpos zdir 1.0 -
 CHARMM>                phi @zphi select target end
 Parameter: XPOS -> "-23.0841068"
 Parameter: YPOS -> "23.7775694"
 Parameter: ZPOS -> "-27.4699618"
 Parameter: ZPHI -> "138.918799"
 SELRPN>      1 atoms have been selected out of  13504
 ROTATION MATRIX
   -0.753779    0.657128    0.000000
   -0.657128   -0.753779    0.000000
    0.000000    0.000000    1.000000

 AXIS OF ROTATION IS  0.000000  0.000000  1.000000  ANGLE IS  138.92

 SELECTED COORDINATES ROTATED IN THE MAIN SET.

  
 CHARMM>     
  
 CHARMM>     
  
 CHARMM>            calc dcut = 3.5
Evaluating: 3.5
 Parameter: DCUT <- "3.5"
  
 CHARMM>     
  
 CHARMM>            coor stat sele target end
 SELRPN>      1 atoms have been selected out of  13504
 STATISTICS FOR         1 SELECTED ATOMS:
    XMIN =  -23.084107 XMAX =  -23.084107 XAVE =  -23.084107
    YMIN =   23.777569 YMAX =   23.777569 YAVE =   23.777569
    ZMIN =  -27.469962 ZMAX =  -27.469962 ZAVE =  -27.469962
    WMIN =    1.000000 WMAX =    1.000000 WAVE =    1.000000
  
 CHARMM>            calc xmax = ?xmax + @dcut
 Parameter: DCUT -> "3.5"
 RDCMND substituted energy or value "?XMAX" to "-23.0841068"
Evaluating: -23.0841068+3.5
 Parameter: XMAX <- "-19.5841068"
  
 CHARMM>            calc ymax = ?ymax + @dcut
 Parameter: DCUT -> "3.5"
 RDCMND substituted energy or value "?YMAX" to "23.7775694"
Evaluating: 23.7775694+3.5
 Parameter: YMAX <- "27.2775694"
  
 CHARMM>            calc zmax = ?zmax + @dcut
 Parameter: DCUT -> "3.5"
 RDCMND substituted energy or value "?ZMAX" to "-27.4699618"
Evaluating: -27.4699618+3.5
 Parameter: ZMAX <- "-23.9699618"
  
 CHARMM>            calc xmin = ?xmin - @dcut
 Parameter: DCUT -> "3.5"
 RDCMND substituted energy or value "?XMIN" to "-23.0841068"
Evaluating: -23.0841068-3.5
 Parameter: XMIN <- "-26.5841068"
  
 CHARMM>            calc ymin = ?ymin - @dcut
 Parameter: DCUT -> "3.5"
 RDCMND substituted energy or value "?YMIN" to "23.7775694"
Evaluating: 23.7775694-3.5
 Parameter: YMIN <- "20.2775694"
  
 CHARMM>            calc zmin = ?zmin - @dcut
 Parameter: DCUT -> "3.5"
 RDCMND substituted energy or value "?ZMIN" to "-27.4699618"
Evaluating: -27.4699618-3.5
 Parameter: ZMIN <- "-30.9699618"
  
 CHARMM>     
  
 CHARMM>            define JUNK sele .not. target .and. -
 CHARMM>                             prop X .lt. @xmax .and. prop X .gt. @xmin .and. -
 CHARMM>                             prop Y .lt. @ymax .and. prop Y .gt. @ymin .and. -
 CHARMM>                             prop Z .lt. @zmax .and. prop Z .gt. @zmin  end
 Parameter: XMAX -> "-19.5841068"
 Parameter: XMIN -> "-26.5841068"
 Parameter: YMAX -> "27.2775694"
 Parameter: YMIN -> "20.2775694"
 Parameter: ZMAX -> "-23.9699618"
 Parameter: ZMIN -> "-30.9699618"
 SELRPN>      0 atoms have been selected out of  13504
  
 CHARMM>     
  
 CHARMM>            ! check if the ions are too close to protein
  
 CHARMM>            define XXX sele PROT end
 SELRPN>    872 atoms have been selected out of  13504
  
 CHARMM>            if ?nsel .gt. 0 then
 RDCMND substituted energy or value "?NSEL" to "872"
 Comparing "872" and "0".
 IF test evaluated as true.  Performing command
  
 CHARMM>                coor dist cut 10.0 sele target end -
 CHARMM>                                   sele PROT .and. JUNK .and. .not. hydrogen end image
 SELRPN>      1 atoms have been selected out of  22944
 SELRPN>      0 atoms have been selected out of  22944

            DISTANCES FOR SELECTED ATOMS
            ONLY ONE SELECTION SET SPECIFIED, A COMPARISON WILL BE DONE
 TOTAL EXCLUSION COUNT =         0
 TOTAL 1-4 EXCLUSIONS  =         0
 TOTAL NON-EXCLUSIONS  =         0
  
 CHARMM>                if ?npair .gt. 0 goto doinit
 RDCMND substituted energy or value "?NPAIR" to "0"
 Comparing "0" and "0".
 IF test evaluated as false.  Skipping command
  
 CHARMM>            endif
  
 CHARMM>     
  
 CHARMM>            ! check if the ions are too close to solute
  
 CHARMM>            coor dist cut 4.0 sele target end sele JUNK .and. .not. hydrogen end image
 SELRPN>      1 atoms have been selected out of  22944
 SELRPN>      0 atoms have been selected out of  22944

            DISTANCES FOR SELECTED ATOMS
            ONLY ONE SELECTION SET SPECIFIED, A COMPARISON WILL BE DONE
 TOTAL EXCLUSION COUNT =         0
 TOTAL 1-4 EXCLUSIONS  =         0
 TOTAL NON-EXCLUSIONS  =         0
  
 CHARMM>            if ?npair .gt. 0 goto doinit
 RDCMND substituted energy or value "?NPAIR" to "0"
 Comparing "0" and "0".
 IF test evaluated as false.  Skipping command
  
 CHARMM>     
  
 CHARMM>            calc cntrand = 0
Evaluating: 0
 Parameter: CNTRAND <- "0"
  
 CHARMM>            increase i by 1
 Parameter: I <- "7"
  
 CHARMM>            if i .le. @nion goto doinit
 Parameter: NION -> "36"
 Comparing "7" and "36".
 IF test evaluated as true.  Performing command
  
 CHARMM>     
  
 CHARMM>            calc cntrand = @cntrand + 1
 Parameter: CNTRAND -> "0"
Evaluating: 0+1
 Parameter: CNTRAND <- "1"
  
 CHARMM>            if cntrand .gt. 100 stop ! ABNORMAL TERMINATION: ion placing may not work.. stop here
 Comparing "1" and "100".
 IF test evaluated as false.  Skipping command
  
 CHARMM>     
  
 CHARMM>            calc j = @i
 Parameter: I -> "7"
Evaluating: 7
 Parameter: J <- "7"
  
 CHARMM>            set ion = POS
 Parameter: ION <- "POS"
  
 CHARMM>     
  
 CHARMM>            if j .gt. @npos then
 Parameter: NPOS -> "12"
 Comparing "7" and "12".
 IF test evaluated as false.  Skip to ELSE or ENDIF
  
 CHARMM>     
  
 CHARMM>            define target select segid @ion .and. resid @j end
 Parameter: ION -> "POS"
 Parameter: J -> "7"
 SELRPN>      1 atoms have been selected out of  13504
  
 CHARMM>     
  
 CHARMM>            calc xpos = @A * ( ?random - 0.5 )
 Parameter: A -> "60.2201683"
 RDCMND substituted energy or value "?RANDOM" to "0.878294226"
Evaluating: 60.2201683*(0.878294226-0.5)
 Parameter: XPOS <- "22.780942"
  
 CHARMM>            calc ypos = @B * ( ?random - 0.5 )
 Parameter: B -> "60.2201683"
 RDCMND substituted energy or value "?RANDOM" to "0.368499294"
Evaluating: 60.2201683*(0.368499294-0.5)
 Parameter: YPOS <- "-7.91899465"
  
 CHARMM>            calc zpos = @C * ( ?random - 0.5 ) + @zcen
 Parameter: C -> "85"
 Parameter: ZCEN -> "0"
 RDCMND substituted energy or value "?RANDOM" to "0.819740639"
Evaluating: 85*(0.819740639-0.5)+0
 Parameter: ZPOS <- "27.1779543"
  
 CHARMM>     
  
 CHARMM>            if zpos .gt. -15 if zpos .lt. 15 goto doinit
 Comparing "27.1779543" and "-15".
 IF test evaluated as true.  Performing command
 Comparing "27.1779543" and "15".
 IF test evaluated as false.  Skipping command
  
 CHARMM>     
  
 CHARMM>            ! move target to selected position
  
 CHARMM>            coor stat select target end
 SELRPN>      1 atoms have been selected out of  13504
 STATISTICS FOR         1 SELECTED ATOMS:
    XMIN =    0.000000 XMAX =    0.000000 XAVE =    0.000000
    YMIN =    0.000000 YMAX =    0.000000 YAVE =    0.000000
    ZMIN =    0.000000 ZMAX =    0.000000 ZAVE =    0.000000
    WMIN =    1.000000 WMAX =    1.000000 WAVE =    1.000000
  
 CHARMM>            calc xtran = @xpos - ?xave
 Parameter: XPOS -> "22.780942"
 RDCMND substituted energy or value "?XAVE" to "0"
Evaluating: 22.780942-0
 Parameter: XTRAN <- "22.780942"
  
 CHARMM>            calc ytran = @ypos - ?yave
 Parameter: YPOS -> "-7.91899465"
 RDCMND substituted energy or value "?YAVE" to "0"
Evaluating: -7.91899465-0
 Parameter: YTRAN <- "-7.91899465"
  
 CHARMM>            calc ztran = @zpos - ?zave
 Parameter: ZPOS -> "27.1779543"
 RDCMND substituted energy or value "?ZAVE" to "0"
Evaluating: 27.1779543-0
 Parameter: ZTRAN <- "27.1779543"
  
 CHARMM>            coor trans xdir @xtran ydir @ytran zdir @ztran select target end
 Parameter: XTRAN -> "22.780942"
 Parameter: YTRAN -> "-7.91899465"
 Parameter: ZTRAN -> "27.1779543"
 SELRPN>      1 atoms have been selected out of  13504
 TRANSLATION VECTOR    22.780942   -7.918995   27.177954
 SELECTED COORDINATES TRANSLATED IN THE MAIN SET.

  
 CHARMM>     
  
 CHARMM>            ! apply a random rotation along XYZ
  
 CHARMM>            calc xphi = ?random * 360.0
 RDCMND substituted energy or value "?RANDOM" to "0.845248322"
Evaluating: 0.845248322*360.0
 Parameter: XPHI <- "304.289396"
  
 CHARMM>            calc yphi = ?random * 360.0
 RDCMND substituted energy or value "?RANDOM" to "0.664030994"
Evaluating: 0.664030994*360.0
 Parameter: YPHI <- "239.051158"
  
 CHARMM>            calc zphi = ?random * 360.0
 RDCMND substituted energy or value "?RANDOM" to "0.716125252"
Evaluating: 0.716125252*360.0
 Parameter: ZPHI <- "257.805091"
  
 CHARMM>            coor rotate xcen @xpos ycen @ypos zcen @zpos xdir 1.0 -
 CHARMM>                phi @xphi select target end
 Parameter: XPOS -> "22.780942"
 Parameter: YPOS -> "-7.91899465"
 Parameter: ZPOS -> "27.1779543"
 Parameter: XPHI -> "304.289396"
 SELRPN>      1 atoms have been selected out of  13504
 ROTATION MATRIX
    1.000000    0.000000    0.000000
    0.000000    0.563373   -0.826203
    0.000000    0.826203    0.563373

 AXIS OF ROTATION IS -1.000000  0.000000  0.000000  ANGLE IS   55.71

 SELECTED COORDINATES ROTATED IN THE MAIN SET.

  
 CHARMM>            coor rotate xcen @xpos ycen @ypos zcen @zpos ydir 1.0 -
 CHARMM>                phi @yphi select target end
 Parameter: XPOS -> "22.780942"
 Parameter: YPOS -> "-7.91899465"
 Parameter: ZPOS -> "27.1779543"
 Parameter: YPHI -> "239.051158"
 SELRPN>      1 atoms have been selected out of  13504
 ROTATION MATRIX
   -0.514273    0.000000    0.857627
    0.000000    1.000000    0.000000
   -0.857627    0.000000   -0.514273

 AXIS OF ROTATION IS  0.000000 -1.000000  0.000000  ANGLE IS  120.95

 SELECTED COORDINATES ROTATED IN THE MAIN SET.

  
 CHARMM>            coor rotate xcen @xpos ycen @ypos zcen @zpos zdir 1.0 -
 CHARMM>                phi @zphi select target end
 Parameter: XPOS -> "22.780942"
 Parameter: YPOS -> "-7.91899465"
 Parameter: ZPOS -> "27.1779543"
 Parameter: ZPHI -> "257.805091"
 SELRPN>      1 atoms have been selected out of  13504
 ROTATION MATRIX
   -0.211238   -0.977435    0.000000
    0.977435   -0.211238    0.000000
    0.000000    0.000000    1.000000

 AXIS OF ROTATION IS  0.000000  0.000000 -1.000000  ANGLE IS  102.19

 SELECTED COORDINATES ROTATED IN THE MAIN SET.

  
 CHARMM>     
  
 CHARMM>     
  
 CHARMM>            calc dcut = 3.5
Evaluating: 3.5
 Parameter: DCUT <- "3.5"
  
 CHARMM>     
  
 CHARMM>            coor stat sele target end
 SELRPN>      1 atoms have been selected out of  13504
 STATISTICS FOR         1 SELECTED ATOMS:
    XMIN =   22.780942 XMAX =   22.780942 XAVE =   22.780942
    YMIN =   -7.918995 YMAX =   -7.918995 YAVE =   -7.918995
    ZMIN =   27.177954 ZMAX =   27.177954 ZAVE =   27.177954
    WMIN =    1.000000 WMAX =    1.000000 WAVE =    1.000000
  
 CHARMM>            calc xmax = ?xmax + @dcut
 Parameter: DCUT -> "3.5"
 RDCMND substituted energy or value "?XMAX" to "22.780942"
Evaluating: 22.780942+3.5
 Parameter: XMAX <- "26.280942"
  
 CHARMM>            calc ymax = ?ymax + @dcut
 Parameter: DCUT -> "3.5"
 RDCMND substituted energy or value "?YMAX" to "-7.91899465"
Evaluating: -7.91899465+3.5
 Parameter: YMAX <- "-4.41899465"
  
 CHARMM>            calc zmax = ?zmax + @dcut
 Parameter: DCUT -> "3.5"
 RDCMND substituted energy or value "?ZMAX" to "27.1779543"
Evaluating: 27.1779543+3.5
 Parameter: ZMAX <- "30.6779543"
  
 CHARMM>            calc xmin = ?xmin - @dcut
 Parameter: DCUT -> "3.5"
 RDCMND substituted energy or value "?XMIN" to "22.780942"
Evaluating: 22.780942-3.5
 Parameter: XMIN <- "19.280942"
  
 CHARMM>            calc ymin = ?ymin - @dcut
 Parameter: DCUT -> "3.5"
 RDCMND substituted energy or value "?YMIN" to "-7.91899465"
Evaluating: -7.91899465-3.5
 Parameter: YMIN <- "-11.4189947"
  
 CHARMM>            calc zmin = ?zmin - @dcut
 Parameter: DCUT -> "3.5"
 RDCMND substituted energy or value "?ZMIN" to "27.1779543"
Evaluating: 27.1779543-3.5
 Parameter: ZMIN <- "23.6779543"
  
 CHARMM>     
  
 CHARMM>            define JUNK sele .not. target .and. -
 CHARMM>                             prop X .lt. @xmax .and. prop X .gt. @xmin .and. -
 CHARMM>                             prop Y .lt. @ymax .and. prop Y .gt. @ymin .and. -
 CHARMM>                             prop Z .lt. @zmax .and. prop Z .gt. @zmin  end
 Parameter: XMAX -> "26.280942"
 Parameter: XMIN -> "19.280942"
 Parameter: YMAX -> "-4.41899465"
 Parameter: YMIN -> "-11.4189947"
 Parameter: ZMAX -> "30.6779543"
 Parameter: ZMIN -> "23.6779543"
 SELRPN>      0 atoms have been selected out of  13504
  
 CHARMM>     
  
 CHARMM>            ! check if the ions are too close to protein
  
 CHARMM>            define XXX sele PROT end
 SELRPN>    872 atoms have been selected out of  13504
  
 CHARMM>            if ?nsel .gt. 0 then
 RDCMND substituted energy or value "?NSEL" to "872"
 Comparing "872" and "0".
 IF test evaluated as true.  Performing command
  
 CHARMM>                coor dist cut 10.0 sele target end -
 CHARMM>                                   sele PROT .and. JUNK .and. .not. hydrogen end image
 SELRPN>      1 atoms have been selected out of  22944
 SELRPN>      0 atoms have been selected out of  22944

            DISTANCES FOR SELECTED ATOMS
            ONLY ONE SELECTION SET SPECIFIED, A COMPARISON WILL BE DONE
 TOTAL EXCLUSION COUNT =         0
 TOTAL 1-4 EXCLUSIONS  =         0
 TOTAL NON-EXCLUSIONS  =         0
  
 CHARMM>                if ?npair .gt. 0 goto doinit
 RDCMND substituted energy or value "?NPAIR" to "0"
 Comparing "0" and "0".
 IF test evaluated as false.  Skipping command
  
 CHARMM>            endif
  
 CHARMM>     
  
 CHARMM>            ! check if the ions are too close to solute
  
 CHARMM>            coor dist cut 4.0 sele target end sele JUNK .and. .not. hydrogen end image
 SELRPN>      1 atoms have been selected out of  22944
 SELRPN>      0 atoms have been selected out of  22944

            DISTANCES FOR SELECTED ATOMS
            ONLY ONE SELECTION SET SPECIFIED, A COMPARISON WILL BE DONE
 TOTAL EXCLUSION COUNT =         0
 TOTAL 1-4 EXCLUSIONS  =         0
 TOTAL NON-EXCLUSIONS  =         0
  
 CHARMM>            if ?npair .gt. 0 goto doinit
 RDCMND substituted energy or value "?NPAIR" to "0"
 Comparing "0" and "0".
 IF test evaluated as false.  Skipping command
  
 CHARMM>     
  
 CHARMM>            calc cntrand = 0
Evaluating: 0
 Parameter: CNTRAND <- "0"
  
 CHARMM>            increase i by 1
 Parameter: I <- "8"
  
 CHARMM>            if i .le. @nion goto doinit
 Parameter: NION -> "36"
 Comparing "8" and "36".
 IF test evaluated as true.  Performing command
  
 CHARMM>     
  
 CHARMM>            calc cntrand = @cntrand + 1
 Parameter: CNTRAND -> "0"
Evaluating: 0+1
 Parameter: CNTRAND <- "1"
  
 CHARMM>            if cntrand .gt. 100 stop ! ABNORMAL TERMINATION: ion placing may not work.. stop here
 Comparing "1" and "100".
 IF test evaluated as false.  Skipping command
  
 CHARMM>     
  
 CHARMM>            calc j = @i
 Parameter: I -> "8"
Evaluating: 8
 Parameter: J <- "8"
  
 CHARMM>            set ion = POS
 Parameter: ION <- "POS"
  
 CHARMM>     
  
 CHARMM>            if j .gt. @npos then
 Parameter: NPOS -> "12"
 Comparing "8" and "12".
 IF test evaluated as false.  Skip to ELSE or ENDIF
  
 CHARMM>     
  
 CHARMM>            define target select segid @ion .and. resid @j end
 Parameter: ION -> "POS"
 Parameter: J -> "8"
 SELRPN>      1 atoms have been selected out of  13504
  
 CHARMM>     
  
 CHARMM>            calc xpos = @A * ( ?random - 0.5 )
 Parameter: A -> "60.2201683"
 RDCMND substituted energy or value "?RANDOM" to "0.195697274"
Evaluating: 60.2201683*(0.195697274-0.5)
 Parameter: XPOS <- "-18.3251614"
  
 CHARMM>            calc ypos = @B * ( ?random - 0.5 )
 Parameter: B -> "60.2201683"
 RDCMND substituted energy or value "?RANDOM" to "0.188120699"
Evaluating: 60.2201683*(0.188120699-0.5)
 Parameter: YPOS <- "-18.781424"
  
 CHARMM>            calc zpos = @C * ( ?random - 0.5 ) + @zcen
 Parameter: C -> "85"
 Parameter: ZCEN -> "0"
 RDCMND substituted energy or value "?RANDOM" to "0.446991265"
Evaluating: 85*(0.446991265-0.5)+0
 Parameter: ZPOS <- "-4.50574247"
  
 CHARMM>     
  
 CHARMM>            if zpos .gt. -15 if zpos .lt. 15 goto doinit
 Comparing "-4.50574247" and "-15".
 IF test evaluated as true.  Performing command
 Comparing "-4.50574247" and "15".
 IF test evaluated as true.  Performing command
  
 CHARMM>     
  
 CHARMM>            calc cntrand = @cntrand + 1
 Parameter: CNTRAND -> "1"
Evaluating: 1+1
 Parameter: CNTRAND <- "2"
  
 CHARMM>            if cntrand .gt. 100 stop ! ABNORMAL TERMINATION: ion placing may not work.. stop here
 Comparing "2" and "100".
 IF test evaluated as false.  Skipping command
  
 CHARMM>     
  
 CHARMM>            calc j = @i
 Parameter: I -> "8"
Evaluating: 8
 Parameter: J <- "8"
  
 CHARMM>            set ion = POS
 Parameter: ION <- "POS"
  
 CHARMM>     
  
 CHARMM>            if j .gt. @npos then
 Parameter: NPOS -> "12"
 Comparing "8" and "12".
 IF test evaluated as false.  Skip to ELSE or ENDIF
  
 CHARMM>     
  
 CHARMM>            define target select segid @ion .and. resid @j end
 Parameter: ION -> "POS"
 Parameter: J -> "8"
 SELRPN>      1 atoms have been selected out of  13504
  
 CHARMM>     
  
 CHARMM>            calc xpos = @A * ( ?random - 0.5 )
 Parameter: A -> "60.2201683"
 RDCMND substituted energy or value "?RANDOM" to "0.458258258"
Evaluating: 60.2201683*(0.458258258-0.5)
 Parameter: XPOS <- "-2.51369473"
  
 CHARMM>            calc ypos = @B * ( ?random - 0.5 )
 Parameter: B -> "60.2201683"
 RDCMND substituted energy or value "?RANDOM" to "5.10537409E-02"
Evaluating: 60.2201683*(5.10537409E-02-0.5)
 Parameter: YPOS <- "-27.0356193"
  
 CHARMM>            calc zpos = @C * ( ?random - 0.5 ) + @zcen
 Parameter: C -> "85"
 Parameter: ZCEN -> "0"
 RDCMND substituted energy or value "?RANDOM" to "0.665966445"
Evaluating: 85*(0.665966445-0.5)+0
 Parameter: ZPOS <- "14.1071478"
  
 CHARMM>     
  
 CHARMM>            if zpos .gt. -15 if zpos .lt. 15 goto doinit
 Comparing "14.1071478" and "-15".
 IF test evaluated as true.  Performing command
 Comparing "14.1071478" and "15".
 IF test evaluated as true.  Performing command
  
 CHARMM>     
  
 CHARMM>            calc cntrand = @cntrand + 1
 Parameter: CNTRAND -> "2"
Evaluating: 2+1
 Parameter: CNTRAND <- "3"
  
 CHARMM>            if cntrand .gt. 100 stop ! ABNORMAL TERMINATION: ion placing may not work.. stop here
 Comparing "3" and "100".
 IF test evaluated as false.  Skipping command
  
 CHARMM>     
  
 CHARMM>            calc j = @i
 Parameter: I -> "8"
Evaluating: 8
 Parameter: J <- "8"
  
 CHARMM>            set ion = POS
 Parameter: ION <- "POS"
  
 CHARMM>     
  
 CHARMM>            if j .gt. @npos then
 Parameter: NPOS -> "12"
 Comparing "8" and "12".
 IF test evaluated as false.  Skip to ELSE or ENDIF
  
 CHARMM>     
  
 CHARMM>            define target select segid @ion .and. resid @j end
 Parameter: ION -> "POS"
 Parameter: J -> "8"
 SELRPN>      1 atoms have been selected out of  13504
  
 CHARMM>     
  
 CHARMM>            calc xpos = @A * ( ?random - 0.5 )
 Parameter: A -> "60.2201683"
 RDCMND substituted energy or value "?RANDOM" to "0.311647961"
Evaluating: 60.2201683*(0.311647961-0.5)
 Parameter: XPOS <- "-11.3425915"
  
 CHARMM>            calc ypos = @B * ( ?random - 0.5 )
 Parameter: B -> "60.2201683"
 RDCMND substituted energy or value "?RANDOM" to "0.179330755"
Evaluating: 60.2201683*(0.179330755-0.5)
 Parameter: YPOS <- "-19.3107559"
  
 CHARMM>            calc zpos = @C * ( ?random - 0.5 ) + @zcen
 Parameter: C -> "85"
 Parameter: ZCEN -> "0"
 RDCMND substituted energy or value "?RANDOM" to "0.82045224"
Evaluating: 85*(0.82045224-0.5)+0
 Parameter: ZPOS <- "27.2384404"
  
 CHARMM>     
  
 CHARMM>            if zpos .gt. -15 if zpos .lt. 15 goto doinit
 Comparing "27.2384404" and "-15".
 IF test evaluated as true.  Performing command
 Comparing "27.2384404" and "15".
 IF test evaluated as false.  Skipping command
  
 CHARMM>     
  
 CHARMM>            ! move target to selected position
  
 CHARMM>            coor stat select target end
 SELRPN>      1 atoms have been selected out of  13504
 STATISTICS FOR         1 SELECTED ATOMS:
    XMIN =    0.000000 XMAX =    0.000000 XAVE =    0.000000
    YMIN =    0.000000 YMAX =    0.000000 YAVE =    0.000000
    ZMIN =    0.000000 ZMAX =    0.000000 ZAVE =    0.000000
    WMIN =    1.000000 WMAX =    1.000000 WAVE =    1.000000
  
 CHARMM>            calc xtran = @xpos - ?xave
 Parameter: XPOS -> "-11.3425915"
 RDCMND substituted energy or value "?XAVE" to "0"
Evaluating: -11.3425915-0
 Parameter: XTRAN <- "-11.3425915"
  
 CHARMM>            calc ytran = @ypos - ?yave
 Parameter: YPOS -> "-19.3107559"
 RDCMND substituted energy or value "?YAVE" to "0"
Evaluating: -19.3107559-0
 Parameter: YTRAN <- "-19.3107559"
  
 CHARMM>            calc ztran = @zpos - ?zave
 Parameter: ZPOS -> "27.2384404"
 RDCMND substituted energy or value "?ZAVE" to "0"
Evaluating: 27.2384404-0
 Parameter: ZTRAN <- "27.2384404"
  
 CHARMM>            coor trans xdir @xtran ydir @ytran zdir @ztran select target end
 Parameter: XTRAN -> "-11.3425915"
 Parameter: YTRAN -> "-19.3107559"
 Parameter: ZTRAN -> "27.2384404"
 SELRPN>      1 atoms have been selected out of  13504
 TRANSLATION VECTOR   -11.342591  -19.310756   27.238440
 SELECTED COORDINATES TRANSLATED IN THE MAIN SET.

  
 CHARMM>     
  
 CHARMM>            ! apply a random rotation along XYZ
  
 CHARMM>            calc xphi = ?random * 360.0
 RDCMND substituted energy or value "?RANDOM" to "0.235630583"
Evaluating: 0.235630583*360.0
 Parameter: XPHI <- "84.8270099"
  
 CHARMM>            calc yphi = ?random * 360.0
 RDCMND substituted energy or value "?RANDOM" to "0.906739862"
Evaluating: 0.906739862*360.0
 Parameter: YPHI <- "326.42635"
  
 CHARMM>            calc zphi = ?random * 360.0
 RDCMND substituted energy or value "?RANDOM" to "0.388195718"
Evaluating: 0.388195718*360.0
 Parameter: ZPHI <- "139.750458"
  
 CHARMM>            coor rotate xcen @xpos ycen @ypos zcen @zpos xdir 1.0 -
 CHARMM>                phi @xphi select target end
 Parameter: XPOS -> "-11.3425915"
 Parameter: YPOS -> "-19.3107559"
 Parameter: ZPOS -> "27.2384404"
 Parameter: XPHI -> "84.8270099"
 SELRPN>      1 atoms have been selected out of  13504
 ROTATION MATRIX
    1.000000    0.000000    0.000000
    0.000000    0.090163    0.995927
    0.000000   -0.995927    0.090163

 AXIS OF ROTATION IS  1.000000  0.000000  0.000000  ANGLE IS   84.83

 SELECTED COORDINATES ROTATED IN THE MAIN SET.

  
 CHARMM>            coor rotate xcen @xpos ycen @ypos zcen @zpos ydir 1.0 -
 CHARMM>                phi @yphi select target end
 Parameter: XPOS -> "-11.3425915"
 Parameter: YPOS -> "-19.3107559"
 Parameter: ZPOS -> "27.2384404"
 Parameter: YPHI -> "326.42635"
 SELRPN>      1 atoms have been selected out of  13504
 ROTATION MATRIX
    0.833176    0.000000    0.553008
    0.000000    1.000000    0.000000
   -0.553008    0.000000    0.833176

 AXIS OF ROTATION IS  0.000000 -1.000000  0.000000  ANGLE IS   33.57

 SELECTED COORDINATES ROTATED IN THE MAIN SET.

  
 CHARMM>            coor rotate xcen @xpos ycen @ypos zcen @zpos zdir 1.0 -
 CHARMM>                phi @zphi select target end
 Parameter: XPOS -> "-11.3425915"
 Parameter: YPOS -> "-19.3107559"
 Parameter: ZPOS -> "27.2384404"
 Parameter: ZPHI -> "139.750458"
 SELRPN>      1 atoms have been selected out of  13504
 ROTATION MATRIX
   -0.763238    0.646118    0.000000
   -0.646118   -0.763238    0.000000
    0.000000    0.000000    1.000000

 AXIS OF ROTATION IS  0.000000  0.000000  1.000000  ANGLE IS  139.75

 SELECTED COORDINATES ROTATED IN THE MAIN SET.

  
 CHARMM>     
  
 CHARMM>     
  
 CHARMM>            calc dcut = 3.5
Evaluating: 3.5
 Parameter: DCUT <- "3.5"
  
 CHARMM>     
  
 CHARMM>            coor stat sele target end
 SELRPN>      1 atoms have been selected out of  13504
 STATISTICS FOR         1 SELECTED ATOMS:
    XMIN =  -11.342591 XMAX =  -11.342591 XAVE =  -11.342591
    YMIN =  -19.310756 YMAX =  -19.310756 YAVE =  -19.310756
    ZMIN =   27.238440 ZMAX =   27.238440 ZAVE =   27.238440
    WMIN =    1.000000 WMAX =    1.000000 WAVE =    1.000000
  
 CHARMM>            calc xmax = ?xmax + @dcut
 Parameter: DCUT -> "3.5"
 RDCMND substituted energy or value "?XMAX" to "-11.3425915"
Evaluating: -11.3425915+3.5
 Parameter: XMAX <- "-7.8425915"
  
 CHARMM>            calc ymax = ?ymax + @dcut
 Parameter: DCUT -> "3.5"
 RDCMND substituted energy or value "?YMAX" to "-19.3107559"
Evaluating: -19.3107559+3.5
 Parameter: YMAX <- "-15.8107559"
  
 CHARMM>            calc zmax = ?zmax + @dcut
 Parameter: DCUT -> "3.5"
 RDCMND substituted energy or value "?ZMAX" to "27.2384404"
Evaluating: 27.2384404+3.5
 Parameter: ZMAX <- "30.7384404"
  
 CHARMM>            calc xmin = ?xmin - @dcut
 Parameter: DCUT -> "3.5"
 RDCMND substituted energy or value "?XMIN" to "-11.3425915"
Evaluating: -11.3425915-3.5
 Parameter: XMIN <- "-14.8425915"
  
 CHARMM>            calc ymin = ?ymin - @dcut
 Parameter: DCUT -> "3.5"
 RDCMND substituted energy or value "?YMIN" to "-19.3107559"
Evaluating: -19.3107559-3.5
 Parameter: YMIN <- "-22.8107559"
  
 CHARMM>            calc zmin = ?zmin - @dcut
 Parameter: DCUT -> "3.5"
 RDCMND substituted energy or value "?ZMIN" to "27.2384404"
Evaluating: 27.2384404-3.5
 Parameter: ZMIN <- "23.7384404"
  
 CHARMM>     
  
 CHARMM>            define JUNK sele .not. target .and. -
 CHARMM>                             prop X .lt. @xmax .and. prop X .gt. @xmin .and. -
 CHARMM>                             prop Y .lt. @ymax .and. prop Y .gt. @ymin .and. -
 CHARMM>                             prop Z .lt. @zmax .and. prop Z .gt. @zmin  end
 Parameter: XMAX -> "-7.8425915"
 Parameter: XMIN -> "-14.8425915"
 Parameter: YMAX -> "-15.8107559"
 Parameter: YMIN -> "-22.8107559"
 Parameter: ZMAX -> "30.7384404"
 Parameter: ZMIN -> "23.7384404"
 SELRPN>      0 atoms have been selected out of  13504
  
 CHARMM>     
  
 CHARMM>            ! check if the ions are too close to protein
  
 CHARMM>            define XXX sele PROT end
 SELRPN>    872 atoms have been selected out of  13504
  
 CHARMM>            if ?nsel .gt. 0 then
 RDCMND substituted energy or value "?NSEL" to "872"
 Comparing "872" and "0".
 IF test evaluated as true.  Performing command
  
 CHARMM>                coor dist cut 10.0 sele target end -
 CHARMM>                                   sele PROT .and. JUNK .and. .not. hydrogen end image
 SELRPN>      1 atoms have been selected out of  22944
 SELRPN>      0 atoms have been selected out of  22944

            DISTANCES FOR SELECTED ATOMS
            ONLY ONE SELECTION SET SPECIFIED, A COMPARISON WILL BE DONE
 TOTAL EXCLUSION COUNT =         0
 TOTAL 1-4 EXCLUSIONS  =         0
 TOTAL NON-EXCLUSIONS  =         0
  
 CHARMM>                if ?npair .gt. 0 goto doinit
 RDCMND substituted energy or value "?NPAIR" to "0"
 Comparing "0" and "0".
 IF test evaluated as false.  Skipping command
  
 CHARMM>            endif
  
 CHARMM>     
  
 CHARMM>            ! check if the ions are too close to solute
  
 CHARMM>            coor dist cut 4.0 sele target end sele JUNK .and. .not. hydrogen end image
 SELRPN>      1 atoms have been selected out of  22944
 SELRPN>      0 atoms have been selected out of  22944

            DISTANCES FOR SELECTED ATOMS
            ONLY ONE SELECTION SET SPECIFIED, A COMPARISON WILL BE DONE
 TOTAL EXCLUSION COUNT =         0
 TOTAL 1-4 EXCLUSIONS  =         0
 TOTAL NON-EXCLUSIONS  =         0
  
 CHARMM>            if ?npair .gt. 0 goto doinit
 RDCMND substituted energy or value "?NPAIR" to "0"
 Comparing "0" and "0".
 IF test evaluated as false.  Skipping command
  
 CHARMM>     
  
 CHARMM>            calc cntrand = 0
Evaluating: 0
 Parameter: CNTRAND <- "0"
  
 CHARMM>            increase i by 1
 Parameter: I <- "9"
  
 CHARMM>            if i .le. @nion goto doinit
 Parameter: NION -> "36"
 Comparing "9" and "36".
 IF test evaluated as true.  Performing command
  
 CHARMM>     
  
 CHARMM>            calc cntrand = @cntrand + 1
 Parameter: CNTRAND -> "0"
Evaluating: 0+1
 Parameter: CNTRAND <- "1"
  
 CHARMM>            if cntrand .gt. 100 stop ! ABNORMAL TERMINATION: ion placing may not work.. stop here
 Comparing "1" and "100".
 IF test evaluated as false.  Skipping command
  
 CHARMM>     
  
 CHARMM>            calc j = @i
 Parameter: I -> "9"
Evaluating: 9
 Parameter: J <- "9"
  
 CHARMM>            set ion = POS
 Parameter: ION <- "POS"
  
 CHARMM>     
  
 CHARMM>            if j .gt. @npos then
 Parameter: NPOS -> "12"
 Comparing "9" and "12".
 IF test evaluated as false.  Skip to ELSE or ENDIF
  
 CHARMM>     
  
 CHARMM>            define target select segid @ion .and. resid @j end
 Parameter: ION -> "POS"
 Parameter: J -> "9"
 SELRPN>      1 atoms have been selected out of  13504
  
 CHARMM>     
  
 CHARMM>            calc xpos = @A * ( ?random - 0.5 )
 Parameter: A -> "60.2201683"
 RDCMND substituted energy or value "?RANDOM" to "0.750330182"
Evaluating: 60.2201683*(0.750330182-0.5)
 Parameter: XPOS <- "15.0749257"
  
 CHARMM>            calc ypos = @B * ( ?random - 0.5 )
 Parameter: B -> "60.2201683"
 RDCMND substituted energy or value "?RANDOM" to "0.229426067"
Evaluating: 60.2201683*(0.229426067-0.5)
 Parameter: YPOS <- "-16.2940078"
  
 CHARMM>            calc zpos = @C * ( ?random - 0.5 ) + @zcen
 Parameter: C -> "85"
 Parameter: ZCEN -> "0"
 RDCMND substituted energy or value "?RANDOM" to "0.60525178"
Evaluating: 85*(0.60525178-0.5)+0
 Parameter: ZPOS <- "8.9464013"
  
 CHARMM>     
  
 CHARMM>            if zpos .gt. -15 if zpos .lt. 15 goto doinit
 Comparing "8.9464013" and "-15".
 IF test evaluated as true.  Performing command
 Comparing "8.9464013" and "15".
 IF test evaluated as true.  Performing command
  
 CHARMM>     
  
 CHARMM>            calc cntrand = @cntrand + 1
 Parameter: CNTRAND -> "1"
Evaluating: 1+1
 Parameter: CNTRAND <- "2"
  
 CHARMM>            if cntrand .gt. 100 stop ! ABNORMAL TERMINATION: ion placing may not work.. stop here
 Comparing "2" and "100".
 IF test evaluated as false.  Skipping command
  
 CHARMM>     
  
 CHARMM>            calc j = @i
 Parameter: I -> "9"
Evaluating: 9
 Parameter: J <- "9"
  
 CHARMM>            set ion = POS
 Parameter: ION <- "POS"
  
 CHARMM>     
  
 CHARMM>            if j .gt. @npos then
 Parameter: NPOS -> "12"
 Comparing "9" and "12".
 IF test evaluated as false.  Skip to ELSE or ENDIF
  
 CHARMM>     
  
 CHARMM>            define target select segid @ion .and. resid @j end
 Parameter: ION -> "POS"
 Parameter: J -> "9"
 SELRPN>      1 atoms have been selected out of  13504
  
 CHARMM>     
  
 CHARMM>            calc xpos = @A * ( ?random - 0.5 )
 Parameter: A -> "60.2201683"
 RDCMND substituted energy or value "?RANDOM" to "5.607360886E-02"
Evaluating: 60.2201683*(5.607360886E-02-0.5)
 Parameter: XPOS <- "-26.733322"
  
 CHARMM>            calc ypos = @B * ( ?random - 0.5 )
 Parameter: B -> "60.2201683"
 RDCMND substituted energy or value "?RANDOM" to "0.214647426"
Evaluating: 60.2201683*(0.214647426-0.5)
 Parameter: YPOS <- "-17.18398"
  
 CHARMM>            calc zpos = @C * ( ?random - 0.5 ) + @zcen
 Parameter: C -> "85"
 Parameter: ZCEN -> "0"
 RDCMND substituted energy or value "?RANDOM" to "0.132247934"
Evaluating: 85*(0.132247934-0.5)+0
 Parameter: ZPOS <- "-31.2589256"
  
 CHARMM>     
  
 CHARMM>            if zpos .gt. -15 if zpos .lt. 15 goto doinit
 Comparing "-31.2589256" and "-15".
 IF test evaluated as false.  Skipping command
  
 CHARMM>     
  
 CHARMM>            ! move target to selected position
  
 CHARMM>            coor stat select target end
 SELRPN>      1 atoms have been selected out of  13504
 STATISTICS FOR         1 SELECTED ATOMS:
    XMIN =    0.000000 XMAX =    0.000000 XAVE =    0.000000
    YMIN =    0.000000 YMAX =    0.000000 YAVE =    0.000000
    ZMIN =    0.000000 ZMAX =    0.000000 ZAVE =    0.000000
    WMIN =    1.000000 WMAX =    1.000000 WAVE =    1.000000
  
 CHARMM>            calc xtran = @xpos - ?xave
 Parameter: XPOS -> "-26.733322"
 RDCMND substituted energy or value "?XAVE" to "0"
Evaluating: -26.733322-0
 Parameter: XTRAN <- "-26.733322"
  
 CHARMM>            calc ytran = @ypos - ?yave
 Parameter: YPOS -> "-17.18398"
 RDCMND substituted energy or value "?YAVE" to "0"
Evaluating: -17.18398-0
 Parameter: YTRAN <- "-17.18398"
  
 CHARMM>            calc ztran = @zpos - ?zave
 Parameter: ZPOS -> "-31.2589256"
 RDCMND substituted energy or value "?ZAVE" to "0"
Evaluating: -31.2589256-0
 Parameter: ZTRAN <- "-31.2589256"
  
 CHARMM>            coor trans xdir @xtran ydir @ytran zdir @ztran select target end
 Parameter: XTRAN -> "-26.733322"
 Parameter: YTRAN -> "-17.18398"
 Parameter: ZTRAN -> "-31.2589256"
 SELRPN>      1 atoms have been selected out of  13504
 TRANSLATION VECTOR   -26.733322  -17.183980  -31.258926
 SELECTED COORDINATES TRANSLATED IN THE MAIN SET.

  
 CHARMM>     
  
 CHARMM>            ! apply a random rotation along XYZ
  
 CHARMM>            calc xphi = ?random * 360.0
 RDCMND substituted energy or value "?RANDOM" to "4.331062928E-02"
Evaluating: 4.331062928E-02*360.0
 Parameter: XPHI <- "15.5918265"
  
 CHARMM>            calc yphi = ?random * 360.0
 RDCMND substituted energy or value "?RANDOM" to "6.638418028E-02"
Evaluating: 6.638418028E-02*360.0
 Parameter: YPHI <- "23.8983049"
  
 CHARMM>            calc zphi = ?random * 360.0
 RDCMND substituted energy or value "?RANDOM" to "0.613498801"
Evaluating: 0.613498801*360.0
 Parameter: ZPHI <- "220.859568"
  
 CHARMM>            coor rotate xcen @xpos ycen @ypos zcen @zpos xdir 1.0 -
 CHARMM>                phi @xphi select target end
 Parameter: XPOS -> "-26.733322"
 Parameter: YPOS -> "-17.18398"
 Parameter: ZPOS -> "-31.2589256"
 Parameter: XPHI -> "15.5918265"
 SELRPN>      1 atoms have been selected out of  13504
 ROTATION MATRIX
    1.000000    0.000000    0.000000
    0.000000    0.963201    0.268782
    0.000000   -0.268782    0.963201

 AXIS OF ROTATION IS  1.000000  0.000000  0.000000  ANGLE IS   15.59

 SELECTED COORDINATES ROTATED IN THE MAIN SET.

  
 CHARMM>            coor rotate xcen @xpos ycen @ypos zcen @zpos ydir 1.0 -
 CHARMM>                phi @yphi select target end
 Parameter: XPOS -> "-26.733322"
 Parameter: YPOS -> "-17.18398"
 Parameter: ZPOS -> "-31.2589256"
 Parameter: YPHI -> "23.8983049"
 SELRPN>      1 atoms have been selected out of  13504
 ROTATION MATRIX
    0.914266    0.000000   -0.405115
    0.000000    1.000000    0.000000
    0.405115    0.000000    0.914266

 AXIS OF ROTATION IS  0.000000  1.000000  0.000000  ANGLE IS   23.90

 SELECTED COORDINATES ROTATED IN THE MAIN SET.

  
 CHARMM>            coor rotate xcen @xpos ycen @ypos zcen @zpos zdir 1.0 -
 CHARMM>                phi @zphi select target end
 Parameter: XPOS -> "-26.733322"
 Parameter: YPOS -> "-17.18398"
 Parameter: ZPOS -> "-31.2589256"
 Parameter: ZPHI -> "220.859568"
 SELRPN>      1 atoms have been selected out of  13504
 ROTATION MATRIX
   -0.756315   -0.654207    0.000000
    0.654207   -0.756315    0.000000
    0.000000    0.000000    1.000000

 AXIS OF ROTATION IS  0.000000  0.000000 -1.000000  ANGLE IS  139.14

 SELECTED COORDINATES ROTATED IN THE MAIN SET.

  
 CHARMM>     
  
 CHARMM>     
  
 CHARMM>            calc dcut = 3.5
Evaluating: 3.5
 Parameter: DCUT <- "3.5"
  
 CHARMM>     
  
 CHARMM>            coor stat sele target end
 SELRPN>      1 atoms have been selected out of  13504
 STATISTICS FOR         1 SELECTED ATOMS:
    XMIN =  -26.733322 XMAX =  -26.733322 XAVE =  -26.733322
    YMIN =  -17.183980 YMAX =  -17.183980 YAVE =  -17.183980
    ZMIN =  -31.258926 ZMAX =  -31.258926 ZAVE =  -31.258926
    WMIN =    1.000000 WMAX =    1.000000 WAVE =    1.000000
  
 CHARMM>            calc xmax = ?xmax + @dcut
 Parameter: DCUT -> "3.5"
 RDCMND substituted energy or value "?XMAX" to "-26.733322"
Evaluating: -26.733322+3.5
 Parameter: XMAX <- "-23.233322"
  
 CHARMM>            calc ymax = ?ymax + @dcut
 Parameter: DCUT -> "3.5"
 RDCMND substituted energy or value "?YMAX" to "-17.18398"
Evaluating: -17.18398+3.5
 Parameter: YMAX <- "-13.68398"
  
 CHARMM>            calc zmax = ?zmax + @dcut
 Parameter: DCUT -> "3.5"
 RDCMND substituted energy or value "?ZMAX" to "-31.2589256"
Evaluating: -31.2589256+3.5
 Parameter: ZMAX <- "-27.7589256"
  
 CHARMM>            calc xmin = ?xmin - @dcut
 Parameter: DCUT -> "3.5"
 RDCMND substituted energy or value "?XMIN" to "-26.733322"
Evaluating: -26.733322-3.5
 Parameter: XMIN <- "-30.233322"
  
 CHARMM>            calc ymin = ?ymin - @dcut
 Parameter: DCUT -> "3.5"
 RDCMND substituted energy or value "?YMIN" to "-17.18398"
Evaluating: -17.18398-3.5
 Parameter: YMIN <- "-20.68398"
  
 CHARMM>            calc zmin = ?zmin - @dcut
 Parameter: DCUT -> "3.5"
 RDCMND substituted energy or value "?ZMIN" to "-31.2589256"
Evaluating: -31.2589256-3.5
 Parameter: ZMIN <- "-34.7589256"
  
 CHARMM>     
  
 CHARMM>            define JUNK sele .not. target .and. -
 CHARMM>                             prop X .lt. @xmax .and. prop X .gt. @xmin .and. -
 CHARMM>                             prop Y .lt. @ymax .and. prop Y .gt. @ymin .and. -
 CHARMM>                             prop Z .lt. @zmax .and. prop Z .gt. @zmin  end
 Parameter: XMAX -> "-23.233322"
 Parameter: XMIN -> "-30.233322"
 Parameter: YMAX -> "-13.68398"
 Parameter: YMIN -> "-20.68398"
 Parameter: ZMAX -> "-27.7589256"
 Parameter: ZMIN -> "-34.7589256"
 SELRPN>      0 atoms have been selected out of  13504
  
 CHARMM>     
  
 CHARMM>            ! check if the ions are too close to protein
  
 CHARMM>            define XXX sele PROT end
 SELRPN>    872 atoms have been selected out of  13504
  
 CHARMM>            if ?nsel .gt. 0 then
 RDCMND substituted energy or value "?NSEL" to "872"
 Comparing "872" and "0".
 IF test evaluated as true.  Performing command
  
 CHARMM>                coor dist cut 10.0 sele target end -
 CHARMM>                                   sele PROT .and. JUNK .and. .not. hydrogen end image
 SELRPN>      1 atoms have been selected out of  22944
 SELRPN>      0 atoms have been selected out of  22944

            DISTANCES FOR SELECTED ATOMS
            ONLY ONE SELECTION SET SPECIFIED, A COMPARISON WILL BE DONE
 TOTAL EXCLUSION COUNT =         0
 TOTAL 1-4 EXCLUSIONS  =         0
 TOTAL NON-EXCLUSIONS  =         0
  
 CHARMM>                if ?npair .gt. 0 goto doinit
 RDCMND substituted energy or value "?NPAIR" to "0"
 Comparing "0" and "0".
 IF test evaluated as false.  Skipping command
  
 CHARMM>            endif
  
 CHARMM>     
  
 CHARMM>            ! check if the ions are too close to solute
  
 CHARMM>            coor dist cut 4.0 sele target end sele JUNK .and. .not. hydrogen end image
 SELRPN>      1 atoms have been selected out of  22944
 SELRPN>      0 atoms have been selected out of  22944

            DISTANCES FOR SELECTED ATOMS
            ONLY ONE SELECTION SET SPECIFIED, A COMPARISON WILL BE DONE
 TOTAL EXCLUSION COUNT =         0
 TOTAL 1-4 EXCLUSIONS  =         0
 TOTAL NON-EXCLUSIONS  =         0
  
 CHARMM>            if ?npair .gt. 0 goto doinit
 RDCMND substituted energy or value "?NPAIR" to "0"
 Comparing "0" and "0".
 IF test evaluated as false.  Skipping command
  
 CHARMM>     
  
 CHARMM>            calc cntrand = 0
Evaluating: 0
 Parameter: CNTRAND <- "0"
  
 CHARMM>            increase i by 1
 Parameter: I <- "10"
  
 CHARMM>            if i .le. @nion goto doinit
 Parameter: NION -> "36"
 Comparing "10" and "36".
 IF test evaluated as true.  Performing command
  
 CHARMM>     
  
 CHARMM>            calc cntrand = @cntrand + 1
 Parameter: CNTRAND -> "0"
Evaluating: 0+1
 Parameter: CNTRAND <- "1"
  
 CHARMM>            if cntrand .gt. 100 stop ! ABNORMAL TERMINATION: ion placing may not work.. stop here
 Comparing "1" and "100".
 IF test evaluated as false.  Skipping command
  
 CHARMM>     
  
 CHARMM>            calc j = @i
 Parameter: I -> "10"
Evaluating: 10
 Parameter: J <- "10"
  
 CHARMM>            set ion = POS
 Parameter: ION <- "POS"
  
 CHARMM>     
  
 CHARMM>            if j .gt. @npos then
 Parameter: NPOS -> "12"
 Comparing "10" and "12".
 IF test evaluated as false.  Skip to ELSE or ENDIF
  
 CHARMM>     
  
 CHARMM>            define target select segid @ion .and. resid @j end
 Parameter: ION -> "POS"
 Parameter: J -> "10"
 SELRPN>      1 atoms have been selected out of  13504
  
 CHARMM>     
  
 CHARMM>            calc xpos = @A * ( ?random - 0.5 )
 Parameter: A -> "60.2201683"
 RDCMND substituted energy or value "?RANDOM" to "0.632425958"
Evaluating: 60.2201683*(0.632425958-0.5)
 Parameter: XPOS <- "7.97471348"
  
 CHARMM>            calc ypos = @B * ( ?random - 0.5 )
 Parameter: B -> "60.2201683"
 RDCMND substituted energy or value "?RANDOM" to "0.325264058"
Evaluating: 60.2201683*(0.325264058-0.5)
 Parameter: YPOS <- "-10.5226278"
  
 CHARMM>            calc zpos = @C * ( ?random - 0.5 ) + @zcen
 Parameter: C -> "85"
 Parameter: ZCEN -> "0"
 RDCMND substituted energy or value "?RANDOM" to "0.979405478"
Evaluating: 85*(0.979405478-0.5)+0
 Parameter: ZPOS <- "40.7494656"
  
 CHARMM>     
  
 CHARMM>            if zpos .gt. -15 if zpos .lt. 15 goto doinit
 Comparing "40.7494656" and "-15".
 IF test evaluated as true.  Performing command
 Comparing "40.7494656" and "15".
 IF test evaluated as false.  Skipping command
  
 CHARMM>     
  
 CHARMM>            ! move target to selected position
  
 CHARMM>            coor stat select target end
 SELRPN>      1 atoms have been selected out of  13504
 STATISTICS FOR         1 SELECTED ATOMS:
    XMIN =    0.000000 XMAX =    0.000000 XAVE =    0.000000
    YMIN =    0.000000 YMAX =    0.000000 YAVE =    0.000000
    ZMIN =    0.000000 ZMAX =    0.000000 ZAVE =    0.000000
    WMIN =    1.000000 WMAX =    1.000000 WAVE =    1.000000
  
 CHARMM>            calc xtran = @xpos - ?xave
 Parameter: XPOS -> "7.97471348"
 RDCMND substituted energy or value "?XAVE" to "0"
Evaluating: 7.97471348-0
 Parameter: XTRAN <- "7.97471348"
  
 CHARMM>            calc ytran = @ypos - ?yave
 Parameter: YPOS -> "-10.5226278"
 RDCMND substituted energy or value "?YAVE" to "0"
Evaluating: -10.5226278-0
 Parameter: YTRAN <- "-10.5226278"
  
 CHARMM>            calc ztran = @zpos - ?zave
 Parameter: ZPOS -> "40.7494656"
 RDCMND substituted energy or value "?ZAVE" to "0"
Evaluating: 40.7494656-0
 Parameter: ZTRAN <- "40.7494656"
  
 CHARMM>            coor trans xdir @xtran ydir @ytran zdir @ztran select target end
 Parameter: XTRAN -> "7.97471348"
 Parameter: YTRAN -> "-10.5226278"
 Parameter: ZTRAN -> "40.7494656"
 SELRPN>      1 atoms have been selected out of  13504
 TRANSLATION VECTOR     7.974713  -10.522628   40.749466
 SELECTED COORDINATES TRANSLATED IN THE MAIN SET.

  
 CHARMM>     
  
 CHARMM>            ! apply a random rotation along XYZ
  
 CHARMM>            calc xphi = ?random * 360.0
 RDCMND substituted energy or value "?RANDOM" to "0.900880253"
Evaluating: 0.900880253*360.0
 Parameter: XPHI <- "324.316891"
  
 CHARMM>            calc yphi = ?random * 360.0
 RDCMND substituted energy or value "?RANDOM" to "0.19994343"
Evaluating: 0.19994343*360.0
 Parameter: YPHI <- "71.9796348"
  
 CHARMM>            calc zphi = ?random * 360.0
 RDCMND substituted energy or value "?RANDOM" to "6.703134873E-02"
Evaluating: 6.703134873E-02*360.0
 Parameter: ZPHI <- "24.1312855"
  
 CHARMM>            coor rotate xcen @xpos ycen @ypos zcen @zpos xdir 1.0 -
 CHARMM>                phi @xphi select target end
 Parameter: XPOS -> "7.97471348"
 Parameter: YPOS -> "-10.5226278"
 Parameter: ZPOS -> "40.7494656"
 Parameter: XPHI -> "324.316891"
 SELRPN>      1 atoms have been selected out of  13504
 ROTATION MATRIX
    1.000000    0.000000    0.000000
    0.000000    0.812256   -0.583302
    0.000000    0.583302    0.812256

 AXIS OF ROTATION IS -1.000000  0.000000  0.000000  ANGLE IS   35.68

 SELECTED COORDINATES ROTATED IN THE MAIN SET.

  
 CHARMM>            coor rotate xcen @xpos ycen @ypos zcen @zpos ydir 1.0 -
 CHARMM>                phi @yphi select target end
 Parameter: XPOS -> "7.97471348"
 Parameter: YPOS -> "-10.5226278"
 Parameter: ZPOS -> "40.7494656"
 Parameter: YPHI -> "71.9796348"
 SELRPN>      1 atoms have been selected out of  13504
 ROTATION MATRIX
    0.309355    0.000000   -0.950947
    0.000000    1.000000    0.000000
    0.950947    0.000000    0.309355

 AXIS OF ROTATION IS  0.000000  1.000000  0.000000  ANGLE IS   71.98

 SELECTED COORDINATES ROTATED IN THE MAIN SET.

  
 CHARMM>            coor rotate xcen @xpos ycen @ypos zcen @zpos zdir 1.0 -
 CHARMM>                phi @zphi select target end
 Parameter: XPOS -> "7.97471348"
 Parameter: YPOS -> "-10.5226278"
 Parameter: ZPOS -> "40.7494656"
 Parameter: ZPHI -> "24.1312855"
 SELRPN>      1 atoms have been selected out of  13504
 ROTATION MATRIX
    0.912611    0.408829    0.000000
   -0.408829    0.912611    0.000000
    0.000000    0.000000    1.000000

 AXIS OF ROTATION IS  0.000000  0.000000  1.000000  ANGLE IS   24.13

 SELECTED COORDINATES ROTATED IN THE MAIN SET.

  
 CHARMM>     
  
 CHARMM>     
  
 CHARMM>            calc dcut = 3.5
Evaluating: 3.5
 Parameter: DCUT <- "3.5"
  
 CHARMM>     
  
 CHARMM>            coor stat sele target end
 SELRPN>      1 atoms have been selected out of  13504
 STATISTICS FOR         1 SELECTED ATOMS:
    XMIN =    7.974713 XMAX =    7.974713 XAVE =    7.974713
    YMIN =  -10.522628 YMAX =  -10.522628 YAVE =  -10.522628
    ZMIN =   40.749466 ZMAX =   40.749466 ZAVE =   40.749466
    WMIN =    1.000000 WMAX =    1.000000 WAVE =    1.000000
  
 CHARMM>            calc xmax = ?xmax + @dcut
 Parameter: DCUT -> "3.5"
 RDCMND substituted energy or value "?XMAX" to "7.97471348"
Evaluating: 7.97471348+3.5
 Parameter: XMAX <- "11.4747135"
  
 CHARMM>            calc ymax = ?ymax + @dcut
 Parameter: DCUT -> "3.5"
 RDCMND substituted energy or value "?YMAX" to "-10.5226278"
Evaluating: -10.5226278+3.5
 Parameter: YMAX <- "-7.0226278"
  
 CHARMM>            calc zmax = ?zmax + @dcut
 Parameter: DCUT -> "3.5"
 RDCMND substituted energy or value "?ZMAX" to "40.7494656"
Evaluating: 40.7494656+3.5
 Parameter: ZMAX <- "44.2494656"
  
 CHARMM>            calc xmin = ?xmin - @dcut
 Parameter: DCUT -> "3.5"
 RDCMND substituted energy or value "?XMIN" to "7.97471348"
Evaluating: 7.97471348-3.5
 Parameter: XMIN <- "4.47471348"
  
 CHARMM>            calc ymin = ?ymin - @dcut
 Parameter: DCUT -> "3.5"
 RDCMND substituted energy or value "?YMIN" to "-10.5226278"
Evaluating: -10.5226278-3.5
 Parameter: YMIN <- "-14.0226278"
  
 CHARMM>            calc zmin = ?zmin - @dcut
 Parameter: DCUT -> "3.5"
 RDCMND substituted energy or value "?ZMIN" to "40.7494656"
Evaluating: 40.7494656-3.5
 Parameter: ZMIN <- "37.2494656"
  
 CHARMM>     
  
 CHARMM>            define JUNK sele .not. target .and. -
 CHARMM>                             prop X .lt. @xmax .and. prop X .gt. @xmin .and. -
 CHARMM>                             prop Y .lt. @ymax .and. prop Y .gt. @ymin .and. -
 CHARMM>                             prop Z .lt. @zmax .and. prop Z .gt. @zmin  end
 Parameter: XMAX -> "11.4747135"
 Parameter: XMIN -> "4.47471348"
 Parameter: YMAX -> "-7.0226278"
 Parameter: YMIN -> "-14.0226278"
 Parameter: ZMAX -> "44.2494656"
 Parameter: ZMIN -> "37.2494656"
 SELRPN>      0 atoms have been selected out of  13504
  
 CHARMM>     
  
 CHARMM>            ! check if the ions are too close to protein
  
 CHARMM>            define XXX sele PROT end
 SELRPN>    872 atoms have been selected out of  13504
  
 CHARMM>            if ?nsel .gt. 0 then
 RDCMND substituted energy or value "?NSEL" to "872"
 Comparing "872" and "0".
 IF test evaluated as true.  Performing command
  
 CHARMM>                coor dist cut 10.0 sele target end -
 CHARMM>                                   sele PROT .and. JUNK .and. .not. hydrogen end image
 SELRPN>      1 atoms have been selected out of  22944
 SELRPN>      0 atoms have been selected out of  22944

            DISTANCES FOR SELECTED ATOMS
            ONLY ONE SELECTION SET SPECIFIED, A COMPARISON WILL BE DONE
 TOTAL EXCLUSION COUNT =         0
 TOTAL 1-4 EXCLUSIONS  =         0
 TOTAL NON-EXCLUSIONS  =         0
  
 CHARMM>                if ?npair .gt. 0 goto doinit
 RDCMND substituted energy or value "?NPAIR" to "0"
 Comparing "0" and "0".
 IF test evaluated as false.  Skipping command
  
 CHARMM>            endif
  
 CHARMM>     
  
 CHARMM>            ! check if the ions are too close to solute
  
 CHARMM>            coor dist cut 4.0 sele target end sele JUNK .and. .not. hydrogen end image
 SELRPN>      1 atoms have been selected out of  22944
 SELRPN>      0 atoms have been selected out of  22944

            DISTANCES FOR SELECTED ATOMS
            ONLY ONE SELECTION SET SPECIFIED, A COMPARISON WILL BE DONE
 TOTAL EXCLUSION COUNT =         0
 TOTAL 1-4 EXCLUSIONS  =         0
 TOTAL NON-EXCLUSIONS  =         0
  
 CHARMM>            if ?npair .gt. 0 goto doinit
 RDCMND substituted energy or value "?NPAIR" to "0"
 Comparing "0" and "0".
 IF test evaluated as false.  Skipping command
  
 CHARMM>     
  
 CHARMM>            calc cntrand = 0
Evaluating: 0
 Parameter: CNTRAND <- "0"
  
 CHARMM>            increase i by 1
 Parameter: I <- "11"
  
 CHARMM>            if i .le. @nion goto doinit
 Parameter: NION -> "36"
 Comparing "11" and "36".
 IF test evaluated as true.  Performing command
  
 CHARMM>     
  
 CHARMM>            calc cntrand = @cntrand + 1
 Parameter: CNTRAND -> "0"
Evaluating: 0+1
 Parameter: CNTRAND <- "1"
  
 CHARMM>            if cntrand .gt. 100 stop ! ABNORMAL TERMINATION: ion placing may not work.. stop here
 Comparing "1" and "100".
 IF test evaluated as false.  Skipping command
  
 CHARMM>     
  
 CHARMM>            calc j = @i
 Parameter: I -> "11"
Evaluating: 11
 Parameter: J <- "11"
  
 CHARMM>            set ion = POS
 Parameter: ION <- "POS"
  
 CHARMM>     
  
 CHARMM>            if j .gt. @npos then
 Parameter: NPOS -> "12"
 Comparing "11" and "12".
 IF test evaluated as false.  Skip to ELSE or ENDIF
  
 CHARMM>     
  
 CHARMM>            define target select segid @ion .and. resid @j end
 Parameter: ION -> "POS"
 Parameter: J -> "11"
 SELRPN>      1 atoms have been selected out of  13504
  
 CHARMM>     
  
 CHARMM>            calc xpos = @A * ( ?random - 0.5 )
 Parameter: A -> "60.2201683"
 RDCMND substituted energy or value "?RANDOM" to "0.558581291"
Evaluating: 60.2201683*(0.558581291-0.5)
 Parameter: XPOS <- "3.5277752"
  
 CHARMM>            calc ypos = @B * ( ?random - 0.5 )
 Parameter: B -> "60.2201683"
 RDCMND substituted energy or value "?RANDOM" to "0.610599745"
Evaluating: 60.2201683*(0.610599745-0.5)
 Parameter: YPOS <- "6.66033526"
  
 CHARMM>            calc zpos = @C * ( ?random - 0.5 ) + @zcen
 Parameter: C -> "85"
 Parameter: ZCEN -> "0"
 RDCMND substituted energy or value "?RANDOM" to "0.250752569"
Evaluating: 85*(0.250752569-0.5)+0
 Parameter: ZPOS <- "-21.1860316"
  
 CHARMM>     
  
 CHARMM>            if zpos .gt. -15 if zpos .lt. 15 goto doinit
 Comparing "-21.1860316" and "-15".
 IF test evaluated as false.  Skipping command
  
 CHARMM>     
  
 CHARMM>            ! move target to selected position
  
 CHARMM>            coor stat select target end
 SELRPN>      1 atoms have been selected out of  13504
 STATISTICS FOR         1 SELECTED ATOMS:
    XMIN =    0.000000 XMAX =    0.000000 XAVE =    0.000000
    YMIN =    0.000000 YMAX =    0.000000 YAVE =    0.000000
    ZMIN =    0.000000 ZMAX =    0.000000 ZAVE =    0.000000
    WMIN =    1.000000 WMAX =    1.000000 WAVE =    1.000000
  
 CHARMM>            calc xtran = @xpos - ?xave
 Parameter: XPOS -> "3.5277752"
 RDCMND substituted energy or value "?XAVE" to "0"
Evaluating: 3.5277752-0
 Parameter: XTRAN <- "3.5277752"
  
 CHARMM>            calc ytran = @ypos - ?yave
 Parameter: YPOS -> "6.66033526"
 RDCMND substituted energy or value "?YAVE" to "0"
Evaluating: 6.66033526-0
 Parameter: YTRAN <- "6.66033526"
  
 CHARMM>            calc ztran = @zpos - ?zave
 Parameter: ZPOS -> "-21.1860316"
 RDCMND substituted energy or value "?ZAVE" to "0"
Evaluating: -21.1860316-0
 Parameter: ZTRAN <- "-21.1860316"
  
 CHARMM>            coor trans xdir @xtran ydir @ytran zdir @ztran select target end
 Parameter: XTRAN -> "3.5277752"
 Parameter: YTRAN -> "6.66033526"
 Parameter: ZTRAN -> "-21.1860316"
 SELRPN>      1 atoms have been selected out of  13504
 TRANSLATION VECTOR     3.527775    6.660335  -21.186032
 SELECTED COORDINATES TRANSLATED IN THE MAIN SET.

  
 CHARMM>     
  
 CHARMM>            ! apply a random rotation along XYZ
  
 CHARMM>            calc xphi = ?random * 360.0
 RDCMND substituted energy or value "?RANDOM" to "0.916972202"
Evaluating: 0.916972202*360.0
 Parameter: XPHI <- "330.109993"
  
 CHARMM>            calc yphi = ?random * 360.0
 RDCMND substituted energy or value "?RANDOM" to "0.11183229"
Evaluating: 0.11183229*360.0
 Parameter: YPHI <- "40.2596244"
  
 CHARMM>            calc zphi = ?random * 360.0
 RDCMND substituted energy or value "?RANDOM" to "7.448065843E-02"
Evaluating: 7.448065843E-02*360.0
 Parameter: ZPHI <- "26.813037"
  
 CHARMM>            coor rotate xcen @xpos ycen @ypos zcen @zpos xdir 1.0 -
 CHARMM>                phi @xphi select target end
 Parameter: XPOS -> "3.5277752"
 Parameter: YPOS -> "6.66033526"
 Parameter: ZPOS -> "-21.1860316"
 Parameter: XPHI -> "330.109993"
 SELRPN>      1 atoms have been selected out of  13504
 ROTATION MATRIX
    1.000000    0.000000    0.000000
    0.000000    0.866984   -0.498337
    0.000000    0.498337    0.866984

 AXIS OF ROTATION IS -1.000000  0.000000  0.000000  ANGLE IS   29.89

 SELECTED COORDINATES ROTATED IN THE MAIN SET.

  
 CHARMM>            coor rotate xcen @xpos ycen @ypos zcen @zpos ydir 1.0 -
 CHARMM>                phi @yphi select target end
 Parameter: XPOS -> "3.5277752"
 Parameter: YPOS -> "6.66033526"
 Parameter: ZPOS -> "-21.1860316"
 Parameter: YPHI -> "40.2596244"
 SELRPN>      1 atoms have been selected out of  13504
 ROTATION MATRIX
    0.763124    0.000000   -0.646252
    0.000000    1.000000    0.000000
    0.646252    0.000000    0.763124

 AXIS OF ROTATION IS  0.000000  1.000000  0.000000  ANGLE IS   40.26

 SELECTED COORDINATES ROTATED IN THE MAIN SET.

  
 CHARMM>            coor rotate xcen @xpos ycen @ypos zcen @zpos zdir 1.0 -
 CHARMM>                phi @zphi select target end
 Parameter: XPOS -> "3.5277752"
 Parameter: YPOS -> "6.66033526"
 Parameter: ZPOS -> "-21.1860316"
 Parameter: ZPHI -> "26.813037"
 SELRPN>      1 atoms have been selected out of  13504
 ROTATION MATRIX
    0.892483    0.451081    0.000000
   -0.451081    0.892483    0.000000
    0.000000    0.000000    1.000000

 AXIS OF ROTATION IS  0.000000  0.000000  1.000000  ANGLE IS   26.81

 SELECTED COORDINATES ROTATED IN THE MAIN SET.

  
 CHARMM>     
  
 CHARMM>     
  
 CHARMM>            calc dcut = 3.5
Evaluating: 3.5
 Parameter: DCUT <- "3.5"
  
 CHARMM>     
  
 CHARMM>            coor stat sele target end
 SELRPN>      1 atoms have been selected out of  13504
 STATISTICS FOR         1 SELECTED ATOMS:
    XMIN =    3.527775 XMAX =    3.527775 XAVE =    3.527775
    YMIN =    6.660335 YMAX =    6.660335 YAVE =    6.660335
    ZMIN =  -21.186032 ZMAX =  -21.186032 ZAVE =  -21.186032
    WMIN =    1.000000 WMAX =    1.000000 WAVE =    1.000000
  
 CHARMM>            calc xmax = ?xmax + @dcut
 Parameter: DCUT -> "3.5"
 RDCMND substituted energy or value "?XMAX" to "3.5277752"
Evaluating: 3.5277752+3.5
 Parameter: XMAX <- "7.0277752"
  
 CHARMM>            calc ymax = ?ymax + @dcut
 Parameter: DCUT -> "3.5"
 RDCMND substituted energy or value "?YMAX" to "6.66033526"
Evaluating: 6.66033526+3.5
 Parameter: YMAX <- "10.1603353"
  
 CHARMM>            calc zmax = ?zmax + @dcut
 Parameter: DCUT -> "3.5"
 RDCMND substituted energy or value "?ZMAX" to "-21.1860316"
Evaluating: -21.1860316+3.5
 Parameter: ZMAX <- "-17.6860316"
  
 CHARMM>            calc xmin = ?xmin - @dcut
 Parameter: DCUT -> "3.5"
 RDCMND substituted energy or value "?XMIN" to "3.5277752"
Evaluating: 3.5277752-3.5
 Parameter: XMIN <- "2.77752E-02"
  
 CHARMM>            calc ymin = ?ymin - @dcut
 Parameter: DCUT -> "3.5"
 RDCMND substituted energy or value "?YMIN" to "6.66033526"
Evaluating: 6.66033526-3.5
 Parameter: YMIN <- "3.16033526"
  
 CHARMM>            calc zmin = ?zmin - @dcut
 Parameter: DCUT -> "3.5"
 RDCMND substituted energy or value "?ZMIN" to "-21.1860316"
Evaluating: -21.1860316-3.5
 Parameter: ZMIN <- "-24.6860316"
  
 CHARMM>     
  
 CHARMM>            define JUNK sele .not. target .and. -
 CHARMM>                             prop X .lt. @xmax .and. prop X .gt. @xmin .and. -
 CHARMM>                             prop Y .lt. @ymax .and. prop Y .gt. @ymin .and. -
 CHARMM>                             prop Z .lt. @zmax .and. prop Z .gt. @zmin  end
 Parameter: XMAX -> "7.0277752"
 Parameter: XMIN -> "2.77752E-02"
 Parameter: YMAX -> "10.1603353"
 Parameter: YMIN -> "3.16033526"
 Parameter: ZMAX -> "-17.6860316"
 Parameter: ZMIN -> "-24.6860316"
 SELRPN>      2 atoms have been selected out of  13504
  
 CHARMM>     
  
 CHARMM>            ! check if the ions are too close to protein
  
 CHARMM>            define XXX sele PROT end
 SELRPN>    872 atoms have been selected out of  13504
  
 CHARMM>            if ?nsel .gt. 0 then
 RDCMND substituted energy or value "?NSEL" to "872"
 Comparing "872" and "0".
 IF test evaluated as true.  Performing command
  
 CHARMM>                coor dist cut 10.0 sele target end -
 CHARMM>                                   sele PROT .and. JUNK .and. .not. hydrogen end image
 SELRPN>      1 atoms have been selected out of  22944
 SELRPN>      0 atoms have been selected out of  22944

            DISTANCES FOR SELECTED ATOMS
            ONLY ONE SELECTION SET SPECIFIED, A COMPARISON WILL BE DONE
 TOTAL EXCLUSION COUNT =         0
 TOTAL 1-4 EXCLUSIONS  =         0
 TOTAL NON-EXCLUSIONS  =         0
  
 CHARMM>                if ?npair .gt. 0 goto doinit
 RDCMND substituted energy or value "?NPAIR" to "0"
 Comparing "0" and "0".
 IF test evaluated as false.  Skipping command
  
 CHARMM>            endif
  
 CHARMM>     
  
 CHARMM>            ! check if the ions are too close to solute
  
 CHARMM>            coor dist cut 4.0 sele target end sele JUNK .and. .not. hydrogen end image
 SELRPN>      1 atoms have been selected out of  22944
 SELRPN>      1 atoms have been selected out of  22944

            DISTANCES FOR SELECTED ATOMS
 TOTAL EXCLUSION COUNT =         0
 TOTAL 1-4 EXCLUSIONS  =         0
 TOTAL NON-EXCLUSIONS  =         0
  
 CHARMM>            if ?npair .gt. 0 goto doinit
 RDCMND substituted energy or value "?NPAIR" to "0"
 Comparing "0" and "0".
 IF test evaluated as false.  Skipping command
  
 CHARMM>     
  
 CHARMM>            calc cntrand = 0
Evaluating: 0
 Parameter: CNTRAND <- "0"
  
 CHARMM>            increase i by 1
 Parameter: I <- "12"
  
 CHARMM>            if i .le. @nion goto doinit
 Parameter: NION -> "36"
 Comparing "12" and "36".
 IF test evaluated as true.  Performing command
  
 CHARMM>     
  
 CHARMM>            calc cntrand = @cntrand + 1
 Parameter: CNTRAND -> "0"
Evaluating: 0+1
 Parameter: CNTRAND <- "1"
  
 CHARMM>            if cntrand .gt. 100 stop ! ABNORMAL TERMINATION: ion placing may not work.. stop here
 Comparing "1" and "100".
 IF test evaluated as false.  Skipping command
  
 CHARMM>     
  
 CHARMM>            calc j = @i
 Parameter: I -> "12"
Evaluating: 12
 Parameter: J <- "12"
  
 CHARMM>            set ion = POS
 Parameter: ION <- "POS"
  
 CHARMM>     
  
 CHARMM>            if j .gt. @npos then
 Parameter: NPOS -> "12"
 Comparing "12" and "12".
 IF test evaluated as false.  Skip to ELSE or ENDIF
  
 CHARMM>     
  
 CHARMM>            define target select segid @ion .and. resid @j end
 Parameter: ION -> "POS"
 Parameter: J -> "12"
 SELRPN>      1 atoms have been selected out of  13504
  
 CHARMM>     
  
 CHARMM>            calc xpos = @A * ( ?random - 0.5 )
 Parameter: A -> "60.2201683"
 RDCMND substituted energy or value "?RANDOM" to "0.313568084"
Evaluating: 60.2201683*(0.313568084-0.5)
 Parameter: XPOS <- "-11.2269614"
  
 CHARMM>            calc ypos = @B * ( ?random - 0.5 )
 Parameter: B -> "60.2201683"
 RDCMND substituted energy or value "?RANDOM" to "0.211778929"
Evaluating: 60.2201683*(0.211778929-0.5)
 Parameter: YPOS <- "-17.3567214"
  
 CHARMM>            calc zpos = @C * ( ?random - 0.5 ) + @zcen
 Parameter: C -> "85"
 Parameter: ZCEN -> "0"
 RDCMND substituted energy or value "?RANDOM" to "0.178697381"
Evaluating: 85*(0.178697381-0.5)+0
 Parameter: ZPOS <- "-27.3107226"
  
 CHARMM>     
  
 CHARMM>            if zpos .gt. -15 if zpos .lt. 15 goto doinit
 Comparing "-27.3107226" and "-15".
 IF test evaluated as false.  Skipping command
  
 CHARMM>     
  
 CHARMM>            ! move target to selected position
  
 CHARMM>            coor stat select target end
 SELRPN>      1 atoms have been selected out of  13504
 STATISTICS FOR         1 SELECTED ATOMS:
    XMIN =    0.000000 XMAX =    0.000000 XAVE =    0.000000
    YMIN =    0.000000 YMAX =    0.000000 YAVE =    0.000000
    ZMIN =    0.000000 ZMAX =    0.000000 ZAVE =    0.000000
    WMIN =    1.000000 WMAX =    1.000000 WAVE =    1.000000
  
 CHARMM>            calc xtran = @xpos - ?xave
 Parameter: XPOS -> "-11.2269614"
 RDCMND substituted energy or value "?XAVE" to "0"
Evaluating: -11.2269614-0
 Parameter: XTRAN <- "-11.2269614"
  
 CHARMM>            calc ytran = @ypos - ?yave
 Parameter: YPOS -> "-17.3567214"
 RDCMND substituted energy or value "?YAVE" to "0"
Evaluating: -17.3567214-0
 Parameter: YTRAN <- "-17.3567214"
  
 CHARMM>            calc ztran = @zpos - ?zave
 Parameter: ZPOS -> "-27.3107226"
 RDCMND substituted energy or value "?ZAVE" to "0"
Evaluating: -27.3107226-0
 Parameter: ZTRAN <- "-27.3107226"
  
 CHARMM>            coor trans xdir @xtran ydir @ytran zdir @ztran select target end
 Parameter: XTRAN -> "-11.2269614"
 Parameter: YTRAN -> "-17.3567214"
 Parameter: ZTRAN -> "-27.3107226"
 SELRPN>      1 atoms have been selected out of  13504
 TRANSLATION VECTOR   -11.226961  -17.356721  -27.310723
 SELECTED COORDINATES TRANSLATED IN THE MAIN SET.

  
 CHARMM>     
  
 CHARMM>            ! apply a random rotation along XYZ
  
 CHARMM>            calc xphi = ?random * 360.0
 RDCMND substituted energy or value "?RANDOM" to "0.824130881"
Evaluating: 0.824130881*360.0
 Parameter: XPHI <- "296.687117"
  
 CHARMM>            calc yphi = ?random * 360.0
 RDCMND substituted energy or value "?RANDOM" to "0.441331549"
Evaluating: 0.441331549*360.0
 Parameter: YPHI <- "158.879358"
  
 CHARMM>            calc zphi = ?random * 360.0
 RDCMND substituted energy or value "?RANDOM" to "0.909655197"
Evaluating: 0.909655197*360.0
 Parameter: ZPHI <- "327.475871"
  
 CHARMM>            coor rotate xcen @xpos ycen @ypos zcen @zpos xdir 1.0 -
 CHARMM>                phi @xphi select target end
 Parameter: XPOS -> "-11.2269614"
 Parameter: YPOS -> "-17.3567214"
 Parameter: ZPOS -> "-27.3107226"
 Parameter: XPHI -> "296.687117"
 SELRPN>      1 atoms have been selected out of  13504
 ROTATION MATRIX
    1.000000    0.000000    0.000000
    0.000000    0.449118   -0.893472
    0.000000    0.893472    0.449118

 AXIS OF ROTATION IS -1.000000  0.000000  0.000000  ANGLE IS   63.31

 SELECTED COORDINATES ROTATED IN THE MAIN SET.

  
 CHARMM>            coor rotate xcen @xpos ycen @ypos zcen @zpos ydir 1.0 -
 CHARMM>                phi @yphi select target end
 Parameter: XPOS -> "-11.2269614"
 Parameter: YPOS -> "-17.3567214"
 Parameter: ZPOS -> "-27.3107226"
 Parameter: YPHI -> "158.879358"
 SELRPN>      1 atoms have been selected out of  13504
 ROTATION MATRIX
   -0.932824    0.000000   -0.360333
    0.000000    1.000000    0.000000
    0.360333    0.000000   -0.932824

 AXIS OF ROTATION IS  0.000000  1.000000  0.000000  ANGLE IS  158.88

 SELECTED COORDINATES ROTATED IN THE MAIN SET.

  
 CHARMM>            coor rotate xcen @xpos ycen @ypos zcen @zpos zdir 1.0 -
 CHARMM>                phi @zphi select target end
 Parameter: XPOS -> "-11.2269614"
 Parameter: YPOS -> "-17.3567214"
 Parameter: ZPOS -> "-27.3107226"
 Parameter: ZPHI -> "327.475871"
 SELRPN>      1 atoms have been selected out of  13504
 ROTATION MATRIX
    0.843165   -0.537655    0.000000
    0.537655    0.843165    0.000000
    0.000000    0.000000    1.000000

 AXIS OF ROTATION IS  0.000000  0.000000 -1.000000  ANGLE IS   32.52

 SELECTED COORDINATES ROTATED IN THE MAIN SET.

  
 CHARMM>     
  
 CHARMM>     
  
 CHARMM>            calc dcut = 3.5
Evaluating: 3.5
 Parameter: DCUT <- "3.5"
  
 CHARMM>     
  
 CHARMM>            coor stat sele target end
 SELRPN>      1 atoms have been selected out of  13504
 STATISTICS FOR         1 SELECTED ATOMS:
    XMIN =  -11.226961 XMAX =  -11.226961 XAVE =  -11.226961
    YMIN =  -17.356721 YMAX =  -17.356721 YAVE =  -17.356721
    ZMIN =  -27.310723 ZMAX =  -27.310723 ZAVE =  -27.310723
    WMIN =    1.000000 WMAX =    1.000000 WAVE =    1.000000
  
 CHARMM>            calc xmax = ?xmax + @dcut
 Parameter: DCUT -> "3.5"
 RDCMND substituted energy or value "?XMAX" to "-11.2269614"
Evaluating: -11.2269614+3.5
 Parameter: XMAX <- "-7.7269614"
  
 CHARMM>            calc ymax = ?ymax + @dcut
 Parameter: DCUT -> "3.5"
 RDCMND substituted energy or value "?YMAX" to "-17.3567214"
Evaluating: -17.3567214+3.5
 Parameter: YMAX <- "-13.8567214"
  
 CHARMM>            calc zmax = ?zmax + @dcut
 Parameter: DCUT -> "3.5"
 RDCMND substituted energy or value "?ZMAX" to "-27.3107226"
Evaluating: -27.3107226+3.5
 Parameter: ZMAX <- "-23.8107226"
  
 CHARMM>            calc xmin = ?xmin - @dcut
 Parameter: DCUT -> "3.5"
 RDCMND substituted energy or value "?XMIN" to "-11.2269614"
Evaluating: -11.2269614-3.5
 Parameter: XMIN <- "-14.7269614"
  
 CHARMM>            calc ymin = ?ymin - @dcut
 Parameter: DCUT -> "3.5"
 RDCMND substituted energy or value "?YMIN" to "-17.3567214"
Evaluating: -17.3567214-3.5
 Parameter: YMIN <- "-20.8567214"
  
 CHARMM>            calc zmin = ?zmin - @dcut
 Parameter: DCUT -> "3.5"
 RDCMND substituted energy or value "?ZMIN" to "-27.3107226"
Evaluating: -27.3107226-3.5
 Parameter: ZMIN <- "-30.8107226"
  
 CHARMM>     
  
 CHARMM>            define JUNK sele .not. target .and. -
 CHARMM>                             prop X .lt. @xmax .and. prop X .gt. @xmin .and. -
 CHARMM>                             prop Y .lt. @ymax .and. prop Y .gt. @ymin .and. -
 CHARMM>                             prop Z .lt. @zmax .and. prop Z .gt. @zmin  end
 Parameter: XMAX -> "-7.7269614"
 Parameter: XMIN -> "-14.7269614"
 Parameter: YMAX -> "-13.8567214"
 Parameter: YMIN -> "-20.8567214"
 Parameter: ZMAX -> "-23.8107226"
 Parameter: ZMIN -> "-30.8107226"
 SELRPN>      0 atoms have been selected out of  13504
  
 CHARMM>     
  
 CHARMM>            ! check if the ions are too close to protein
  
 CHARMM>            define XXX sele PROT end
 SELRPN>    872 atoms have been selected out of  13504
  
 CHARMM>            if ?nsel .gt. 0 then
 RDCMND substituted energy or value "?NSEL" to "872"
 Comparing "872" and "0".
 IF test evaluated as true.  Performing command
  
 CHARMM>                coor dist cut 10.0 sele target end -
 CHARMM>                                   sele PROT .and. JUNK .and. .not. hydrogen end image
 SELRPN>      1 atoms have been selected out of  22944
 SELRPN>      0 atoms have been selected out of  22944

            DISTANCES FOR SELECTED ATOMS
            ONLY ONE SELECTION SET SPECIFIED, A COMPARISON WILL BE DONE
 TOTAL EXCLUSION COUNT =         0
 TOTAL 1-4 EXCLUSIONS  =         0
 TOTAL NON-EXCLUSIONS  =         0
  
 CHARMM>                if ?npair .gt. 0 goto doinit
 RDCMND substituted energy or value "?NPAIR" to "0"
 Comparing "0" and "0".
 IF test evaluated as false.  Skipping command
  
 CHARMM>            endif
  
 CHARMM>     
  
 CHARMM>            ! check if the ions are too close to solute
  
 CHARMM>            coor dist cut 4.0 sele target end sele JUNK .and. .not. hydrogen end image
 SELRPN>      1 atoms have been selected out of  22944
 SELRPN>      0 atoms have been selected out of  22944

            DISTANCES FOR SELECTED ATOMS
            ONLY ONE SELECTION SET SPECIFIED, A COMPARISON WILL BE DONE
 TOTAL EXCLUSION COUNT =         0
 TOTAL 1-4 EXCLUSIONS  =         0
 TOTAL NON-EXCLUSIONS  =         0
  
 CHARMM>            if ?npair .gt. 0 goto doinit
 RDCMND substituted energy or value "?NPAIR" to "0"
 Comparing "0" and "0".
 IF test evaluated as false.  Skipping command
  
 CHARMM>     
  
 CHARMM>            calc cntrand = 0
Evaluating: 0
 Parameter: CNTRAND <- "0"
  
 CHARMM>            increase i by 1
 Parameter: I <- "13"
  
 CHARMM>            if i .le. @nion goto doinit
 Parameter: NION -> "36"
 Comparing "13" and "36".
 IF test evaluated as true.  Performing command
  
 CHARMM>     
  
 CHARMM>            calc cntrand = @cntrand + 1
 Parameter: CNTRAND -> "0"
Evaluating: 0+1
 Parameter: CNTRAND <- "1"
  
 CHARMM>            if cntrand .gt. 100 stop ! ABNORMAL TERMINATION: ion placing may not work.. stop here
 Comparing "1" and "100".
 IF test evaluated as false.  Skipping command
  
 CHARMM>     
  
 CHARMM>            calc j = @i
 Parameter: I -> "13"
Evaluating: 13
 Parameter: J <- "13"
  
 CHARMM>            set ion = POS
 Parameter: ION <- "POS"
  
 CHARMM>     
  
 CHARMM>            if j .gt. @npos then
 Parameter: NPOS -> "12"
 Comparing "13" and "12".
 IF test evaluated as true.  Performing command
  
 CHARMM>               set ion = NEG
 Parameter: ION <- "NEG"
  
 CHARMM>               calc j  = @j - @npos
 Parameter: J -> "13"
 Parameter: NPOS -> "12"
Evaluating: 13-12
 Parameter: J <- "1"
  
 CHARMM>            endif
  
 CHARMM>     
  
 CHARMM>            define target select segid @ion .and. resid @j end
 Parameter: ION -> "NEG"
 Parameter: J -> "1"
 SELRPN>      1 atoms have been selected out of  13504
  
 CHARMM>     
  
 CHARMM>            calc xpos = @A * ( ?random - 0.5 )
 Parameter: A -> "60.2201683"
 RDCMND substituted energy or value "?RANDOM" to "0.417089261"
Evaluating: 60.2201683*(0.417089261-0.5)
 Parameter: XPOS <- "-4.99289866"
  
 CHARMM>            calc ypos = @B * ( ?random - 0.5 )
 Parameter: B -> "60.2201683"
 RDCMND substituted energy or value "?RANDOM" to "0.636155414"
Evaluating: 60.2201683*(0.636155414-0.5)
 Parameter: YPOS <- "8.19930195"
  
 CHARMM>            calc zpos = @C * ( ?random - 0.5 ) + @zcen
 Parameter: C -> "85"
 Parameter: ZCEN -> "0"
 RDCMND substituted energy or value "?RANDOM" to "0.764969527"
Evaluating: 85*(0.764969527-0.5)+0
 Parameter: ZPOS <- "22.5224098"
  
 CHARMM>     
  
 CHARMM>            if zpos .gt. -15 if zpos .lt. 15 goto doinit
 Comparing "22.5224098" and "-15".
 IF test evaluated as true.  Performing command
 Comparing "22.5224098" and "15".
 IF test evaluated as false.  Skipping command
  
 CHARMM>     
  
 CHARMM>            ! move target to selected position
  
 CHARMM>            coor stat select target end
 SELRPN>      1 atoms have been selected out of  13504
 STATISTICS FOR         1 SELECTED ATOMS:
    XMIN =    0.000000 XMAX =    0.000000 XAVE =    0.000000
    YMIN =    0.000000 YMAX =    0.000000 YAVE =    0.000000
    ZMIN =    0.000000 ZMAX =    0.000000 ZAVE =    0.000000
    WMIN =   -1.000000 WMAX =   -1.000000 WAVE =   -1.000000
  
 CHARMM>            calc xtran = @xpos - ?xave
 Parameter: XPOS -> "-4.99289866"
 RDCMND substituted energy or value "?XAVE" to "0"
Evaluating: -4.99289866-0
 Parameter: XTRAN <- "-4.99289866"
  
 CHARMM>            calc ytran = @ypos - ?yave
 Parameter: YPOS -> "8.19930195"
 RDCMND substituted energy or value "?YAVE" to "0"
Evaluating: 8.19930195-0
 Parameter: YTRAN <- "8.19930195"
  
 CHARMM>            calc ztran = @zpos - ?zave
 Parameter: ZPOS -> "22.5224098"
 RDCMND substituted energy or value "?ZAVE" to "0"
Evaluating: 22.5224098-0
 Parameter: ZTRAN <- "22.5224098"
  
 CHARMM>            coor trans xdir @xtran ydir @ytran zdir @ztran select target end
 Parameter: XTRAN -> "-4.99289866"
 Parameter: YTRAN -> "8.19930195"
 Parameter: ZTRAN -> "22.5224098"
 SELRPN>      1 atoms have been selected out of  13504
 TRANSLATION VECTOR    -4.992899    8.199302   22.522410
 SELECTED COORDINATES TRANSLATED IN THE MAIN SET.

  
 CHARMM>     
  
 CHARMM>            ! apply a random rotation along XYZ
  
 CHARMM>            calc xphi = ?random * 360.0
 RDCMND substituted energy or value "?RANDOM" to "0.535010823"
Evaluating: 0.535010823*360.0
 Parameter: XPHI <- "192.603896"
  
 CHARMM>            calc yphi = ?random * 360.0
 RDCMND substituted energy or value "?RANDOM" to "0.109778745"
Evaluating: 0.109778745*360.0
 Parameter: YPHI <- "39.5203482"
  
 CHARMM>            calc zphi = ?random * 360.0
 RDCMND substituted energy or value "?RANDOM" to "0.880828691"
Evaluating: 0.880828691*360.0
 Parameter: ZPHI <- "317.098329"
  
 CHARMM>            coor rotate xcen @xpos ycen @ypos zcen @zpos xdir 1.0 -
 CHARMM>                phi @xphi select target end
 Parameter: XPOS -> "-4.99289866"
 Parameter: YPOS -> "8.19930195"
 Parameter: ZPOS -> "22.5224098"
 Parameter: XPHI -> "192.603896"
 SELRPN>      1 atoms have been selected out of  13504
 ROTATION MATRIX
    1.000000    0.000000    0.000000
    0.000000   -0.975902   -0.218210
    0.000000    0.218210   -0.975902

 AXIS OF ROTATION IS -1.000000  0.000000  0.000000  ANGLE IS  167.40

 SELECTED COORDINATES ROTATED IN THE MAIN SET.

  
 CHARMM>            coor rotate xcen @xpos ycen @ypos zcen @zpos ydir 1.0 -
 CHARMM>                phi @yphi select target end
 Parameter: XPOS -> "-4.99289866"
 Parameter: YPOS -> "8.19930195"
 Parameter: ZPOS -> "22.5224098"
 Parameter: YPHI -> "39.5203482"
 SELRPN>      1 atoms have been selected out of  13504
 ROTATION MATRIX
    0.771399    0.000000   -0.636352
    0.000000    1.000000    0.000000
    0.636352    0.000000    0.771399

 AXIS OF ROTATION IS  0.000000  1.000000  0.000000  ANGLE IS   39.52

 SELECTED COORDINATES ROTATED IN THE MAIN SET.

  
 CHARMM>            coor rotate xcen @xpos ycen @ypos zcen @zpos zdir 1.0 -
 CHARMM>                phi @zphi select target end
 Parameter: XPOS -> "-4.99289866"
 Parameter: YPOS -> "8.19930195"
 Parameter: ZPOS -> "22.5224098"
 Parameter: ZPHI -> "317.098329"
 SELRPN>      1 atoms have been selected out of  13504
 ROTATION MATRIX
    0.732523   -0.680742    0.000000
    0.680742    0.732523    0.000000
    0.000000    0.000000    1.000000

 AXIS OF ROTATION IS  0.000000  0.000000 -1.000000  ANGLE IS   42.90

 SELECTED COORDINATES ROTATED IN THE MAIN SET.

  
 CHARMM>     
  
 CHARMM>     
  
 CHARMM>            calc dcut = 3.5
Evaluating: 3.5
 Parameter: DCUT <- "3.5"
  
 CHARMM>     
  
 CHARMM>            coor stat sele target end
 SELRPN>      1 atoms have been selected out of  13504
 STATISTICS FOR         1 SELECTED ATOMS:
    XMIN =   -4.992899 XMAX =   -4.992899 XAVE =   -4.992899
    YMIN =    8.199302 YMAX =    8.199302 YAVE =    8.199302
    ZMIN =   22.522410 ZMAX =   22.522410 ZAVE =   22.522410
    WMIN =   -1.000000 WMAX =   -1.000000 WAVE =   -1.000000
  
 CHARMM>            calc xmax = ?xmax + @dcut
 Parameter: DCUT -> "3.5"
 RDCMND substituted energy or value "?XMAX" to "-4.99289866"
Evaluating: -4.99289866+3.5
 Parameter: XMAX <- "-1.49289866"
  
 CHARMM>            calc ymax = ?ymax + @dcut
 Parameter: DCUT -> "3.5"
 RDCMND substituted energy or value "?YMAX" to "8.19930195"
Evaluating: 8.19930195+3.5
 Parameter: YMAX <- "11.699302"
  
 CHARMM>            calc zmax = ?zmax + @dcut
 Parameter: DCUT -> "3.5"
 RDCMND substituted energy or value "?ZMAX" to "22.5224098"
Evaluating: 22.5224098+3.5
 Parameter: ZMAX <- "26.0224098"
  
 CHARMM>            calc xmin = ?xmin - @dcut
 Parameter: DCUT -> "3.5"
 RDCMND substituted energy or value "?XMIN" to "-4.99289866"
Evaluating: -4.99289866-3.5
 Parameter: XMIN <- "-8.49289866"
  
 CHARMM>            calc ymin = ?ymin - @dcut
 Parameter: DCUT -> "3.5"
 RDCMND substituted energy or value "?YMIN" to "8.19930195"
Evaluating: 8.19930195-3.5
 Parameter: YMIN <- "4.69930195"
  
 CHARMM>            calc zmin = ?zmin - @dcut
 Parameter: DCUT -> "3.5"
 RDCMND substituted energy or value "?ZMIN" to "22.5224098"
Evaluating: 22.5224098-3.5
 Parameter: ZMIN <- "19.0224098"
  
 CHARMM>     
  
 CHARMM>            define JUNK sele .not. target .and. -
 CHARMM>                             prop X .lt. @xmax .and. prop X .gt. @xmin .and. -
 CHARMM>                             prop Y .lt. @ymax .and. prop Y .gt. @ymin .and. -
 CHARMM>                             prop Z .lt. @zmax .and. prop Z .gt. @zmin  end
 Parameter: XMAX -> "-1.49289866"
 Parameter: XMIN -> "-8.49289866"
 Parameter: YMAX -> "11.699302"
 Parameter: YMIN -> "4.69930195"
 Parameter: ZMAX -> "26.0224098"
 Parameter: ZMIN -> "19.0224098"
 SELRPN>      2 atoms have been selected out of  13504
  
 CHARMM>     
  
 CHARMM>            ! check if the ions are too close to protein
  
 CHARMM>            define XXX sele PROT end
 SELRPN>    872 atoms have been selected out of  13504
  
 CHARMM>            if ?nsel .gt. 0 then
 RDCMND substituted energy or value "?NSEL" to "872"
 Comparing "872" and "0".
 IF test evaluated as true.  Performing command
  
 CHARMM>                coor dist cut 10.0 sele target end -
 CHARMM>                                   sele PROT .and. JUNK .and. .not. hydrogen end image
 SELRPN>      1 atoms have been selected out of  22944
 SELRPN>      0 atoms have been selected out of  22944

            DISTANCES FOR SELECTED ATOMS
            ONLY ONE SELECTION SET SPECIFIED, A COMPARISON WILL BE DONE
 TOTAL EXCLUSION COUNT =         0
 TOTAL 1-4 EXCLUSIONS  =         0
 TOTAL NON-EXCLUSIONS  =         0
  
 CHARMM>                if ?npair .gt. 0 goto doinit
 RDCMND substituted energy or value "?NPAIR" to "0"
 Comparing "0" and "0".
 IF test evaluated as false.  Skipping command
  
 CHARMM>            endif
  
 CHARMM>     
  
 CHARMM>            ! check if the ions are too close to solute
  
 CHARMM>            coor dist cut 4.0 sele target end sele JUNK .and. .not. hydrogen end image
 SELRPN>      1 atoms have been selected out of  22944
 SELRPN>      0 atoms have been selected out of  22944

            DISTANCES FOR SELECTED ATOMS
            ONLY ONE SELECTION SET SPECIFIED, A COMPARISON WILL BE DONE
 TOTAL EXCLUSION COUNT =         0
 TOTAL 1-4 EXCLUSIONS  =         0
 TOTAL NON-EXCLUSIONS  =         0
  
 CHARMM>            if ?npair .gt. 0 goto doinit
 RDCMND substituted energy or value "?NPAIR" to "0"
 Comparing "0" and "0".
 IF test evaluated as false.  Skipping command
  
 CHARMM>     
  
 CHARMM>            calc cntrand = 0
Evaluating: 0
 Parameter: CNTRAND <- "0"
  
 CHARMM>            increase i by 1
 Parameter: I <- "14"
  
 CHARMM>            if i .le. @nion goto doinit
 Parameter: NION -> "36"
 Comparing "14" and "36".
 IF test evaluated as true.  Performing command
  
 CHARMM>     
  
 CHARMM>            calc cntrand = @cntrand + 1
 Parameter: CNTRAND -> "0"
Evaluating: 0+1
 Parameter: CNTRAND <- "1"
  
 CHARMM>            if cntrand .gt. 100 stop ! ABNORMAL TERMINATION: ion placing may not work.. stop here
 Comparing "1" and "100".
 IF test evaluated as false.  Skipping command
  
 CHARMM>     
  
 CHARMM>            calc j = @i
 Parameter: I -> "14"
Evaluating: 14
 Parameter: J <- "14"
  
 CHARMM>            set ion = POS
 Parameter: ION <- "POS"
  
 CHARMM>     
  
 CHARMM>            if j .gt. @npos then
 Parameter: NPOS -> "12"
 Comparing "14" and "12".
 IF test evaluated as true.  Performing command
  
 CHARMM>               set ion = NEG
 Parameter: ION <- "NEG"
  
 CHARMM>               calc j  = @j - @npos
 Parameter: J -> "14"
 Parameter: NPOS -> "12"
Evaluating: 14-12
 Parameter: J <- "2"
  
 CHARMM>            endif
  
 CHARMM>     
  
 CHARMM>            define target select segid @ion .and. resid @j end
 Parameter: ION -> "NEG"
 Parameter: J -> "2"
 SELRPN>      1 atoms have been selected out of  13504
  
 CHARMM>     
  
 CHARMM>            calc xpos = @A * ( ?random - 0.5 )
 Parameter: A -> "60.2201683"
 RDCMND substituted energy or value "?RANDOM" to "5.047504432E-02"
Evaluating: 60.2201683*(5.047504432E-02-0.5)
 Parameter: XPOS <- "-27.0704685"
  
 CHARMM>            calc ypos = @B * ( ?random - 0.5 )
 Parameter: B -> "60.2201683"
 RDCMND substituted energy or value "?RANDOM" to "0.677589912"
Evaluating: 60.2201683*(0.677589912-0.5)
 Parameter: YPOS <- "10.6944944"
  
 CHARMM>            calc zpos = @C * ( ?random - 0.5 ) + @zcen
 Parameter: C -> "85"
 Parameter: ZCEN -> "0"
 RDCMND substituted energy or value "?RANDOM" to "0.821867418"
Evaluating: 85*(0.821867418-0.5)+0
 Parameter: ZPOS <- "27.3587305"
  
 CHARMM>     
  
 CHARMM>            if zpos .gt. -15 if zpos .lt. 15 goto doinit
 Comparing "27.3587305" and "-15".
 IF test evaluated as true.  Performing command
 Comparing "27.3587305" and "15".
 IF test evaluated as false.  Skipping command
  
 CHARMM>     
  
 CHARMM>            ! move target to selected position
  
 CHARMM>            coor stat select target end
 SELRPN>      1 atoms have been selected out of  13504
 STATISTICS FOR         1 SELECTED ATOMS:
    XMIN =    0.000000 XMAX =    0.000000 XAVE =    0.000000
    YMIN =    0.000000 YMAX =    0.000000 YAVE =    0.000000
    ZMIN =    0.000000 ZMAX =    0.000000 ZAVE =    0.000000
    WMIN =   -1.000000 WMAX =   -1.000000 WAVE =   -1.000000
  
 CHARMM>            calc xtran = @xpos - ?xave
 Parameter: XPOS -> "-27.0704685"
 RDCMND substituted energy or value "?XAVE" to "0"
Evaluating: -27.0704685-0
 Parameter: XTRAN <- "-27.0704685"
  
 CHARMM>            calc ytran = @ypos - ?yave
 Parameter: YPOS -> "10.6944944"
 RDCMND substituted energy or value "?YAVE" to "0"
Evaluating: 10.6944944-0
 Parameter: YTRAN <- "10.6944944"
  
 CHARMM>            calc ztran = @zpos - ?zave
 Parameter: ZPOS -> "27.3587305"
 RDCMND substituted energy or value "?ZAVE" to "0"
Evaluating: 27.3587305-0
 Parameter: ZTRAN <- "27.3587305"
  
 CHARMM>            coor trans xdir @xtran ydir @ytran zdir @ztran select target end
 Parameter: XTRAN -> "-27.0704685"
 Parameter: YTRAN -> "10.6944944"
 Parameter: ZTRAN -> "27.3587305"
 SELRPN>      1 atoms have been selected out of  13504
 TRANSLATION VECTOR   -27.070469   10.694494   27.358731
 SELECTED COORDINATES TRANSLATED IN THE MAIN SET.

  
 CHARMM>     
  
 CHARMM>            ! apply a random rotation along XYZ
  
 CHARMM>            calc xphi = ?random * 360.0
 RDCMND substituted energy or value "?RANDOM" to "0.60644051"
Evaluating: 0.60644051*360.0
 Parameter: XPHI <- "218.318584"
  
 CHARMM>            calc yphi = ?random * 360.0
 RDCMND substituted energy or value "?RANDOM" to "0.614957361"
Evaluating: 0.614957361*360.0
 Parameter: YPHI <- "221.38465"
  
 CHARMM>            calc zphi = ?random * 360.0
 RDCMND substituted energy or value "?RANDOM" to "4.857139069E-02"
Evaluating: 4.857139069E-02*360.0
 Parameter: ZPHI <- "17.4857006"
  
 CHARMM>            coor rotate xcen @xpos ycen @ypos zcen @zpos xdir 1.0 -
 CHARMM>                phi @xphi select target end
 Parameter: XPOS -> "-27.0704685"
 Parameter: YPOS -> "10.6944944"
 Parameter: ZPOS -> "27.3587305"
 Parameter: XPHI -> "218.318584"
 SELRPN>      1 atoms have been selected out of  13504
 ROTATION MATRIX
    1.000000    0.000000    0.000000
    0.000000   -0.784575   -0.620034
    0.000000    0.620034   -0.784575

 AXIS OF ROTATION IS -1.000000  0.000000  0.000000  ANGLE IS  141.68

 SELECTED COORDINATES ROTATED IN THE MAIN SET.

  
 CHARMM>            coor rotate xcen @xpos ycen @ypos zcen @zpos ydir 1.0 -
 CHARMM>                phi @yphi select target end
 Parameter: XPOS -> "-27.0704685"
 Parameter: YPOS -> "10.6944944"
 Parameter: ZPOS -> "27.3587305"
 Parameter: YPHI -> "221.38465"
 SELRPN>      1 atoms have been selected out of  13504
 ROTATION MATRIX
   -0.750288    0.000000    0.661111
    0.000000    1.000000    0.000000
   -0.661111    0.000000   -0.750288

 AXIS OF ROTATION IS  0.000000 -1.000000  0.000000  ANGLE IS  138.62

 SELECTED COORDINATES ROTATED IN THE MAIN SET.

  
 CHARMM>            coor rotate xcen @xpos ycen @ypos zcen @zpos zdir 1.0 -
 CHARMM>                phi @zphi select target end
 Parameter: XPOS -> "-27.0704685"
 Parameter: YPOS -> "10.6944944"
 Parameter: ZPOS -> "27.3587305"
 Parameter: ZPHI -> "17.4857006"
 SELRPN>      1 atoms have been selected out of  13504
 ROTATION MATRIX
    0.953792    0.300468    0.000000
   -0.300468    0.953792    0.000000
    0.000000    0.000000    1.000000

 AXIS OF ROTATION IS  0.000000  0.000000  1.000000  ANGLE IS   17.49

 SELECTED COORDINATES ROTATED IN THE MAIN SET.

  
 CHARMM>     
  
 CHARMM>     
  
 CHARMM>            calc dcut = 3.5
Evaluating: 3.5
 Parameter: DCUT <- "3.5"
  
 CHARMM>     
  
 CHARMM>            coor stat sele target end
 SELRPN>      1 atoms have been selected out of  13504
 STATISTICS FOR         1 SELECTED ATOMS:
    XMIN =  -27.070469 XMAX =  -27.070469 XAVE =  -27.070469
    YMIN =   10.694494 YMAX =   10.694494 YAVE =   10.694494
    ZMIN =   27.358731 ZMAX =   27.358731 ZAVE =   27.358731
    WMIN =   -1.000000 WMAX =   -1.000000 WAVE =   -1.000000
  
 CHARMM>            calc xmax = ?xmax + @dcut
 Parameter: DCUT -> "3.5"
 RDCMND substituted energy or value "?XMAX" to "-27.0704685"
Evaluating: -27.0704685+3.5
 Parameter: XMAX <- "-23.5704685"
  
 CHARMM>            calc ymax = ?ymax + @dcut
 Parameter: DCUT -> "3.5"
 RDCMND substituted energy or value "?YMAX" to "10.6944944"
Evaluating: 10.6944944+3.5
 Parameter: YMAX <- "14.1944944"
  
 CHARMM>            calc zmax = ?zmax + @dcut
 Parameter: DCUT -> "3.5"
 RDCMND substituted energy or value "?ZMAX" to "27.3587305"
Evaluating: 27.3587305+3.5
 Parameter: ZMAX <- "30.8587305"
  
 CHARMM>            calc xmin = ?xmin - @dcut
 Parameter: DCUT -> "3.5"
 RDCMND substituted energy or value "?XMIN" to "-27.0704685"
Evaluating: -27.0704685-3.5
 Parameter: XMIN <- "-30.5704685"
  
 CHARMM>            calc ymin = ?ymin - @dcut
 Parameter: DCUT -> "3.5"
 RDCMND substituted energy or value "?YMIN" to "10.6944944"
Evaluating: 10.6944944-3.5
 Parameter: YMIN <- "7.1944944"
  
 CHARMM>            calc zmin = ?zmin - @dcut
 Parameter: DCUT -> "3.5"
 RDCMND substituted energy or value "?ZMIN" to "27.3587305"
Evaluating: 27.3587305-3.5
 Parameter: ZMIN <- "23.8587305"
  
 CHARMM>     
  
 CHARMM>            define JUNK sele .not. target .and. -
 CHARMM>                             prop X .lt. @xmax .and. prop X .gt. @xmin .and. -
 CHARMM>                             prop Y .lt. @ymax .and. prop Y .gt. @ymin .and. -
 CHARMM>                             prop Z .lt. @zmax .and. prop Z .gt. @zmin  end
 Parameter: XMAX -> "-23.5704685"
 Parameter: XMIN -> "-30.5704685"
 Parameter: YMAX -> "14.1944944"
 Parameter: YMIN -> "7.1944944"
 Parameter: ZMAX -> "30.8587305"
 Parameter: ZMIN -> "23.8587305"
 SELRPN>      0 atoms have been selected out of  13504
  
 CHARMM>     
  
 CHARMM>            ! check if the ions are too close to protein
  
 CHARMM>            define XXX sele PROT end
 SELRPN>    872 atoms have been selected out of  13504
  
 CHARMM>            if ?nsel .gt. 0 then
 RDCMND substituted energy or value "?NSEL" to "872"
 Comparing "872" and "0".
 IF test evaluated as true.  Performing command
  
 CHARMM>                coor dist cut 10.0 sele target end -
 CHARMM>                                   sele PROT .and. JUNK .and. .not. hydrogen end image
 SELRPN>      1 atoms have been selected out of  22944
 SELRPN>      0 atoms have been selected out of  22944

            DISTANCES FOR SELECTED ATOMS
            ONLY ONE SELECTION SET SPECIFIED, A COMPARISON WILL BE DONE
 TOTAL EXCLUSION COUNT =         0
 TOTAL 1-4 EXCLUSIONS  =         0
 TOTAL NON-EXCLUSIONS  =         0
  
 CHARMM>                if ?npair .gt. 0 goto doinit
 RDCMND substituted energy or value "?NPAIR" to "0"
 Comparing "0" and "0".
 IF test evaluated as false.  Skipping command
  
 CHARMM>            endif
  
 CHARMM>     
  
 CHARMM>            ! check if the ions are too close to solute
  
 CHARMM>            coor dist cut 4.0 sele target end sele JUNK .and. .not. hydrogen end image
 SELRPN>      1 atoms have been selected out of  22944
 SELRPN>      0 atoms have been selected out of  22944

            DISTANCES FOR SELECTED ATOMS
            ONLY ONE SELECTION SET SPECIFIED, A COMPARISON WILL BE DONE
 TOTAL EXCLUSION COUNT =         0
 TOTAL 1-4 EXCLUSIONS  =         0
 TOTAL NON-EXCLUSIONS  =         0
  
 CHARMM>            if ?npair .gt. 0 goto doinit
 RDCMND substituted energy or value "?NPAIR" to "0"
 Comparing "0" and "0".
 IF test evaluated as false.  Skipping command
  
 CHARMM>     
  
 CHARMM>            calc cntrand = 0
Evaluating: 0
 Parameter: CNTRAND <- "0"
  
 CHARMM>            increase i by 1
 Parameter: I <- "15"
  
 CHARMM>            if i .le. @nion goto doinit
 Parameter: NION -> "36"
 Comparing "15" and "36".
 IF test evaluated as true.  Performing command
  
 CHARMM>     
  
 CHARMM>            calc cntrand = @cntrand + 1
 Parameter: CNTRAND -> "0"
Evaluating: 0+1
 Parameter: CNTRAND <- "1"
  
 CHARMM>            if cntrand .gt. 100 stop ! ABNORMAL TERMINATION: ion placing may not work.. stop here
 Comparing "1" and "100".
 IF test evaluated as false.  Skipping command
  
 CHARMM>     
  
 CHARMM>            calc j = @i
 Parameter: I -> "15"
Evaluating: 15
 Parameter: J <- "15"
  
 CHARMM>            set ion = POS
 Parameter: ION <- "POS"
  
 CHARMM>     
  
 CHARMM>            if j .gt. @npos then
 Parameter: NPOS -> "12"
 Comparing "15" and "12".
 IF test evaluated as true.  Performing command
  
 CHARMM>               set ion = NEG
 Parameter: ION <- "NEG"
  
 CHARMM>               calc j  = @j - @npos
 Parameter: J -> "15"
 Parameter: NPOS -> "12"
Evaluating: 15-12
 Parameter: J <- "3"
  
 CHARMM>            endif
  
 CHARMM>     
  
 CHARMM>            define target select segid @ion .and. resid @j end
 Parameter: ION -> "NEG"
 Parameter: J -> "3"
 SELRPN>      1 atoms have been selected out of  13504
  
 CHARMM>     
  
 CHARMM>            calc xpos = @A * ( ?random - 0.5 )
 Parameter: A -> "60.2201683"
 RDCMND substituted energy or value "?RANDOM" to "6.469119053E-02"
Evaluating: 60.2201683*(6.469119053E-02-0.5)
 Parameter: XPOS <- "-26.2143698"
  
 CHARMM>            calc ypos = @B * ( ?random - 0.5 )
 Parameter: B -> "60.2201683"
 RDCMND substituted energy or value "?RANDOM" to "0.203761014"
Evaluating: 60.2201683*(0.203761014-0.5)
 Parameter: YPOS <- "-17.8395616"
  
 CHARMM>            calc zpos = @C * ( ?random - 0.5 ) + @zcen
 Parameter: C -> "85"
 Parameter: ZCEN -> "0"
 RDCMND substituted energy or value "?RANDOM" to "0.55424427"
Evaluating: 85*(0.55424427-0.5)+0
 Parameter: ZPOS <- "4.61076295"
  
 CHARMM>     
  
 CHARMM>            if zpos .gt. -15 if zpos .lt. 15 goto doinit
 Comparing "4.61076295" and "-15".
 IF test evaluated as true.  Performing command
 Comparing "4.61076295" and "15".
 IF test evaluated as true.  Performing command
  
 CHARMM>     
  
 CHARMM>            calc cntrand = @cntrand + 1
 Parameter: CNTRAND -> "1"
Evaluating: 1+1
 Parameter: CNTRAND <- "2"
  
 CHARMM>            if cntrand .gt. 100 stop ! ABNORMAL TERMINATION: ion placing may not work.. stop here
 Comparing "2" and "100".
 IF test evaluated as false.  Skipping command
  
 CHARMM>     
  
 CHARMM>            calc j = @i
 Parameter: I -> "15"
Evaluating: 15
 Parameter: J <- "15"
  
 CHARMM>            set ion = POS
 Parameter: ION <- "POS"
  
 CHARMM>     
  
 CHARMM>            if j .gt. @npos then
 Parameter: NPOS -> "12"
 Comparing "15" and "12".
 IF test evaluated as true.  Performing command
  
 CHARMM>               set ion = NEG
 Parameter: ION <- "NEG"
  
 CHARMM>               calc j  = @j - @npos
 Parameter: J -> "15"
 Parameter: NPOS -> "12"
Evaluating: 15-12
 Parameter: J <- "3"
  
 CHARMM>            endif
  
 CHARMM>     
  
 CHARMM>            define target select segid @ion .and. resid @j end
 Parameter: ION -> "NEG"
 Parameter: J -> "3"
 SELRPN>      1 atoms have been selected out of  13504
  
 CHARMM>     
  
 CHARMM>            calc xpos = @A * ( ?random - 0.5 )
 Parameter: A -> "60.2201683"
 RDCMND substituted energy or value "?RANDOM" to "0.477783738"
Evaluating: 60.2201683*(0.477783738-0.5)
 Parameter: XPOS <- "-1.33786704"
  
 CHARMM>            calc ypos = @B * ( ?random - 0.5 )
 Parameter: B -> "60.2201683"
 RDCMND substituted energy or value "?RANDOM" to "0.415994834"
Evaluating: 60.2201683*(0.415994834-0.5)
 Parameter: YPOS <- "-5.05880523"
  
 CHARMM>            calc zpos = @C * ( ?random - 0.5 ) + @zcen
 Parameter: C -> "85"
 Parameter: ZCEN -> "0"
 RDCMND substituted energy or value "?RANDOM" to "0.903028642"
Evaluating: 85*(0.903028642-0.5)+0
 Parameter: ZPOS <- "34.2574346"
  
 CHARMM>     
  
 CHARMM>            if zpos .gt. -15 if zpos .lt. 15 goto doinit
 Comparing "34.2574346" and "-15".
 IF test evaluated as true.  Performing command
 Comparing "34.2574346" and "15".
 IF test evaluated as false.  Skipping command
  
 CHARMM>     
  
 CHARMM>            ! move target to selected position
  
 CHARMM>            coor stat select target end
 SELRPN>      1 atoms have been selected out of  13504
 STATISTICS FOR         1 SELECTED ATOMS:
    XMIN =    0.000000 XMAX =    0.000000 XAVE =    0.000000
    YMIN =    0.000000 YMAX =    0.000000 YAVE =    0.000000
    ZMIN =    0.000000 ZMAX =    0.000000 ZAVE =    0.000000
    WMIN =   -1.000000 WMAX =   -1.000000 WAVE =   -1.000000
  
 CHARMM>            calc xtran = @xpos - ?xave
 Parameter: XPOS -> "-1.33786704"
 RDCMND substituted energy or value "?XAVE" to "0"
Evaluating: -1.33786704-0
 Parameter: XTRAN <- "-1.33786704"
  
 CHARMM>            calc ytran = @ypos - ?yave
 Parameter: YPOS -> "-5.05880523"
 RDCMND substituted energy or value "?YAVE" to "0"
Evaluating: -5.05880523-0
 Parameter: YTRAN <- "-5.05880523"
  
 CHARMM>            calc ztran = @zpos - ?zave
 Parameter: ZPOS -> "34.2574346"
 RDCMND substituted energy or value "?ZAVE" to "0"
Evaluating: 34.2574346-0
 Parameter: ZTRAN <- "34.2574346"
  
 CHARMM>            coor trans xdir @xtran ydir @ytran zdir @ztran select target end
 Parameter: XTRAN -> "-1.33786704"
 Parameter: YTRAN -> "-5.05880523"
 Parameter: ZTRAN -> "34.2574346"
 SELRPN>      1 atoms have been selected out of  13504
 TRANSLATION VECTOR    -1.337867   -5.058805   34.257435
 SELECTED COORDINATES TRANSLATED IN THE MAIN SET.

  
 CHARMM>     
  
 CHARMM>            ! apply a random rotation along XYZ
  
 CHARMM>            calc xphi = ?random * 360.0
 RDCMND substituted energy or value "?RANDOM" to "0.504127432"
Evaluating: 0.504127432*360.0
 Parameter: XPHI <- "181.485876"
  
 CHARMM>            calc yphi = ?random * 360.0
 RDCMND substituted energy or value "?RANDOM" to "0.763371708"
Evaluating: 0.763371708*360.0
 Parameter: YPHI <- "274.813815"
  
 CHARMM>            calc zphi = ?random * 360.0
 RDCMND substituted energy or value "?RANDOM" to "0.492763222"
Evaluating: 0.492763222*360.0
 Parameter: ZPHI <- "177.39476"
  
 CHARMM>            coor rotate xcen @xpos ycen @ypos zcen @zpos xdir 1.0 -
 CHARMM>                phi @xphi select target end
 Parameter: XPOS -> "-1.33786704"
 Parameter: YPOS -> "-5.05880523"
 Parameter: ZPOS -> "34.2574346"
 Parameter: XPHI -> "181.485876"
 SELRPN>      1 atoms have been selected out of  13504
 ROTATION MATRIX
    1.000000    0.000000    0.000000
    0.000000   -0.999664   -0.025931
    0.000000    0.025931   -0.999664

 AXIS OF ROTATION IS -1.000000  0.000000  0.000000  ANGLE IS  178.51

 SELECTED COORDINATES ROTATED IN THE MAIN SET.

  
 CHARMM>            coor rotate xcen @xpos ycen @ypos zcen @zpos ydir 1.0 -
 CHARMM>                phi @yphi select target end
 Parameter: XPOS -> "-1.33786704"
 Parameter: YPOS -> "-5.05880523"
 Parameter: ZPOS -> "34.2574346"
 Parameter: YPHI -> "274.813815"
 SELRPN>      1 atoms have been selected out of  13504
 ROTATION MATRIX
    0.083918    0.000000    0.996473
    0.000000    1.000000    0.000000
   -0.996473    0.000000    0.083918

 AXIS OF ROTATION IS  0.000000 -1.000000  0.000000  ANGLE IS   85.19

 SELECTED COORDINATES ROTATED IN THE MAIN SET.

  
 CHARMM>            coor rotate xcen @xpos ycen @ypos zcen @zpos zdir 1.0 -
 CHARMM>                phi @zphi select target end
 Parameter: XPOS -> "-1.33786704"
 Parameter: YPOS -> "-5.05880523"
 Parameter: ZPOS -> "34.2574346"
 Parameter: ZPHI -> "177.39476"
 SELRPN>      1 atoms have been selected out of  13504
 ROTATION MATRIX
   -0.998966    0.045454    0.000000
   -0.045454   -0.998966    0.000000
    0.000000    0.000000    1.000000

 AXIS OF ROTATION IS  0.000000  0.000000  1.000000  ANGLE IS  177.39

 SELECTED COORDINATES ROTATED IN THE MAIN SET.

  
 CHARMM>     
  
 CHARMM>     
  
 CHARMM>            calc dcut = 3.5
Evaluating: 3.5
 Parameter: DCUT <- "3.5"
  
 CHARMM>     
  
 CHARMM>            coor stat sele target end
 SELRPN>      1 atoms have been selected out of  13504
 STATISTICS FOR         1 SELECTED ATOMS:
    XMIN =   -1.337867 XMAX =   -1.337867 XAVE =   -1.337867
    YMIN =   -5.058805 YMAX =   -5.058805 YAVE =   -5.058805
    ZMIN =   34.257435 ZMAX =   34.257435 ZAVE =   34.257435
    WMIN =   -1.000000 WMAX =   -1.000000 WAVE =   -1.000000
  
 CHARMM>            calc xmax = ?xmax + @dcut
 Parameter: DCUT -> "3.5"
 RDCMND substituted energy or value "?XMAX" to "-1.33786704"
Evaluating: -1.33786704+3.5
 Parameter: XMAX <- "2.16213296"
  
 CHARMM>            calc ymax = ?ymax + @dcut
 Parameter: DCUT -> "3.5"
 RDCMND substituted energy or value "?YMAX" to "-5.05880523"
Evaluating: -5.05880523+3.5
 Parameter: YMAX <- "-1.55880523"
  
 CHARMM>            calc zmax = ?zmax + @dcut
 Parameter: DCUT -> "3.5"
 RDCMND substituted energy or value "?ZMAX" to "34.2574346"
Evaluating: 34.2574346+3.5
 Parameter: ZMAX <- "37.7574346"
  
 CHARMM>            calc xmin = ?xmin - @dcut
 Parameter: DCUT -> "3.5"
 RDCMND substituted energy or value "?XMIN" to "-1.33786704"
Evaluating: -1.33786704-3.5
 Parameter: XMIN <- "-4.83786704"
  
 CHARMM>            calc ymin = ?ymin - @dcut
 Parameter: DCUT -> "3.5"
 RDCMND substituted energy or value "?YMIN" to "-5.05880523"
Evaluating: -5.05880523-3.5
 Parameter: YMIN <- "-8.55880523"
  
 CHARMM>            calc zmin = ?zmin - @dcut
 Parameter: DCUT -> "3.5"
 RDCMND substituted energy or value "?ZMIN" to "34.2574346"
Evaluating: 34.2574346-3.5
 Parameter: ZMIN <- "30.7574346"
  
 CHARMM>     
  
 CHARMM>            define JUNK sele .not. target .and. -
 CHARMM>                             prop X .lt. @xmax .and. prop X .gt. @xmin .and. -
 CHARMM>                             prop Y .lt. @ymax .and. prop Y .gt. @ymin .and. -
 CHARMM>                             prop Z .lt. @zmax .and. prop Z .gt. @zmin  end
 Parameter: XMAX -> "2.16213296"
 Parameter: XMIN -> "-4.83786704"
 Parameter: YMAX -> "-1.55880523"
 Parameter: YMIN -> "-8.55880523"
 Parameter: ZMAX -> "37.7574346"
 Parameter: ZMIN -> "30.7574346"
 SELRPN>      0 atoms have been selected out of  13504
  
 CHARMM>     
  
 CHARMM>            ! check if the ions are too close to protein
  
 CHARMM>            define XXX sele PROT end
 SELRPN>    872 atoms have been selected out of  13504
  
 CHARMM>            if ?nsel .gt. 0 then
 RDCMND substituted energy or value "?NSEL" to "872"
 Comparing "872" and "0".
 IF test evaluated as true.  Performing command
  
 CHARMM>                coor dist cut 10.0 sele target end -
 CHARMM>                                   sele PROT .and. JUNK .and. .not. hydrogen end image
 SELRPN>      1 atoms have been selected out of  22944
 SELRPN>      0 atoms have been selected out of  22944

            DISTANCES FOR SELECTED ATOMS
            ONLY ONE SELECTION SET SPECIFIED, A COMPARISON WILL BE DONE
 TOTAL EXCLUSION COUNT =         0
 TOTAL 1-4 EXCLUSIONS  =         0
 TOTAL NON-EXCLUSIONS  =         0
  
 CHARMM>                if ?npair .gt. 0 goto doinit
 RDCMND substituted energy or value "?NPAIR" to "0"
 Comparing "0" and "0".
 IF test evaluated as false.  Skipping command
  
 CHARMM>            endif
  
 CHARMM>     
  
 CHARMM>            ! check if the ions are too close to solute
  
 CHARMM>            coor dist cut 4.0 sele target end sele JUNK .and. .not. hydrogen end image
 SELRPN>      1 atoms have been selected out of  22944
 SELRPN>      0 atoms have been selected out of  22944

            DISTANCES FOR SELECTED ATOMS
            ONLY ONE SELECTION SET SPECIFIED, A COMPARISON WILL BE DONE
 TOTAL EXCLUSION COUNT =         0
 TOTAL 1-4 EXCLUSIONS  =         0
 TOTAL NON-EXCLUSIONS  =         0
  
 CHARMM>            if ?npair .gt. 0 goto doinit
 RDCMND substituted energy or value "?NPAIR" to "0"
 Comparing "0" and "0".
 IF test evaluated as false.  Skipping command
  
 CHARMM>     
  
 CHARMM>            calc cntrand = 0
Evaluating: 0
 Parameter: CNTRAND <- "0"
  
 CHARMM>            increase i by 1
 Parameter: I <- "16"
  
 CHARMM>            if i .le. @nion goto doinit
 Parameter: NION -> "36"
 Comparing "16" and "36".
 IF test evaluated as true.  Performing command
  
 CHARMM>     
  
 CHARMM>            calc cntrand = @cntrand + 1
 Parameter: CNTRAND -> "0"
Evaluating: 0+1
 Parameter: CNTRAND <- "1"
  
 CHARMM>            if cntrand .gt. 100 stop ! ABNORMAL TERMINATION: ion placing may not work.. stop here
 Comparing "1" and "100".
 IF test evaluated as false.  Skipping command
  
 CHARMM>     
  
 CHARMM>            calc j = @i
 Parameter: I -> "16"
Evaluating: 16
 Parameter: J <- "16"
  
 CHARMM>            set ion = POS
 Parameter: ION <- "POS"
  
 CHARMM>     
  
 CHARMM>            if j .gt. @npos then
 Parameter: NPOS -> "12"
 Comparing "16" and "12".
 IF test evaluated as true.  Performing command
  
 CHARMM>               set ion = NEG
 Parameter: ION <- "NEG"
  
 CHARMM>               calc j  = @j - @npos
 Parameter: J -> "16"
 Parameter: NPOS -> "12"
Evaluating: 16-12
 Parameter: J <- "4"
  
 CHARMM>            endif
  
 CHARMM>     
  
 CHARMM>            define target select segid @ion .and. resid @j end
 Parameter: ION -> "NEG"
 Parameter: J -> "4"
 SELRPN>      1 atoms have been selected out of  13504
  
 CHARMM>     
  
 CHARMM>            calc xpos = @A * ( ?random - 0.5 )
 Parameter: A -> "60.2201683"
 RDCMND substituted energy or value "?RANDOM" to "0.979434288"
Evaluating: 60.2201683*(0.979434288-0.5)
 Parameter: XPOS <- "28.8716135"
  
 CHARMM>            calc ypos = @B * ( ?random - 0.5 )
 Parameter: B -> "60.2201683"
 RDCMND substituted energy or value "?RANDOM" to "0.920526814"
Evaluating: 60.2201683*(0.920526814-0.5)
 Parameter: YPOS <- "25.3241955"
  
 CHARMM>            calc zpos = @C * ( ?random - 0.5 ) + @zcen
 Parameter: C -> "85"
 Parameter: ZCEN -> "0"
 RDCMND substituted energy or value "?RANDOM" to "0.399204652"
Evaluating: 85*(0.399204652-0.5)+0
 Parameter: ZPOS <- "-8.56760458"
  
 CHARMM>     
  
 CHARMM>            if zpos .gt. -15 if zpos .lt. 15 goto doinit
 Comparing "-8.56760458" and "-15".
 IF test evaluated as true.  Performing command
 Comparing "-8.56760458" and "15".
 IF test evaluated as true.  Performing command
  
 CHARMM>     
  
 CHARMM>            calc cntrand = @cntrand + 1
 Parameter: CNTRAND -> "1"
Evaluating: 1+1
 Parameter: CNTRAND <- "2"
  
 CHARMM>            if cntrand .gt. 100 stop ! ABNORMAL TERMINATION: ion placing may not work.. stop here
 Comparing "2" and "100".
 IF test evaluated as false.  Skipping command
  
 CHARMM>     
  
 CHARMM>            calc j = @i
 Parameter: I -> "16"
Evaluating: 16
 Parameter: J <- "16"
  
 CHARMM>            set ion = POS
 Parameter: ION <- "POS"
  
 CHARMM>     
  
 CHARMM>            if j .gt. @npos then
 Parameter: NPOS -> "12"
 Comparing "16" and "12".
 IF test evaluated as true.  Performing command
  
 CHARMM>               set ion = NEG
 Parameter: ION <- "NEG"
  
 CHARMM>               calc j  = @j - @npos
 Parameter: J -> "16"
 Parameter: NPOS -> "12"
Evaluating: 16-12
 Parameter: J <- "4"
  
 CHARMM>            endif
  
 CHARMM>     
  
 CHARMM>            define target select segid @ion .and. resid @j end
 Parameter: ION -> "NEG"
 Parameter: J -> "4"
 SELRPN>      1 atoms have been selected out of  13504
  
 CHARMM>     
  
 CHARMM>            calc xpos = @A * ( ?random - 0.5 )
 Parameter: A -> "60.2201683"
 RDCMND substituted energy or value "?RANDOM" to "0.553356189"
Evaluating: 60.2201683*(0.553356189-0.5)
 Parameter: XPOS <- "3.21311868"
  
 CHARMM>            calc ypos = @B * ( ?random - 0.5 )
 Parameter: B -> "60.2201683"
 RDCMND substituted energy or value "?RANDOM" to "0.960560274"
Evaluating: 60.2201683*(0.960560274-0.5)
 Parameter: YPOS <- "27.7350172"
  
 CHARMM>            calc zpos = @C * ( ?random - 0.5 ) + @zcen
 Parameter: C -> "85"
 Parameter: ZCEN -> "0"
 RDCMND substituted energy or value "?RANDOM" to "0.972610533"
Evaluating: 85*(0.972610533-0.5)+0
 Parameter: ZPOS <- "40.1718953"
  
 CHARMM>     
  
 CHARMM>            if zpos .gt. -15 if zpos .lt. 15 goto doinit
 Comparing "40.1718953" and "-15".
 IF test evaluated as true.  Performing command
 Comparing "40.1718953" and "15".
 IF test evaluated as false.  Skipping command
  
 CHARMM>     
  
 CHARMM>            ! move target to selected position
  
 CHARMM>            coor stat select target end
 SELRPN>      1 atoms have been selected out of  13504
 STATISTICS FOR         1 SELECTED ATOMS:
    XMIN =    0.000000 XMAX =    0.000000 XAVE =    0.000000
    YMIN =    0.000000 YMAX =    0.000000 YAVE =    0.000000
    ZMIN =    0.000000 ZMAX =    0.000000 ZAVE =    0.000000
    WMIN =   -1.000000 WMAX =   -1.000000 WAVE =   -1.000000
  
 CHARMM>            calc xtran = @xpos - ?xave
 Parameter: XPOS -> "3.21311868"
 RDCMND substituted energy or value "?XAVE" to "0"
Evaluating: 3.21311868-0
 Parameter: XTRAN <- "3.21311868"
  
 CHARMM>            calc ytran = @ypos - ?yave
 Parameter: YPOS -> "27.7350172"
 RDCMND substituted energy or value "?YAVE" to "0"
Evaluating: 27.7350172-0
 Parameter: YTRAN <- "27.7350172"
  
 CHARMM>            calc ztran = @zpos - ?zave
 Parameter: ZPOS -> "40.1718953"
 RDCMND substituted energy or value "?ZAVE" to "0"
Evaluating: 40.1718953-0
 Parameter: ZTRAN <- "40.1718953"
  
 CHARMM>            coor trans xdir @xtran ydir @ytran zdir @ztran select target end
 Parameter: XTRAN -> "3.21311868"
 Parameter: YTRAN -> "27.7350172"
 Parameter: ZTRAN -> "40.1718953"
 SELRPN>      1 atoms have been selected out of  13504
 TRANSLATION VECTOR     3.213119   27.735017   40.171895
 SELECTED COORDINATES TRANSLATED IN THE MAIN SET.

  
 CHARMM>     
  
 CHARMM>            ! apply a random rotation along XYZ
  
 CHARMM>            calc xphi = ?random * 360.0
 RDCMND substituted energy or value "?RANDOM" to "0.33441882"
Evaluating: 0.33441882*360.0
 Parameter: XPHI <- "120.390775"
  
 CHARMM>            calc yphi = ?random * 360.0
 RDCMND substituted energy or value "?RANDOM" to "0.683679493"
Evaluating: 0.683679493*360.0
 Parameter: YPHI <- "246.124617"
  
 CHARMM>            calc zphi = ?random * 360.0
 RDCMND substituted energy or value "?RANDOM" to "0.12103467"
Evaluating: 0.12103467*360.0
 Parameter: ZPHI <- "43.5724812"
  
 CHARMM>            coor rotate xcen @xpos ycen @ypos zcen @zpos xdir 1.0 -
 CHARMM>                phi @xphi select target end
 Parameter: XPOS -> "3.21311868"
 Parameter: YPOS -> "27.7350172"
 Parameter: ZPOS -> "40.1718953"
 Parameter: XPHI -> "120.390775"
 SELRPN>      1 atoms have been selected out of  13504
 ROTATION MATRIX
    1.000000    0.000000    0.000000
    0.000000   -0.505895    0.862595
    0.000000   -0.862595   -0.505895

 AXIS OF ROTATION IS  1.000000  0.000000  0.000000  ANGLE IS  120.39

 SELECTED COORDINATES ROTATED IN THE MAIN SET.

  
 CHARMM>            coor rotate xcen @xpos ycen @ypos zcen @zpos ydir 1.0 -
 CHARMM>                phi @yphi select target end
 Parameter: XPOS -> "3.21311868"
 Parameter: YPOS -> "27.7350172"
 Parameter: ZPOS -> "40.1718953"
 Parameter: YPHI -> "246.124617"
 SELRPN>      1 atoms have been selected out of  13504
 ROTATION MATRIX
   -0.404749    0.000000    0.914428
    0.000000    1.000000    0.000000
   -0.914428    0.000000   -0.404749

 AXIS OF ROTATION IS  0.000000 -1.000000  0.000000  ANGLE IS  113.88

 SELECTED COORDINATES ROTATED IN THE MAIN SET.

  
 CHARMM>            coor rotate xcen @xpos ycen @ypos zcen @zpos zdir 1.0 -
 CHARMM>                phi @zphi select target end
 Parameter: XPOS -> "3.21311868"
 Parameter: YPOS -> "27.7350172"
 Parameter: ZPOS -> "40.1718953"
 Parameter: ZPHI -> "43.5724812"
 SELRPN>      1 atoms have been selected out of  13504
 ROTATION MATRIX
    0.724503    0.689272    0.000000
   -0.689272    0.724503    0.000000
    0.000000    0.000000    1.000000

 AXIS OF ROTATION IS  0.000000  0.000000  1.000000  ANGLE IS   43.57

 SELECTED COORDINATES ROTATED IN THE MAIN SET.

  
 CHARMM>     
  
 CHARMM>     
  
 CHARMM>            calc dcut = 3.5
Evaluating: 3.5
 Parameter: DCUT <- "3.5"
  
 CHARMM>     
  
 CHARMM>            coor stat sele target end
 SELRPN>      1 atoms have been selected out of  13504
 STATISTICS FOR         1 SELECTED ATOMS:
    XMIN =    3.213119 XMAX =    3.213119 XAVE =    3.213119
    YMIN =   27.735017 YMAX =   27.735017 YAVE =   27.735017
    ZMIN =   40.171895 ZMAX =   40.171895 ZAVE =   40.171895
    WMIN =   -1.000000 WMAX =   -1.000000 WAVE =   -1.000000
  
 CHARMM>            calc xmax = ?xmax + @dcut
 Parameter: DCUT -> "3.5"
 RDCMND substituted energy or value "?XMAX" to "3.21311868"
Evaluating: 3.21311868+3.5
 Parameter: XMAX <- "6.71311868"
  
 CHARMM>            calc ymax = ?ymax + @dcut
 Parameter: DCUT -> "3.5"
 RDCMND substituted energy or value "?YMAX" to "27.7350172"
Evaluating: 27.7350172+3.5
 Parameter: YMAX <- "31.2350172"
  
 CHARMM>            calc zmax = ?zmax + @dcut
 Parameter: DCUT -> "3.5"
 RDCMND substituted energy or value "?ZMAX" to "40.1718953"
Evaluating: 40.1718953+3.5
 Parameter: ZMAX <- "43.6718953"
  
 CHARMM>            calc xmin = ?xmin - @dcut
 Parameter: DCUT -> "3.5"
 RDCMND substituted energy or value "?XMIN" to "3.21311868"
Evaluating: 3.21311868-3.5
 Parameter: XMIN <- "-0.28688132"
  
 CHARMM>            calc ymin = ?ymin - @dcut
 Parameter: DCUT -> "3.5"
 RDCMND substituted energy or value "?YMIN" to "27.7350172"
Evaluating: 27.7350172-3.5
 Parameter: YMIN <- "24.2350172"
  
 CHARMM>            calc zmin = ?zmin - @dcut
 Parameter: DCUT -> "3.5"
 RDCMND substituted energy or value "?ZMIN" to "40.1718953"
Evaluating: 40.1718953-3.5
 Parameter: ZMIN <- "36.6718953"
  
 CHARMM>     
  
 CHARMM>            define JUNK sele .not. target .and. -
 CHARMM>                             prop X .lt. @xmax .and. prop X .gt. @xmin .and. -
 CHARMM>                             prop Y .lt. @ymax .and. prop Y .gt. @ymin .and. -
 CHARMM>                             prop Z .lt. @zmax .and. prop Z .gt. @zmin  end
 Parameter: XMAX -> "6.71311868"
 Parameter: XMIN -> "-0.28688132"
 Parameter: YMAX -> "31.2350172"
 Parameter: YMIN -> "24.2350172"
 Parameter: ZMAX -> "43.6718953"
 Parameter: ZMIN -> "36.6718953"
 SELRPN>      0 atoms have been selected out of  13504
  
 CHARMM>     
  
 CHARMM>            ! check if the ions are too close to protein
  
 CHARMM>            define XXX sele PROT end
 SELRPN>    872 atoms have been selected out of  13504
  
 CHARMM>            if ?nsel .gt. 0 then
 RDCMND substituted energy or value "?NSEL" to "872"
 Comparing "872" and "0".
 IF test evaluated as true.  Performing command
  
 CHARMM>                coor dist cut 10.0 sele target end -
 CHARMM>                                   sele PROT .and. JUNK .and. .not. hydrogen end image
 SELRPN>      1 atoms have been selected out of  22944
 SELRPN>      0 atoms have been selected out of  22944

            DISTANCES FOR SELECTED ATOMS
            ONLY ONE SELECTION SET SPECIFIED, A COMPARISON WILL BE DONE
 TOTAL EXCLUSION COUNT =         0
 TOTAL 1-4 EXCLUSIONS  =         0
 TOTAL NON-EXCLUSIONS  =         0
  
 CHARMM>                if ?npair .gt. 0 goto doinit
 RDCMND substituted energy or value "?NPAIR" to "0"
 Comparing "0" and "0".
 IF test evaluated as false.  Skipping command
  
 CHARMM>            endif
  
 CHARMM>     
  
 CHARMM>            ! check if the ions are too close to solute
  
 CHARMM>            coor dist cut 4.0 sele target end sele JUNK .and. .not. hydrogen end image
 SELRPN>      1 atoms have been selected out of  22944
 SELRPN>      0 atoms have been selected out of  22944

            DISTANCES FOR SELECTED ATOMS
            ONLY ONE SELECTION SET SPECIFIED, A COMPARISON WILL BE DONE
 TOTAL EXCLUSION COUNT =         0
 TOTAL 1-4 EXCLUSIONS  =         0
 TOTAL NON-EXCLUSIONS  =         0
  
 CHARMM>            if ?npair .gt. 0 goto doinit
 RDCMND substituted energy or value "?NPAIR" to "0"
 Comparing "0" and "0".
 IF test evaluated as false.  Skipping command
  
 CHARMM>     
  
 CHARMM>            calc cntrand = 0
Evaluating: 0
 Parameter: CNTRAND <- "0"
  
 CHARMM>            increase i by 1
 Parameter: I <- "17"
  
 CHARMM>            if i .le. @nion goto doinit
 Parameter: NION -> "36"
 Comparing "17" and "36".
 IF test evaluated as true.  Performing command
  
 CHARMM>     
  
 CHARMM>            calc cntrand = @cntrand + 1
 Parameter: CNTRAND -> "0"
Evaluating: 0+1
 Parameter: CNTRAND <- "1"
  
 CHARMM>            if cntrand .gt. 100 stop ! ABNORMAL TERMINATION: ion placing may not work.. stop here
 Comparing "1" and "100".
 IF test evaluated as false.  Skipping command
  
 CHARMM>     
  
 CHARMM>            calc j = @i
 Parameter: I -> "17"
Evaluating: 17
 Parameter: J <- "17"
  
 CHARMM>            set ion = POS
 Parameter: ION <- "POS"
  
 CHARMM>     
  
 CHARMM>            if j .gt. @npos then
 Parameter: NPOS -> "12"
 Comparing "17" and "12".
 IF test evaluated as true.  Performing command
  
 CHARMM>               set ion = NEG
 Parameter: ION <- "NEG"
  
 CHARMM>               calc j  = @j - @npos
 Parameter: J -> "17"
 Parameter: NPOS -> "12"
Evaluating: 17-12
 Parameter: J <- "5"
  
 CHARMM>            endif
  
 CHARMM>     
  
 CHARMM>            define target select segid @ion .and. resid @j end
 Parameter: ION -> "NEG"
 Parameter: J -> "5"
 SELRPN>      1 atoms have been selected out of  13504
  
 CHARMM>     
  
 CHARMM>            calc xpos = @A * ( ?random - 0.5 )
 Parameter: A -> "60.2201683"
 RDCMND substituted energy or value "?RANDOM" to "0.384500034"
Evaluating: 60.2201683*(0.384500034-0.5)
 Parameter: XPOS <- "-6.95542739"
  
 CHARMM>            calc ypos = @B * ( ?random - 0.5 )
 Parameter: B -> "60.2201683"
 RDCMND substituted energy or value "?RANDOM" to "0.532227478"
Evaluating: 60.2201683*(0.532227478-0.5)
 Parameter: YPOS <- "1.94074415"
  
 CHARMM>            calc zpos = @C * ( ?random - 0.5 ) + @zcen
 Parameter: C -> "85"
 Parameter: ZCEN -> "0"
 RDCMND substituted energy or value "?RANDOM" to "0.655199405"
Evaluating: 85*(0.655199405-0.5)+0
 Parameter: ZPOS <- "13.1919494"
  
 CHARMM>     
  
 CHARMM>            if zpos .gt. -15 if zpos .lt. 15 goto doinit
 Comparing "13.1919494" and "-15".
 IF test evaluated as true.  Performing command
 Comparing "13.1919494" and "15".
 IF test evaluated as true.  Performing command
  
 CHARMM>     
  
 CHARMM>            calc cntrand = @cntrand + 1
 Parameter: CNTRAND -> "1"
Evaluating: 1+1
 Parameter: CNTRAND <- "2"
  
 CHARMM>            if cntrand .gt. 100 stop ! ABNORMAL TERMINATION: ion placing may not work.. stop here
 Comparing "2" and "100".
 IF test evaluated as false.  Skipping command
  
 CHARMM>     
  
 CHARMM>            calc j = @i
 Parameter: I -> "17"
Evaluating: 17
 Parameter: J <- "17"
  
 CHARMM>            set ion = POS
 Parameter: ION <- "POS"
  
 CHARMM>     
  
 CHARMM>            if j .gt. @npos then
 Parameter: NPOS -> "12"
 Comparing "17" and "12".
 IF test evaluated as true.  Performing command
  
 CHARMM>               set ion = NEG
 Parameter: ION <- "NEG"
  
 CHARMM>               calc j  = @j - @npos
 Parameter: J -> "17"
 Parameter: NPOS -> "12"
Evaluating: 17-12
 Parameter: J <- "5"
  
 CHARMM>            endif
  
 CHARMM>     
  
 CHARMM>            define target select segid @ion .and. resid @j end
 Parameter: ION -> "NEG"
 Parameter: J -> "5"
 SELRPN>      1 atoms have been selected out of  13504
  
 CHARMM>     
  
 CHARMM>            calc xpos = @A * ( ?random - 0.5 )
 Parameter: A -> "60.2201683"
 RDCMND substituted energy or value "?RANDOM" to "0.662584736"
Evaluating: 60.2201683*(0.662584736-0.5)
 Parameter: XPOS <- "9.79088016"
  
 CHARMM>            calc ypos = @B * ( ?random - 0.5 )
 Parameter: B -> "60.2201683"
 RDCMND substituted energy or value "?RANDOM" to "0.364998672"
Evaluating: 60.2201683*(0.364998672-0.5)
 Parameter: YPOS <- "-8.12980269"
  
 CHARMM>            calc zpos = @C * ( ?random - 0.5 ) + @zcen
 Parameter: C -> "85"
 Parameter: ZCEN -> "0"
 RDCMND substituted energy or value "?RANDOM" to "0.300221665"
Evaluating: 85*(0.300221665-0.5)+0
 Parameter: ZPOS <- "-16.9811585"
  
 CHARMM>     
  
 CHARMM>            if zpos .gt. -15 if zpos .lt. 15 goto doinit
 Comparing "-16.9811585" and "-15".
 IF test evaluated as false.  Skipping command
  
 CHARMM>     
  
 CHARMM>            ! move target to selected position
  
 CHARMM>            coor stat select target end
 SELRPN>      1 atoms have been selected out of  13504
 STATISTICS FOR         1 SELECTED ATOMS:
    XMIN =    0.000000 XMAX =    0.000000 XAVE =    0.000000
    YMIN =    0.000000 YMAX =    0.000000 YAVE =    0.000000
    ZMIN =    0.000000 ZMAX =    0.000000 ZAVE =    0.000000
    WMIN =   -1.000000 WMAX =   -1.000000 WAVE =   -1.000000
  
 CHARMM>            calc xtran = @xpos - ?xave
 Parameter: XPOS -> "9.79088016"
 RDCMND substituted energy or value "?XAVE" to "0"
Evaluating: 9.79088016-0
 Parameter: XTRAN <- "9.79088016"
  
 CHARMM>            calc ytran = @ypos - ?yave
 Parameter: YPOS -> "-8.12980269"
 RDCMND substituted energy or value "?YAVE" to "0"
Evaluating: -8.12980269-0
 Parameter: YTRAN <- "-8.12980269"
  
 CHARMM>            calc ztran = @zpos - ?zave
 Parameter: ZPOS -> "-16.9811585"
 RDCMND substituted energy or value "?ZAVE" to "0"
Evaluating: -16.9811585-0
 Parameter: ZTRAN <- "-16.9811585"
  
 CHARMM>            coor trans xdir @xtran ydir @ytran zdir @ztran select target end
 Parameter: XTRAN -> "9.79088016"
 Parameter: YTRAN -> "-8.12980269"
 Parameter: ZTRAN -> "-16.9811585"
 SELRPN>      1 atoms have been selected out of  13504
 TRANSLATION VECTOR     9.790880   -8.129803  -16.981158
 SELECTED COORDINATES TRANSLATED IN THE MAIN SET.

  
 CHARMM>     
  
 CHARMM>            ! apply a random rotation along XYZ
  
 CHARMM>            calc xphi = ?random * 360.0
 RDCMND substituted energy or value "?RANDOM" to "0.186386464"
Evaluating: 0.186386464*360.0
 Parameter: XPHI <- "67.099127"
  
 CHARMM>            calc yphi = ?random * 360.0
 RDCMND substituted energy or value "?RANDOM" to "0.428683899"
Evaluating: 0.428683899*360.0
 Parameter: YPHI <- "154.326204"
  
 CHARMM>            calc zphi = ?random * 360.0
 RDCMND substituted energy or value "?RANDOM" to "0.233789533"
Evaluating: 0.233789533*360.0
 Parameter: ZPHI <- "84.1642319"
  
 CHARMM>            coor rotate xcen @xpos ycen @ypos zcen @zpos xdir 1.0 -
 CHARMM>                phi @xphi select target end
 Parameter: XPOS -> "9.79088016"
 Parameter: YPOS -> "-8.12980269"
 Parameter: ZPOS -> "-16.9811585"
 Parameter: XPHI -> "67.099127"
 SELRPN>      1 atoms have been selected out of  13504
 ROTATION MATRIX
    1.000000    0.000000    0.000000
    0.000000    0.389138    0.921179
    0.000000   -0.921179    0.389138

 AXIS OF ROTATION IS  1.000000  0.000000  0.000000  ANGLE IS   67.10

 SELECTED COORDINATES ROTATED IN THE MAIN SET.

  
 CHARMM>            coor rotate xcen @xpos ycen @ypos zcen @zpos ydir 1.0 -
 CHARMM>                phi @yphi select target end
 Parameter: XPOS -> "9.79088016"
 Parameter: YPOS -> "-8.12980269"
 Parameter: ZPOS -> "-16.9811585"
 Parameter: YPHI -> "154.326204"
 SELRPN>      1 atoms have been selected out of  13504
 ROTATION MATRIX
   -0.901275    0.000000   -0.433247
    0.000000    1.000000    0.000000
    0.433247    0.000000   -0.901275

 AXIS OF ROTATION IS  0.000000  1.000000  0.000000  ANGLE IS  154.33

 SELECTED COORDINATES ROTATED IN THE MAIN SET.

  
 CHARMM>            coor rotate xcen @xpos ycen @ypos zcen @zpos zdir 1.0 -
 CHARMM>                phi @zphi select target end
 Parameter: XPOS -> "9.79088016"
 Parameter: YPOS -> "-8.12980269"
 Parameter: ZPOS -> "-16.9811585"
 Parameter: ZPHI -> "84.1642319"
 SELRPN>      1 atoms have been selected out of  13504
 ROTATION MATRIX
    0.101677    0.994817    0.000000
   -0.994817    0.101677    0.000000
    0.000000    0.000000    1.000000

 AXIS OF ROTATION IS  0.000000  0.000000  1.000000  ANGLE IS   84.16

 SELECTED COORDINATES ROTATED IN THE MAIN SET.

  
 CHARMM>     
  
 CHARMM>     
  
 CHARMM>            calc dcut = 3.5
Evaluating: 3.5
 Parameter: DCUT <- "3.5"
  
 CHARMM>     
  
 CHARMM>            coor stat sele target end
 SELRPN>      1 atoms have been selected out of  13504
 STATISTICS FOR         1 SELECTED ATOMS:
    XMIN =    9.790880 XMAX =    9.790880 XAVE =    9.790880
    YMIN =   -8.129803 YMAX =   -8.129803 YAVE =   -8.129803
    ZMIN =  -16.981158 ZMAX =  -16.981158 ZAVE =  -16.981158
    WMIN =   -1.000000 WMAX =   -1.000000 WAVE =   -1.000000
  
 CHARMM>            calc xmax = ?xmax + @dcut
 Parameter: DCUT -> "3.5"
 RDCMND substituted energy or value "?XMAX" to "9.79088016"
Evaluating: 9.79088016+3.5
 Parameter: XMAX <- "13.2908802"
  
 CHARMM>            calc ymax = ?ymax + @dcut
 Parameter: DCUT -> "3.5"
 RDCMND substituted energy or value "?YMAX" to "-8.12980269"
Evaluating: -8.12980269+3.5
 Parameter: YMAX <- "-4.62980269"
  
 CHARMM>            calc zmax = ?zmax + @dcut
 Parameter: DCUT -> "3.5"
 RDCMND substituted energy or value "?ZMAX" to "-16.9811585"
Evaluating: -16.9811585+3.5
 Parameter: ZMAX <- "-13.4811585"
  
 CHARMM>            calc xmin = ?xmin - @dcut
 Parameter: DCUT -> "3.5"
 RDCMND substituted energy or value "?XMIN" to "9.79088016"
Evaluating: 9.79088016-3.5
 Parameter: XMIN <- "6.29088016"
  
 CHARMM>            calc ymin = ?ymin - @dcut
 Parameter: DCUT -> "3.5"
 RDCMND substituted energy or value "?YMIN" to "-8.12980269"
Evaluating: -8.12980269-3.5
 Parameter: YMIN <- "-11.6298027"
  
 CHARMM>            calc zmin = ?zmin - @dcut
 Parameter: DCUT -> "3.5"
 RDCMND substituted energy or value "?ZMIN" to "-16.9811585"
Evaluating: -16.9811585-3.5
 Parameter: ZMIN <- "-20.4811585"
  
 CHARMM>     
  
 CHARMM>            define JUNK sele .not. target .and. -
 CHARMM>                             prop X .lt. @xmax .and. prop X .gt. @xmin .and. -
 CHARMM>                             prop Y .lt. @ymax .and. prop Y .gt. @ymin .and. -
 CHARMM>                             prop Z .lt. @zmax .and. prop Z .gt. @zmin  end
 Parameter: XMAX -> "13.2908802"
 Parameter: XMIN -> "6.29088016"
 Parameter: YMAX -> "-4.62980269"
 Parameter: YMIN -> "-11.6298027"
 Parameter: ZMAX -> "-13.4811585"
 Parameter: ZMIN -> "-20.4811585"
 SELRPN>      2 atoms have been selected out of  13504
  
 CHARMM>     
  
 CHARMM>            ! check if the ions are too close to protein
  
 CHARMM>            define XXX sele PROT end
 SELRPN>    872 atoms have been selected out of  13504
  
 CHARMM>            if ?nsel .gt. 0 then
 RDCMND substituted energy or value "?NSEL" to "872"
 Comparing "872" and "0".
 IF test evaluated as true.  Performing command
  
 CHARMM>                coor dist cut 10.0 sele target end -
 CHARMM>                                   sele PROT .and. JUNK .and. .not. hydrogen end image
 SELRPN>      1 atoms have been selected out of  22944
 SELRPN>      0 atoms have been selected out of  22944

            DISTANCES FOR SELECTED ATOMS
            ONLY ONE SELECTION SET SPECIFIED, A COMPARISON WILL BE DONE
 TOTAL EXCLUSION COUNT =         0
 TOTAL 1-4 EXCLUSIONS  =         0
 TOTAL NON-EXCLUSIONS  =         0
  
 CHARMM>                if ?npair .gt. 0 goto doinit
 RDCMND substituted energy or value "?NPAIR" to "0"
 Comparing "0" and "0".
 IF test evaluated as false.  Skipping command
  
 CHARMM>            endif
  
 CHARMM>     
  
 CHARMM>            ! check if the ions are too close to solute
  
 CHARMM>            coor dist cut 4.0 sele target end sele JUNK .and. .not. hydrogen end image
 SELRPN>      1 atoms have been selected out of  22944
 SELRPN>      1 atoms have been selected out of  22944

            DISTANCES FOR SELECTED ATOMS
13485 NEG      CLA      5        CLA     -7861 MEMB     POPC     53       O13           3.2019
 TOTAL EXCLUSION COUNT =         0
 TOTAL 1-4 EXCLUSIONS  =         0
 TOTAL NON-EXCLUSIONS  =         1
  
 CHARMM>            if ?npair .gt. 0 goto doinit
 RDCMND substituted energy or value "?NPAIR" to "1"
 Comparing "1" and "0".
 IF test evaluated as true.  Performing command
  
 CHARMM>     
  
 CHARMM>            calc cntrand = @cntrand + 1
 Parameter: CNTRAND -> "2"
Evaluating: 2+1
 Parameter: CNTRAND <- "3"
  
 CHARMM>            if cntrand .gt. 100 stop ! ABNORMAL TERMINATION: ion placing may not work.. stop here
 Comparing "3" and "100".
 IF test evaluated as false.  Skipping command
  
 CHARMM>     
  
 CHARMM>            calc j = @i
 Parameter: I -> "17"
Evaluating: 17
 Parameter: J <- "17"
  
 CHARMM>            set ion = POS
 Parameter: ION <- "POS"
  
 CHARMM>     
  
 CHARMM>            if j .gt. @npos then
 Parameter: NPOS -> "12"
 Comparing "17" and "12".
 IF test evaluated as true.  Performing command
  
 CHARMM>               set ion = NEG
 Parameter: ION <- "NEG"
  
 CHARMM>               calc j  = @j - @npos
 Parameter: J -> "17"
 Parameter: NPOS -> "12"
Evaluating: 17-12
 Parameter: J <- "5"
  
 CHARMM>            endif
  
 CHARMM>     
  
 CHARMM>            define target select segid @ion .and. resid @j end
 Parameter: ION -> "NEG"
 Parameter: J -> "5"
 SELRPN>      1 atoms have been selected out of  13504
  
 CHARMM>     
  
 CHARMM>            calc xpos = @A * ( ?random - 0.5 )
 Parameter: A -> "60.2201683"
 RDCMND substituted energy or value "?RANDOM" to "0.118484034"
Evaluating: 60.2201683*(0.118484034-0.5)
 Parameter: XPOS <- "-22.9749557"
  
 CHARMM>            calc ypos = @B * ( ?random - 0.5 )
 Parameter: B -> "60.2201683"
 RDCMND substituted energy or value "?RANDOM" to "1.070226021E-03"
Evaluating: 60.2201683*(1.070226021E-03-0.5)
 Parameter: YPOS <- "-30.045635"
  
 CHARMM>            calc zpos = @C * ( ?random - 0.5 ) + @zcen
 Parameter: C -> "85"
 Parameter: ZCEN -> "0"
 RDCMND substituted energy or value "?RANDOM" to "0.321782119"
Evaluating: 85*(0.321782119-0.5)+0
 Parameter: ZPOS <- "-15.1485199"
  
 CHARMM>     
  
 CHARMM>            if zpos .gt. -15 if zpos .lt. 15 goto doinit
 Comparing "-15.1485199" and "-15".
 IF test evaluated as false.  Skipping command
  
 CHARMM>     
  
 CHARMM>            ! move target to selected position
  
 CHARMM>            coor stat select target end
 SELRPN>      1 atoms have been selected out of  13504
 STATISTICS FOR         1 SELECTED ATOMS:
    XMIN =    9.790880 XMAX =    9.790880 XAVE =    9.790880
    YMIN =   -8.129803 YMAX =   -8.129803 YAVE =   -8.129803
    ZMIN =  -16.981158 ZMAX =  -16.981158 ZAVE =  -16.981158
    WMIN =   -1.000000 WMAX =   -1.000000 WAVE =   -1.000000
  
 CHARMM>            calc xtran = @xpos - ?xave
 Parameter: XPOS -> "-22.9749557"
 RDCMND substituted energy or value "?XAVE" to "9.79088016"
Evaluating: -22.9749557-9.79088016
 Parameter: XTRAN <- "-32.7658359"
  
 CHARMM>            calc ytran = @ypos - ?yave
 Parameter: YPOS -> "-30.045635"
 RDCMND substituted energy or value "?YAVE" to "-8.12980269"
Evaluating: -30.045635--8.12980269
 Parameter: YTRAN <- "-21.9158323"
  
 CHARMM>            calc ztran = @zpos - ?zave
 Parameter: ZPOS -> "-15.1485199"
 RDCMND substituted energy or value "?ZAVE" to "-16.9811585"
Evaluating: -15.1485199--16.9811585
 Parameter: ZTRAN <- "1.8326386"
  
 CHARMM>            coor trans xdir @xtran ydir @ytran zdir @ztran select target end
 Parameter: XTRAN -> "-32.7658359"
 Parameter: YTRAN -> "-21.9158323"
 Parameter: ZTRAN -> "1.8326386"
 SELRPN>      1 atoms have been selected out of  13504
 TRANSLATION VECTOR   -32.765836  -21.915832    1.832639
 SELECTED COORDINATES TRANSLATED IN THE MAIN SET.

  
 CHARMM>     
  
 CHARMM>            ! apply a random rotation along XYZ
  
 CHARMM>            calc xphi = ?random * 360.0
 RDCMND substituted energy or value "?RANDOM" to "0.847992702"
Evaluating: 0.847992702*360.0
 Parameter: XPHI <- "305.277373"
  
 CHARMM>            calc yphi = ?random * 360.0
 RDCMND substituted energy or value "?RANDOM" to "0.57696473"
Evaluating: 0.57696473*360.0
 Parameter: YPHI <- "207.707303"
  
 CHARMM>            calc zphi = ?random * 360.0
 RDCMND substituted energy or value "?RANDOM" to "0.635873313"
Evaluating: 0.635873313*360.0
 Parameter: ZPHI <- "228.914393"
  
 CHARMM>            coor rotate xcen @xpos ycen @ypos zcen @zpos xdir 1.0 -
 CHARMM>                phi @xphi select target end
 Parameter: XPOS -> "-22.9749557"
 Parameter: YPOS -> "-30.045635"
 Parameter: ZPOS -> "-15.1485199"
 Parameter: XPHI -> "305.277373"
 SELRPN>      1 atoms have been selected out of  13504
 ROTATION MATRIX
    1.000000    0.000000    0.000000
    0.000000    0.577535   -0.816366
    0.000000    0.816366    0.577535

 AXIS OF ROTATION IS -1.000000  0.000000  0.000000  ANGLE IS   54.72

 SELECTED COORDINATES ROTATED IN THE MAIN SET.

  
 CHARMM>            coor rotate xcen @xpos ycen @ypos zcen @zpos ydir 1.0 -
 CHARMM>                phi @yphi select target end
 Parameter: XPOS -> "-22.9749557"
 Parameter: YPOS -> "-30.045635"
 Parameter: ZPOS -> "-15.1485199"
 Parameter: YPHI -> "207.707303"
 SELRPN>      1 atoms have been selected out of  13504
 ROTATION MATRIX
   -0.885334    0.000000    0.464955
    0.000000    1.000000    0.000000
   -0.464955    0.000000   -0.885334

 AXIS OF ROTATION IS  0.000000 -1.000000  0.000000  ANGLE IS  152.29

 SELECTED COORDINATES ROTATED IN THE MAIN SET.

  
 CHARMM>            coor rotate xcen @xpos ycen @ypos zcen @zpos zdir 1.0 -
 CHARMM>                phi @zphi select target end
 Parameter: XPOS -> "-22.9749557"
 Parameter: YPOS -> "-30.045635"
 Parameter: ZPOS -> "-15.1485199"
 Parameter: ZPHI -> "228.914393"
 SELRPN>      1 atoms have been selected out of  13504
 ROTATION MATRIX
   -0.657186   -0.753729    0.000000
    0.753729   -0.657186    0.000000
    0.000000    0.000000    1.000000

 AXIS OF ROTATION IS  0.000000  0.000000 -1.000000  ANGLE IS  131.09

 SELECTED COORDINATES ROTATED IN THE MAIN SET.

  
 CHARMM>     
  
 CHARMM>     
  
 CHARMM>            calc dcut = 3.5
Evaluating: 3.5
 Parameter: DCUT <- "3.5"
  
 CHARMM>     
  
 CHARMM>            coor stat sele target end
 SELRPN>      1 atoms have been selected out of  13504
 STATISTICS FOR         1 SELECTED ATOMS:
    XMIN =  -22.974956 XMAX =  -22.974956 XAVE =  -22.974956
    YMIN =  -30.045635 YMAX =  -30.045635 YAVE =  -30.045635
    ZMIN =  -15.148520 ZMAX =  -15.148520 ZAVE =  -15.148520
    WMIN =   -1.000000 WMAX =   -1.000000 WAVE =   -1.000000
  
 CHARMM>            calc xmax = ?xmax + @dcut
 Parameter: DCUT -> "3.5"
 RDCMND substituted energy or value "?XMAX" to "-22.9749557"
Evaluating: -22.9749557+3.5
 Parameter: XMAX <- "-19.4749557"
  
 CHARMM>            calc ymax = ?ymax + @dcut
 Parameter: DCUT -> "3.5"
 RDCMND substituted energy or value "?YMAX" to "-30.045635"
Evaluating: -30.045635+3.5
 Parameter: YMAX <- "-26.545635"
  
 CHARMM>            calc zmax = ?zmax + @dcut
 Parameter: DCUT -> "3.5"
 RDCMND substituted energy or value "?ZMAX" to "-15.1485199"
Evaluating: -15.1485199+3.5
 Parameter: ZMAX <- "-11.6485199"
  
 CHARMM>            calc xmin = ?xmin - @dcut
 Parameter: DCUT -> "3.5"
 RDCMND substituted energy or value "?XMIN" to "-22.9749557"
Evaluating: -22.9749557-3.5
 Parameter: XMIN <- "-26.4749557"
  
 CHARMM>            calc ymin = ?ymin - @dcut
 Parameter: DCUT -> "3.5"
 RDCMND substituted energy or value "?YMIN" to "-30.045635"
Evaluating: -30.045635-3.5
 Parameter: YMIN <- "-33.545635"
  
 CHARMM>            calc zmin = ?zmin - @dcut
 Parameter: DCUT -> "3.5"
 RDCMND substituted energy or value "?ZMIN" to "-15.1485199"
Evaluating: -15.1485199-3.5
 Parameter: ZMIN <- "-18.6485199"
  
 CHARMM>     
  
 CHARMM>            define JUNK sele .not. target .and. -
 CHARMM>                             prop X .lt. @xmax .and. prop X .gt. @xmin .and. -
 CHARMM>                             prop Y .lt. @ymax .and. prop Y .gt. @ymin .and. -
 CHARMM>                             prop Z .lt. @zmax .and. prop Z .gt. @zmin  end
 Parameter: XMAX -> "-19.4749557"
 Parameter: XMIN -> "-26.4749557"
 Parameter: YMAX -> "-26.545635"
 Parameter: YMIN -> "-33.545635"
 Parameter: ZMAX -> "-11.6485199"
 Parameter: ZMIN -> "-18.6485199"
 SELRPN>     16 atoms have been selected out of  13504
  
 CHARMM>     
  
 CHARMM>            ! check if the ions are too close to protein
  
 CHARMM>            define XXX sele PROT end
 SELRPN>    872 atoms have been selected out of  13504
  
 CHARMM>            if ?nsel .gt. 0 then
 RDCMND substituted energy or value "?NSEL" to "872"
 Comparing "872" and "0".
 IF test evaluated as true.  Performing command
  
 CHARMM>                coor dist cut 10.0 sele target end -
 CHARMM>                                   sele PROT .and. JUNK .and. .not. hydrogen end image
 SELRPN>      1 atoms have been selected out of  22944
 SELRPN>      0 atoms have been selected out of  22944

            DISTANCES FOR SELECTED ATOMS
            ONLY ONE SELECTION SET SPECIFIED, A COMPARISON WILL BE DONE
 TOTAL EXCLUSION COUNT =         0
 TOTAL 1-4 EXCLUSIONS  =         0
 TOTAL NON-EXCLUSIONS  =         0
  
 CHARMM>                if ?npair .gt. 0 goto doinit
 RDCMND substituted energy or value "?NPAIR" to "0"
 Comparing "0" and "0".
 IF test evaluated as false.  Skipping command
  
 CHARMM>            endif
  
 CHARMM>     
  
 CHARMM>            ! check if the ions are too close to solute
  
 CHARMM>            coor dist cut 4.0 sele target end sele JUNK .and. .not. hydrogen end image
 SELRPN>      1 atoms have been selected out of  22944
 SELRPN>      9 atoms have been selected out of  22944

            DISTANCES FOR SELECTED ATOMS
13485 NEG      CLA      5        CLA     -**** MEMB     POPC     94       C1            2.9578
13485 NEG      CLA      5        CLA     -**** MEMB     POPC     94       C2            1.7104
13485 NEG      CLA      5        CLA     -**** MEMB     POPC     94       O21           2.5810
13485 NEG      CLA      5        CLA     -**** MEMB     POPC     94       C21           3.4631
13485 NEG      CLA      5        CLA     -**** MEMB     POPC     94       O22           3.7592
13485 NEG      CLA      5        CLA     -**** MEMB     POPC     94       C3            1.9638
13485 NEG      CLA      5        CLA     -**** MEMB     POPC     94       O31           3.3616
13485 NEG      CLA      5        CLA     -**** MEMB     POPC     94       O32           3.9273
 TOTAL EXCLUSION COUNT =         0
 TOTAL 1-4 EXCLUSIONS  =         0
 TOTAL NON-EXCLUSIONS  =         8
  
 CHARMM>            if ?npair .gt. 0 goto doinit
 RDCMND substituted energy or value "?NPAIR" to "8"
 Comparing "8" and "0".
 IF test evaluated as true.  Performing command
  
 CHARMM>     
  
 CHARMM>            calc cntrand = @cntrand + 1
 Parameter: CNTRAND -> "3"
Evaluating: 3+1
 Parameter: CNTRAND <- "4"
  
 CHARMM>            if cntrand .gt. 100 stop ! ABNORMAL TERMINATION: ion placing may not work.. stop here
 Comparing "4" and "100".
 IF test evaluated as false.  Skipping command
  
 CHARMM>     
  
 CHARMM>            calc j = @i
 Parameter: I -> "17"
Evaluating: 17
 Parameter: J <- "17"
  
 CHARMM>            set ion = POS
 Parameter: ION <- "POS"
  
 CHARMM>     
  
 CHARMM>            if j .gt. @npos then
 Parameter: NPOS -> "12"
 Comparing "17" and "12".
 IF test evaluated as true.  Performing command
  
 CHARMM>               set ion = NEG
 Parameter: ION <- "NEG"
  
 CHARMM>               calc j  = @j - @npos
 Parameter: J -> "17"
 Parameter: NPOS -> "12"
Evaluating: 17-12
 Parameter: J <- "5"
  
 CHARMM>            endif
  
 CHARMM>     
  
 CHARMM>            define target select segid @ion .and. resid @j end
 Parameter: ION -> "NEG"
 Parameter: J -> "5"
 SELRPN>      1 atoms have been selected out of  13504
  
 CHARMM>     
  
 CHARMM>            calc xpos = @A * ( ?random - 0.5 )
 Parameter: A -> "60.2201683"
 RDCMND substituted energy or value "?RANDOM" to "0.856855192"
Evaluating: 60.2201683*(0.856855192-0.5)
 Parameter: XPOS <- "21.4898797"
  
 CHARMM>            calc ypos = @B * ( ?random - 0.5 )
 Parameter: B -> "60.2201683"
 RDCMND substituted energy or value "?RANDOM" to "4.790752068E-02"
Evaluating: 60.2201683*(4.790752068E-02-0.5)
 Parameter: YPOS <- "-27.2250852"
  
 CHARMM>            calc zpos = @C * ( ?random - 0.5 ) + @zcen
 Parameter: C -> "85"
 Parameter: ZCEN -> "0"
 RDCMND substituted energy or value "?RANDOM" to "0.361787089"
Evaluating: 85*(0.361787089-0.5)+0
 Parameter: ZPOS <- "-11.7480974"
  
 CHARMM>     
  
 CHARMM>            if zpos .gt. -15 if zpos .lt. 15 goto doinit
 Comparing "-11.7480974" and "-15".
 IF test evaluated as true.  Performing command
 Comparing "-11.7480974" and "15".
 IF test evaluated as true.  Performing command
  
 CHARMM>     
  
 CHARMM>            calc cntrand = @cntrand + 1
 Parameter: CNTRAND -> "4"
Evaluating: 4+1
 Parameter: CNTRAND <- "5"
  
 CHARMM>            if cntrand .gt. 100 stop ! ABNORMAL TERMINATION: ion placing may not work.. stop here
 Comparing "5" and "100".
 IF test evaluated as false.  Skipping command
  
 CHARMM>     
  
 CHARMM>            calc j = @i
 Parameter: I -> "17"
Evaluating: 17
 Parameter: J <- "17"
  
 CHARMM>            set ion = POS
 Parameter: ION <- "POS"
  
 CHARMM>     
  
 CHARMM>            if j .gt. @npos then
 Parameter: NPOS -> "12"
 Comparing "17" and "12".
 IF test evaluated as true.  Performing command
  
 CHARMM>               set ion = NEG
 Parameter: ION <- "NEG"
  
 CHARMM>               calc j  = @j - @npos
 Parameter: J -> "17"
 Parameter: NPOS -> "12"
Evaluating: 17-12
 Parameter: J <- "5"
  
 CHARMM>            endif
  
 CHARMM>     
  
 CHARMM>            define target select segid @ion .and. resid @j end
 Parameter: ION -> "NEG"
 Parameter: J -> "5"
 SELRPN>      1 atoms have been selected out of  13504
  
 CHARMM>     
  
 CHARMM>            calc xpos = @A * ( ?random - 0.5 )
 Parameter: A -> "60.2201683"
 RDCMND substituted energy or value "?RANDOM" to "0.830276836"
Evaluating: 60.2201683*(0.830276836-0.5)
 Parameter: XPOS <- "19.8893266"
  
 CHARMM>            calc ypos = @B * ( ?random - 0.5 )
 Parameter: B -> "60.2201683"
 RDCMND substituted energy or value "?RANDOM" to "7.597634046E-02"
Evaluating: 60.2201683*(7.597634046E-02-0.5)
 Parameter: YPOS <- "-25.5347761"
  
 CHARMM>            calc zpos = @C * ( ?random - 0.5 ) + @zcen
 Parameter: C -> "85"
 Parameter: ZCEN -> "0"
 RDCMND substituted energy or value "?RANDOM" to "0.815914777"
Evaluating: 85*(0.815914777-0.5)+0
 Parameter: ZPOS <- "26.852756"
  
 CHARMM>     
  
 CHARMM>            if zpos .gt. -15 if zpos .lt. 15 goto doinit
 Comparing "26.852756" and "-15".
 IF test evaluated as true.  Performing command
 Comparing "26.852756" and "15".
 IF test evaluated as false.  Skipping command
  
 CHARMM>     
  
 CHARMM>            ! move target to selected position
  
 CHARMM>            coor stat select target end
 SELRPN>      1 atoms have been selected out of  13504
 STATISTICS FOR         1 SELECTED ATOMS:
    XMIN =  -22.974956 XMAX =  -22.974956 XAVE =  -22.974956
    YMIN =  -30.045635 YMAX =  -30.045635 YAVE =  -30.045635
    ZMIN =  -15.148520 ZMAX =  -15.148520 ZAVE =  -15.148520
    WMIN =   -1.000000 WMAX =   -1.000000 WAVE =   -1.000000
  
 CHARMM>            calc xtran = @xpos - ?xave
 Parameter: XPOS -> "19.8893266"
 RDCMND substituted energy or value "?XAVE" to "-22.9749557"
Evaluating: 19.8893266--22.9749557
 Parameter: XTRAN <- "42.8642823"
  
 CHARMM>            calc ytran = @ypos - ?yave
 Parameter: YPOS -> "-25.5347761"
 RDCMND substituted energy or value "?YAVE" to "-30.045635"
Evaluating: -25.5347761--30.045635
 Parameter: YTRAN <- "4.5108589"
  
 CHARMM>            calc ztran = @zpos - ?zave
 Parameter: ZPOS -> "26.852756"
 RDCMND substituted energy or value "?ZAVE" to "-15.1485199"
Evaluating: 26.852756--15.1485199
 Parameter: ZTRAN <- "42.0012759"
  
 CHARMM>            coor trans xdir @xtran ydir @ytran zdir @ztran select target end
 Parameter: XTRAN -> "42.8642823"
 Parameter: YTRAN -> "4.5108589"
 Parameter: ZTRAN -> "42.0012759"
 SELRPN>      1 atoms have been selected out of  13504
 TRANSLATION VECTOR    42.864282    4.510859   42.001276
 SELECTED COORDINATES TRANSLATED IN THE MAIN SET.

  
 CHARMM>     
  
 CHARMM>            ! apply a random rotation along XYZ
  
 CHARMM>            calc xphi = ?random * 360.0
 RDCMND substituted energy or value "?RANDOM" to "0.613170701"
Evaluating: 0.613170701*360.0
 Parameter: XPHI <- "220.741452"
  
 CHARMM>            calc yphi = ?random * 360.0
 RDCMND substituted energy or value "?RANDOM" to "8.78386536E-02"
Evaluating: 8.78386536E-02*360.0
 Parameter: YPHI <- "31.6219153"
  
 CHARMM>            calc zphi = ?random * 360.0
 RDCMND substituted energy or value "?RANDOM" to "0.636642404"
Evaluating: 0.636642404*360.0
 Parameter: ZPHI <- "229.191265"
  
 CHARMM>            coor rotate xcen @xpos ycen @ypos zcen @zpos xdir 1.0 -
 CHARMM>                phi @xphi select target end
 Parameter: XPOS -> "19.8893266"
 Parameter: YPOS -> "-25.5347761"
 Parameter: ZPOS -> "26.852756"
 Parameter: XPHI -> "220.741452"
 SELRPN>      1 atoms have been selected out of  13504
 ROTATION MATRIX
    1.000000    0.000000    0.000000
    0.000000   -0.757662   -0.652647
    0.000000    0.652647   -0.757662

 AXIS OF ROTATION IS -1.000000  0.000000  0.000000  ANGLE IS  139.26

 SELECTED COORDINATES ROTATED IN THE MAIN SET.

  
 CHARMM>            coor rotate xcen @xpos ycen @ypos zcen @zpos ydir 1.0 -
 CHARMM>                phi @yphi select target end
 Parameter: XPOS -> "19.8893266"
 Parameter: YPOS -> "-25.5347761"
 Parameter: ZPOS -> "26.852756"
 Parameter: YPHI -> "31.6219153"
 SELRPN>      1 atoms have been selected out of  13504
 ROTATION MATRIX
    0.851526    0.000000   -0.524312
    0.000000    1.000000    0.000000
    0.524312    0.000000    0.851526

 AXIS OF ROTATION IS  0.000000  1.000000  0.000000  ANGLE IS   31.62

 SELECTED COORDINATES ROTATED IN THE MAIN SET.

  
 CHARMM>            coor rotate xcen @xpos ycen @ypos zcen @zpos zdir 1.0 -
 CHARMM>                phi @zphi select target end
 Parameter: XPOS -> "19.8893266"
 Parameter: YPOS -> "-25.5347761"
 Parameter: ZPOS -> "26.852756"
 Parameter: ZPHI -> "229.191265"
 SELRPN>      1 atoms have been selected out of  13504
 ROTATION MATRIX
   -0.653536   -0.756895    0.000000
    0.756895   -0.653536    0.000000
    0.000000    0.000000    1.000000

 AXIS OF ROTATION IS  0.000000  0.000000 -1.000000  ANGLE IS  130.81

 SELECTED COORDINATES ROTATED IN THE MAIN SET.

  
 CHARMM>     
  
 CHARMM>     
  
 CHARMM>            calc dcut = 3.5
Evaluating: 3.5
 Parameter: DCUT <- "3.5"
  
 CHARMM>     
  
 CHARMM>            coor stat sele target end
 SELRPN>      1 atoms have been selected out of  13504
 STATISTICS FOR         1 SELECTED ATOMS:
    XMIN =   19.889327 XMAX =   19.889327 XAVE =   19.889327
    YMIN =  -25.534776 YMAX =  -25.534776 YAVE =  -25.534776
    ZMIN =   26.852756 ZMAX =   26.852756 ZAVE =   26.852756
    WMIN =   -1.000000 WMAX =   -1.000000 WAVE =   -1.000000
  
 CHARMM>            calc xmax = ?xmax + @dcut
 Parameter: DCUT -> "3.5"
 RDCMND substituted energy or value "?XMAX" to "19.8893266"
Evaluating: 19.8893266+3.5
 Parameter: XMAX <- "23.3893266"
  
 CHARMM>            calc ymax = ?ymax + @dcut
 Parameter: DCUT -> "3.5"
 RDCMND substituted energy or value "?YMAX" to "-25.5347761"
Evaluating: -25.5347761+3.5
 Parameter: YMAX <- "-22.0347761"
  
 CHARMM>            calc zmax = ?zmax + @dcut
 Parameter: DCUT -> "3.5"
 RDCMND substituted energy or value "?ZMAX" to "26.852756"
Evaluating: 26.852756+3.5
 Parameter: ZMAX <- "30.352756"
  
 CHARMM>            calc xmin = ?xmin - @dcut
 Parameter: DCUT -> "3.5"
 RDCMND substituted energy or value "?XMIN" to "19.8893266"
Evaluating: 19.8893266-3.5
 Parameter: XMIN <- "16.3893266"
  
 CHARMM>            calc ymin = ?ymin - @dcut
 Parameter: DCUT -> "3.5"
 RDCMND substituted energy or value "?YMIN" to "-25.5347761"
Evaluating: -25.5347761-3.5
 Parameter: YMIN <- "-29.0347761"
  
 CHARMM>            calc zmin = ?zmin - @dcut
 Parameter: DCUT -> "3.5"
 RDCMND substituted energy or value "?ZMIN" to "26.852756"
Evaluating: 26.852756-3.5
 Parameter: ZMIN <- "23.352756"
  
 CHARMM>     
  
 CHARMM>            define JUNK sele .not. target .and. -
 CHARMM>                             prop X .lt. @xmax .and. prop X .gt. @xmin .and. -
 CHARMM>                             prop Y .lt. @ymax .and. prop Y .gt. @ymin .and. -
 CHARMM>                             prop Z .lt. @zmax .and. prop Z .gt. @zmin  end
 Parameter: XMAX -> "23.3893266"
 Parameter: XMIN -> "16.3893266"
 Parameter: YMAX -> "-22.0347761"
 Parameter: YMIN -> "-29.0347761"
 Parameter: ZMAX -> "30.352756"
 Parameter: ZMIN -> "23.352756"
 SELRPN>      0 atoms have been selected out of  13504
  
 CHARMM>     
  
 CHARMM>            ! check if the ions are too close to protein
  
 CHARMM>            define XXX sele PROT end
 SELRPN>    872 atoms have been selected out of  13504
  
 CHARMM>            if ?nsel .gt. 0 then
 RDCMND substituted energy or value "?NSEL" to "872"
 Comparing "872" and "0".
 IF test evaluated as true.  Performing command
  
 CHARMM>                coor dist cut 10.0 sele target end -
 CHARMM>                                   sele PROT .and. JUNK .and. .not. hydrogen end image
 SELRPN>      1 atoms have been selected out of  22944
 SELRPN>      0 atoms have been selected out of  22944

            DISTANCES FOR SELECTED ATOMS
            ONLY ONE SELECTION SET SPECIFIED, A COMPARISON WILL BE DONE
 TOTAL EXCLUSION COUNT =         0
 TOTAL 1-4 EXCLUSIONS  =         0
 TOTAL NON-EXCLUSIONS  =         0
  
 CHARMM>                if ?npair .gt. 0 goto doinit
 RDCMND substituted energy or value "?NPAIR" to "0"
 Comparing "0" and "0".
 IF test evaluated as false.  Skipping command
  
 CHARMM>            endif
  
 CHARMM>     
  
 CHARMM>            ! check if the ions are too close to solute
  
 CHARMM>            coor dist cut 4.0 sele target end sele JUNK .and. .not. hydrogen end image
 SELRPN>      1 atoms have been selected out of  22944
 SELRPN>      0 atoms have been selected out of  22944

            DISTANCES FOR SELECTED ATOMS
            ONLY ONE SELECTION SET SPECIFIED, A COMPARISON WILL BE DONE
 TOTAL EXCLUSION COUNT =         0
 TOTAL 1-4 EXCLUSIONS  =         0
 TOTAL NON-EXCLUSIONS  =         0
  
 CHARMM>            if ?npair .gt. 0 goto doinit
 RDCMND substituted energy or value "?NPAIR" to "0"
 Comparing "0" and "0".
 IF test evaluated as false.  Skipping command
  
 CHARMM>     
  
 CHARMM>            calc cntrand = 0
Evaluating: 0
 Parameter: CNTRAND <- "0"
  
 CHARMM>            increase i by 1
 Parameter: I <- "18"
  
 CHARMM>            if i .le. @nion goto doinit
 Parameter: NION -> "36"
 Comparing "18" and "36".
 IF test evaluated as true.  Performing command
  
 CHARMM>     
  
 CHARMM>            calc cntrand = @cntrand + 1
 Parameter: CNTRAND -> "0"
Evaluating: 0+1
 Parameter: CNTRAND <- "1"
  
 CHARMM>            if cntrand .gt. 100 stop ! ABNORMAL TERMINATION: ion placing may not work.. stop here
 Comparing "1" and "100".
 IF test evaluated as false.  Skipping command
  
 CHARMM>     
  
 CHARMM>            calc j = @i
 Parameter: I -> "18"
Evaluating: 18
 Parameter: J <- "18"
  
 CHARMM>            set ion = POS
 Parameter: ION <- "POS"
  
 CHARMM>     
  
 CHARMM>            if j .gt. @npos then
 Parameter: NPOS -> "12"
 Comparing "18" and "12".
 IF test evaluated as true.  Performing command
  
 CHARMM>               set ion = NEG
 Parameter: ION <- "NEG"
  
 CHARMM>               calc j  = @j - @npos
 Parameter: J -> "18"
 Parameter: NPOS -> "12"
Evaluating: 18-12
 Parameter: J <- "6"
  
 CHARMM>            endif
  
 CHARMM>     
  
 CHARMM>            define target select segid @ion .and. resid @j end
 Parameter: ION -> "NEG"
 Parameter: J -> "6"
 SELRPN>      1 atoms have been selected out of  13504
  
 CHARMM>     
  
 CHARMM>            calc xpos = @A * ( ?random - 0.5 )
 Parameter: A -> "60.2201683"
 RDCMND substituted energy or value "?RANDOM" to "0.955054829"
Evaluating: 60.2201683*(0.955054829-0.5)
 Parameter: XPOS <- "27.4034784"
  
 CHARMM>            calc ypos = @B * ( ?random - 0.5 )
 Parameter: B -> "60.2201683"
 RDCMND substituted energy or value "?RANDOM" to "0.821410691"
Evaluating: 60.2201683*(0.821410691-0.5)
 Parameter: YPOS <- "19.3554059"
  
 CHARMM>            calc zpos = @C * ( ?random - 0.5 ) + @zcen
 Parameter: C -> "85"
 Parameter: ZCEN -> "0"
 RDCMND substituted energy or value "?RANDOM" to "0.261606212"
Evaluating: 85*(0.261606212-0.5)+0
 Parameter: ZPOS <- "-20.263472"
  
 CHARMM>     
  
 CHARMM>            if zpos .gt. -15 if zpos .lt. 15 goto doinit
 Comparing "-20.263472" and "-15".
 IF test evaluated as false.  Skipping command
  
 CHARMM>     
  
 CHARMM>            ! move target to selected position
  
 CHARMM>            coor stat select target end
 SELRPN>      1 atoms have been selected out of  13504
 STATISTICS FOR         1 SELECTED ATOMS:
    XMIN =    0.000000 XMAX =    0.000000 XAVE =    0.000000
    YMIN =    0.000000 YMAX =    0.000000 YAVE =    0.000000
    ZMIN =    0.000000 ZMAX =    0.000000 ZAVE =    0.000000
    WMIN =   -1.000000 WMAX =   -1.000000 WAVE =   -1.000000
  
 CHARMM>            calc xtran = @xpos - ?xave
 Parameter: XPOS -> "27.4034784"
 RDCMND substituted energy or value "?XAVE" to "0"
Evaluating: 27.4034784-0
 Parameter: XTRAN <- "27.4034784"
  
 CHARMM>            calc ytran = @ypos - ?yave
 Parameter: YPOS -> "19.3554059"
 RDCMND substituted energy or value "?YAVE" to "0"
Evaluating: 19.3554059-0
 Parameter: YTRAN <- "19.3554059"
  
 CHARMM>            calc ztran = @zpos - ?zave
 Parameter: ZPOS -> "-20.263472"
 RDCMND substituted energy or value "?ZAVE" to "0"
Evaluating: -20.263472-0
 Parameter: ZTRAN <- "-20.263472"
  
 CHARMM>            coor trans xdir @xtran ydir @ytran zdir @ztran select target end
 Parameter: XTRAN -> "27.4034784"
 Parameter: YTRAN -> "19.3554059"
 Parameter: ZTRAN -> "-20.263472"
 SELRPN>      1 atoms have been selected out of  13504
 TRANSLATION VECTOR    27.403478   19.355406  -20.263472
 SELECTED COORDINATES TRANSLATED IN THE MAIN SET.

  
 CHARMM>     
  
 CHARMM>            ! apply a random rotation along XYZ
  
 CHARMM>            calc xphi = ?random * 360.0
 RDCMND substituted energy or value "?RANDOM" to "0.569548824"
Evaluating: 0.569548824*360.0
 Parameter: XPHI <- "205.037577"
  
 CHARMM>            calc yphi = ?random * 360.0
 RDCMND substituted energy or value "?RANDOM" to "0.635297261"
Evaluating: 0.635297261*360.0
 Parameter: YPHI <- "228.707014"
  
 CHARMM>            calc zphi = ?random * 360.0
 RDCMND substituted energy or value "?RANDOM" to "0.164763313"
Evaluating: 0.164763313*360.0
 Parameter: ZPHI <- "59.3147927"
  
 CHARMM>            coor rotate xcen @xpos ycen @ypos zcen @zpos xdir 1.0 -
 CHARMM>                phi @xphi select target end
 Parameter: XPOS -> "27.4034784"
 Parameter: YPOS -> "19.3554059"
 Parameter: ZPOS -> "-20.263472"
 Parameter: XPHI -> "205.037577"
 SELRPN>      1 atoms have been selected out of  13504
 ROTATION MATRIX
    1.000000    0.000000    0.000000
    0.000000   -0.906030   -0.423213
    0.000000    0.423213   -0.906030

 AXIS OF ROTATION IS -1.000000  0.000000  0.000000  ANGLE IS  154.96

 SELECTED COORDINATES ROTATED IN THE MAIN SET.

  
 CHARMM>            coor rotate xcen @xpos ycen @ypos zcen @zpos ydir 1.0 -
 CHARMM>                phi @yphi select target end
 Parameter: XPOS -> "27.4034784"
 Parameter: YPOS -> "19.3554059"
 Parameter: ZPOS -> "-20.263472"
 Parameter: YPHI -> "228.707014"
 SELRPN>      1 atoms have been selected out of  13504
 ROTATION MATRIX
   -0.659910    0.000000    0.751345
    0.000000    1.000000    0.000000
   -0.751345    0.000000   -0.659910

 AXIS OF ROTATION IS  0.000000 -1.000000  0.000000  ANGLE IS  131.29

 SELECTED COORDINATES ROTATED IN THE MAIN SET.

  
 CHARMM>            coor rotate xcen @xpos ycen @ypos zcen @zpos zdir 1.0 -
 CHARMM>                phi @zphi select target end
 Parameter: XPOS -> "27.4034784"
 Parameter: YPOS -> "19.3554059"
 Parameter: ZPOS -> "-20.263472"
 Parameter: ZPHI -> "59.3147927"
 SELRPN>      1 atoms have been selected out of  13504
 ROTATION MATRIX
    0.510321    0.859984    0.000000
   -0.859984    0.510321    0.000000
    0.000000    0.000000    1.000000

 AXIS OF ROTATION IS  0.000000  0.000000  1.000000  ANGLE IS   59.31

 SELECTED COORDINATES ROTATED IN THE MAIN SET.

  
 CHARMM>     
  
 CHARMM>     
  
 CHARMM>            calc dcut = 3.5
Evaluating: 3.5
 Parameter: DCUT <- "3.5"
  
 CHARMM>     
  
 CHARMM>            coor stat sele target end
 SELRPN>      1 atoms have been selected out of  13504
 STATISTICS FOR         1 SELECTED ATOMS:
    XMIN =   27.403478 XMAX =   27.403478 XAVE =   27.403478
    YMIN =   19.355406 YMAX =   19.355406 YAVE =   19.355406
    ZMIN =  -20.263472 ZMAX =  -20.263472 ZAVE =  -20.263472
    WMIN =   -1.000000 WMAX =   -1.000000 WAVE =   -1.000000
  
 CHARMM>            calc xmax = ?xmax + @dcut
 Parameter: DCUT -> "3.5"
 RDCMND substituted energy or value "?XMAX" to "27.4034784"
Evaluating: 27.4034784+3.5
 Parameter: XMAX <- "30.9034784"
  
 CHARMM>            calc ymax = ?ymax + @dcut
 Parameter: DCUT -> "3.5"
 RDCMND substituted energy or value "?YMAX" to "19.3554059"
Evaluating: 19.3554059+3.5
 Parameter: YMAX <- "22.8554059"
  
 CHARMM>            calc zmax = ?zmax + @dcut
 Parameter: DCUT -> "3.5"
 RDCMND substituted energy or value "?ZMAX" to "-20.263472"
Evaluating: -20.263472+3.5
 Parameter: ZMAX <- "-16.763472"
  
 CHARMM>            calc xmin = ?xmin - @dcut
 Parameter: DCUT -> "3.5"
 RDCMND substituted energy or value "?XMIN" to "27.4034784"
Evaluating: 27.4034784-3.5
 Parameter: XMIN <- "23.9034784"
  
 CHARMM>            calc ymin = ?ymin - @dcut
 Parameter: DCUT -> "3.5"
 RDCMND substituted energy or value "?YMIN" to "19.3554059"
Evaluating: 19.3554059-3.5
 Parameter: YMIN <- "15.8554059"
  
 CHARMM>            calc zmin = ?zmin - @dcut
 Parameter: DCUT -> "3.5"
 RDCMND substituted energy or value "?ZMIN" to "-20.263472"
Evaluating: -20.263472-3.5
 Parameter: ZMIN <- "-23.763472"
  
 CHARMM>     
  
 CHARMM>            define JUNK sele .not. target .and. -
 CHARMM>                             prop X .lt. @xmax .and. prop X .gt. @xmin .and. -
 CHARMM>                             prop Y .lt. @ymax .and. prop Y .gt. @ymin .and. -
 CHARMM>                             prop Z .lt. @zmax .and. prop Z .gt. @zmin  end
 Parameter: XMAX -> "30.9034784"
 Parameter: XMIN -> "23.9034784"
 Parameter: YMAX -> "22.8554059"
 Parameter: YMIN -> "15.8554059"
 Parameter: ZMAX -> "-16.763472"
 Parameter: ZMIN -> "-23.763472"
 SELRPN>     22 atoms have been selected out of  13504
  
 CHARMM>     
  
 CHARMM>            ! check if the ions are too close to protein
  
 CHARMM>            define XXX sele PROT end
 SELRPN>    872 atoms have been selected out of  13504
  
 CHARMM>            if ?nsel .gt. 0 then
 RDCMND substituted energy or value "?NSEL" to "872"
 Comparing "872" and "0".
 IF test evaluated as true.  Performing command
  
 CHARMM>                coor dist cut 10.0 sele target end -
 CHARMM>                                   sele PROT .and. JUNK .and. .not. hydrogen end image
 SELRPN>      1 atoms have been selected out of  22944
 SELRPN>      0 atoms have been selected out of  22944

            DISTANCES FOR SELECTED ATOMS
            ONLY ONE SELECTION SET SPECIFIED, A COMPARISON WILL BE DONE
 TOTAL EXCLUSION COUNT =         0
 TOTAL 1-4 EXCLUSIONS  =         0
 TOTAL NON-EXCLUSIONS  =         0
  
 CHARMM>                if ?npair .gt. 0 goto doinit
 RDCMND substituted energy or value "?NPAIR" to "0"
 Comparing "0" and "0".
 IF test evaluated as false.  Skipping command
  
 CHARMM>            endif
  
 CHARMM>     
  
 CHARMM>            ! check if the ions are too close to solute
  
 CHARMM>            coor dist cut 4.0 sele target end sele JUNK .and. .not. hydrogen end image
 SELRPN>      1 atoms have been selected out of  22944
 SELRPN>      7 atoms have been selected out of  22944

            DISTANCES FOR SELECTED ATOMS
13486 NEG      CLA      6        CLA     -**** MEMB     POPC     80       N             2.3242
13486 NEG      CLA      6        CLA     -**** MEMB     POPC     80       C12           3.0513
13486 NEG      CLA      6        CLA     -**** MEMB     POPC     80       C13           3.5947
13486 NEG      CLA      6        CLA     -**** MEMB     POPC     80       C14           2.6295
13486 NEG      CLA      6        CLA     -**** MEMB     POPC     80       C15           1.3036
13486 NEG      CLA      6        CLA     -**** MEMB     POPC     80       C11           3.8289
 TOTAL EXCLUSION COUNT =         0
 TOTAL 1-4 EXCLUSIONS  =         0
 TOTAL NON-EXCLUSIONS  =         6
  
 CHARMM>            if ?npair .gt. 0 goto doinit
 RDCMND substituted energy or value "?NPAIR" to "6"
 Comparing "6" and "0".
 IF test evaluated as true.  Performing command
  
 CHARMM>     
  
 CHARMM>            calc cntrand = @cntrand + 1
 Parameter: CNTRAND -> "1"
Evaluating: 1+1
 Parameter: CNTRAND <- "2"
  
 CHARMM>            if cntrand .gt. 100 stop ! ABNORMAL TERMINATION: ion placing may not work.. stop here
 Comparing "2" and "100".
 IF test evaluated as false.  Skipping command
  
 CHARMM>     
  
 CHARMM>            calc j = @i
 Parameter: I -> "18"
Evaluating: 18
 Parameter: J <- "18"
  
 CHARMM>            set ion = POS
 Parameter: ION <- "POS"
  
 CHARMM>     
  
 CHARMM>            if j .gt. @npos then
 Parameter: NPOS -> "12"
 Comparing "18" and "12".
 IF test evaluated as true.  Performing command
  
 CHARMM>               set ion = NEG
 Parameter: ION <- "NEG"
  
 CHARMM>               calc j  = @j - @npos
 Parameter: J -> "18"
 Parameter: NPOS -> "12"
Evaluating: 18-12
 Parameter: J <- "6"
  
 CHARMM>            endif
  
 CHARMM>     
  
 CHARMM>            define target select segid @ion .and. resid @j end
 Parameter: ION -> "NEG"
 Parameter: J -> "6"
 SELRPN>      1 atoms have been selected out of  13504
  
 CHARMM>     
  
 CHARMM>            calc xpos = @A * ( ?random - 0.5 )
 Parameter: A -> "60.2201683"
 RDCMND substituted energy or value "?RANDOM" to "0.462086541"
Evaluating: 60.2201683*(0.462086541-0.5)
 Parameter: XPOS <- "-2.28315488"
  
 CHARMM>            calc ypos = @B * ( ?random - 0.5 )
 Parameter: B -> "60.2201683"
 RDCMND substituted energy or value "?RANDOM" to "0.235344511"
Evaluating: 60.2201683*(0.235344511-0.5)
 Parameter: YPOS <- "-15.9375981"
  
 CHARMM>            calc zpos = @C * ( ?random - 0.5 ) + @zcen
 Parameter: C -> "85"
 Parameter: ZCEN -> "0"
 RDCMND substituted energy or value "?RANDOM" to "0.985016674"
Evaluating: 85*(0.985016674-0.5)+0
 Parameter: ZPOS <- "41.2264173"
  
 CHARMM>     
  
 CHARMM>            if zpos .gt. -15 if zpos .lt. 15 goto doinit
 Comparing "41.2264173" and "-15".
 IF test evaluated as true.  Performing command
 Comparing "41.2264173" and "15".
 IF test evaluated as false.  Skipping command
  
 CHARMM>     
  
 CHARMM>            ! move target to selected position
  
 CHARMM>            coor stat select target end
 SELRPN>      1 atoms have been selected out of  13504
 STATISTICS FOR         1 SELECTED ATOMS:
    XMIN =   27.403478 XMAX =   27.403478 XAVE =   27.403478
    YMIN =   19.355406 YMAX =   19.355406 YAVE =   19.355406
    ZMIN =  -20.263472 ZMAX =  -20.263472 ZAVE =  -20.263472
    WMIN =   -1.000000 WMAX =   -1.000000 WAVE =   -1.000000
  
 CHARMM>            calc xtran = @xpos - ?xave
 Parameter: XPOS -> "-2.28315488"
 RDCMND substituted energy or value "?XAVE" to "27.4034784"
Evaluating: -2.28315488-27.4034784
 Parameter: XTRAN <- "-29.6866333"
  
 CHARMM>            calc ytran = @ypos - ?yave
 Parameter: YPOS -> "-15.9375981"
 RDCMND substituted energy or value "?YAVE" to "19.3554059"
Evaluating: -15.9375981-19.3554059
 Parameter: YTRAN <- "-35.293004"
  
 CHARMM>            calc ztran = @zpos - ?zave
 Parameter: ZPOS -> "41.2264173"
 RDCMND substituted energy or value "?ZAVE" to "-20.263472"
Evaluating: 41.2264173--20.263472
 Parameter: ZTRAN <- "61.4898893"
  
 CHARMM>            coor trans xdir @xtran ydir @ytran zdir @ztran select target end
 Parameter: XTRAN -> "-29.6866333"
 Parameter: YTRAN -> "-35.293004"
 Parameter: ZTRAN -> "61.4898893"
 SELRPN>      1 atoms have been selected out of  13504
 TRANSLATION VECTOR   -29.686633  -35.293004   61.489889
 SELECTED COORDINATES TRANSLATED IN THE MAIN SET.

  
 CHARMM>     
  
 CHARMM>            ! apply a random rotation along XYZ
  
 CHARMM>            calc xphi = ?random * 360.0
 RDCMND substituted energy or value "?RANDOM" to "0.917205027"
Evaluating: 0.917205027*360.0
 Parameter: XPHI <- "330.19381"
  
 CHARMM>            calc yphi = ?random * 360.0
 RDCMND substituted energy or value "?RANDOM" to "0.837374725"
Evaluating: 0.837374725*360.0
 Parameter: YPHI <- "301.454901"
  
 CHARMM>            calc zphi = ?random * 360.0
 RDCMND substituted energy or value "?RANDOM" to "0.434233171"
Evaluating: 0.434233171*360.0
 Parameter: ZPHI <- "156.323942"
  
 CHARMM>            coor rotate xcen @xpos ycen @ypos zcen @zpos xdir 1.0 -
 CHARMM>                phi @xphi select target end
 Parameter: XPOS -> "-2.28315488"
 Parameter: YPOS -> "-15.9375981"
 Parameter: ZPOS -> "41.2264173"
 Parameter: XPHI -> "330.19381"
 SELRPN>      1 atoms have been selected out of  13504
 ROTATION MATRIX
    1.000000    0.000000    0.000000
    0.000000    0.867712   -0.497068
    0.000000    0.497068    0.867712

 AXIS OF ROTATION IS -1.000000  0.000000  0.000000  ANGLE IS   29.81

 SELECTED COORDINATES ROTATED IN THE MAIN SET.

  
 CHARMM>            coor rotate xcen @xpos ycen @ypos zcen @zpos ydir 1.0 -
 CHARMM>                phi @yphi select target end
 Parameter: XPOS -> "-2.28315488"
 Parameter: YPOS -> "-15.9375981"
 Parameter: ZPOS -> "41.2264173"
 Parameter: YPHI -> "301.454901"
 SELRPN>      1 atoms have been selected out of  13504
 ROTATION MATRIX
    0.521827    0.000000    0.853051
    0.000000    1.000000    0.000000
   -0.853051    0.000000    0.521827

 AXIS OF ROTATION IS  0.000000 -1.000000  0.000000  ANGLE IS   58.55

 SELECTED COORDINATES ROTATED IN THE MAIN SET.

  
 CHARMM>            coor rotate xcen @xpos ycen @ypos zcen @zpos zdir 1.0 -
 CHARMM>                phi @zphi select target end
 Parameter: XPOS -> "-2.28315488"
 Parameter: YPOS -> "-15.9375981"
 Parameter: ZPOS -> "41.2264173"
 Parameter: ZPHI -> "156.323942"
 SELRPN>      1 atoms have been selected out of  13504
 ROTATION MATRIX
   -0.915830    0.401565    0.000000
   -0.401565   -0.915830    0.000000
    0.000000    0.000000    1.000000

 AXIS OF ROTATION IS  0.000000  0.000000  1.000000  ANGLE IS  156.32

 SELECTED COORDINATES ROTATED IN THE MAIN SET.

  
 CHARMM>     
  
 CHARMM>     
  
 CHARMM>            calc dcut = 3.5
Evaluating: 3.5
 Parameter: DCUT <- "3.5"
  
 CHARMM>     
  
 CHARMM>            coor stat sele target end
 SELRPN>      1 atoms have been selected out of  13504
 STATISTICS FOR         1 SELECTED ATOMS:
    XMIN =   -2.283155 XMAX =   -2.283155 XAVE =   -2.283155
    YMIN =  -15.937598 YMAX =  -15.937598 YAVE =  -15.937598
    ZMIN =   41.226417 ZMAX =   41.226417 ZAVE =   41.226417
    WMIN =   -1.000000 WMAX =   -1.000000 WAVE =   -1.000000
  
 CHARMM>            calc xmax = ?xmax + @dcut
 Parameter: DCUT -> "3.5"
 RDCMND substituted energy or value "?XMAX" to "-2.28315487"
Evaluating: -2.28315487+3.5
 Parameter: XMAX <- "1.21684513"
  
 CHARMM>            calc ymax = ?ymax + @dcut
 Parameter: DCUT -> "3.5"
 RDCMND substituted energy or value "?YMAX" to "-15.9375981"
Evaluating: -15.9375981+3.5
 Parameter: YMAX <- "-12.4375981"
  
 CHARMM>            calc zmax = ?zmax + @dcut
 Parameter: DCUT -> "3.5"
 RDCMND substituted energy or value "?ZMAX" to "41.2264173"
Evaluating: 41.2264173+3.5
 Parameter: ZMAX <- "44.7264173"
  
 CHARMM>            calc xmin = ?xmin - @dcut
 Parameter: DCUT -> "3.5"
 RDCMND substituted energy or value "?XMIN" to "-2.28315487"
Evaluating: -2.28315487-3.5
 Parameter: XMIN <- "-5.78315487"
  
 CHARMM>            calc ymin = ?ymin - @dcut
 Parameter: DCUT -> "3.5"
 RDCMND substituted energy or value "?YMIN" to "-15.9375981"
Evaluating: -15.9375981-3.5
 Parameter: YMIN <- "-19.4375981"
  
 CHARMM>            calc zmin = ?zmin - @dcut
 Parameter: DCUT -> "3.5"
 RDCMND substituted energy or value "?ZMIN" to "41.2264173"
Evaluating: 41.2264173-3.5
 Parameter: ZMIN <- "37.7264173"
  
 CHARMM>     
  
 CHARMM>            define JUNK sele .not. target .and. -
 CHARMM>                             prop X .lt. @xmax .and. prop X .gt. @xmin .and. -
 CHARMM>                             prop Y .lt. @ymax .and. prop Y .gt. @ymin .and. -
 CHARMM>                             prop Z .lt. @zmax .and. prop Z .gt. @zmin  end
 Parameter: XMAX -> "1.21684513"
 Parameter: XMIN -> "-5.78315487"
 Parameter: YMAX -> "-12.4375981"
 Parameter: YMIN -> "-19.4375981"
 Parameter: ZMAX -> "44.7264173"
 Parameter: ZMIN -> "37.7264173"
 SELRPN>      0 atoms have been selected out of  13504
  
 CHARMM>     
  
 CHARMM>            ! check if the ions are too close to protein
  
 CHARMM>            define XXX sele PROT end
 SELRPN>    872 atoms have been selected out of  13504
  
 CHARMM>            if ?nsel .gt. 0 then
 RDCMND substituted energy or value "?NSEL" to "872"
 Comparing "872" and "0".
 IF test evaluated as true.  Performing command
  
 CHARMM>                coor dist cut 10.0 sele target end -
 CHARMM>                                   sele PROT .and. JUNK .and. .not. hydrogen end image
 SELRPN>      1 atoms have been selected out of  22944
 SELRPN>      0 atoms have been selected out of  22944

            DISTANCES FOR SELECTED ATOMS
            ONLY ONE SELECTION SET SPECIFIED, A COMPARISON WILL BE DONE
 TOTAL EXCLUSION COUNT =         0
 TOTAL 1-4 EXCLUSIONS  =         0
 TOTAL NON-EXCLUSIONS  =         0
  
 CHARMM>                if ?npair .gt. 0 goto doinit
 RDCMND substituted energy or value "?NPAIR" to "0"
 Comparing "0" and "0".
 IF test evaluated as false.  Skipping command
  
 CHARMM>            endif
  
 CHARMM>     
  
 CHARMM>            ! check if the ions are too close to solute
  
 CHARMM>            coor dist cut 4.0 sele target end sele JUNK .and. .not. hydrogen end image
 SELRPN>      1 atoms have been selected out of  22944
 SELRPN>      0 atoms have been selected out of  22944

            DISTANCES FOR SELECTED ATOMS
            ONLY ONE SELECTION SET SPECIFIED, A COMPARISON WILL BE DONE
 TOTAL EXCLUSION COUNT =         0
 TOTAL 1-4 EXCLUSIONS  =         0
 TOTAL NON-EXCLUSIONS  =         0
  
 CHARMM>            if ?npair .gt. 0 goto doinit
 RDCMND substituted energy or value "?NPAIR" to "0"
 Comparing "0" and "0".
 IF test evaluated as false.  Skipping command
  
 CHARMM>     
  
 CHARMM>            calc cntrand = 0
Evaluating: 0
 Parameter: CNTRAND <- "0"
  
 CHARMM>            increase i by 1
 Parameter: I <- "19"
  
 CHARMM>            if i .le. @nion goto doinit
 Parameter: NION -> "36"
 Comparing "19" and "36".
 IF test evaluated as true.  Performing command
  
 CHARMM>     
  
 CHARMM>            calc cntrand = @cntrand + 1
 Parameter: CNTRAND -> "0"
Evaluating: 0+1
 Parameter: CNTRAND <- "1"
  
 CHARMM>            if cntrand .gt. 100 stop ! ABNORMAL TERMINATION: ion placing may not work.. stop here
 Comparing "1" and "100".
 IF test evaluated as false.  Skipping command
  
 CHARMM>     
  
 CHARMM>            calc j = @i
 Parameter: I -> "19"
Evaluating: 19
 Parameter: J <- "19"
  
 CHARMM>            set ion = POS
 Parameter: ION <- "POS"
  
 CHARMM>     
  
 CHARMM>            if j .gt. @npos then
 Parameter: NPOS -> "12"
 Comparing "19" and "12".
 IF test evaluated as true.  Performing command
  
 CHARMM>               set ion = NEG
 Parameter: ION <- "NEG"
  
 CHARMM>               calc j  = @j - @npos
 Parameter: J -> "19"
 Parameter: NPOS -> "12"
Evaluating: 19-12
 Parameter: J <- "7"
  
 CHARMM>            endif
  
 CHARMM>     
  
 CHARMM>            define target select segid @ion .and. resid @j end
 Parameter: ION -> "NEG"
 Parameter: J -> "7"
 SELRPN>      1 atoms have been selected out of  13504
  
 CHARMM>     
  
 CHARMM>            calc xpos = @A * ( ?random - 0.5 )
 Parameter: A -> "60.2201683"
 RDCMND substituted energy or value "?RANDOM" to "0.100158205"
Evaluating: 60.2201683*(0.100158205-0.5)
 Parameter: XPOS <- "-24.0785402"
  
 CHARMM>            calc ypos = @B * ( ?random - 0.5 )
 Parameter: B -> "60.2201683"
 RDCMND substituted energy or value "?RANDOM" to "0.26830651"
Evaluating: 60.2201683*(0.26830651-0.5)
 Parameter: YPOS <- "-13.952621"
  
 CHARMM>            calc zpos = @C * ( ?random - 0.5 ) + @zcen
 Parameter: C -> "85"
 Parameter: ZCEN -> "0"
 RDCMND substituted energy or value "?RANDOM" to "0.634057347"
Evaluating: 85*(0.634057347-0.5)+0
 Parameter: ZPOS <- "11.3948745"
  
 CHARMM>     
  
 CHARMM>            if zpos .gt. -15 if zpos .lt. 15 goto doinit
 Comparing "11.3948745" and "-15".
 IF test evaluated as true.  Performing command
 Comparing "11.3948745" and "15".
 IF test evaluated as true.  Performing command
  
 CHARMM>     
  
 CHARMM>            calc cntrand = @cntrand + 1
 Parameter: CNTRAND -> "1"
Evaluating: 1+1
 Parameter: CNTRAND <- "2"
  
 CHARMM>            if cntrand .gt. 100 stop ! ABNORMAL TERMINATION: ion placing may not work.. stop here
 Comparing "2" and "100".
 IF test evaluated as false.  Skipping command
  
 CHARMM>     
  
 CHARMM>            calc j = @i
 Parameter: I -> "19"
Evaluating: 19
 Parameter: J <- "19"
  
 CHARMM>            set ion = POS
 Parameter: ION <- "POS"
  
 CHARMM>     
  
 CHARMM>            if j .gt. @npos then
 Parameter: NPOS -> "12"
 Comparing "19" and "12".
 IF test evaluated as true.  Performing command
  
 CHARMM>               set ion = NEG
 Parameter: ION <- "NEG"
  
 CHARMM>               calc j  = @j - @npos
 Parameter: J -> "19"
 Parameter: NPOS -> "12"
Evaluating: 19-12
 Parameter: J <- "7"
  
 CHARMM>            endif
  
 CHARMM>     
  
 CHARMM>            define target select segid @ion .and. resid @j end
 Parameter: ION -> "NEG"
 Parameter: J -> "7"
 SELRPN>      1 atoms have been selected out of  13504
  
 CHARMM>     
  
 CHARMM>            calc xpos = @A * ( ?random - 0.5 )
 Parameter: A -> "60.2201683"
 RDCMND substituted energy or value "?RANDOM" to "0.226004084"
Evaluating: 60.2201683*(0.226004084-0.5)
 Parameter: XPOS <- "-16.5000802"
  
 CHARMM>            calc ypos = @B * ( ?random - 0.5 )
 Parameter: B -> "60.2201683"
 RDCMND substituted energy or value "?RANDOM" to "0.830510937"
Evaluating: 60.2201683*(0.830510937-0.5)
 Parameter: YPOS <- "19.9034243"
  
 CHARMM>            calc zpos = @C * ( ?random - 0.5 ) + @zcen
 Parameter: C -> "85"
 Parameter: ZCEN -> "0"
 RDCMND substituted energy or value "?RANDOM" to "0.523890525"
Evaluating: 85*(0.523890525-0.5)+0
 Parameter: ZPOS <- "2.03069462"
  
 CHARMM>     
  
 CHARMM>            if zpos .gt. -15 if zpos .lt. 15 goto doinit
 Comparing "2.03069462" and "-15".
 IF test evaluated as true.  Performing command
 Comparing "2.03069462" and "15".
 IF test evaluated as true.  Performing command
  
 CHARMM>     
  
 CHARMM>            calc cntrand = @cntrand + 1
 Parameter: CNTRAND -> "2"
Evaluating: 2+1
 Parameter: CNTRAND <- "3"
  
 CHARMM>            if cntrand .gt. 100 stop ! ABNORMAL TERMINATION: ion placing may not work.. stop here
 Comparing "3" and "100".
 IF test evaluated as false.  Skipping command
  
 CHARMM>     
  
 CHARMM>            calc j = @i
 Parameter: I -> "19"
Evaluating: 19
 Parameter: J <- "19"
  
 CHARMM>            set ion = POS
 Parameter: ION <- "POS"
  
 CHARMM>     
  
 CHARMM>            if j .gt. @npos then
 Parameter: NPOS -> "12"
 Comparing "19" and "12".
 IF test evaluated as true.  Performing command
  
 CHARMM>               set ion = NEG
 Parameter: ION <- "NEG"
  
 CHARMM>               calc j  = @j - @npos
 Parameter: J -> "19"
 Parameter: NPOS -> "12"
Evaluating: 19-12
 Parameter: J <- "7"
  
 CHARMM>            endif
  
 CHARMM>     
  
 CHARMM>            define target select segid @ion .and. resid @j end
 Parameter: ION -> "NEG"
 Parameter: J -> "7"
 SELRPN>      1 atoms have been selected out of  13504
  
 CHARMM>     
  
 CHARMM>            calc xpos = @A * ( ?random - 0.5 )
 Parameter: A -> "60.2201683"
 RDCMND substituted energy or value "?RANDOM" to "0.435328773"
Evaluating: 60.2201683*(0.435328773-0.5)
 Parameter: XPOS <- "-3.89451217"
  
 CHARMM>            calc ypos = @B * ( ?random - 0.5 )
 Parameter: B -> "60.2201683"
 RDCMND substituted energy or value "?RANDOM" to "0.263094139"
Evaluating: 60.2201683*(0.263094139-0.5)
 Parameter: YPOS <- "-14.2665108"
  
 CHARMM>            calc zpos = @C * ( ?random - 0.5 ) + @zcen
 Parameter: C -> "85"
 Parameter: ZCEN -> "0"
 RDCMND substituted energy or value "?RANDOM" to "0.580061478"
Evaluating: 85*(0.580061478-0.5)+0
 Parameter: ZPOS <- "6.80522563"
  
 CHARMM>     
  
 CHARMM>            if zpos .gt. -15 if zpos .lt. 15 goto doinit
 Comparing "6.80522563" and "-15".
 IF test evaluated as true.  Performing command
 Comparing "6.80522563" and "15".
 IF test evaluated as true.  Performing command
  
 CHARMM>     
  
 CHARMM>            calc cntrand = @cntrand + 1
 Parameter: CNTRAND -> "3"
Evaluating: 3+1
 Parameter: CNTRAND <- "4"
  
 CHARMM>            if cntrand .gt. 100 stop ! ABNORMAL TERMINATION: ion placing may not work.. stop here
 Comparing "4" and "100".
 IF test evaluated as false.  Skipping command
  
 CHARMM>     
  
 CHARMM>            calc j = @i
 Parameter: I -> "19"
Evaluating: 19
 Parameter: J <- "19"
  
 CHARMM>            set ion = POS
 Parameter: ION <- "POS"
  
 CHARMM>     
  
 CHARMM>            if j .gt. @npos then
 Parameter: NPOS -> "12"
 Comparing "19" and "12".
 IF test evaluated as true.  Performing command
  
 CHARMM>               set ion = NEG
 Parameter: ION <- "NEG"
  
 CHARMM>               calc j  = @j - @npos
 Parameter: J -> "19"
 Parameter: NPOS -> "12"
Evaluating: 19-12
 Parameter: J <- "7"
  
 CHARMM>            endif
  
 CHARMM>     
  
 CHARMM>            define target select segid @ion .and. resid @j end
 Parameter: ION -> "NEG"
 Parameter: J -> "7"
 SELRPN>      1 atoms have been selected out of  13504
  
 CHARMM>     
  
 CHARMM>            calc xpos = @A * ( ?random - 0.5 )
 Parameter: A -> "60.2201683"
 RDCMND substituted energy or value "?RANDOM" to "0.853550848"
Evaluating: 60.2201683*(0.853550848-0.5)
 Parameter: XPOS <- "21.2908916"
  
 CHARMM>            calc ypos = @B * ( ?random - 0.5 )
 Parameter: B -> "60.2201683"
 RDCMND substituted energy or value "?RANDOM" to "0.540221801"
Evaluating: 60.2201683*(0.540221801-0.5)
 Parameter: YPOS <- "2.42216363"
  
 CHARMM>            calc zpos = @C * ( ?random - 0.5 ) + @zcen
 Parameter: C -> "85"
 Parameter: ZCEN -> "0"
 RDCMND substituted energy or value "?RANDOM" to "0.705375199"
Evaluating: 85*(0.705375199-0.5)+0
 Parameter: ZPOS <- "17.4568919"
  
 CHARMM>     
  
 CHARMM>            if zpos .gt. -15 if zpos .lt. 15 goto doinit
 Comparing "17.4568919" and "-15".
 IF test evaluated as true.  Performing command
 Comparing "17.4568919" and "15".
 IF test evaluated as false.  Skipping command
  
 CHARMM>     
  
 CHARMM>            ! move target to selected position
  
 CHARMM>            coor stat select target end
 SELRPN>      1 atoms have been selected out of  13504
 STATISTICS FOR         1 SELECTED ATOMS:
    XMIN =    0.000000 XMAX =    0.000000 XAVE =    0.000000
    YMIN =    0.000000 YMAX =    0.000000 YAVE =    0.000000
    ZMIN =    0.000000 ZMAX =    0.000000 ZAVE =    0.000000
    WMIN =   -1.000000 WMAX =   -1.000000 WAVE =   -1.000000
  
 CHARMM>            calc xtran = @xpos - ?xave
 Parameter: XPOS -> "21.2908916"
 RDCMND substituted energy or value "?XAVE" to "0"
Evaluating: 21.2908916-0
 Parameter: XTRAN <- "21.2908916"
  
 CHARMM>            calc ytran = @ypos - ?yave
 Parameter: YPOS -> "2.42216363"
 RDCMND substituted energy or value "?YAVE" to "0"
Evaluating: 2.42216363-0
 Parameter: YTRAN <- "2.42216363"
  
 CHARMM>            calc ztran = @zpos - ?zave
 Parameter: ZPOS -> "17.4568919"
 RDCMND substituted energy or value "?ZAVE" to "0"
Evaluating: 17.4568919-0
 Parameter: ZTRAN <- "17.4568919"
  
 CHARMM>            coor trans xdir @xtran ydir @ytran zdir @ztran select target end
 Parameter: XTRAN -> "21.2908916"
 Parameter: YTRAN -> "2.42216363"
 Parameter: ZTRAN -> "17.4568919"
 SELRPN>      1 atoms have been selected out of  13504
 TRANSLATION VECTOR    21.290892    2.422164   17.456892
 SELECTED COORDINATES TRANSLATED IN THE MAIN SET.

  
 CHARMM>     
  
 CHARMM>            ! apply a random rotation along XYZ
  
 CHARMM>            calc xphi = ?random * 360.0
 RDCMND substituted energy or value "?RANDOM" to "0.718513453"
Evaluating: 0.718513453*360.0
 Parameter: XPHI <- "258.664843"
  
 CHARMM>            calc yphi = ?random * 360.0
 RDCMND substituted energy or value "?RANDOM" to "7.772202303E-02"
Evaluating: 7.772202303E-02*360.0
 Parameter: YPHI <- "27.9799283"
  
 CHARMM>            calc zphi = ?random * 360.0
 RDCMND substituted energy or value "?RANDOM" to "0.594554532"
Evaluating: 0.594554532*360.0
 Parameter: ZPHI <- "214.039632"
  
 CHARMM>            coor rotate xcen @xpos ycen @ypos zcen @zpos xdir 1.0 -
 CHARMM>                phi @xphi select target end
 Parameter: XPOS -> "21.2908916"
 Parameter: YPOS -> "2.42216363"
 Parameter: ZPOS -> "17.4568919"
 Parameter: XPHI -> "258.664843"
 SELRPN>      1 atoms have been selected out of  13504
 ROTATION MATRIX
    1.000000    0.000000    0.000000
    0.000000   -0.196548   -0.980494
    0.000000    0.980494   -0.196548

 AXIS OF ROTATION IS -1.000000  0.000000  0.000000  ANGLE IS  101.34

 SELECTED COORDINATES ROTATED IN THE MAIN SET.

  
 CHARMM>            coor rotate xcen @xpos ycen @ypos zcen @zpos ydir 1.0 -
 CHARMM>                phi @yphi select target end
 Parameter: XPOS -> "21.2908916"
 Parameter: YPOS -> "2.42216363"
 Parameter: ZPOS -> "17.4568919"
 Parameter: YPHI -> "27.9799283"
 SELRPN>      1 atoms have been selected out of  13504
 ROTATION MATRIX
    0.883112    0.000000   -0.469162
    0.000000    1.000000    0.000000
    0.469162    0.000000    0.883112

 AXIS OF ROTATION IS  0.000000  1.000000  0.000000  ANGLE IS   27.98

 SELECTED COORDINATES ROTATED IN THE MAIN SET.

  
 CHARMM>            coor rotate xcen @xpos ycen @ypos zcen @zpos zdir 1.0 -
 CHARMM>                phi @zphi select target end
 Parameter: XPOS -> "21.2908916"
 Parameter: YPOS -> "2.42216363"
 Parameter: ZPOS -> "17.4568919"
 Parameter: ZPHI -> "214.039632"
 SELRPN>      1 atoms have been selected out of  13504
 ROTATION MATRIX
   -0.828651   -0.559766    0.000000
    0.559766   -0.828651    0.000000
    0.000000    0.000000    1.000000

 AXIS OF ROTATION IS  0.000000  0.000000 -1.000000  ANGLE IS  145.96

 SELECTED COORDINATES ROTATED IN THE MAIN SET.

  
 CHARMM>     
  
 CHARMM>     
  
 CHARMM>            calc dcut = 3.5
Evaluating: 3.5
 Parameter: DCUT <- "3.5"
  
 CHARMM>     
  
 CHARMM>            coor stat sele target end
 SELRPN>      1 atoms have been selected out of  13504
 STATISTICS FOR         1 SELECTED ATOMS:
    XMIN =   21.290892 XMAX =   21.290892 XAVE =   21.290892
    YMIN =    2.422164 YMAX =    2.422164 YAVE =    2.422164
    ZMIN =   17.456892 ZMAX =   17.456892 ZAVE =   17.456892
    WMIN =   -1.000000 WMAX =   -1.000000 WAVE =   -1.000000
  
 CHARMM>            calc xmax = ?xmax + @dcut
 Parameter: DCUT -> "3.5"
 RDCMND substituted energy or value "?XMAX" to "21.2908916"
Evaluating: 21.2908916+3.5
 Parameter: XMAX <- "24.7908916"
  
 CHARMM>            calc ymax = ?ymax + @dcut
 Parameter: DCUT -> "3.5"
 RDCMND substituted energy or value "?YMAX" to "2.42216363"
Evaluating: 2.42216363+3.5
 Parameter: YMAX <- "5.92216363"
  
 CHARMM>            calc zmax = ?zmax + @dcut
 Parameter: DCUT -> "3.5"
 RDCMND substituted energy or value "?ZMAX" to "17.4568919"
Evaluating: 17.4568919+3.5
 Parameter: ZMAX <- "20.9568919"
  
 CHARMM>            calc xmin = ?xmin - @dcut
 Parameter: DCUT -> "3.5"
 RDCMND substituted energy or value "?XMIN" to "21.2908916"
Evaluating: 21.2908916-3.5
 Parameter: XMIN <- "17.7908916"
  
 CHARMM>            calc ymin = ?ymin - @dcut
 Parameter: DCUT -> "3.5"
 RDCMND substituted energy or value "?YMIN" to "2.42216363"
Evaluating: 2.42216363-3.5
 Parameter: YMIN <- "-1.07783637"
  
 CHARMM>            calc zmin = ?zmin - @dcut
 Parameter: DCUT -> "3.5"
 RDCMND substituted energy or value "?ZMIN" to "17.4568919"
Evaluating: 17.4568919-3.5
 Parameter: ZMIN <- "13.9568919"
  
 CHARMM>     
  
 CHARMM>            define JUNK sele .not. target .and. -
 CHARMM>                             prop X .lt. @xmax .and. prop X .gt. @xmin .and. -
 CHARMM>                             prop Y .lt. @ymax .and. prop Y .gt. @ymin .and. -
 CHARMM>                             prop Z .lt. @zmax .and. prop Z .gt. @zmin  end
 Parameter: XMAX -> "24.7908916"
 Parameter: XMIN -> "17.7908916"
 Parameter: YMAX -> "5.92216363"
 Parameter: YMIN -> "-1.07783637"
 Parameter: ZMAX -> "20.9568919"
 Parameter: ZMIN -> "13.9568919"
 SELRPN>     38 atoms have been selected out of  13504
  
 CHARMM>     
  
 CHARMM>            ! check if the ions are too close to protein
  
 CHARMM>            define XXX sele PROT end
 SELRPN>    872 atoms have been selected out of  13504
  
 CHARMM>            if ?nsel .gt. 0 then
 RDCMND substituted energy or value "?NSEL" to "872"
 Comparing "872" and "0".
 IF test evaluated as true.  Performing command
  
 CHARMM>                coor dist cut 10.0 sele target end -
 CHARMM>                                   sele PROT .and. JUNK .and. .not. hydrogen end image
 SELRPN>      1 atoms have been selected out of  22944
 SELRPN>      0 atoms have been selected out of  22944

            DISTANCES FOR SELECTED ATOMS
            ONLY ONE SELECTION SET SPECIFIED, A COMPARISON WILL BE DONE
 TOTAL EXCLUSION COUNT =         0
 TOTAL 1-4 EXCLUSIONS  =         0
 TOTAL NON-EXCLUSIONS  =         0
  
 CHARMM>                if ?npair .gt. 0 goto doinit
 RDCMND substituted energy or value "?NPAIR" to "0"
 Comparing "0" and "0".
 IF test evaluated as false.  Skipping command
  
 CHARMM>            endif
  
 CHARMM>     
  
 CHARMM>            ! check if the ions are too close to solute
  
 CHARMM>            coor dist cut 4.0 sele target end sele JUNK .and. .not. hydrogen end image
 SELRPN>      1 atoms have been selected out of  22944
 SELRPN>     16 atoms have been selected out of  22944

            DISTANCES FOR SELECTED ATOMS
13487 NEG      CLA      7        CLA     -3285 MEMB     POPC     19       N             2.2472
13487 NEG      CLA      7        CLA     -3286 MEMB     POPC     19       C12           2.3845
13487 NEG      CLA      7        CLA     -3289 MEMB     POPC     19       C13           2.3610
13487 NEG      CLA      7        CLA     -3293 MEMB     POPC     19       C14           1.9589
13487 NEG      CLA      7        CLA     -3297 MEMB     POPC     19       C15           3.7774
13487 NEG      CLA      7        CLA     -3301 MEMB     POPC     19       C11           3.6636
13487 NEG      CLA      7        CLA     -3317 MEMB     POPC     19       C22           3.0398
13487 NEG      CLA      7        CLA     -3329 MEMB     POPC     19       C23           2.7597
13487 NEG      CLA      7        CLA     -3332 MEMB     POPC     19       C24           2.7304
13487 NEG      CLA      7        CLA     -3335 MEMB     POPC     19       C25           3.5274
13487 NEG      CLA      7        CLA     -3982 MEMB     POPC     24       C2            3.7914
13487 NEG      CLA      7        CLA     -3984 MEMB     POPC     24       O21           3.6084
13487 NEG      CLA      7        CLA     -3985 MEMB     POPC     24       C21           3.1539
13487 NEG      CLA      7        CLA     -3986 MEMB     POPC     24       O22           2.9722
 TOTAL EXCLUSION COUNT =         0
 TOTAL 1-4 EXCLUSIONS  =         0
 TOTAL NON-EXCLUSIONS  =        14
  
 CHARMM>            if ?npair .gt. 0 goto doinit
 RDCMND substituted energy or value "?NPAIR" to "14"
 Comparing "14" and "0".
 IF test evaluated as true.  Performing command
  
 CHARMM>     
  
 CHARMM>            calc cntrand = @cntrand + 1
 Parameter: CNTRAND -> "4"
Evaluating: 4+1
 Parameter: CNTRAND <- "5"
  
 CHARMM>            if cntrand .gt. 100 stop ! ABNORMAL TERMINATION: ion placing may not work.. stop here
 Comparing "5" and "100".
 IF test evaluated as false.  Skipping command
  
 CHARMM>     
  
 CHARMM>            calc j = @i
 Parameter: I -> "19"
Evaluating: 19
 Parameter: J <- "19"
  
 CHARMM>            set ion = POS
 Parameter: ION <- "POS"
  
 CHARMM>     
  
 CHARMM>            if j .gt. @npos then
 Parameter: NPOS -> "12"
 Comparing "19" and "12".
 IF test evaluated as true.  Performing command
  
 CHARMM>               set ion = NEG
 Parameter: ION <- "NEG"
  
 CHARMM>               calc j  = @j - @npos
 Parameter: J -> "19"
 Parameter: NPOS -> "12"
Evaluating: 19-12
 Parameter: J <- "7"
  
 CHARMM>            endif
  
 CHARMM>     
  
 CHARMM>            define target select segid @ion .and. resid @j end
 Parameter: ION -> "NEG"
 Parameter: J -> "7"
 SELRPN>      1 atoms have been selected out of  13504
  
 CHARMM>     
  
 CHARMM>            calc xpos = @A * ( ?random - 0.5 )
 Parameter: A -> "60.2201683"
 RDCMND substituted energy or value "?RANDOM" to "0.63698024"
Evaluating: 60.2201683*(0.63698024-0.5)
 Parameter: XPOS <- "8.24897311"
  
 CHARMM>            calc ypos = @B * ( ?random - 0.5 )
 Parameter: B -> "60.2201683"
 RDCMND substituted energy or value "?RANDOM" to "0.233939219"
Evaluating: 60.2201683*(0.233939219-0.5)
 Parameter: YPOS <- "-16.022225"
  
 CHARMM>            calc zpos = @C * ( ?random - 0.5 ) + @zcen
 Parameter: C -> "85"
 Parameter: ZCEN -> "0"
 RDCMND substituted energy or value "?RANDOM" to "0.859304507"
Evaluating: 85*(0.859304507-0.5)+0
 Parameter: ZPOS <- "30.5408831"
  
 CHARMM>     
  
 CHARMM>            if zpos .gt. -15 if zpos .lt. 15 goto doinit
 Comparing "30.5408831" and "-15".
 IF test evaluated as true.  Performing command
 Comparing "30.5408831" and "15".
 IF test evaluated as false.  Skipping command
  
 CHARMM>     
  
 CHARMM>            ! move target to selected position
  
 CHARMM>            coor stat select target end
 SELRPN>      1 atoms have been selected out of  13504
 STATISTICS FOR         1 SELECTED ATOMS:
    XMIN =   21.290892 XMAX =   21.290892 XAVE =   21.290892
    YMIN =    2.422164 YMAX =    2.422164 YAVE =    2.422164
    ZMIN =   17.456892 ZMAX =   17.456892 ZAVE =   17.456892
    WMIN =   -1.000000 WMAX =   -1.000000 WAVE =   -1.000000
  
 CHARMM>            calc xtran = @xpos - ?xave
 Parameter: XPOS -> "8.24897311"
 RDCMND substituted energy or value "?XAVE" to "21.2908916"
Evaluating: 8.24897311-21.2908916
 Parameter: XTRAN <- "-13.0419185"
  
 CHARMM>            calc ytran = @ypos - ?yave
 Parameter: YPOS -> "-16.022225"
 RDCMND substituted energy or value "?YAVE" to "2.42216363"
Evaluating: -16.022225-2.42216363
 Parameter: YTRAN <- "-18.4443886"
  
 CHARMM>            calc ztran = @zpos - ?zave
 Parameter: ZPOS -> "30.5408831"
 RDCMND substituted energy or value "?ZAVE" to "17.4568919"
Evaluating: 30.5408831-17.4568919
 Parameter: ZTRAN <- "13.0839912"
  
 CHARMM>            coor trans xdir @xtran ydir @ytran zdir @ztran select target end
 Parameter: XTRAN -> "-13.0419185"
 Parameter: YTRAN -> "-18.4443886"
 Parameter: ZTRAN -> "13.0839912"
 SELRPN>      1 atoms have been selected out of  13504
 TRANSLATION VECTOR   -13.041918  -18.444389   13.083991
 SELECTED COORDINATES TRANSLATED IN THE MAIN SET.

  
 CHARMM>     
  
 CHARMM>            ! apply a random rotation along XYZ
  
 CHARMM>            calc xphi = ?random * 360.0
 RDCMND substituted energy or value "?RANDOM" to "0.388025153"
Evaluating: 0.388025153*360.0
 Parameter: XPHI <- "139.689055"
  
 CHARMM>            calc yphi = ?random * 360.0
 RDCMND substituted energy or value "?RANDOM" to "0.629408874"
Evaluating: 0.629408874*360.0
 Parameter: YPHI <- "226.587195"
  
 CHARMM>            calc zphi = ?random * 360.0
 RDCMND substituted energy or value "?RANDOM" to "0.838741844"
Evaluating: 0.838741844*360.0
 Parameter: ZPHI <- "301.947064"
  
 CHARMM>            coor rotate xcen @xpos ycen @ypos zcen @zpos xdir 1.0 -
 CHARMM>                phi @xphi select target end
 Parameter: XPOS -> "8.24897311"
 Parameter: YPOS -> "-16.022225"
 Parameter: ZPOS -> "30.5408831"
 Parameter: XPHI -> "139.689055"
 SELRPN>      1 atoms have been selected out of  13504
 ROTATION MATRIX
    1.000000    0.000000    0.000000
    0.000000   -0.762545    0.646935
    0.000000   -0.646935   -0.762545

 AXIS OF ROTATION IS  1.000000  0.000000  0.000000  ANGLE IS  139.69

 SELECTED COORDINATES ROTATED IN THE MAIN SET.

  
 CHARMM>            coor rotate xcen @xpos ycen @ypos zcen @zpos ydir 1.0 -
 CHARMM>                phi @yphi select target end
 Parameter: XPOS -> "8.24897311"
 Parameter: YPOS -> "-16.022225"
 Parameter: ZPOS -> "30.5408831"
 Parameter: YPHI -> "226.587195"
 SELRPN>      1 atoms have been selected out of  13504
 ROTATION MATRIX
   -0.687250    0.000000    0.726421
    0.000000    1.000000    0.000000
   -0.726421    0.000000   -0.687250

 AXIS OF ROTATION IS  0.000000 -1.000000  0.000000  ANGLE IS  133.41

 SELECTED COORDINATES ROTATED IN THE MAIN SET.

  
 CHARMM>            coor rotate xcen @xpos ycen @ypos zcen @zpos zdir 1.0 -
 CHARMM>                phi @zphi select target end
 Parameter: XPOS -> "8.24897311"
 Parameter: YPOS -> "-16.022225"
 Parameter: ZPOS -> "30.5408831"
 Parameter: ZPHI -> "301.947064"
 SELRPN>      1 atoms have been selected out of  13504
 ROTATION MATRIX
    0.529136   -0.848537    0.000000
    0.848537    0.529136    0.000000
    0.000000    0.000000    1.000000

 AXIS OF ROTATION IS  0.000000  0.000000 -1.000000  ANGLE IS   58.05

 SELECTED COORDINATES ROTATED IN THE MAIN SET.

  
 CHARMM>     
  
 CHARMM>     
  
 CHARMM>            calc dcut = 3.5
Evaluating: 3.5
 Parameter: DCUT <- "3.5"
  
 CHARMM>     
  
 CHARMM>            coor stat sele target end
 SELRPN>      1 atoms have been selected out of  13504
 STATISTICS FOR         1 SELECTED ATOMS:
    XMIN =    8.248973 XMAX =    8.248973 XAVE =    8.248973
    YMIN =  -16.022225 YMAX =  -16.022225 YAVE =  -16.022225
    ZMIN =   30.540883 ZMAX =   30.540883 ZAVE =   30.540883
    WMIN =   -1.000000 WMAX =   -1.000000 WAVE =   -1.000000
  
 CHARMM>            calc xmax = ?xmax + @dcut
 Parameter: DCUT -> "3.5"
 RDCMND substituted energy or value "?XMAX" to "8.24897313"
Evaluating: 8.24897313+3.5
 Parameter: XMAX <- "11.7489731"
  
 CHARMM>            calc ymax = ?ymax + @dcut
 Parameter: DCUT -> "3.5"
 RDCMND substituted energy or value "?YMAX" to "-16.022225"
Evaluating: -16.022225+3.5
 Parameter: YMAX <- "-12.522225"
  
 CHARMM>            calc zmax = ?zmax + @dcut
 Parameter: DCUT -> "3.5"
 RDCMND substituted energy or value "?ZMAX" to "30.5408831"
Evaluating: 30.5408831+3.5
 Parameter: ZMAX <- "34.0408831"
  
 CHARMM>            calc xmin = ?xmin - @dcut
 Parameter: DCUT -> "3.5"
 RDCMND substituted energy or value "?XMIN" to "8.24897313"
Evaluating: 8.24897313-3.5
 Parameter: XMIN <- "4.74897313"
  
 CHARMM>            calc ymin = ?ymin - @dcut
 Parameter: DCUT -> "3.5"
 RDCMND substituted energy or value "?YMIN" to "-16.022225"
Evaluating: -16.022225-3.5
 Parameter: YMIN <- "-19.522225"
  
 CHARMM>            calc zmin = ?zmin - @dcut
 Parameter: DCUT -> "3.5"
 RDCMND substituted energy or value "?ZMIN" to "30.5408831"
Evaluating: 30.5408831-3.5
 Parameter: ZMIN <- "27.0408831"
  
 CHARMM>     
  
 CHARMM>            define JUNK sele .not. target .and. -
 CHARMM>                             prop X .lt. @xmax .and. prop X .gt. @xmin .and. -
 CHARMM>                             prop Y .lt. @ymax .and. prop Y .gt. @ymin .and. -
 CHARMM>                             prop Z .lt. @zmax .and. prop Z .gt. @zmin  end
 Parameter: XMAX -> "11.7489731"
 Parameter: XMIN -> "4.74897313"
 Parameter: YMAX -> "-12.522225"
 Parameter: YMIN -> "-19.522225"
 Parameter: ZMAX -> "34.0408831"
 Parameter: ZMIN -> "27.0408831"
 SELRPN>      0 atoms have been selected out of  13504
  
 CHARMM>     
  
 CHARMM>            ! check if the ions are too close to protein
  
 CHARMM>            define XXX sele PROT end
 SELRPN>    872 atoms have been selected out of  13504
  
 CHARMM>            if ?nsel .gt. 0 then
 RDCMND substituted energy or value "?NSEL" to "872"
 Comparing "872" and "0".
 IF test evaluated as true.  Performing command
  
 CHARMM>                coor dist cut 10.0 sele target end -
 CHARMM>                                   sele PROT .and. JUNK .and. .not. hydrogen end image
 SELRPN>      1 atoms have been selected out of  22944
 SELRPN>      0 atoms have been selected out of  22944

            DISTANCES FOR SELECTED ATOMS
            ONLY ONE SELECTION SET SPECIFIED, A COMPARISON WILL BE DONE
 TOTAL EXCLUSION COUNT =         0
 TOTAL 1-4 EXCLUSIONS  =         0
 TOTAL NON-EXCLUSIONS  =         0
  
 CHARMM>                if ?npair .gt. 0 goto doinit
 RDCMND substituted energy or value "?NPAIR" to "0"
 Comparing "0" and "0".
 IF test evaluated as false.  Skipping command
  
 CHARMM>            endif
  
 CHARMM>     
  
 CHARMM>            ! check if the ions are too close to solute
  
 CHARMM>            coor dist cut 4.0 sele target end sele JUNK .and. .not. hydrogen end image
 SELRPN>      1 atoms have been selected out of  22944
 SELRPN>      0 atoms have been selected out of  22944

            DISTANCES FOR SELECTED ATOMS
            ONLY ONE SELECTION SET SPECIFIED, A COMPARISON WILL BE DONE
 TOTAL EXCLUSION COUNT =         0
 TOTAL 1-4 EXCLUSIONS  =         0
 TOTAL NON-EXCLUSIONS  =         0
  
 CHARMM>            if ?npair .gt. 0 goto doinit
 RDCMND substituted energy or value "?NPAIR" to "0"
 Comparing "0" and "0".
 IF test evaluated as false.  Skipping command
  
 CHARMM>     
  
 CHARMM>            calc cntrand = 0
Evaluating: 0
 Parameter: CNTRAND <- "0"
  
 CHARMM>            increase i by 1
 Parameter: I <- "20"
  
 CHARMM>            if i .le. @nion goto doinit
 Parameter: NION -> "36"
 Comparing "20" and "36".
 IF test evaluated as true.  Performing command
  
 CHARMM>     
  
 CHARMM>            calc cntrand = @cntrand + 1
 Parameter: CNTRAND -> "0"
Evaluating: 0+1
 Parameter: CNTRAND <- "1"
  
 CHARMM>            if cntrand .gt. 100 stop ! ABNORMAL TERMINATION: ion placing may not work.. stop here
 Comparing "1" and "100".
 IF test evaluated as false.  Skipping command
  
 CHARMM>     
  
 CHARMM>            calc j = @i
 Parameter: I -> "20"
Evaluating: 20
 Parameter: J <- "20"
  
 CHARMM>            set ion = POS
 Parameter: ION <- "POS"
  
 CHARMM>     
  
 CHARMM>            if j .gt. @npos then
 Parameter: NPOS -> "12"
 Comparing "20" and "12".
 IF test evaluated as true.  Performing command
  
 CHARMM>               set ion = NEG
 Parameter: ION <- "NEG"
  
 CHARMM>               calc j  = @j - @npos
 Parameter: J -> "20"
 Parameter: NPOS -> "12"
Evaluating: 20-12
 Parameter: J <- "8"
  
 CHARMM>            endif
  
 CHARMM>     
  
 CHARMM>            define target select segid @ion .and. resid @j end
 Parameter: ION -> "NEG"
 Parameter: J -> "8"
 SELRPN>      1 atoms have been selected out of  13504
  
 CHARMM>     
  
 CHARMM>            calc xpos = @A * ( ?random - 0.5 )
 Parameter: A -> "60.2201683"
 RDCMND substituted energy or value "?RANDOM" to "0.793378677"
Evaluating: 60.2201683*(0.793378677-0.5)
 Parameter: XPOS <- "17.6673133"
  
 CHARMM>            calc ypos = @B * ( ?random - 0.5 )
 Parameter: B -> "60.2201683"
 RDCMND substituted energy or value "?RANDOM" to "0.804656199"
Evaluating: 60.2201683*(0.804656199-0.5)
 Parameter: YPOS <- "18.3464476"
  
 CHARMM>            calc zpos = @C * ( ?random - 0.5 ) + @zcen
 Parameter: C -> "85"
 Parameter: ZCEN -> "0"
 RDCMND substituted energy or value "?RANDOM" to "1.481990722E-02"
Evaluating: 85*(1.481990722E-02-0.5)+0
 Parameter: ZPOS <- "-41.2403079"
  
 CHARMM>     
  
 CHARMM>            if zpos .gt. -15 if zpos .lt. 15 goto doinit
 Comparing "-41.2403079" and "-15".
 IF test evaluated as false.  Skipping command
  
 CHARMM>     
  
 CHARMM>            ! move target to selected position
  
 CHARMM>            coor stat select target end
 SELRPN>      1 atoms have been selected out of  13504
 STATISTICS FOR         1 SELECTED ATOMS:
    XMIN =    0.000000 XMAX =    0.000000 XAVE =    0.000000
    YMIN =    0.000000 YMAX =    0.000000 YAVE =    0.000000
    ZMIN =    0.000000 ZMAX =    0.000000 ZAVE =    0.000000
    WMIN =   -1.000000 WMAX =   -1.000000 WAVE =   -1.000000
  
 CHARMM>            calc xtran = @xpos - ?xave
 Parameter: XPOS -> "17.6673133"
 RDCMND substituted energy or value "?XAVE" to "0"
Evaluating: 17.6673133-0
 Parameter: XTRAN <- "17.6673133"
  
 CHARMM>            calc ytran = @ypos - ?yave
 Parameter: YPOS -> "18.3464476"
 RDCMND substituted energy or value "?YAVE" to "0"
Evaluating: 18.3464476-0
 Parameter: YTRAN <- "18.3464476"
  
 CHARMM>            calc ztran = @zpos - ?zave
 Parameter: ZPOS -> "-41.2403079"
 RDCMND substituted energy or value "?ZAVE" to "0"
Evaluating: -41.2403079-0
 Parameter: ZTRAN <- "-41.2403079"
  
 CHARMM>            coor trans xdir @xtran ydir @ytran zdir @ztran select target end
 Parameter: XTRAN -> "17.6673133"
 Parameter: YTRAN -> "18.3464476"
 Parameter: ZTRAN -> "-41.2403079"
 SELRPN>      1 atoms have been selected out of  13504
 TRANSLATION VECTOR    17.667313   18.346448  -41.240308
 SELECTED COORDINATES TRANSLATED IN THE MAIN SET.

  
 CHARMM>     
  
 CHARMM>            ! apply a random rotation along XYZ
  
 CHARMM>            calc xphi = ?random * 360.0
 RDCMND substituted energy or value "?RANDOM" to "0.79987175"
Evaluating: 0.79987175*360.0
 Parameter: XPHI <- "287.95383"
  
 CHARMM>            calc yphi = ?random * 360.0
 RDCMND substituted energy or value "?RANDOM" to "0.49145449"
Evaluating: 0.49145449*360.0
 Parameter: YPHI <- "176.923616"
  
 CHARMM>            calc zphi = ?random * 360.0
 RDCMND substituted energy or value "?RANDOM" to "9.002353657E-02"
Evaluating: 9.002353657E-02*360.0
 Parameter: ZPHI <- "32.4084732"
  
 CHARMM>            coor rotate xcen @xpos ycen @ypos zcen @zpos xdir 1.0 -
 CHARMM>                phi @xphi select target end
 Parameter: XPOS -> "17.6673133"
 Parameter: YPOS -> "18.3464476"
 Parameter: ZPOS -> "-41.2403079"
 Parameter: XPHI -> "287.95383"
 SELRPN>      1 atoms have been selected out of  13504
 ROTATION MATRIX
    1.000000    0.000000    0.000000
    0.000000    0.308251   -0.951305
    0.000000    0.951305    0.308251

 AXIS OF ROTATION IS -1.000000  0.000000  0.000000  ANGLE IS   72.05

 SELECTED COORDINATES ROTATED IN THE MAIN SET.

  
 CHARMM>            coor rotate xcen @xpos ycen @ypos zcen @zpos ydir 1.0 -
 CHARMM>                phi @yphi select target end
 Parameter: XPOS -> "17.6673133"
 Parameter: YPOS -> "18.3464476"
 Parameter: ZPOS -> "-41.2403079"
 Parameter: YPHI -> "176.923616"
 SELRPN>      1 atoms have been selected out of  13504
 ROTATION MATRIX
   -0.998559    0.000000   -0.053667
    0.000000    1.000000    0.000000
    0.053667    0.000000   -0.998559

 AXIS OF ROTATION IS  0.000000  1.000000  0.000000  ANGLE IS  176.92

 SELECTED COORDINATES ROTATED IN THE MAIN SET.

  
 CHARMM>            coor rotate xcen @xpos ycen @ypos zcen @zpos zdir 1.0 -
 CHARMM>                phi @zphi select target end
 Parameter: XPOS -> "17.6673133"
 Parameter: YPOS -> "18.3464476"
 Parameter: ZPOS -> "-41.2403079"
 Parameter: ZPHI -> "32.4084732"
 SELRPN>      1 atoms have been selected out of  13504
 ROTATION MATRIX
    0.844249    0.535952    0.000000
   -0.535952    0.844249    0.000000
    0.000000    0.000000    1.000000

 AXIS OF ROTATION IS  0.000000  0.000000  1.000000  ANGLE IS   32.41

 SELECTED COORDINATES ROTATED IN THE MAIN SET.

  
 CHARMM>     
  
 CHARMM>     
  
 CHARMM>            calc dcut = 3.5
Evaluating: 3.5
 Parameter: DCUT <- "3.5"
  
 CHARMM>     
  
 CHARMM>            coor stat sele target end
 SELRPN>      1 atoms have been selected out of  13504
 STATISTICS FOR         1 SELECTED ATOMS:
    XMIN =   17.667313 XMAX =   17.667313 XAVE =   17.667313
    YMIN =   18.346448 YMAX =   18.346448 YAVE =   18.346448
    ZMIN =  -41.240308 ZMAX =  -41.240308 ZAVE =  -41.240308
    WMIN =   -1.000000 WMAX =   -1.000000 WAVE =   -1.000000
  
 CHARMM>            calc xmax = ?xmax + @dcut
 Parameter: DCUT -> "3.5"
 RDCMND substituted energy or value "?XMAX" to "17.6673133"
Evaluating: 17.6673133+3.5
 Parameter: XMAX <- "21.1673133"
  
 CHARMM>            calc ymax = ?ymax + @dcut
 Parameter: DCUT -> "3.5"
 RDCMND substituted energy or value "?YMAX" to "18.3464476"
Evaluating: 18.3464476+3.5
 Parameter: YMAX <- "21.8464476"
  
 CHARMM>            calc zmax = ?zmax + @dcut
 Parameter: DCUT -> "3.5"
 RDCMND substituted energy or value "?ZMAX" to "-41.2403079"
Evaluating: -41.2403079+3.5
 Parameter: ZMAX <- "-37.7403079"
  
 CHARMM>            calc xmin = ?xmin - @dcut
 Parameter: DCUT -> "3.5"
 RDCMND substituted energy or value "?XMIN" to "17.6673133"
Evaluating: 17.6673133-3.5
 Parameter: XMIN <- "14.1673133"
  
 CHARMM>            calc ymin = ?ymin - @dcut
 Parameter: DCUT -> "3.5"
 RDCMND substituted energy or value "?YMIN" to "18.3464476"
Evaluating: 18.3464476-3.5
 Parameter: YMIN <- "14.8464476"
  
 CHARMM>            calc zmin = ?zmin - @dcut
 Parameter: DCUT -> "3.5"
 RDCMND substituted energy or value "?ZMIN" to "-41.2403079"
Evaluating: -41.2403079-3.5
 Parameter: ZMIN <- "-44.7403079"
  
 CHARMM>     
  
 CHARMM>            define JUNK sele .not. target .and. -
 CHARMM>                             prop X .lt. @xmax .and. prop X .gt. @xmin .and. -
 CHARMM>                             prop Y .lt. @ymax .and. prop Y .gt. @ymin .and. -
 CHARMM>                             prop Z .lt. @zmax .and. prop Z .gt. @zmin  end
 Parameter: XMAX -> "21.1673133"
 Parameter: XMIN -> "14.1673133"
 Parameter: YMAX -> "21.8464476"
 Parameter: YMIN -> "14.8464476"
 Parameter: ZMAX -> "-37.7403079"
 Parameter: ZMIN -> "-44.7403079"
 SELRPN>      0 atoms have been selected out of  13504
  
 CHARMM>     
  
 CHARMM>            ! check if the ions are too close to protein
  
 CHARMM>            define XXX sele PROT end
 SELRPN>    872 atoms have been selected out of  13504
  
 CHARMM>            if ?nsel .gt. 0 then
 RDCMND substituted energy or value "?NSEL" to "872"
 Comparing "872" and "0".
 IF test evaluated as true.  Performing command
  
 CHARMM>                coor dist cut 10.0 sele target end -
 CHARMM>                                   sele PROT .and. JUNK .and. .not. hydrogen end image
 SELRPN>      1 atoms have been selected out of  22944
 SELRPN>      0 atoms have been selected out of  22944

            DISTANCES FOR SELECTED ATOMS
            ONLY ONE SELECTION SET SPECIFIED, A COMPARISON WILL BE DONE
 TOTAL EXCLUSION COUNT =         0
 TOTAL 1-4 EXCLUSIONS  =         0
 TOTAL NON-EXCLUSIONS  =         0
  
 CHARMM>                if ?npair .gt. 0 goto doinit
 RDCMND substituted energy or value "?NPAIR" to "0"
 Comparing "0" and "0".
 IF test evaluated as false.  Skipping command
  
 CHARMM>            endif
  
 CHARMM>     
  
 CHARMM>            ! check if the ions are too close to solute
  
 CHARMM>            coor dist cut 4.0 sele target end sele JUNK .and. .not. hydrogen end image
 SELRPN>      1 atoms have been selected out of  22944
 SELRPN>      0 atoms have been selected out of  22944

            DISTANCES FOR SELECTED ATOMS
            ONLY ONE SELECTION SET SPECIFIED, A COMPARISON WILL BE DONE
 TOTAL EXCLUSION COUNT =         0
 TOTAL 1-4 EXCLUSIONS  =         0
 TOTAL NON-EXCLUSIONS  =         0
  
 CHARMM>            if ?npair .gt. 0 goto doinit
 RDCMND substituted energy or value "?NPAIR" to "0"
 Comparing "0" and "0".
 IF test evaluated as false.  Skipping command
  
 CHARMM>     
  
 CHARMM>            calc cntrand = 0
Evaluating: 0
 Parameter: CNTRAND <- "0"
  
 CHARMM>            increase i by 1
 Parameter: I <- "21"
  
 CHARMM>            if i .le. @nion goto doinit
 Parameter: NION -> "36"
 Comparing "21" and "36".
 IF test evaluated as true.  Performing command
  
 CHARMM>     
  
 CHARMM>            calc cntrand = @cntrand + 1
 Parameter: CNTRAND -> "0"
Evaluating: 0+1
 Parameter: CNTRAND <- "1"
  
 CHARMM>            if cntrand .gt. 100 stop ! ABNORMAL TERMINATION: ion placing may not work.. stop here
 Comparing "1" and "100".
 IF test evaluated as false.  Skipping command
  
 CHARMM>     
  
 CHARMM>            calc j = @i
 Parameter: I -> "21"
Evaluating: 21
 Parameter: J <- "21"
  
 CHARMM>            set ion = POS
 Parameter: ION <- "POS"
  
 CHARMM>     
  
 CHARMM>            if j .gt. @npos then
 Parameter: NPOS -> "12"
 Comparing "21" and "12".
 IF test evaluated as true.  Performing command
  
 CHARMM>               set ion = NEG
 Parameter: ION <- "NEG"
  
 CHARMM>               calc j  = @j - @npos
 Parameter: J -> "21"
 Parameter: NPOS -> "12"
Evaluating: 21-12
 Parameter: J <- "9"
  
 CHARMM>            endif
  
 CHARMM>     
  
 CHARMM>            define target select segid @ion .and. resid @j end
 Parameter: ION -> "NEG"
 Parameter: J -> "9"
 SELRPN>      1 atoms have been selected out of  13504
  
 CHARMM>     
  
 CHARMM>            calc xpos = @A * ( ?random - 0.5 )
 Parameter: A -> "60.2201683"
 RDCMND substituted energy or value "?RANDOM" to "4.198707799E-02"
Evaluating: 60.2201683*(4.198707799E-02-0.5)
 Parameter: XPOS <- "-27.5816152"
  
 CHARMM>            calc ypos = @B * ( ?random - 0.5 )
 Parameter: B -> "60.2201683"
 RDCMND substituted energy or value "?RANDOM" to "0.812325811"
Evaluating: 60.2201683*(0.812325811-0.5)
 Parameter: YPOS <- "18.8083129"
  
 CHARMM>            calc zpos = @C * ( ?random - 0.5 ) + @zcen
 Parameter: C -> "85"
 Parameter: ZCEN -> "0"
 RDCMND substituted energy or value "?RANDOM" to "0.20463435"
Evaluating: 85*(0.20463435-0.5)+0
 Parameter: ZPOS <- "-25.1060802"
  
 CHARMM>     
  
 CHARMM>            if zpos .gt. -15 if zpos .lt. 15 goto doinit
 Comparing "-25.1060802" and "-15".
 IF test evaluated as false.  Skipping command
  
 CHARMM>     
  
 CHARMM>            ! move target to selected position
  
 CHARMM>            coor stat select target end
 SELRPN>      1 atoms have been selected out of  13504
 STATISTICS FOR         1 SELECTED ATOMS:
    XMIN =    0.000000 XMAX =    0.000000 XAVE =    0.000000
    YMIN =    0.000000 YMAX =    0.000000 YAVE =    0.000000
    ZMIN =    0.000000 ZMAX =    0.000000 ZAVE =    0.000000
    WMIN =   -1.000000 WMAX =   -1.000000 WAVE =   -1.000000
  
 CHARMM>            calc xtran = @xpos - ?xave
 Parameter: XPOS -> "-27.5816152"
 RDCMND substituted energy or value "?XAVE" to "0"
Evaluating: -27.5816152-0
 Parameter: XTRAN <- "-27.5816152"
  
 CHARMM>            calc ytran = @ypos - ?yave
 Parameter: YPOS -> "18.8083129"
 RDCMND substituted energy or value "?YAVE" to "0"
Evaluating: 18.8083129-0
 Parameter: YTRAN <- "18.8083129"
  
 CHARMM>            calc ztran = @zpos - ?zave
 Parameter: ZPOS -> "-25.1060802"
 RDCMND substituted energy or value "?ZAVE" to "0"
Evaluating: -25.1060802-0
 Parameter: ZTRAN <- "-25.1060802"
  
 CHARMM>            coor trans xdir @xtran ydir @ytran zdir @ztran select target end
 Parameter: XTRAN -> "-27.5816152"
 Parameter: YTRAN -> "18.8083129"
 Parameter: ZTRAN -> "-25.1060802"
 SELRPN>      1 atoms have been selected out of  13504
 TRANSLATION VECTOR   -27.581615   18.808313  -25.106080
 SELECTED COORDINATES TRANSLATED IN THE MAIN SET.

  
 CHARMM>     
  
 CHARMM>            ! apply a random rotation along XYZ
  
 CHARMM>            calc xphi = ?random * 360.0
 RDCMND substituted energy or value "?RANDOM" to "0.61487515"
Evaluating: 0.61487515*360.0
 Parameter: XPHI <- "221.355054"
  
 CHARMM>            calc yphi = ?random * 360.0
 RDCMND substituted energy or value "?RANDOM" to "0.135530421"
Evaluating: 0.135530421*360.0
 Parameter: YPHI <- "48.7909516"
  
 CHARMM>            calc zphi = ?random * 360.0
 RDCMND substituted energy or value "?RANDOM" to "0.640872617"
Evaluating: 0.640872617*360.0
 Parameter: ZPHI <- "230.714142"
  
 CHARMM>            coor rotate xcen @xpos ycen @ypos zcen @zpos xdir 1.0 -
 CHARMM>                phi @xphi select target end
 Parameter: XPOS -> "-27.5816152"
 Parameter: YPOS -> "18.8083129"
 Parameter: ZPOS -> "-25.1060802"
 Parameter: XPHI -> "221.355054"
 SELRPN>      1 atoms have been selected out of  13504
 ROTATION MATRIX
    1.000000    0.000000    0.000000
    0.000000   -0.750630   -0.660723
    0.000000    0.660723   -0.750630

 AXIS OF ROTATION IS -1.000000  0.000000  0.000000  ANGLE IS  138.64

 SELECTED COORDINATES ROTATED IN THE MAIN SET.

  
 CHARMM>            coor rotate xcen @xpos ycen @ypos zcen @zpos ydir 1.0 -
 CHARMM>                phi @yphi select target end
 Parameter: XPOS -> "-27.5816152"
 Parameter: YPOS -> "18.8083129"
 Parameter: ZPOS -> "-25.1060802"
 Parameter: YPHI -> "48.7909516"
 SELRPN>      1 atoms have been selected out of  13504
 ROTATION MATRIX
    0.658808    0.000000   -0.752311
    0.000000    1.000000    0.000000
    0.752311    0.000000    0.658808

 AXIS OF ROTATION IS  0.000000  1.000000  0.000000  ANGLE IS   48.79

 SELECTED COORDINATES ROTATED IN THE MAIN SET.

  
 CHARMM>            coor rotate xcen @xpos ycen @ypos zcen @zpos zdir 1.0 -
 CHARMM>                phi @zphi select target end
 Parameter: XPOS -> "-27.5816152"
 Parameter: YPOS -> "18.8083129"
 Parameter: ZPOS -> "-25.1060802"
 Parameter: ZPHI -> "230.714142"
 SELRPN>      1 atoms have been selected out of  13504
 ROTATION MATRIX
   -0.633190   -0.773997    0.000000
    0.773997   -0.633190    0.000000
    0.000000    0.000000    1.000000

 AXIS OF ROTATION IS  0.000000  0.000000 -1.000000  ANGLE IS  129.29

 SELECTED COORDINATES ROTATED IN THE MAIN SET.

  
 CHARMM>     
  
 CHARMM>     
  
 CHARMM>            calc dcut = 3.5
Evaluating: 3.5
 Parameter: DCUT <- "3.5"
  
 CHARMM>     
  
 CHARMM>            coor stat sele target end
 SELRPN>      1 atoms have been selected out of  13504
 STATISTICS FOR         1 SELECTED ATOMS:
    XMIN =  -27.581615 XMAX =  -27.581615 XAVE =  -27.581615
    YMIN =   18.808313 YMAX =   18.808313 YAVE =   18.808313
    ZMIN =  -25.106080 ZMAX =  -25.106080 ZAVE =  -25.106080
    WMIN =   -1.000000 WMAX =   -1.000000 WAVE =   -1.000000
  
 CHARMM>            calc xmax = ?xmax + @dcut
 Parameter: DCUT -> "3.5"
 RDCMND substituted energy or value "?XMAX" to "-27.5816152"
Evaluating: -27.5816152+3.5
 Parameter: XMAX <- "-24.0816152"
  
 CHARMM>            calc ymax = ?ymax + @dcut
 Parameter: DCUT -> "3.5"
 RDCMND substituted energy or value "?YMAX" to "18.8083129"
Evaluating: 18.8083129+3.5
 Parameter: YMAX <- "22.3083129"
  
 CHARMM>            calc zmax = ?zmax + @dcut
 Parameter: DCUT -> "3.5"
 RDCMND substituted energy or value "?ZMAX" to "-25.1060802"
Evaluating: -25.1060802+3.5
 Parameter: ZMAX <- "-21.6060802"
  
 CHARMM>            calc xmin = ?xmin - @dcut
 Parameter: DCUT -> "3.5"
 RDCMND substituted energy or value "?XMIN" to "-27.5816152"
Evaluating: -27.5816152-3.5
 Parameter: XMIN <- "-31.0816152"
  
 CHARMM>            calc ymin = ?ymin - @dcut
 Parameter: DCUT -> "3.5"
 RDCMND substituted energy or value "?YMIN" to "18.8083129"
Evaluating: 18.8083129-3.5
 Parameter: YMIN <- "15.3083129"
  
 CHARMM>            calc zmin = ?zmin - @dcut
 Parameter: DCUT -> "3.5"
 RDCMND substituted energy or value "?ZMIN" to "-25.1060802"
Evaluating: -25.1060802-3.5
 Parameter: ZMIN <- "-28.6060802"
  
 CHARMM>     
  
 CHARMM>            define JUNK sele .not. target .and. -
 CHARMM>                             prop X .lt. @xmax .and. prop X .gt. @xmin .and. -
 CHARMM>                             prop Y .lt. @ymax .and. prop Y .gt. @ymin .and. -
 CHARMM>                             prop Z .lt. @zmax .and. prop Z .gt. @zmin  end
 Parameter: XMAX -> "-24.0816152"
 Parameter: XMIN -> "-31.0816152"
 Parameter: YMAX -> "22.3083129"
 Parameter: YMIN -> "15.3083129"
 Parameter: ZMAX -> "-21.6060802"
 Parameter: ZMIN -> "-28.6060802"
 SELRPN>      0 atoms have been selected out of  13504
  
 CHARMM>     
  
 CHARMM>            ! check if the ions are too close to protein
  
 CHARMM>            define XXX sele PROT end
 SELRPN>    872 atoms have been selected out of  13504
  
 CHARMM>            if ?nsel .gt. 0 then
 RDCMND substituted energy or value "?NSEL" to "872"
 Comparing "872" and "0".
 IF test evaluated as true.  Performing command
  
 CHARMM>                coor dist cut 10.0 sele target end -
 CHARMM>                                   sele PROT .and. JUNK .and. .not. hydrogen end image
 SELRPN>      1 atoms have been selected out of  22944
 SELRPN>      0 atoms have been selected out of  22944

            DISTANCES FOR SELECTED ATOMS
            ONLY ONE SELECTION SET SPECIFIED, A COMPARISON WILL BE DONE
 TOTAL EXCLUSION COUNT =         0
 TOTAL 1-4 EXCLUSIONS  =         0
 TOTAL NON-EXCLUSIONS  =         0
  
 CHARMM>                if ?npair .gt. 0 goto doinit
 RDCMND substituted energy or value "?NPAIR" to "0"
 Comparing "0" and "0".
 IF test evaluated as false.  Skipping command
  
 CHARMM>            endif
  
 CHARMM>     
  
 CHARMM>            ! check if the ions are too close to solute
  
 CHARMM>            coor dist cut 4.0 sele target end sele JUNK .and. .not. hydrogen end image
 SELRPN>      1 atoms have been selected out of  22944
 SELRPN>      0 atoms have been selected out of  22944

            DISTANCES FOR SELECTED ATOMS
            ONLY ONE SELECTION SET SPECIFIED, A COMPARISON WILL BE DONE
 TOTAL EXCLUSION COUNT =         0
 TOTAL 1-4 EXCLUSIONS  =         0
 TOTAL NON-EXCLUSIONS  =         0
  
 CHARMM>            if ?npair .gt. 0 goto doinit
 RDCMND substituted energy or value "?NPAIR" to "0"
 Comparing "0" and "0".
 IF test evaluated as false.  Skipping command
  
 CHARMM>     
  
 CHARMM>            calc cntrand = 0
Evaluating: 0
 Parameter: CNTRAND <- "0"
  
 CHARMM>            increase i by 1
 Parameter: I <- "22"
  
 CHARMM>            if i .le. @nion goto doinit
 Parameter: NION -> "36"
 Comparing "22" and "36".
 IF test evaluated as true.  Performing command
  
 CHARMM>     
  
 CHARMM>            calc cntrand = @cntrand + 1
 Parameter: CNTRAND -> "0"
Evaluating: 0+1
 Parameter: CNTRAND <- "1"
  
 CHARMM>            if cntrand .gt. 100 stop ! ABNORMAL TERMINATION: ion placing may not work.. stop here
 Comparing "1" and "100".
 IF test evaluated as false.  Skipping command
  
 CHARMM>     
  
 CHARMM>            calc j = @i
 Parameter: I -> "22"
Evaluating: 22
 Parameter: J <- "22"
  
 CHARMM>            set ion = POS
 Parameter: ION <- "POS"
  
 CHARMM>     
  
 CHARMM>            if j .gt. @npos then
 Parameter: NPOS -> "12"
 Comparing "22" and "12".
 IF test evaluated as true.  Performing command
  
 CHARMM>               set ion = NEG
 Parameter: ION <- "NEG"
  
 CHARMM>               calc j  = @j - @npos
 Parameter: J -> "22"
 Parameter: NPOS -> "12"
Evaluating: 22-12
 Parameter: J <- "10"
  
 CHARMM>            endif
  
 CHARMM>     
  
 CHARMM>            define target select segid @ion .and. resid @j end
 Parameter: ION -> "NEG"
 Parameter: J -> "10"
 SELRPN>      1 atoms have been selected out of  13504
  
 CHARMM>     
  
 CHARMM>            calc xpos = @A * ( ?random - 0.5 )
 Parameter: A -> "60.2201683"
 RDCMND substituted energy or value "?RANDOM" to "0.986073218"
Evaluating: 60.2201683*(0.986073218-0.5)
 Parameter: XPOS <- "29.271411"
  
 CHARMM>            calc ypos = @B * ( ?random - 0.5 )
 Parameter: B -> "60.2201683"
 RDCMND substituted energy or value "?RANDOM" to "0.74761417"
Evaluating: 60.2201683*(0.74761417-0.5)
 Parameter: YPOS <- "14.911367"
  
 CHARMM>            calc zpos = @C * ( ?random - 0.5 ) + @zcen
 Parameter: C -> "85"
 Parameter: ZCEN -> "0"
 RDCMND substituted energy or value "?RANDOM" to "0.647081481"
Evaluating: 85*(0.647081481-0.5)+0
 Parameter: ZPOS <- "12.5019259"
  
 CHARMM>     
  
 CHARMM>            if zpos .gt. -15 if zpos .lt. 15 goto doinit
 Comparing "12.5019259" and "-15".
 IF test evaluated as true.  Performing command
 Comparing "12.5019259" and "15".
 IF test evaluated as true.  Performing command
  
 CHARMM>     
  
 CHARMM>            calc cntrand = @cntrand + 1
 Parameter: CNTRAND -> "1"
Evaluating: 1+1
 Parameter: CNTRAND <- "2"
  
 CHARMM>            if cntrand .gt. 100 stop ! ABNORMAL TERMINATION: ion placing may not work.. stop here
 Comparing "2" and "100".
 IF test evaluated as false.  Skipping command
  
 CHARMM>     
  
 CHARMM>            calc j = @i
 Parameter: I -> "22"
Evaluating: 22
 Parameter: J <- "22"
  
 CHARMM>            set ion = POS
 Parameter: ION <- "POS"
  
 CHARMM>     
  
 CHARMM>            if j .gt. @npos then
 Parameter: NPOS -> "12"
 Comparing "22" and "12".
 IF test evaluated as true.  Performing command
  
 CHARMM>               set ion = NEG
 Parameter: ION <- "NEG"
  
 CHARMM>               calc j  = @j - @npos
 Parameter: J -> "22"
 Parameter: NPOS -> "12"
Evaluating: 22-12
 Parameter: J <- "10"
  
 CHARMM>            endif
  
 CHARMM>     
  
 CHARMM>            define target select segid @ion .and. resid @j end
 Parameter: ION -> "NEG"
 Parameter: J -> "10"
 SELRPN>      1 atoms have been selected out of  13504
  
 CHARMM>     
  
 CHARMM>            calc xpos = @A * ( ?random - 0.5 )
 Parameter: A -> "60.2201683"
 RDCMND substituted energy or value "?RANDOM" to "0.465685136"
Evaluating: 60.2201683*(0.465685136-0.5)
 Parameter: XPOS <- "-2.06644689"
  
 CHARMM>            calc ypos = @B * ( ?random - 0.5 )
 Parameter: B -> "60.2201683"
 RDCMND substituted energy or value "?RANDOM" to "0.596100103"
Evaluating: 60.2201683*(0.596100103-0.5)
 Parameter: YPOS <- "5.78716438"
  
 CHARMM>            calc zpos = @C * ( ?random - 0.5 ) + @zcen
 Parameter: C -> "85"
 Parameter: ZCEN -> "0"
 RDCMND substituted energy or value "?RANDOM" to "0.178042625"
Evaluating: 85*(0.178042625-0.5)+0
 Parameter: ZPOS <- "-27.3663769"
  
 CHARMM>     
  
 CHARMM>            if zpos .gt. -15 if zpos .lt. 15 goto doinit
 Comparing "-27.3663769" and "-15".
 IF test evaluated as false.  Skipping command
  
 CHARMM>     
  
 CHARMM>            ! move target to selected position
  
 CHARMM>            coor stat select target end
 SELRPN>      1 atoms have been selected out of  13504
 STATISTICS FOR         1 SELECTED ATOMS:
    XMIN =    0.000000 XMAX =    0.000000 XAVE =    0.000000
    YMIN =    0.000000 YMAX =    0.000000 YAVE =    0.000000
    ZMIN =    0.000000 ZMAX =    0.000000 ZAVE =    0.000000
    WMIN =   -1.000000 WMAX =   -1.000000 WAVE =   -1.000000
  
 CHARMM>            calc xtran = @xpos - ?xave
 Parameter: XPOS -> "-2.06644689"
 RDCMND substituted energy or value "?XAVE" to "0"
Evaluating: -2.06644689-0
 Parameter: XTRAN <- "-2.06644689"
  
 CHARMM>            calc ytran = @ypos - ?yave
 Parameter: YPOS -> "5.78716438"
 RDCMND substituted energy or value "?YAVE" to "0"
Evaluating: 5.78716438-0
 Parameter: YTRAN <- "5.78716438"
  
 CHARMM>            calc ztran = @zpos - ?zave
 Parameter: ZPOS -> "-27.3663769"
 RDCMND substituted energy or value "?ZAVE" to "0"
Evaluating: -27.3663769-0
 Parameter: ZTRAN <- "-27.3663769"
  
 CHARMM>            coor trans xdir @xtran ydir @ytran zdir @ztran select target end
 Parameter: XTRAN -> "-2.06644689"
 Parameter: YTRAN -> "5.78716438"
 Parameter: ZTRAN -> "-27.3663769"
 SELRPN>      1 atoms have been selected out of  13504
 TRANSLATION VECTOR    -2.066447    5.787164  -27.366377
 SELECTED COORDINATES TRANSLATED IN THE MAIN SET.

  
 CHARMM>     
  
 CHARMM>            ! apply a random rotation along XYZ
  
 CHARMM>            calc xphi = ?random * 360.0
 RDCMND substituted energy or value "?RANDOM" to "0.567771548"
Evaluating: 0.567771548*360.0
 Parameter: XPHI <- "204.397757"
  
 CHARMM>            calc yphi = ?random * 360.0
 RDCMND substituted energy or value "?RANDOM" to "0.540620907"
Evaluating: 0.540620907*360.0
 Parameter: YPHI <- "194.623527"
  
 CHARMM>            calc zphi = ?random * 360.0
 RDCMND substituted energy or value "?RANDOM" to "0.510431743"
Evaluating: 0.510431743*360.0
 Parameter: ZPHI <- "183.755427"
  
 CHARMM>            coor rotate xcen @xpos ycen @ypos zcen @zpos xdir 1.0 -
 CHARMM>                phi @xphi select target end
 Parameter: XPOS -> "-2.06644689"
 Parameter: YPOS -> "5.78716438"
 Parameter: ZPOS -> "-27.3663769"
 Parameter: XPHI -> "204.397757"
 SELRPN>      1 atoms have been selected out of  13504
 ROTATION MATRIX
    1.000000    0.000000    0.000000
    0.000000   -0.910700   -0.413069
    0.000000    0.413069   -0.910700

 AXIS OF ROTATION IS -1.000000  0.000000  0.000000  ANGLE IS  155.60

 SELECTED COORDINATES ROTATED IN THE MAIN SET.

  
 CHARMM>            coor rotate xcen @xpos ycen @ypos zcen @zpos ydir 1.0 -
 CHARMM>                phi @yphi select target end
 Parameter: XPOS -> "-2.06644689"
 Parameter: YPOS -> "5.78716438"
 Parameter: ZPOS -> "-27.3663769"
 Parameter: YPHI -> "194.623527"
 SELRPN>      1 atoms have been selected out of  13504
 ROTATION MATRIX
   -0.967606    0.000000    0.252467
    0.000000    1.000000    0.000000
   -0.252467    0.000000   -0.967606

 AXIS OF ROTATION IS  0.000000 -1.000000  0.000000  ANGLE IS  165.38

 SELECTED COORDINATES ROTATED IN THE MAIN SET.

  
 CHARMM>            coor rotate xcen @xpos ycen @ypos zcen @zpos zdir 1.0 -
 CHARMM>                phi @zphi select target end
 Parameter: XPOS -> "-2.06644689"
 Parameter: YPOS -> "5.78716438"
 Parameter: ZPOS -> "-27.3663769"
 Parameter: ZPHI -> "183.755427"
 SELRPN>      1 atoms have been selected out of  13504
 ROTATION MATRIX
   -0.997853   -0.065498    0.000000
    0.065498   -0.997853    0.000000
    0.000000    0.000000    1.000000

 AXIS OF ROTATION IS  0.000000  0.000000 -1.000000  ANGLE IS  176.24

 SELECTED COORDINATES ROTATED IN THE MAIN SET.

  
 CHARMM>     
  
 CHARMM>     
  
 CHARMM>            calc dcut = 3.5
Evaluating: 3.5
 Parameter: DCUT <- "3.5"
  
 CHARMM>     
  
 CHARMM>            coor stat sele target end
 SELRPN>      1 atoms have been selected out of  13504
 STATISTICS FOR         1 SELECTED ATOMS:
    XMIN =   -2.066447 XMAX =   -2.066447 XAVE =   -2.066447
    YMIN =    5.787164 YMAX =    5.787164 YAVE =    5.787164
    ZMIN =  -27.366377 ZMAX =  -27.366377 ZAVE =  -27.366377
    WMIN =   -1.000000 WMAX =   -1.000000 WAVE =   -1.000000
  
 CHARMM>            calc xmax = ?xmax + @dcut
 Parameter: DCUT -> "3.5"
 RDCMND substituted energy or value "?XMAX" to "-2.06644689"
Evaluating: -2.06644689+3.5
 Parameter: XMAX <- "1.43355311"
  
 CHARMM>            calc ymax = ?ymax + @dcut
 Parameter: DCUT -> "3.5"
 RDCMND substituted energy or value "?YMAX" to "5.78716438"
Evaluating: 5.78716438+3.5
 Parameter: YMAX <- "9.28716438"
  
 CHARMM>            calc zmax = ?zmax + @dcut
 Parameter: DCUT -> "3.5"
 RDCMND substituted energy or value "?ZMAX" to "-27.3663769"
Evaluating: -27.3663769+3.5
 Parameter: ZMAX <- "-23.8663769"
  
 CHARMM>            calc xmin = ?xmin - @dcut
 Parameter: DCUT -> "3.5"
 RDCMND substituted energy or value "?XMIN" to "-2.06644689"
Evaluating: -2.06644689-3.5
 Parameter: XMIN <- "-5.56644689"
  
 CHARMM>            calc ymin = ?ymin - @dcut
 Parameter: DCUT -> "3.5"
 RDCMND substituted energy or value "?YMIN" to "5.78716438"
Evaluating: 5.78716438-3.5
 Parameter: YMIN <- "2.28716438"
  
 CHARMM>            calc zmin = ?zmin - @dcut
 Parameter: DCUT -> "3.5"
 RDCMND substituted energy or value "?ZMIN" to "-27.3663769"
Evaluating: -27.3663769-3.5
 Parameter: ZMIN <- "-30.8663769"
  
 CHARMM>     
  
 CHARMM>            define JUNK sele .not. target .and. -
 CHARMM>                             prop X .lt. @xmax .and. prop X .gt. @xmin .and. -
 CHARMM>                             prop Y .lt. @ymax .and. prop Y .gt. @ymin .and. -
 CHARMM>                             prop Z .lt. @zmax .and. prop Z .gt. @zmin  end
 Parameter: XMAX -> "1.43355311"
 Parameter: XMIN -> "-5.56644689"
 Parameter: YMAX -> "9.28716438"
 Parameter: YMIN -> "2.28716438"
 Parameter: ZMAX -> "-23.8663769"
 Parameter: ZMIN -> "-30.8663769"
 SELRPN>      0 atoms have been selected out of  13504
  
 CHARMM>     
  
 CHARMM>            ! check if the ions are too close to protein
  
 CHARMM>            define XXX sele PROT end
 SELRPN>    872 atoms have been selected out of  13504
  
 CHARMM>            if ?nsel .gt. 0 then
 RDCMND substituted energy or value "?NSEL" to "872"
 Comparing "872" and "0".
 IF test evaluated as true.  Performing command
  
 CHARMM>                coor dist cut 10.0 sele target end -
 CHARMM>                                   sele PROT .and. JUNK .and. .not. hydrogen end image
 SELRPN>      1 atoms have been selected out of  22944
 SELRPN>      0 atoms have been selected out of  22944

            DISTANCES FOR SELECTED ATOMS
            ONLY ONE SELECTION SET SPECIFIED, A COMPARISON WILL BE DONE
 TOTAL EXCLUSION COUNT =         0
 TOTAL 1-4 EXCLUSIONS  =         0
 TOTAL NON-EXCLUSIONS  =         0
  
 CHARMM>                if ?npair .gt. 0 goto doinit
 RDCMND substituted energy or value "?NPAIR" to "0"
 Comparing "0" and "0".
 IF test evaluated as false.  Skipping command
  
 CHARMM>            endif
  
 CHARMM>     
  
 CHARMM>            ! check if the ions are too close to solute
  
 CHARMM>            coor dist cut 4.0 sele target end sele JUNK .and. .not. hydrogen end image
 SELRPN>      1 atoms have been selected out of  22944
 SELRPN>      0 atoms have been selected out of  22944

            DISTANCES FOR SELECTED ATOMS
            ONLY ONE SELECTION SET SPECIFIED, A COMPARISON WILL BE DONE
 TOTAL EXCLUSION COUNT =         0
 TOTAL 1-4 EXCLUSIONS  =         0
 TOTAL NON-EXCLUSIONS  =         0
  
 CHARMM>            if ?npair .gt. 0 goto doinit
 RDCMND substituted energy or value "?NPAIR" to "0"
 Comparing "0" and "0".
 IF test evaluated as false.  Skipping command
  
 CHARMM>     
  
 CHARMM>            calc cntrand = 0
Evaluating: 0
 Parameter: CNTRAND <- "0"
  
 CHARMM>            increase i by 1
 Parameter: I <- "23"
  
 CHARMM>            if i .le. @nion goto doinit
 Parameter: NION -> "36"
 Comparing "23" and "36".
 IF test evaluated as true.  Performing command
  
 CHARMM>     
  
 CHARMM>            calc cntrand = @cntrand + 1
 Parameter: CNTRAND -> "0"
Evaluating: 0+1
 Parameter: CNTRAND <- "1"
  
 CHARMM>            if cntrand .gt. 100 stop ! ABNORMAL TERMINATION: ion placing may not work.. stop here
 Comparing "1" and "100".
 IF test evaluated as false.  Skipping command
  
 CHARMM>     
  
 CHARMM>            calc j = @i
 Parameter: I -> "23"
Evaluating: 23
 Parameter: J <- "23"
  
 CHARMM>            set ion = POS
 Parameter: ION <- "POS"
  
 CHARMM>     
  
 CHARMM>            if j .gt. @npos then
 Parameter: NPOS -> "12"
 Comparing "23" and "12".
 IF test evaluated as true.  Performing command
  
 CHARMM>               set ion = NEG
 Parameter: ION <- "NEG"
  
 CHARMM>               calc j  = @j - @npos
 Parameter: J -> "23"
 Parameter: NPOS -> "12"
Evaluating: 23-12
 Parameter: J <- "11"
  
 CHARMM>            endif
  
 CHARMM>     
  
 CHARMM>            define target select segid @ion .and. resid @j end
 Parameter: ION -> "NEG"
 Parameter: J -> "11"
 SELRPN>      1 atoms have been selected out of  13504
  
 CHARMM>     
  
 CHARMM>            calc xpos = @A * ( ?random - 0.5 )
 Parameter: A -> "60.2201683"
 RDCMND substituted energy or value "?RANDOM" to "0.396837921"
Evaluating: 60.2201683*(0.396837921-0.5)
 Parameter: XPOS <- "-6.21243776"
  
 CHARMM>            calc ypos = @B * ( ?random - 0.5 )
 Parameter: B -> "60.2201683"
 RDCMND substituted energy or value "?RANDOM" to "0.139487128"
Evaluating: 60.2201683*(0.139487128-0.5)
 Parameter: YPOS <- "-21.7101458"
  
 CHARMM>            calc zpos = @C * ( ?random - 0.5 ) + @zcen
 Parameter: C -> "85"
 Parameter: ZCEN -> "0"
 RDCMND substituted energy or value "?RANDOM" to "9.927372084E-02"
Evaluating: 85*(9.927372084E-02-0.5)+0
 Parameter: ZPOS <- "-34.0617337"
  
 CHARMM>     
  
 CHARMM>            if zpos .gt. -15 if zpos .lt. 15 goto doinit
 Comparing "-34.0617337" and "-15".
 IF test evaluated as false.  Skipping command
  
 CHARMM>     
  
 CHARMM>            ! move target to selected position
  
 CHARMM>            coor stat select target end
 SELRPN>      1 atoms have been selected out of  13504
 STATISTICS FOR         1 SELECTED ATOMS:
    XMIN =    0.000000 XMAX =    0.000000 XAVE =    0.000000
    YMIN =    0.000000 YMAX =    0.000000 YAVE =    0.000000
    ZMIN =    0.000000 ZMAX =    0.000000 ZAVE =    0.000000
    WMIN =   -1.000000 WMAX =   -1.000000 WAVE =   -1.000000
  
 CHARMM>            calc xtran = @xpos - ?xave
 Parameter: XPOS -> "-6.21243776"
 RDCMND substituted energy or value "?XAVE" to "0"
Evaluating: -6.21243776-0
 Parameter: XTRAN <- "-6.21243776"
  
 CHARMM>            calc ytran = @ypos - ?yave
 Parameter: YPOS -> "-21.7101458"
 RDCMND substituted energy or value "?YAVE" to "0"
Evaluating: -21.7101458-0
 Parameter: YTRAN <- "-21.7101458"
  
 CHARMM>            calc ztran = @zpos - ?zave
 Parameter: ZPOS -> "-34.0617337"
 RDCMND substituted energy or value "?ZAVE" to "0"
Evaluating: -34.0617337-0
 Parameter: ZTRAN <- "-34.0617337"
  
 CHARMM>            coor trans xdir @xtran ydir @ytran zdir @ztran select target end
 Parameter: XTRAN -> "-6.21243776"
 Parameter: YTRAN -> "-21.7101458"
 Parameter: ZTRAN -> "-34.0617337"
 SELRPN>      1 atoms have been selected out of  13504
 TRANSLATION VECTOR    -6.212438  -21.710146  -34.061734
 SELECTED COORDINATES TRANSLATED IN THE MAIN SET.

  
 CHARMM>     
  
 CHARMM>            ! apply a random rotation along XYZ
  
 CHARMM>            calc xphi = ?random * 360.0
 RDCMND substituted energy or value "?RANDOM" to "0.448334936"
Evaluating: 0.448334936*360.0
 Parameter: XPHI <- "161.400577"
  
 CHARMM>            calc yphi = ?random * 360.0
 RDCMND substituted energy or value "?RANDOM" to "0.108525836"
Evaluating: 0.108525836*360.0
 Parameter: YPHI <- "39.069301"
  
 CHARMM>            calc zphi = ?random * 360.0
 RDCMND substituted energy or value "?RANDOM" to "0.451448614"
Evaluating: 0.451448614*360.0
 Parameter: ZPHI <- "162.521501"
  
 CHARMM>            coor rotate xcen @xpos ycen @ypos zcen @zpos xdir 1.0 -
 CHARMM>                phi @xphi select target end
 Parameter: XPOS -> "-6.21243776"
 Parameter: YPOS -> "-21.7101458"
 Parameter: ZPOS -> "-34.0617337"
 Parameter: XPHI -> "161.400577"
 SELRPN>      1 atoms have been selected out of  13504
 ROTATION MATRIX
    1.000000    0.000000    0.000000
    0.000000   -0.947772    0.318950
    0.000000   -0.318950   -0.947772

 AXIS OF ROTATION IS  1.000000  0.000000  0.000000  ANGLE IS  161.40

 SELECTED COORDINATES ROTATED IN THE MAIN SET.

  
 CHARMM>            coor rotate xcen @xpos ycen @ypos zcen @zpos ydir 1.0 -
 CHARMM>                phi @yphi select target end
 Parameter: XPOS -> "-6.21243776"
 Parameter: YPOS -> "-21.7101458"
 Parameter: ZPOS -> "-34.0617337"
 Parameter: YPHI -> "39.069301"
 SELRPN>      1 atoms have been selected out of  13504
 ROTATION MATRIX
    0.776384    0.000000   -0.630260
    0.000000    1.000000    0.000000
    0.630260    0.000000    0.776384

 AXIS OF ROTATION IS  0.000000  1.000000  0.000000  ANGLE IS   39.07

 SELECTED COORDINATES ROTATED IN THE MAIN SET.

  
 CHARMM>            coor rotate xcen @xpos ycen @ypos zcen @zpos zdir 1.0 -
 CHARMM>                phi @zphi select target end
 Parameter: XPOS -> "-6.21243776"
 Parameter: YPOS -> "-21.7101458"
 Parameter: ZPOS -> "-34.0617337"
 Parameter: ZPHI -> "162.521501"
 SELRPN>      1 atoms have been selected out of  13504
 ROTATION MATRIX
   -0.953830    0.300348    0.000000
   -0.300348   -0.953830    0.000000
    0.000000    0.000000    1.000000

 AXIS OF ROTATION IS  0.000000  0.000000  1.000000  ANGLE IS  162.52

 SELECTED COORDINATES ROTATED IN THE MAIN SET.

  
 CHARMM>     
  
 CHARMM>     
  
 CHARMM>            calc dcut = 3.5
Evaluating: 3.5
 Parameter: DCUT <- "3.5"
  
 CHARMM>     
  
 CHARMM>            coor stat sele target end
 SELRPN>      1 atoms have been selected out of  13504
 STATISTICS FOR         1 SELECTED ATOMS:
    XMIN =   -6.212438 XMAX =   -6.212438 XAVE =   -6.212438
    YMIN =  -21.710146 YMAX =  -21.710146 YAVE =  -21.710146
    ZMIN =  -34.061734 ZMAX =  -34.061734 ZAVE =  -34.061734
    WMIN =   -1.000000 WMAX =   -1.000000 WAVE =   -1.000000
  
 CHARMM>            calc xmax = ?xmax + @dcut
 Parameter: DCUT -> "3.5"
 RDCMND substituted energy or value "?XMAX" to "-6.21243776"
Evaluating: -6.21243776+3.5
 Parameter: XMAX <- "-2.71243776"
  
 CHARMM>            calc ymax = ?ymax + @dcut
 Parameter: DCUT -> "3.5"
 RDCMND substituted energy or value "?YMAX" to "-21.7101458"
Evaluating: -21.7101458+3.5
 Parameter: YMAX <- "-18.2101458"
  
 CHARMM>            calc zmax = ?zmax + @dcut
 Parameter: DCUT -> "3.5"
 RDCMND substituted energy or value "?ZMAX" to "-34.0617337"
Evaluating: -34.0617337+3.5
 Parameter: ZMAX <- "-30.5617337"
  
 CHARMM>            calc xmin = ?xmin - @dcut
 Parameter: DCUT -> "3.5"
 RDCMND substituted energy or value "?XMIN" to "-6.21243776"
Evaluating: -6.21243776-3.5
 Parameter: XMIN <- "-9.71243776"
  
 CHARMM>            calc ymin = ?ymin - @dcut
 Parameter: DCUT -> "3.5"
 RDCMND substituted energy or value "?YMIN" to "-21.7101458"
Evaluating: -21.7101458-3.5
 Parameter: YMIN <- "-25.2101458"
  
 CHARMM>            calc zmin = ?zmin - @dcut
 Parameter: DCUT -> "3.5"
 RDCMND substituted energy or value "?ZMIN" to "-34.0617337"
Evaluating: -34.0617337-3.5
 Parameter: ZMIN <- "-37.5617337"
  
 CHARMM>     
  
 CHARMM>            define JUNK sele .not. target .and. -
 CHARMM>                             prop X .lt. @xmax .and. prop X .gt. @xmin .and. -
 CHARMM>                             prop Y .lt. @ymax .and. prop Y .gt. @ymin .and. -
 CHARMM>                             prop Z .lt. @zmax .and. prop Z .gt. @zmin  end
 Parameter: XMAX -> "-2.71243776"
 Parameter: XMIN -> "-9.71243776"
 Parameter: YMAX -> "-18.2101458"
 Parameter: YMIN -> "-25.2101458"
 Parameter: ZMAX -> "-30.5617337"
 Parameter: ZMIN -> "-37.5617337"
 SELRPN>      0 atoms have been selected out of  13504
  
 CHARMM>     
  
 CHARMM>            ! check if the ions are too close to protein
  
 CHARMM>            define XXX sele PROT end
 SELRPN>    872 atoms have been selected out of  13504
  
 CHARMM>            if ?nsel .gt. 0 then
 RDCMND substituted energy or value "?NSEL" to "872"
 Comparing "872" and "0".
 IF test evaluated as true.  Performing command
  
 CHARMM>                coor dist cut 10.0 sele target end -
 CHARMM>                                   sele PROT .and. JUNK .and. .not. hydrogen end image
 SELRPN>      1 atoms have been selected out of  22944
 SELRPN>      0 atoms have been selected out of  22944

            DISTANCES FOR SELECTED ATOMS
            ONLY ONE SELECTION SET SPECIFIED, A COMPARISON WILL BE DONE
 TOTAL EXCLUSION COUNT =         0
 TOTAL 1-4 EXCLUSIONS  =         0
 TOTAL NON-EXCLUSIONS  =         0
  
 CHARMM>                if ?npair .gt. 0 goto doinit
 RDCMND substituted energy or value "?NPAIR" to "0"
 Comparing "0" and "0".
 IF test evaluated as false.  Skipping command
  
 CHARMM>            endif
  
 CHARMM>     
  
 CHARMM>            ! check if the ions are too close to solute
  
 CHARMM>            coor dist cut 4.0 sele target end sele JUNK .and. .not. hydrogen end image
 SELRPN>      1 atoms have been selected out of  22944
 SELRPN>      0 atoms have been selected out of  22944

            DISTANCES FOR SELECTED ATOMS
            ONLY ONE SELECTION SET SPECIFIED, A COMPARISON WILL BE DONE
 TOTAL EXCLUSION COUNT =         0
 TOTAL 1-4 EXCLUSIONS  =         0
 TOTAL NON-EXCLUSIONS  =         0
  
 CHARMM>            if ?npair .gt. 0 goto doinit
 RDCMND substituted energy or value "?NPAIR" to "0"
 Comparing "0" and "0".
 IF test evaluated as false.  Skipping command
  
 CHARMM>     
  
 CHARMM>            calc cntrand = 0
Evaluating: 0
 Parameter: CNTRAND <- "0"
  
 CHARMM>            increase i by 1
 Parameter: I <- "24"
  
 CHARMM>            if i .le. @nion goto doinit
 Parameter: NION -> "36"
 Comparing "24" and "36".
 IF test evaluated as true.  Performing command
  
 CHARMM>     
  
 CHARMM>            calc cntrand = @cntrand + 1
 Parameter: CNTRAND -> "0"
Evaluating: 0+1
 Parameter: CNTRAND <- "1"
  
 CHARMM>            if cntrand .gt. 100 stop ! ABNORMAL TERMINATION: ion placing may not work.. stop here
 Comparing "1" and "100".
 IF test evaluated as false.  Skipping command
  
 CHARMM>     
  
 CHARMM>            calc j = @i
 Parameter: I -> "24"
Evaluating: 24
 Parameter: J <- "24"
  
 CHARMM>            set ion = POS
 Parameter: ION <- "POS"
  
 CHARMM>     
  
 CHARMM>            if j .gt. @npos then
 Parameter: NPOS -> "12"
 Comparing "24" and "12".
 IF test evaluated as true.  Performing command
  
 CHARMM>               set ion = NEG
 Parameter: ION <- "NEG"
  
 CHARMM>               calc j  = @j - @npos
 Parameter: J -> "24"
 Parameter: NPOS -> "12"
Evaluating: 24-12
 Parameter: J <- "12"
  
 CHARMM>            endif
  
 CHARMM>     
  
 CHARMM>            define target select segid @ion .and. resid @j end
 Parameter: ION -> "NEG"
 Parameter: J -> "12"
 SELRPN>      1 atoms have been selected out of  13504
  
 CHARMM>     
  
 CHARMM>            calc xpos = @A * ( ?random - 0.5 )
 Parameter: A -> "60.2201683"
 RDCMND substituted energy or value "?RANDOM" to "0.647283832"
Evaluating: 60.2201683*(0.647283832-0.5)
 Parameter: XPOS <- "8.86945715"
  
 CHARMM>            calc ypos = @B * ( ?random - 0.5 )
 Parameter: B -> "60.2201683"
 RDCMND substituted energy or value "?RANDOM" to "0.930282882"
Evaluating: 60.2201683*(0.930282882-0.5)
 Parameter: YPOS <- "25.9117076"
  
 CHARMM>            calc zpos = @C * ( ?random - 0.5 ) + @zcen
 Parameter: C -> "85"
 Parameter: ZCEN -> "0"
 RDCMND substituted energy or value "?RANDOM" to "0.60165603"
Evaluating: 85*(0.60165603-0.5)+0
 Parameter: ZPOS <- "8.64076255"
  
 CHARMM>     
  
 CHARMM>            if zpos .gt. -15 if zpos .lt. 15 goto doinit
 Comparing "8.64076255" and "-15".
 IF test evaluated as true.  Performing command
 Comparing "8.64076255" and "15".
 IF test evaluated as true.  Performing command
  
 CHARMM>     
  
 CHARMM>            calc cntrand = @cntrand + 1
 Parameter: CNTRAND -> "1"
Evaluating: 1+1
 Parameter: CNTRAND <- "2"
  
 CHARMM>            if cntrand .gt. 100 stop ! ABNORMAL TERMINATION: ion placing may not work.. stop here
 Comparing "2" and "100".
 IF test evaluated as false.  Skipping command
  
 CHARMM>     
  
 CHARMM>            calc j = @i
 Parameter: I -> "24"
Evaluating: 24
 Parameter: J <- "24"
  
 CHARMM>            set ion = POS
 Parameter: ION <- "POS"
  
 CHARMM>     
  
 CHARMM>            if j .gt. @npos then
 Parameter: NPOS -> "12"
 Comparing "24" and "12".
 IF test evaluated as true.  Performing command
  
 CHARMM>               set ion = NEG
 Parameter: ION <- "NEG"
  
 CHARMM>               calc j  = @j - @npos
 Parameter: J -> "24"
 Parameter: NPOS -> "12"
Evaluating: 24-12
 Parameter: J <- "12"
  
 CHARMM>            endif
  
 CHARMM>     
  
 CHARMM>            define target select segid @ion .and. resid @j end
 Parameter: ION -> "NEG"
 Parameter: J -> "12"
 SELRPN>      1 atoms have been selected out of  13504
  
 CHARMM>     
  
 CHARMM>            calc xpos = @A * ( ?random - 0.5 )
 Parameter: A -> "60.2201683"
 RDCMND substituted energy or value "?RANDOM" to "0.11134014"
Evaluating: 60.2201683*(0.11134014-0.5)
 Parameter: XPOS <- "-23.4051622"
  
 CHARMM>            calc ypos = @B * ( ?random - 0.5 )
 Parameter: B -> "60.2201683"
 RDCMND substituted energy or value "?RANDOM" to "0.689385967"
Evaluating: 60.2201683*(0.689385967-0.5)
 Parameter: YPOS <- "11.4048548"
  
 CHARMM>            calc zpos = @C * ( ?random - 0.5 ) + @zcen
 Parameter: C -> "85"
 Parameter: ZCEN -> "0"
 RDCMND substituted energy or value "?RANDOM" to "1.243754372E-02"
Evaluating: 85*(1.243754372E-02-0.5)+0
 Parameter: ZPOS <- "-41.4428088"
  
 CHARMM>     
  
 CHARMM>            if zpos .gt. -15 if zpos .lt. 15 goto doinit
 Comparing "-41.4428088" and "-15".
 IF test evaluated as false.  Skipping command
  
 CHARMM>     
  
 CHARMM>            ! move target to selected position
  
 CHARMM>            coor stat select target end
 SELRPN>      1 atoms have been selected out of  13504
 STATISTICS FOR         1 SELECTED ATOMS:
    XMIN =    0.000000 XMAX =    0.000000 XAVE =    0.000000
    YMIN =    0.000000 YMAX =    0.000000 YAVE =    0.000000
    ZMIN =    0.000000 ZMAX =    0.000000 ZAVE =    0.000000
    WMIN =   -1.000000 WMAX =   -1.000000 WAVE =   -1.000000
  
 CHARMM>            calc xtran = @xpos - ?xave
 Parameter: XPOS -> "-23.4051622"
 RDCMND substituted energy or value "?XAVE" to "0"
Evaluating: -23.4051622-0
 Parameter: XTRAN <- "-23.4051622"
  
 CHARMM>            calc ytran = @ypos - ?yave
 Parameter: YPOS -> "11.4048548"
 RDCMND substituted energy or value "?YAVE" to "0"
Evaluating: 11.4048548-0
 Parameter: YTRAN <- "11.4048548"
  
 CHARMM>            calc ztran = @zpos - ?zave
 Parameter: ZPOS -> "-41.4428088"
 RDCMND substituted energy or value "?ZAVE" to "0"
Evaluating: -41.4428088-0
 Parameter: ZTRAN <- "-41.4428088"
  
 CHARMM>            coor trans xdir @xtran ydir @ytran zdir @ztran select target end
 Parameter: XTRAN -> "-23.4051622"
 Parameter: YTRAN -> "11.4048548"
 Parameter: ZTRAN -> "-41.4428088"
 SELRPN>      1 atoms have been selected out of  13504
 TRANSLATION VECTOR   -23.405162   11.404855  -41.442809
 SELECTED COORDINATES TRANSLATED IN THE MAIN SET.

  
 CHARMM>     
  
 CHARMM>            ! apply a random rotation along XYZ
  
 CHARMM>            calc xphi = ?random * 360.0
 RDCMND substituted energy or value "?RANDOM" to "0.770156611"
Evaluating: 0.770156611*360.0
 Parameter: XPHI <- "277.25638"
  
 CHARMM>            calc yphi = ?random * 360.0
 RDCMND substituted energy or value "?RANDOM" to "0.874003729"
Evaluating: 0.874003729*360.0
 Parameter: YPHI <- "314.641342"
  
 CHARMM>            calc zphi = ?random * 360.0
 RDCMND substituted energy or value "?RANDOM" to "0.378490501"
Evaluating: 0.378490501*360.0
 Parameter: ZPHI <- "136.25658"
  
 CHARMM>            coor rotate xcen @xpos ycen @ypos zcen @zpos xdir 1.0 -
 CHARMM>                phi @xphi select target end
 Parameter: XPOS -> "-23.4051622"
 Parameter: YPOS -> "11.4048548"
 Parameter: ZPOS -> "-41.4428088"
 Parameter: XPHI -> "277.25638"
 SELRPN>      1 atoms have been selected out of  13504
 ROTATION MATRIX
    1.000000    0.000000    0.000000
    0.000000    0.126309   -0.991991
    0.000000    0.991991    0.126309

 AXIS OF ROTATION IS -1.000000  0.000000  0.000000  ANGLE IS   82.74

 SELECTED COORDINATES ROTATED IN THE MAIN SET.

  
 CHARMM>            coor rotate xcen @xpos ycen @ypos zcen @zpos ydir 1.0 -
 CHARMM>                phi @yphi select target end
 Parameter: XPOS -> "-23.4051622"
 Parameter: YPOS -> "11.4048548"
 Parameter: ZPOS -> "-41.4428088"
 Parameter: YPHI -> "314.641342"
 SELRPN>      1 atoms have been selected out of  13504
 ROTATION MATRIX
    0.702667    0.000000    0.711519
    0.000000    1.000000    0.000000
   -0.711519    0.000000    0.702667

 AXIS OF ROTATION IS  0.000000 -1.000000  0.000000  ANGLE IS   45.36

 SELECTED COORDINATES ROTATED IN THE MAIN SET.

  
 CHARMM>            coor rotate xcen @xpos ycen @ypos zcen @zpos zdir 1.0 -
 CHARMM>                phi @zphi select target end
 Parameter: XPOS -> "-23.4051622"
 Parameter: YPOS -> "11.4048548"
 Parameter: ZPOS -> "-41.4428088"
 Parameter: ZPHI -> "136.25658"
 SELRPN>      1 atoms have been selected out of  13504
 ROTATION MATRIX
   -0.722443    0.691430    0.000000
   -0.691430   -0.722443    0.000000
    0.000000    0.000000    1.000000

 AXIS OF ROTATION IS  0.000000  0.000000  1.000000  ANGLE IS  136.26

 SELECTED COORDINATES ROTATED IN THE MAIN SET.

  
 CHARMM>     
  
 CHARMM>     
  
 CHARMM>            calc dcut = 3.5
Evaluating: 3.5
 Parameter: DCUT <- "3.5"
  
 CHARMM>     
  
 CHARMM>            coor stat sele target end
 SELRPN>      1 atoms have been selected out of  13504
 STATISTICS FOR         1 SELECTED ATOMS:
    XMIN =  -23.405162 XMAX =  -23.405162 XAVE =  -23.405162
    YMIN =   11.404855 YMAX =   11.404855 YAVE =   11.404855
    ZMIN =  -41.442809 ZMAX =  -41.442809 ZAVE =  -41.442809
    WMIN =   -1.000000 WMAX =   -1.000000 WAVE =   -1.000000
  
 CHARMM>            calc xmax = ?xmax + @dcut
 Parameter: DCUT -> "3.5"
 RDCMND substituted energy or value "?XMAX" to "-23.4051622"
Evaluating: -23.4051622+3.5
 Parameter: XMAX <- "-19.9051622"
  
 CHARMM>            calc ymax = ?ymax + @dcut
 Parameter: DCUT -> "3.5"
 RDCMND substituted energy or value "?YMAX" to "11.4048548"
Evaluating: 11.4048548+3.5
 Parameter: YMAX <- "14.9048548"
  
 CHARMM>            calc zmax = ?zmax + @dcut
 Parameter: DCUT -> "3.5"
 RDCMND substituted energy or value "?ZMAX" to "-41.4428088"
Evaluating: -41.4428088+3.5
 Parameter: ZMAX <- "-37.9428088"
  
 CHARMM>            calc xmin = ?xmin - @dcut
 Parameter: DCUT -> "3.5"
 RDCMND substituted energy or value "?XMIN" to "-23.4051622"
Evaluating: -23.4051622-3.5
 Parameter: XMIN <- "-26.9051622"
  
 CHARMM>            calc ymin = ?ymin - @dcut
 Parameter: DCUT -> "3.5"
 RDCMND substituted energy or value "?YMIN" to "11.4048548"
Evaluating: 11.4048548-3.5
 Parameter: YMIN <- "7.9048548"
  
 CHARMM>            calc zmin = ?zmin - @dcut
 Parameter: DCUT -> "3.5"
 RDCMND substituted energy or value "?ZMIN" to "-41.4428088"
Evaluating: -41.4428088-3.5
 Parameter: ZMIN <- "-44.9428088"
  
 CHARMM>     
  
 CHARMM>            define JUNK sele .not. target .and. -
 CHARMM>                             prop X .lt. @xmax .and. prop X .gt. @xmin .and. -
 CHARMM>                             prop Y .lt. @ymax .and. prop Y .gt. @ymin .and. -
 CHARMM>                             prop Z .lt. @zmax .and. prop Z .gt. @zmin  end
 Parameter: XMAX -> "-19.9051622"
 Parameter: XMIN -> "-26.9051622"
 Parameter: YMAX -> "14.9048548"
 Parameter: YMIN -> "7.9048548"
 Parameter: ZMAX -> "-37.9428088"
 Parameter: ZMIN -> "-44.9428088"
 SELRPN>      0 atoms have been selected out of  13504
  
 CHARMM>     
  
 CHARMM>            ! check if the ions are too close to protein
  
 CHARMM>            define XXX sele PROT end
 SELRPN>    872 atoms have been selected out of  13504
  
 CHARMM>            if ?nsel .gt. 0 then
 RDCMND substituted energy or value "?NSEL" to "872"
 Comparing "872" and "0".
 IF test evaluated as true.  Performing command
  
 CHARMM>                coor dist cut 10.0 sele target end -
 CHARMM>                                   sele PROT .and. JUNK .and. .not. hydrogen end image
 SELRPN>      1 atoms have been selected out of  22944
 SELRPN>      0 atoms have been selected out of  22944

            DISTANCES FOR SELECTED ATOMS
            ONLY ONE SELECTION SET SPECIFIED, A COMPARISON WILL BE DONE
 TOTAL EXCLUSION COUNT =         0
 TOTAL 1-4 EXCLUSIONS  =         0
 TOTAL NON-EXCLUSIONS  =         0
  
 CHARMM>                if ?npair .gt. 0 goto doinit
 RDCMND substituted energy or value "?NPAIR" to "0"
 Comparing "0" and "0".
 IF test evaluated as false.  Skipping command
  
 CHARMM>            endif
  
 CHARMM>     
  
 CHARMM>            ! check if the ions are too close to solute
  
 CHARMM>            coor dist cut 4.0 sele target end sele JUNK .and. .not. hydrogen end image
 SELRPN>      1 atoms have been selected out of  22944
 SELRPN>      0 atoms have been selected out of  22944

            DISTANCES FOR SELECTED ATOMS
            ONLY ONE SELECTION SET SPECIFIED, A COMPARISON WILL BE DONE
 TOTAL EXCLUSION COUNT =         0
 TOTAL 1-4 EXCLUSIONS  =         0
 TOTAL NON-EXCLUSIONS  =         0
  
 CHARMM>            if ?npair .gt. 0 goto doinit
 RDCMND substituted energy or value "?NPAIR" to "0"
 Comparing "0" and "0".
 IF test evaluated as false.  Skipping command
  
 CHARMM>     
  
 CHARMM>            calc cntrand = 0
Evaluating: 0
 Parameter: CNTRAND <- "0"
  
 CHARMM>            increase i by 1
 Parameter: I <- "25"
  
 CHARMM>            if i .le. @nion goto doinit
 Parameter: NION -> "36"
 Comparing "25" and "36".
 IF test evaluated as true.  Performing command
  
 CHARMM>     
  
 CHARMM>            calc cntrand = @cntrand + 1
 Parameter: CNTRAND -> "0"
Evaluating: 0+1
 Parameter: CNTRAND <- "1"
  
 CHARMM>            if cntrand .gt. 100 stop ! ABNORMAL TERMINATION: ion placing may not work.. stop here
 Comparing "1" and "100".
 IF test evaluated as false.  Skipping command
  
 CHARMM>     
  
 CHARMM>            calc j = @i
 Parameter: I -> "25"
Evaluating: 25
 Parameter: J <- "25"
  
 CHARMM>            set ion = POS
 Parameter: ION <- "POS"
  
 CHARMM>     
  
 CHARMM>            if j .gt. @npos then
 Parameter: NPOS -> "12"
 Comparing "25" and "12".
 IF test evaluated as true.  Performing command
  
 CHARMM>               set ion = NEG
 Parameter: ION <- "NEG"
  
 CHARMM>               calc j  = @j - @npos
 Parameter: J -> "25"
 Parameter: NPOS -> "12"
Evaluating: 25-12
 Parameter: J <- "13"
  
 CHARMM>            endif
  
 CHARMM>     
  
 CHARMM>            define target select segid @ion .and. resid @j end
 Parameter: ION -> "NEG"
 Parameter: J -> "13"
 SELRPN>      1 atoms have been selected out of  13504
  
 CHARMM>     
  
 CHARMM>            calc xpos = @A * ( ?random - 0.5 )
 Parameter: A -> "60.2201683"
 RDCMND substituted energy or value "?RANDOM" to "1.831744566E-02"
Evaluating: 60.2201683*(1.831744566E-02-0.5)
 Parameter: XPOS <- "-29.0070045"
  
 CHARMM>            calc ypos = @B * ( ?random - 0.5 )
 Parameter: B -> "60.2201683"
 RDCMND substituted energy or value "?RANDOM" to "0.560569333"
Evaluating: 60.2201683*(0.560569333-0.5)
 Parameter: YPOS <- "3.64749543"
  
 CHARMM>            calc zpos = @C * ( ?random - 0.5 ) + @zcen
 Parameter: C -> "85"
 Parameter: ZCEN -> "0"
 RDCMND substituted energy or value "?RANDOM" to "9.319150248E-02"
Evaluating: 85*(9.319150248E-02-0.5)+0
 Parameter: ZPOS <- "-34.5787223"
  
 CHARMM>     
  
 CHARMM>            if zpos .gt. -15 if zpos .lt. 15 goto doinit
 Comparing "-34.5787223" and "-15".
 IF test evaluated as false.  Skipping command
  
 CHARMM>     
  
 CHARMM>            ! move target to selected position
  
 CHARMM>            coor stat select target end
 SELRPN>      1 atoms have been selected out of  13504
 STATISTICS FOR         1 SELECTED ATOMS:
    XMIN =    0.000000 XMAX =    0.000000 XAVE =    0.000000
    YMIN =    0.000000 YMAX =    0.000000 YAVE =    0.000000
    ZMIN =    0.000000 ZMAX =    0.000000 ZAVE =    0.000000
    WMIN =   -1.000000 WMAX =   -1.000000 WAVE =   -1.000000
  
 CHARMM>            calc xtran = @xpos - ?xave
 Parameter: XPOS -> "-29.0070045"
 RDCMND substituted energy or value "?XAVE" to "0"
Evaluating: -29.0070045-0
 Parameter: XTRAN <- "-29.0070045"
  
 CHARMM>            calc ytran = @ypos - ?yave
 Parameter: YPOS -> "3.64749543"
 RDCMND substituted energy or value "?YAVE" to "0"
Evaluating: 3.64749543-0
 Parameter: YTRAN <- "3.64749543"
  
 CHARMM>            calc ztran = @zpos - ?zave
 Parameter: ZPOS -> "-34.5787223"
 RDCMND substituted energy or value "?ZAVE" to "0"
Evaluating: -34.5787223-0
 Parameter: ZTRAN <- "-34.5787223"
  
 CHARMM>            coor trans xdir @xtran ydir @ytran zdir @ztran select target end
 Parameter: XTRAN -> "-29.0070045"
 Parameter: YTRAN -> "3.64749543"
 Parameter: ZTRAN -> "-34.5787223"
 SELRPN>      1 atoms have been selected out of  13504
 TRANSLATION VECTOR   -29.007005    3.647495  -34.578722
 SELECTED COORDINATES TRANSLATED IN THE MAIN SET.

  
 CHARMM>     
  
 CHARMM>            ! apply a random rotation along XYZ
  
 CHARMM>            calc xphi = ?random * 360.0
 RDCMND substituted energy or value "?RANDOM" to "0.874133093"
Evaluating: 0.874133093*360.0
 Parameter: XPHI <- "314.687913"
  
 CHARMM>            calc yphi = ?random * 360.0
 RDCMND substituted energy or value "?RANDOM" to "0.581163931"
Evaluating: 0.581163931*360.0
 Parameter: YPHI <- "209.219015"
  
 CHARMM>            calc zphi = ?random * 360.0
 RDCMND substituted energy or value "?RANDOM" to "0.564143374"
Evaluating: 0.564143374*360.0
 Parameter: ZPHI <- "203.091615"
  
 CHARMM>            coor rotate xcen @xpos ycen @ypos zcen @zpos xdir 1.0 -
 CHARMM>                phi @xphi select target end
 Parameter: XPOS -> "-29.0070045"
 Parameter: YPOS -> "3.64749543"
 Parameter: ZPOS -> "-34.5787223"
 Parameter: XPHI -> "314.687913"
 SELRPN>      1 atoms have been selected out of  13504
 ROTATION MATRIX
    1.000000    0.000000    0.000000
    0.000000    0.703245   -0.710948
    0.000000    0.710948    0.703245

 AXIS OF ROTATION IS -1.000000  0.000000  0.000000  ANGLE IS   45.31

 SELECTED COORDINATES ROTATED IN THE MAIN SET.

  
 CHARMM>            coor rotate xcen @xpos ycen @ypos zcen @zpos ydir 1.0 -
 CHARMM>                phi @yphi select target end
 Parameter: XPOS -> "-29.0070045"
 Parameter: YPOS -> "3.64749543"
 Parameter: ZPOS -> "-34.5787223"
 Parameter: YPHI -> "209.219015"
 SELRPN>      1 atoms have been selected out of  13504
 ROTATION MATRIX
   -0.872760    0.000000    0.488149
    0.000000    1.000000    0.000000
   -0.488149    0.000000   -0.872760

 AXIS OF ROTATION IS  0.000000 -1.000000  0.000000  ANGLE IS  150.78

 SELECTED COORDINATES ROTATED IN THE MAIN SET.

  
 CHARMM>            coor rotate xcen @xpos ycen @ypos zcen @zpos zdir 1.0 -
 CHARMM>                phi @zphi select target end
 Parameter: XPOS -> "-29.0070045"
 Parameter: YPOS -> "3.64749543"
 Parameter: ZPOS -> "-34.5787223"
 Parameter: ZPHI -> "203.091615"
 SELRPN>      1 atoms have been selected out of  13504
 ROTATION MATRIX
   -0.919879   -0.392203    0.000000
    0.392203   -0.919879    0.000000
    0.000000    0.000000    1.000000

 AXIS OF ROTATION IS  0.000000  0.000000 -1.000000  ANGLE IS  156.91

 SELECTED COORDINATES ROTATED IN THE MAIN SET.

  
 CHARMM>     
  
 CHARMM>     
  
 CHARMM>            calc dcut = 3.5
Evaluating: 3.5
 Parameter: DCUT <- "3.5"
  
 CHARMM>     
  
 CHARMM>            coor stat sele target end
 SELRPN>      1 atoms have been selected out of  13504
 STATISTICS FOR         1 SELECTED ATOMS:
    XMIN =  -29.007005 XMAX =  -29.007005 XAVE =  -29.007005
    YMIN =    3.647495 YMAX =    3.647495 YAVE =    3.647495
    ZMIN =  -34.578722 ZMAX =  -34.578722 ZAVE =  -34.578722
    WMIN =   -1.000000 WMAX =   -1.000000 WAVE =   -1.000000
  
 CHARMM>            calc xmax = ?xmax + @dcut
 Parameter: DCUT -> "3.5"
 RDCMND substituted energy or value "?XMAX" to "-29.0070045"
Evaluating: -29.0070045+3.5
 Parameter: XMAX <- "-25.5070045"
  
 CHARMM>            calc ymax = ?ymax + @dcut
 Parameter: DCUT -> "3.5"
 RDCMND substituted energy or value "?YMAX" to "3.64749543"
Evaluating: 3.64749543+3.5
 Parameter: YMAX <- "7.14749543"
  
 CHARMM>            calc zmax = ?zmax + @dcut
 Parameter: DCUT -> "3.5"
 RDCMND substituted energy or value "?ZMAX" to "-34.5787223"
Evaluating: -34.5787223+3.5
 Parameter: ZMAX <- "-31.0787223"
  
 CHARMM>            calc xmin = ?xmin - @dcut
 Parameter: DCUT -> "3.5"
 RDCMND substituted energy or value "?XMIN" to "-29.0070045"
Evaluating: -29.0070045-3.5
 Parameter: XMIN <- "-32.5070045"
  
 CHARMM>            calc ymin = ?ymin - @dcut
 Parameter: DCUT -> "3.5"
 RDCMND substituted energy or value "?YMIN" to "3.64749543"
Evaluating: 3.64749543-3.5
 Parameter: YMIN <- "0.14749543"
  
 CHARMM>            calc zmin = ?zmin - @dcut
 Parameter: DCUT -> "3.5"
 RDCMND substituted energy or value "?ZMIN" to "-34.5787223"
Evaluating: -34.5787223-3.5
 Parameter: ZMIN <- "-38.0787223"
  
 CHARMM>     
  
 CHARMM>            define JUNK sele .not. target .and. -
 CHARMM>                             prop X .lt. @xmax .and. prop X .gt. @xmin .and. -
 CHARMM>                             prop Y .lt. @ymax .and. prop Y .gt. @ymin .and. -
 CHARMM>                             prop Z .lt. @zmax .and. prop Z .gt. @zmin  end
 Parameter: XMAX -> "-25.5070045"
 Parameter: XMIN -> "-32.5070045"
 Parameter: YMAX -> "7.14749543"
 Parameter: YMIN -> "0.14749543"
 Parameter: ZMAX -> "-31.0787223"
 Parameter: ZMIN -> "-38.0787223"
 SELRPN>      0 atoms have been selected out of  13504
  
 CHARMM>     
  
 CHARMM>            ! check if the ions are too close to protein
  
 CHARMM>            define XXX sele PROT end
 SELRPN>    872 atoms have been selected out of  13504
  
 CHARMM>            if ?nsel .gt. 0 then
 RDCMND substituted energy or value "?NSEL" to "872"
 Comparing "872" and "0".
 IF test evaluated as true.  Performing command
  
 CHARMM>                coor dist cut 10.0 sele target end -
 CHARMM>                                   sele PROT .and. JUNK .and. .not. hydrogen end image
 SELRPN>      1 atoms have been selected out of  22944
 SELRPN>      0 atoms have been selected out of  22944

            DISTANCES FOR SELECTED ATOMS
            ONLY ONE SELECTION SET SPECIFIED, A COMPARISON WILL BE DONE
 TOTAL EXCLUSION COUNT =         0
 TOTAL 1-4 EXCLUSIONS  =         0
 TOTAL NON-EXCLUSIONS  =         0
  
 CHARMM>                if ?npair .gt. 0 goto doinit
 RDCMND substituted energy or value "?NPAIR" to "0"
 Comparing "0" and "0".
 IF test evaluated as false.  Skipping command
  
 CHARMM>            endif
  
 CHARMM>     
  
 CHARMM>            ! check if the ions are too close to solute
  
 CHARMM>            coor dist cut 4.0 sele target end sele JUNK .and. .not. hydrogen end image
 SELRPN>      1 atoms have been selected out of  22944
 SELRPN>      0 atoms have been selected out of  22944

            DISTANCES FOR SELECTED ATOMS
            ONLY ONE SELECTION SET SPECIFIED, A COMPARISON WILL BE DONE
 TOTAL EXCLUSION COUNT =         0
 TOTAL 1-4 EXCLUSIONS  =         0
 TOTAL NON-EXCLUSIONS  =         0
  
 CHARMM>            if ?npair .gt. 0 goto doinit
 RDCMND substituted energy or value "?NPAIR" to "0"
 Comparing "0" and "0".
 IF test evaluated as false.  Skipping command
  
 CHARMM>     
  
 CHARMM>            calc cntrand = 0
Evaluating: 0
 Parameter: CNTRAND <- "0"
  
 CHARMM>            increase i by 1
 Parameter: I <- "26"
  
 CHARMM>            if i .le. @nion goto doinit
 Parameter: NION -> "36"
 Comparing "26" and "36".
 IF test evaluated as true.  Performing command
  
 CHARMM>     
  
 CHARMM>            calc cntrand = @cntrand + 1
 Parameter: CNTRAND -> "0"
Evaluating: 0+1
 Parameter: CNTRAND <- "1"
  
 CHARMM>            if cntrand .gt. 100 stop ! ABNORMAL TERMINATION: ion placing may not work.. stop here
 Comparing "1" and "100".
 IF test evaluated as false.  Skipping command
  
 CHARMM>     
  
 CHARMM>            calc j = @i
 Parameter: I -> "26"
Evaluating: 26
 Parameter: J <- "26"
  
 CHARMM>            set ion = POS
 Parameter: ION <- "POS"
  
 CHARMM>     
  
 CHARMM>            if j .gt. @npos then
 Parameter: NPOS -> "12"
 Comparing "26" and "12".
 IF test evaluated as true.  Performing command
  
 CHARMM>               set ion = NEG
 Parameter: ION <- "NEG"
  
 CHARMM>               calc j  = @j - @npos
 Parameter: J -> "26"
 Parameter: NPOS -> "12"
Evaluating: 26-12
 Parameter: J <- "14"
  
 CHARMM>            endif
  
 CHARMM>     
  
 CHARMM>            define target select segid @ion .and. resid @j end
 Parameter: ION -> "NEG"
 Parameter: J -> "14"
 SELRPN>      1 atoms have been selected out of  13504
  
 CHARMM>     
  
 CHARMM>            calc xpos = @A * ( ?random - 0.5 )
 Parameter: A -> "60.2201683"
 RDCMND substituted energy or value "?RANDOM" to "0.300469502"
Evaluating: 60.2201683*(0.300469502-0.5)
 Parameter: XPOS <- "-12.0157602"
  
 CHARMM>            calc ypos = @B * ( ?random - 0.5 )
 Parameter: B -> "60.2201683"
 RDCMND substituted energy or value "?RANDOM" to "0.926431958"
Evaluating: 60.2201683*(0.926431958-0.5)
 Parameter: YPOS <- "25.6798043"
  
 CHARMM>            calc zpos = @C * ( ?random - 0.5 ) + @zcen
 Parameter: C -> "85"
 Parameter: ZCEN -> "0"
 RDCMND substituted energy or value "?RANDOM" to "0.546253478"
Evaluating: 85*(0.546253478-0.5)+0
 Parameter: ZPOS <- "3.93154563"
  
 CHARMM>     
  
 CHARMM>            if zpos .gt. -15 if zpos .lt. 15 goto doinit
 Comparing "3.93154563" and "-15".
 IF test evaluated as true.  Performing command
 Comparing "3.93154563" and "15".
 IF test evaluated as true.  Performing command
  
 CHARMM>     
  
 CHARMM>            calc cntrand = @cntrand + 1
 Parameter: CNTRAND -> "1"
Evaluating: 1+1
 Parameter: CNTRAND <- "2"
  
 CHARMM>            if cntrand .gt. 100 stop ! ABNORMAL TERMINATION: ion placing may not work.. stop here
 Comparing "2" and "100".
 IF test evaluated as false.  Skipping command
  
 CHARMM>     
  
 CHARMM>            calc j = @i
 Parameter: I -> "26"
Evaluating: 26
 Parameter: J <- "26"
  
 CHARMM>            set ion = POS
 Parameter: ION <- "POS"
  
 CHARMM>     
  
 CHARMM>            if j .gt. @npos then
 Parameter: NPOS -> "12"
 Comparing "26" and "12".
 IF test evaluated as true.  Performing command
  
 CHARMM>               set ion = NEG
 Parameter: ION <- "NEG"
  
 CHARMM>               calc j  = @j - @npos
 Parameter: J -> "26"
 Parameter: NPOS -> "12"
Evaluating: 26-12
 Parameter: J <- "14"
  
 CHARMM>            endif
  
 CHARMM>     
  
 CHARMM>            define target select segid @ion .and. resid @j end
 Parameter: ION -> "NEG"
 Parameter: J -> "14"
 SELRPN>      1 atoms have been selected out of  13504
  
 CHARMM>     
  
 CHARMM>            calc xpos = @A * ( ?random - 0.5 )
 Parameter: A -> "60.2201683"
 RDCMND substituted energy or value "?RANDOM" to "0.428307133"
Evaluating: 60.2201683*(0.428307133-0.5)
 Parameter: XPOS <- "-4.31735652"
  
 CHARMM>            calc ypos = @B * ( ?random - 0.5 )
 Parameter: B -> "60.2201683"
 RDCMND substituted energy or value "?RANDOM" to "0.365853704"
Evaluating: 60.2201683*(0.365853704-0.5)
 Parameter: YPOS <- "-8.07831252"
  
 CHARMM>            calc zpos = @C * ( ?random - 0.5 ) + @zcen
 Parameter: C -> "85"
 Parameter: ZCEN -> "0"
 RDCMND substituted energy or value "?RANDOM" to "0.858442908"
Evaluating: 85*(0.858442908-0.5)+0
 Parameter: ZPOS <- "30.4676472"
  
 CHARMM>     
  
 CHARMM>            if zpos .gt. -15 if zpos .lt. 15 goto doinit
 Comparing "30.4676472" and "-15".
 IF test evaluated as true.  Performing command
 Comparing "30.4676472" and "15".
 IF test evaluated as false.  Skipping command
  
 CHARMM>     
  
 CHARMM>            ! move target to selected position
  
 CHARMM>            coor stat select target end
 SELRPN>      1 atoms have been selected out of  13504
 STATISTICS FOR         1 SELECTED ATOMS:
    XMIN =    0.000000 XMAX =    0.000000 XAVE =    0.000000
    YMIN =    0.000000 YMAX =    0.000000 YAVE =    0.000000
    ZMIN =    0.000000 ZMAX =    0.000000 ZAVE =    0.000000
    WMIN =   -1.000000 WMAX =   -1.000000 WAVE =   -1.000000
  
 CHARMM>            calc xtran = @xpos - ?xave
 Parameter: XPOS -> "-4.31735652"
 RDCMND substituted energy or value "?XAVE" to "0"
Evaluating: -4.31735652-0
 Parameter: XTRAN <- "-4.31735652"
  
 CHARMM>            calc ytran = @ypos - ?yave
 Parameter: YPOS -> "-8.07831252"
 RDCMND substituted energy or value "?YAVE" to "0"
Evaluating: -8.07831252-0
 Parameter: YTRAN <- "-8.07831252"
  
 CHARMM>            calc ztran = @zpos - ?zave
 Parameter: ZPOS -> "30.4676472"
 RDCMND substituted energy or value "?ZAVE" to "0"
Evaluating: 30.4676472-0
 Parameter: ZTRAN <- "30.4676472"
  
 CHARMM>            coor trans xdir @xtran ydir @ytran zdir @ztran select target end
 Parameter: XTRAN -> "-4.31735652"
 Parameter: YTRAN -> "-8.07831252"
 Parameter: ZTRAN -> "30.4676472"
 SELRPN>      1 atoms have been selected out of  13504
 TRANSLATION VECTOR    -4.317357   -8.078313   30.467647
 SELECTED COORDINATES TRANSLATED IN THE MAIN SET.

  
 CHARMM>     
  
 CHARMM>            ! apply a random rotation along XYZ
  
 CHARMM>            calc xphi = ?random * 360.0
 RDCMND substituted energy or value "?RANDOM" to "0.670961832"
Evaluating: 0.670961832*360.0
 Parameter: XPHI <- "241.54626"
  
 CHARMM>            calc yphi = ?random * 360.0
 RDCMND substituted energy or value "?RANDOM" to "7.21839538E-02"
Evaluating: 7.21839538E-02*360.0
 Parameter: YPHI <- "25.9862234"
  
 CHARMM>            calc zphi = ?random * 360.0
 RDCMND substituted energy or value "?RANDOM" to "0.361028488"
Evaluating: 0.361028488*360.0
 Parameter: ZPHI <- "129.970256"
  
 CHARMM>            coor rotate xcen @xpos ycen @ypos zcen @zpos xdir 1.0 -
 CHARMM>                phi @xphi select target end
 Parameter: XPOS -> "-4.31735652"
 Parameter: YPOS -> "-8.07831252"
 Parameter: ZPOS -> "30.4676472"
 Parameter: XPHI -> "241.54626"
 SELRPN>      1 atoms have been selected out of  13504
 ROTATION MATRIX
    1.000000    0.000000    0.000000
    0.000000   -0.476449   -0.879202
    0.000000    0.879202   -0.476449

 AXIS OF ROTATION IS -1.000000  0.000000  0.000000  ANGLE IS  118.45

 SELECTED COORDINATES ROTATED IN THE MAIN SET.

  
 CHARMM>            coor rotate xcen @xpos ycen @ypos zcen @zpos ydir 1.0 -
 CHARMM>                phi @yphi select target end
 Parameter: XPOS -> "-4.31735652"
 Parameter: YPOS -> "-8.07831252"
 Parameter: ZPOS -> "30.4676472"
 Parameter: YPHI -> "25.9862234"
 SELRPN>      1 atoms have been selected out of  13504
 ROTATION MATRIX
    0.898899    0.000000   -0.438155
    0.000000    1.000000    0.000000
    0.438155    0.000000    0.898899

 AXIS OF ROTATION IS  0.000000  1.000000  0.000000  ANGLE IS   25.99

 SELECTED COORDINATES ROTATED IN THE MAIN SET.

  
 CHARMM>            coor rotate xcen @xpos ycen @ypos zcen @zpos zdir 1.0 -
 CHARMM>                phi @zphi select target end
 Parameter: XPOS -> "-4.31735652"
 Parameter: YPOS -> "-8.07831252"
 Parameter: ZPOS -> "30.4676472"
 Parameter: ZPHI -> "129.970256"
 SELRPN>      1 atoms have been selected out of  13504
 ROTATION MATRIX
   -0.642390    0.766378    0.000000
   -0.766378   -0.642390    0.000000
    0.000000    0.000000    1.000000

 AXIS OF ROTATION IS  0.000000  0.000000  1.000000  ANGLE IS  129.97

 SELECTED COORDINATES ROTATED IN THE MAIN SET.

  
 CHARMM>     
  
 CHARMM>     
  
 CHARMM>            calc dcut = 3.5
Evaluating: 3.5
 Parameter: DCUT <- "3.5"
  
 CHARMM>     
  
 CHARMM>            coor stat sele target end
 SELRPN>      1 atoms have been selected out of  13504
 STATISTICS FOR         1 SELECTED ATOMS:
    XMIN =   -4.317357 XMAX =   -4.317357 XAVE =   -4.317357
    YMIN =   -8.078313 YMAX =   -8.078313 YAVE =   -8.078313
    ZMIN =   30.467647 ZMAX =   30.467647 ZAVE =   30.467647
    WMIN =   -1.000000 WMAX =   -1.000000 WAVE =   -1.000000
  
 CHARMM>            calc xmax = ?xmax + @dcut
 Parameter: DCUT -> "3.5"
 RDCMND substituted energy or value "?XMAX" to "-4.31735652"
Evaluating: -4.31735652+3.5
 Parameter: XMAX <- "-0.81735652"
  
 CHARMM>            calc ymax = ?ymax + @dcut
 Parameter: DCUT -> "3.5"
 RDCMND substituted energy or value "?YMAX" to "-8.07831252"
Evaluating: -8.07831252+3.5
 Parameter: YMAX <- "-4.57831252"
  
 CHARMM>            calc zmax = ?zmax + @dcut
 Parameter: DCUT -> "3.5"
 RDCMND substituted energy or value "?ZMAX" to "30.4676472"
Evaluating: 30.4676472+3.5
 Parameter: ZMAX <- "33.9676472"
  
 CHARMM>            calc xmin = ?xmin - @dcut
 Parameter: DCUT -> "3.5"
 RDCMND substituted energy or value "?XMIN" to "-4.31735652"
Evaluating: -4.31735652-3.5
 Parameter: XMIN <- "-7.81735652"
  
 CHARMM>            calc ymin = ?ymin - @dcut
 Parameter: DCUT -> "3.5"
 RDCMND substituted energy or value "?YMIN" to "-8.07831252"
Evaluating: -8.07831252-3.5
 Parameter: YMIN <- "-11.5783125"
  
 CHARMM>            calc zmin = ?zmin - @dcut
 Parameter: DCUT -> "3.5"
 RDCMND substituted energy or value "?ZMIN" to "30.4676472"
Evaluating: 30.4676472-3.5
 Parameter: ZMIN <- "26.9676472"
  
 CHARMM>     
  
 CHARMM>            define JUNK sele .not. target .and. -
 CHARMM>                             prop X .lt. @xmax .and. prop X .gt. @xmin .and. -
 CHARMM>                             prop Y .lt. @ymax .and. prop Y .gt. @ymin .and. -
 CHARMM>                             prop Z .lt. @zmax .and. prop Z .gt. @zmin  end
 Parameter: XMAX -> "-0.81735652"
 Parameter: XMIN -> "-7.81735652"
 Parameter: YMAX -> "-4.57831252"
 Parameter: YMIN -> "-11.5783125"
 Parameter: ZMAX -> "33.9676472"
 Parameter: ZMIN -> "26.9676472"
 SELRPN>      0 atoms have been selected out of  13504
  
 CHARMM>     
  
 CHARMM>            ! check if the ions are too close to protein
  
 CHARMM>            define XXX sele PROT end
 SELRPN>    872 atoms have been selected out of  13504
  
 CHARMM>            if ?nsel .gt. 0 then
 RDCMND substituted energy or value "?NSEL" to "872"
 Comparing "872" and "0".
 IF test evaluated as true.  Performing command
  
 CHARMM>                coor dist cut 10.0 sele target end -
 CHARMM>                                   sele PROT .and. JUNK .and. .not. hydrogen end image
 SELRPN>      1 atoms have been selected out of  22944
 SELRPN>      0 atoms have been selected out of  22944

            DISTANCES FOR SELECTED ATOMS
            ONLY ONE SELECTION SET SPECIFIED, A COMPARISON WILL BE DONE
 TOTAL EXCLUSION COUNT =         0
 TOTAL 1-4 EXCLUSIONS  =         0
 TOTAL NON-EXCLUSIONS  =         0
  
 CHARMM>                if ?npair .gt. 0 goto doinit
 RDCMND substituted energy or value "?NPAIR" to "0"
 Comparing "0" and "0".
 IF test evaluated as false.  Skipping command
  
 CHARMM>            endif
  
 CHARMM>     
  
 CHARMM>            ! check if the ions are too close to solute
  
 CHARMM>            coor dist cut 4.0 sele target end sele JUNK .and. .not. hydrogen end image
 SELRPN>      1 atoms have been selected out of  22944
 SELRPN>      0 atoms have been selected out of  22944

            DISTANCES FOR SELECTED ATOMS
            ONLY ONE SELECTION SET SPECIFIED, A COMPARISON WILL BE DONE
 TOTAL EXCLUSION COUNT =         0
 TOTAL 1-4 EXCLUSIONS  =         0
 TOTAL NON-EXCLUSIONS  =         0
  
 CHARMM>            if ?npair .gt. 0 goto doinit
 RDCMND substituted energy or value "?NPAIR" to "0"
 Comparing "0" and "0".
 IF test evaluated as false.  Skipping command
  
 CHARMM>     
  
 CHARMM>            calc cntrand = 0
Evaluating: 0
 Parameter: CNTRAND <- "0"
  
 CHARMM>            increase i by 1
 Parameter: I <- "27"
  
 CHARMM>            if i .le. @nion goto doinit
 Parameter: NION -> "36"
 Comparing "27" and "36".
 IF test evaluated as true.  Performing command
  
 CHARMM>     
  
 CHARMM>            calc cntrand = @cntrand + 1
 Parameter: CNTRAND -> "0"
Evaluating: 0+1
 Parameter: CNTRAND <- "1"
  
 CHARMM>            if cntrand .gt. 100 stop ! ABNORMAL TERMINATION: ion placing may not work.. stop here
 Comparing "1" and "100".
 IF test evaluated as false.  Skipping command
  
 CHARMM>     
  
 CHARMM>            calc j = @i
 Parameter: I -> "27"
Evaluating: 27
 Parameter: J <- "27"
  
 CHARMM>            set ion = POS
 Parameter: ION <- "POS"
  
 CHARMM>     
  
 CHARMM>            if j .gt. @npos then
 Parameter: NPOS -> "12"
 Comparing "27" and "12".
 IF test evaluated as true.  Performing command
  
 CHARMM>               set ion = NEG
 Parameter: ION <- "NEG"
  
 CHARMM>               calc j  = @j - @npos
 Parameter: J -> "27"
 Parameter: NPOS -> "12"
Evaluating: 27-12
 Parameter: J <- "15"
  
 CHARMM>            endif
  
 CHARMM>     
  
 CHARMM>            define target select segid @ion .and. resid @j end
 Parameter: ION -> "NEG"
 Parameter: J -> "15"
 SELRPN>      1 atoms have been selected out of  13504
  
 CHARMM>     
  
 CHARMM>            calc xpos = @A * ( ?random - 0.5 )
 Parameter: A -> "60.2201683"
 RDCMND substituted energy or value "?RANDOM" to "0.427937945"
Evaluating: 60.2201683*(0.427937945-0.5)
 Parameter: XPOS <- "-4.33958908"
  
 CHARMM>            calc ypos = @B * ( ?random - 0.5 )
 Parameter: B -> "60.2201683"
 RDCMND substituted energy or value "?RANDOM" to "0.681837833"
Evaluating: 60.2201683*(0.681837833-0.5)
 Parameter: YPOS <- "10.9503049"
  
 CHARMM>            calc zpos = @C * ( ?random - 0.5 ) + @zcen
 Parameter: C -> "85"
 Parameter: ZCEN -> "0"
 RDCMND substituted energy or value "?RANDOM" to "0.477811215"
Evaluating: 85*(0.477811215-0.5)+0
 Parameter: ZPOS <- "-1.88604672"
  
 CHARMM>     
  
 CHARMM>            if zpos .gt. -15 if zpos .lt. 15 goto doinit
 Comparing "-1.88604672" and "-15".
 IF test evaluated as true.  Performing command
 Comparing "-1.88604672" and "15".
 IF test evaluated as true.  Performing command
  
 CHARMM>     
  
 CHARMM>            calc cntrand = @cntrand + 1
 Parameter: CNTRAND -> "1"
Evaluating: 1+1
 Parameter: CNTRAND <- "2"
  
 CHARMM>            if cntrand .gt. 100 stop ! ABNORMAL TERMINATION: ion placing may not work.. stop here
 Comparing "2" and "100".
 IF test evaluated as false.  Skipping command
  
 CHARMM>     
  
 CHARMM>            calc j = @i
 Parameter: I -> "27"
Evaluating: 27
 Parameter: J <- "27"
  
 CHARMM>            set ion = POS
 Parameter: ION <- "POS"
  
 CHARMM>     
  
 CHARMM>            if j .gt. @npos then
 Parameter: NPOS -> "12"
 Comparing "27" and "12".
 IF test evaluated as true.  Performing command
  
 CHARMM>               set ion = NEG
 Parameter: ION <- "NEG"
  
 CHARMM>               calc j  = @j - @npos
 Parameter: J -> "27"
 Parameter: NPOS -> "12"
Evaluating: 27-12
 Parameter: J <- "15"
  
 CHARMM>            endif
  
 CHARMM>     
  
 CHARMM>            define target select segid @ion .and. resid @j end
 Parameter: ION -> "NEG"
 Parameter: J -> "15"
 SELRPN>      1 atoms have been selected out of  13504
  
 CHARMM>     
  
 CHARMM>            calc xpos = @A * ( ?random - 0.5 )
 Parameter: A -> "60.2201683"
 RDCMND substituted energy or value "?RANDOM" to "9.774513151E-02"
Evaluating: 60.2201683*(9.774513151E-02-0.5)
 Parameter: XPOS <- "-24.2238559"
  
 CHARMM>            calc ypos = @B * ( ?random - 0.5 )
 Parameter: B -> "60.2201683"
 RDCMND substituted energy or value "?RANDOM" to "0.807611868"
Evaluating: 60.2201683*(0.807611868-0.5)
 Parameter: YPOS <- "18.5244385"
  
 CHARMM>            calc zpos = @C * ( ?random - 0.5 ) + @zcen
 Parameter: C -> "85"
 Parameter: ZCEN -> "0"
 RDCMND substituted energy or value "?RANDOM" to "0.463245966"
Evaluating: 85*(0.463245966-0.5)+0
 Parameter: ZPOS <- "-3.12409289"
  
 CHARMM>     
  
 CHARMM>            if zpos .gt. -15 if zpos .lt. 15 goto doinit
 Comparing "-3.12409289" and "-15".
 IF test evaluated as true.  Performing command
 Comparing "-3.12409289" and "15".
 IF test evaluated as true.  Performing command
  
 CHARMM>     
  
 CHARMM>            calc cntrand = @cntrand + 1
 Parameter: CNTRAND -> "2"
Evaluating: 2+1
 Parameter: CNTRAND <- "3"
  
 CHARMM>            if cntrand .gt. 100 stop ! ABNORMAL TERMINATION: ion placing may not work.. stop here
 Comparing "3" and "100".
 IF test evaluated as false.  Skipping command
  
 CHARMM>     
  
 CHARMM>            calc j = @i
 Parameter: I -> "27"
Evaluating: 27
 Parameter: J <- "27"
  
 CHARMM>            set ion = POS
 Parameter: ION <- "POS"
  
 CHARMM>     
  
 CHARMM>            if j .gt. @npos then
 Parameter: NPOS -> "12"
 Comparing "27" and "12".
 IF test evaluated as true.  Performing command
  
 CHARMM>               set ion = NEG
 Parameter: ION <- "NEG"
  
 CHARMM>               calc j  = @j - @npos
 Parameter: J -> "27"
 Parameter: NPOS -> "12"
Evaluating: 27-12
 Parameter: J <- "15"
  
 CHARMM>            endif
  
 CHARMM>     
  
 CHARMM>            define target select segid @ion .and. resid @j end
 Parameter: ION -> "NEG"
 Parameter: J -> "15"
 SELRPN>      1 atoms have been selected out of  13504
  
 CHARMM>     
  
 CHARMM>            calc xpos = @A * ( ?random - 0.5 )
 Parameter: A -> "60.2201683"
 RDCMND substituted energy or value "?RANDOM" to "0.754123119"
Evaluating: 60.2201683*(0.754123119-0.5)
 Parameter: XPOS <- "15.303337"
  
 CHARMM>            calc ypos = @B * ( ?random - 0.5 )
 Parameter: B -> "60.2201683"
 RDCMND substituted energy or value "?RANDOM" to "0.617120377"
Evaluating: 60.2201683*(0.617120377-0.5)
 Parameter: YPOS <- "7.05300881"
  
 CHARMM>            calc zpos = @C * ( ?random - 0.5 ) + @zcen
 Parameter: C -> "85"
 Parameter: ZCEN -> "0"
 RDCMND substituted energy or value "?RANDOM" to "0.901636432"
Evaluating: 85*(0.901636432-0.5)+0
 Parameter: ZPOS <- "34.1390967"
  
 CHARMM>     
  
 CHARMM>            if zpos .gt. -15 if zpos .lt. 15 goto doinit
 Comparing "34.1390967" and "-15".
 IF test evaluated as true.  Performing command
 Comparing "34.1390967" and "15".
 IF test evaluated as false.  Skipping command
  
 CHARMM>     
  
 CHARMM>            ! move target to selected position
  
 CHARMM>            coor stat select target end
 SELRPN>      1 atoms have been selected out of  13504
 STATISTICS FOR         1 SELECTED ATOMS:
    XMIN =    0.000000 XMAX =    0.000000 XAVE =    0.000000
    YMIN =    0.000000 YMAX =    0.000000 YAVE =    0.000000
    ZMIN =    0.000000 ZMAX =    0.000000 ZAVE =    0.000000
    WMIN =   -1.000000 WMAX =   -1.000000 WAVE =   -1.000000
  
 CHARMM>            calc xtran = @xpos - ?xave
 Parameter: XPOS -> "15.303337"
 RDCMND substituted energy or value "?XAVE" to "0"
Evaluating: 15.303337-0
 Parameter: XTRAN <- "15.303337"
  
 CHARMM>            calc ytran = @ypos - ?yave
 Parameter: YPOS -> "7.05300881"
 RDCMND substituted energy or value "?YAVE" to "0"
Evaluating: 7.05300881-0
 Parameter: YTRAN <- "7.05300881"
  
 CHARMM>            calc ztran = @zpos - ?zave
 Parameter: ZPOS -> "34.1390967"
 RDCMND substituted energy or value "?ZAVE" to "0"
Evaluating: 34.1390967-0
 Parameter: ZTRAN <- "34.1390967"
  
 CHARMM>            coor trans xdir @xtran ydir @ytran zdir @ztran select target end
 Parameter: XTRAN -> "15.303337"
 Parameter: YTRAN -> "7.05300881"
 Parameter: ZTRAN -> "34.1390967"
 SELRPN>      1 atoms have been selected out of  13504
 TRANSLATION VECTOR    15.303337    7.053009   34.139097
 SELECTED COORDINATES TRANSLATED IN THE MAIN SET.

  
 CHARMM>     
  
 CHARMM>            ! apply a random rotation along XYZ
  
 CHARMM>            calc xphi = ?random * 360.0
 RDCMND substituted energy or value "?RANDOM" to "0.31862272"
Evaluating: 0.31862272*360.0
 Parameter: XPHI <- "114.704179"
  
 CHARMM>            calc yphi = ?random * 360.0
 RDCMND substituted energy or value "?RANDOM" to "0.294540065"
Evaluating: 0.294540065*360.0
 Parameter: YPHI <- "106.034423"
  
 CHARMM>            calc zphi = ?random * 360.0
 RDCMND substituted energy or value "?RANDOM" to "0.794601605"
Evaluating: 0.794601605*360.0
 Parameter: ZPHI <- "286.056578"
  
 CHARMM>            coor rotate xcen @xpos ycen @ypos zcen @zpos xdir 1.0 -
 CHARMM>                phi @xphi select target end
 Parameter: XPOS -> "15.303337"
 Parameter: YPOS -> "7.05300881"
 Parameter: ZPOS -> "34.1390967"
 Parameter: XPHI -> "114.704179"
 SELRPN>      1 atoms have been selected out of  13504
 ROTATION MATRIX
    1.000000    0.000000    0.000000
    0.000000   -0.417933    0.908478
    0.000000   -0.908478   -0.417933

 AXIS OF ROTATION IS  1.000000  0.000000  0.000000  ANGLE IS  114.70

 SELECTED COORDINATES ROTATED IN THE MAIN SET.

  
 CHARMM>            coor rotate xcen @xpos ycen @ypos zcen @zpos ydir 1.0 -
 CHARMM>                phi @yphi select target end
 Parameter: XPOS -> "15.303337"
 Parameter: YPOS -> "7.05300881"
 Parameter: ZPOS -> "34.1390967"
 Parameter: YPHI -> "106.034423"
 SELRPN>      1 atoms have been selected out of  13504
 ROTATION MATRIX
   -0.276215    0.000000   -0.961096
    0.000000    1.000000    0.000000
    0.961096    0.000000   -0.276215

 AXIS OF ROTATION IS  0.000000  1.000000  0.000000  ANGLE IS  106.03

 SELECTED COORDINATES ROTATED IN THE MAIN SET.

  
 CHARMM>            coor rotate xcen @xpos ycen @ypos zcen @zpos zdir 1.0 -
 CHARMM>                phi @zphi select target end
 Parameter: XPOS -> "15.303337"
 Parameter: YPOS -> "7.05300881"
 Parameter: ZPOS -> "34.1390967"
 Parameter: ZPHI -> "286.056578"
 SELRPN>      1 atoms have been selected out of  13504
 ROTATION MATRIX
    0.276586   -0.960989    0.000000
    0.960989    0.276586    0.000000
    0.000000    0.000000    1.000000

 AXIS OF ROTATION IS  0.000000  0.000000 -1.000000  ANGLE IS   73.94

 SELECTED COORDINATES ROTATED IN THE MAIN SET.

  
 CHARMM>     
  
 CHARMM>     
  
 CHARMM>            calc dcut = 3.5
Evaluating: 3.5
 Parameter: DCUT <- "3.5"
  
 CHARMM>     
  
 CHARMM>            coor stat sele target end
 SELRPN>      1 atoms have been selected out of  13504
 STATISTICS FOR         1 SELECTED ATOMS:
    XMIN =   15.303337 XMAX =   15.303337 XAVE =   15.303337
    YMIN =    7.053009 YMAX =    7.053009 YAVE =    7.053009
    ZMIN =   34.139097 ZMAX =   34.139097 ZAVE =   34.139097
    WMIN =   -1.000000 WMAX =   -1.000000 WAVE =   -1.000000
  
 CHARMM>            calc xmax = ?xmax + @dcut
 Parameter: DCUT -> "3.5"
 RDCMND substituted energy or value "?XMAX" to "15.303337"
Evaluating: 15.303337+3.5
 Parameter: XMAX <- "18.803337"
  
 CHARMM>            calc ymax = ?ymax + @dcut
 Parameter: DCUT -> "3.5"
 RDCMND substituted energy or value "?YMAX" to "7.05300881"
Evaluating: 7.05300881+3.5
 Parameter: YMAX <- "10.5530088"
  
 CHARMM>            calc zmax = ?zmax + @dcut
 Parameter: DCUT -> "3.5"
 RDCMND substituted energy or value "?ZMAX" to "34.1390967"
Evaluating: 34.1390967+3.5
 Parameter: ZMAX <- "37.6390967"
  
 CHARMM>            calc xmin = ?xmin - @dcut
 Parameter: DCUT -> "3.5"
 RDCMND substituted energy or value "?XMIN" to "15.303337"
Evaluating: 15.303337-3.5
 Parameter: XMIN <- "11.803337"
  
 CHARMM>            calc ymin = ?ymin - @dcut
 Parameter: DCUT -> "3.5"
 RDCMND substituted energy or value "?YMIN" to "7.05300881"
Evaluating: 7.05300881-3.5
 Parameter: YMIN <- "3.55300881"
  
 CHARMM>            calc zmin = ?zmin - @dcut
 Parameter: DCUT -> "3.5"
 RDCMND substituted energy or value "?ZMIN" to "34.1390967"
Evaluating: 34.1390967-3.5
 Parameter: ZMIN <- "30.6390967"
  
 CHARMM>     
  
 CHARMM>            define JUNK sele .not. target .and. -
 CHARMM>                             prop X .lt. @xmax .and. prop X .gt. @xmin .and. -
 CHARMM>                             prop Y .lt. @ymax .and. prop Y .gt. @ymin .and. -
 CHARMM>                             prop Z .lt. @zmax .and. prop Z .gt. @zmin  end
 Parameter: XMAX -> "18.803337"
 Parameter: XMIN -> "11.803337"
 Parameter: YMAX -> "10.5530088"
 Parameter: YMIN -> "3.55300881"
 Parameter: ZMAX -> "37.6390967"
 Parameter: ZMIN -> "30.6390967"
 SELRPN>      0 atoms have been selected out of  13504
  
 CHARMM>     
  
 CHARMM>            ! check if the ions are too close to protein
  
 CHARMM>            define XXX sele PROT end
 SELRPN>    872 atoms have been selected out of  13504
  
 CHARMM>            if ?nsel .gt. 0 then
 RDCMND substituted energy or value "?NSEL" to "872"
 Comparing "872" and "0".
 IF test evaluated as true.  Performing command
  
 CHARMM>                coor dist cut 10.0 sele target end -
 CHARMM>                                   sele PROT .and. JUNK .and. .not. hydrogen end image
 SELRPN>      1 atoms have been selected out of  22944
 SELRPN>      0 atoms have been selected out of  22944

            DISTANCES FOR SELECTED ATOMS
            ONLY ONE SELECTION SET SPECIFIED, A COMPARISON WILL BE DONE
 TOTAL EXCLUSION COUNT =         0
 TOTAL 1-4 EXCLUSIONS  =         0
 TOTAL NON-EXCLUSIONS  =         0
  
 CHARMM>                if ?npair .gt. 0 goto doinit
 RDCMND substituted energy or value "?NPAIR" to "0"
 Comparing "0" and "0".
 IF test evaluated as false.  Skipping command
  
 CHARMM>            endif
  
 CHARMM>     
  
 CHARMM>            ! check if the ions are too close to solute
  
 CHARMM>            coor dist cut 4.0 sele target end sele JUNK .and. .not. hydrogen end image
 SELRPN>      1 atoms have been selected out of  22944
 SELRPN>      0 atoms have been selected out of  22944

            DISTANCES FOR SELECTED ATOMS
            ONLY ONE SELECTION SET SPECIFIED, A COMPARISON WILL BE DONE
 TOTAL EXCLUSION COUNT =         0
 TOTAL 1-4 EXCLUSIONS  =         0
 TOTAL NON-EXCLUSIONS  =         0
  
 CHARMM>            if ?npair .gt. 0 goto doinit
 RDCMND substituted energy or value "?NPAIR" to "0"
 Comparing "0" and "0".
 IF test evaluated as false.  Skipping command
  
 CHARMM>     
  
 CHARMM>            calc cntrand = 0
Evaluating: 0
 Parameter: CNTRAND <- "0"
  
 CHARMM>            increase i by 1
 Parameter: I <- "28"
  
 CHARMM>            if i .le. @nion goto doinit
 Parameter: NION -> "36"
 Comparing "28" and "36".
 IF test evaluated as true.  Performing command
  
 CHARMM>     
  
 CHARMM>            calc cntrand = @cntrand + 1
 Parameter: CNTRAND -> "0"
Evaluating: 0+1
 Parameter: CNTRAND <- "1"
  
 CHARMM>            if cntrand .gt. 100 stop ! ABNORMAL TERMINATION: ion placing may not work.. stop here
 Comparing "1" and "100".
 IF test evaluated as false.  Skipping command
  
 CHARMM>     
  
 CHARMM>            calc j = @i
 Parameter: I -> "28"
Evaluating: 28
 Parameter: J <- "28"
  
 CHARMM>            set ion = POS
 Parameter: ION <- "POS"
  
 CHARMM>     
  
 CHARMM>            if j .gt. @npos then
 Parameter: NPOS -> "12"
 Comparing "28" and "12".
 IF test evaluated as true.  Performing command
  
 CHARMM>               set ion = NEG
 Parameter: ION <- "NEG"
  
 CHARMM>               calc j  = @j - @npos
 Parameter: J -> "28"
 Parameter: NPOS -> "12"
Evaluating: 28-12
 Parameter: J <- "16"
  
 CHARMM>            endif
  
 CHARMM>     
  
 CHARMM>            define target select segid @ion .and. resid @j end
 Parameter: ION -> "NEG"
 Parameter: J -> "16"
 SELRPN>      1 atoms have been selected out of  13504
  
 CHARMM>     
  
 CHARMM>            calc xpos = @A * ( ?random - 0.5 )
 Parameter: A -> "60.2201683"
 RDCMND substituted energy or value "?RANDOM" to "9.624730149E-02"
Evaluating: 60.2201683*(9.624730149E-02-0.5)
 Parameter: XPOS <- "-24.3140555"
  
 CHARMM>            calc ypos = @B * ( ?random - 0.5 )
 Parameter: B -> "60.2201683"
 RDCMND substituted energy or value "?RANDOM" to "0.578735699"
Evaluating: 60.2201683*(0.578735699-0.5)
 Parameter: YPOS <- "4.74147704"
  
 CHARMM>            calc zpos = @C * ( ?random - 0.5 ) + @zcen
 Parameter: C -> "85"
 Parameter: ZCEN -> "0"
 RDCMND substituted energy or value "?RANDOM" to "0.735281748"
Evaluating: 85*(0.735281748-0.5)+0
 Parameter: ZPOS <- "19.9989486"
  
 CHARMM>     
  
 CHARMM>            if zpos .gt. -15 if zpos .lt. 15 goto doinit
 Comparing "19.9989486" and "-15".
 IF test evaluated as true.  Performing command
 Comparing "19.9989486" and "15".
 IF test evaluated as false.  Skipping command
  
 CHARMM>     
  
 CHARMM>            ! move target to selected position
  
 CHARMM>            coor stat select target end
 SELRPN>      1 atoms have been selected out of  13504
 STATISTICS FOR         1 SELECTED ATOMS:
    XMIN =    0.000000 XMAX =    0.000000 XAVE =    0.000000
    YMIN =    0.000000 YMAX =    0.000000 YAVE =    0.000000
    ZMIN =    0.000000 ZMAX =    0.000000 ZAVE =    0.000000
    WMIN =   -1.000000 WMAX =   -1.000000 WAVE =   -1.000000
  
 CHARMM>            calc xtran = @xpos - ?xave
 Parameter: XPOS -> "-24.3140555"
 RDCMND substituted energy or value "?XAVE" to "0"
Evaluating: -24.3140555-0
 Parameter: XTRAN <- "-24.3140555"
  
 CHARMM>            calc ytran = @ypos - ?yave
 Parameter: YPOS -> "4.74147704"
 RDCMND substituted energy or value "?YAVE" to "0"
Evaluating: 4.74147704-0
 Parameter: YTRAN <- "4.74147704"
  
 CHARMM>            calc ztran = @zpos - ?zave
 Parameter: ZPOS -> "19.9989486"
 RDCMND substituted energy or value "?ZAVE" to "0"
Evaluating: 19.9989486-0
 Parameter: ZTRAN <- "19.9989486"
  
 CHARMM>            coor trans xdir @xtran ydir @ytran zdir @ztran select target end
 Parameter: XTRAN -> "-24.3140555"
 Parameter: YTRAN -> "4.74147704"
 Parameter: ZTRAN -> "19.9989486"
 SELRPN>      1 atoms have been selected out of  13504
 TRANSLATION VECTOR   -24.314055    4.741477   19.998949
 SELECTED COORDINATES TRANSLATED IN THE MAIN SET.

  
 CHARMM>     
  
 CHARMM>            ! apply a random rotation along XYZ
  
 CHARMM>            calc xphi = ?random * 360.0
 RDCMND substituted energy or value "?RANDOM" to "0.7276846"
Evaluating: 0.7276846*360.0
 Parameter: XPHI <- "261.966456"
  
 CHARMM>            calc yphi = ?random * 360.0
 RDCMND substituted energy or value "?RANDOM" to "0.825946454"
Evaluating: 0.825946454*360.0
 Parameter: YPHI <- "297.340723"
  
 CHARMM>            calc zphi = ?random * 360.0
 RDCMND substituted energy or value "?RANDOM" to "0.29019448"
Evaluating: 0.29019448*360.0
 Parameter: ZPHI <- "104.470013"
  
 CHARMM>            coor rotate xcen @xpos ycen @ypos zcen @zpos xdir 1.0 -
 CHARMM>                phi @xphi select target end
 Parameter: XPOS -> "-24.3140555"
 Parameter: YPOS -> "4.74147704"
 Parameter: ZPOS -> "19.9989486"
 Parameter: XPHI -> "261.966456"
 SELRPN>      1 atoms have been selected out of  13504
 ROTATION MATRIX
    1.000000    0.000000    0.000000
    0.000000   -0.139753   -0.990186
    0.000000    0.990186   -0.139753

 AXIS OF ROTATION IS -1.000000  0.000000  0.000000  ANGLE IS   98.03

 SELECTED COORDINATES ROTATED IN THE MAIN SET.

  
 CHARMM>            coor rotate xcen @xpos ycen @ypos zcen @zpos ydir 1.0 -
 CHARMM>                phi @yphi select target end
 Parameter: XPOS -> "-24.3140555"
 Parameter: YPOS -> "4.74147704"
 Parameter: ZPOS -> "19.9989486"
 Parameter: YPHI -> "297.340723"
 SELRPN>      1 atoms have been selected out of  13504
 ROTATION MATRIX
    0.459281    0.000000    0.888291
    0.000000    1.000000    0.000000
   -0.888291    0.000000    0.459281

 AXIS OF ROTATION IS  0.000000 -1.000000  0.000000  ANGLE IS   62.66

 SELECTED COORDINATES ROTATED IN THE MAIN SET.

  
 CHARMM>            coor rotate xcen @xpos ycen @ypos zcen @zpos zdir 1.0 -
 CHARMM>                phi @zphi select target end
 Parameter: XPOS -> "-24.3140555"
 Parameter: YPOS -> "4.74147704"
 Parameter: ZPOS -> "19.9989486"
 Parameter: ZPHI -> "104.470013"
 SELRPN>      1 atoms have been selected out of  13504
 ROTATION MATRIX
   -0.249873    0.968279    0.000000
   -0.968279   -0.249873    0.000000
    0.000000    0.000000    1.000000

 AXIS OF ROTATION IS  0.000000  0.000000  1.000000  ANGLE IS  104.47

 SELECTED COORDINATES ROTATED IN THE MAIN SET.

  
 CHARMM>     
  
 CHARMM>     
  
 CHARMM>            calc dcut = 3.5
Evaluating: 3.5
 Parameter: DCUT <- "3.5"
  
 CHARMM>     
  
 CHARMM>            coor stat sele target end
 SELRPN>      1 atoms have been selected out of  13504
 STATISTICS FOR         1 SELECTED ATOMS:
    XMIN =  -24.314055 XMAX =  -24.314055 XAVE =  -24.314055
    YMIN =    4.741477 YMAX =    4.741477 YAVE =    4.741477
    ZMIN =   19.998949 ZMAX =   19.998949 ZAVE =   19.998949
    WMIN =   -1.000000 WMAX =   -1.000000 WAVE =   -1.000000
  
 CHARMM>            calc xmax = ?xmax + @dcut
 Parameter: DCUT -> "3.5"
 RDCMND substituted energy or value "?XMAX" to "-24.3140555"
Evaluating: -24.3140555+3.5
 Parameter: XMAX <- "-20.8140555"
  
 CHARMM>            calc ymax = ?ymax + @dcut
 Parameter: DCUT -> "3.5"
 RDCMND substituted energy or value "?YMAX" to "4.74147704"
Evaluating: 4.74147704+3.5
 Parameter: YMAX <- "8.24147704"
  
 CHARMM>            calc zmax = ?zmax + @dcut
 Parameter: DCUT -> "3.5"
 RDCMND substituted energy or value "?ZMAX" to "19.9989486"
Evaluating: 19.9989486+3.5
 Parameter: ZMAX <- "23.4989486"
  
 CHARMM>            calc xmin = ?xmin - @dcut
 Parameter: DCUT -> "3.5"
 RDCMND substituted energy or value "?XMIN" to "-24.3140555"
Evaluating: -24.3140555-3.5
 Parameter: XMIN <- "-27.8140555"
  
 CHARMM>            calc ymin = ?ymin - @dcut
 Parameter: DCUT -> "3.5"
 RDCMND substituted energy or value "?YMIN" to "4.74147704"
Evaluating: 4.74147704-3.5
 Parameter: YMIN <- "1.24147704"
  
 CHARMM>            calc zmin = ?zmin - @dcut
 Parameter: DCUT -> "3.5"
 RDCMND substituted energy or value "?ZMIN" to "19.9989486"
Evaluating: 19.9989486-3.5
 Parameter: ZMIN <- "16.4989486"
  
 CHARMM>     
  
 CHARMM>            define JUNK sele .not. target .and. -
 CHARMM>                             prop X .lt. @xmax .and. prop X .gt. @xmin .and. -
 CHARMM>                             prop Y .lt. @ymax .and. prop Y .gt. @ymin .and. -
 CHARMM>                             prop Z .lt. @zmax .and. prop Z .gt. @zmin  end
 Parameter: XMAX -> "-20.8140555"
 Parameter: XMIN -> "-27.8140555"
 Parameter: YMAX -> "8.24147704"
 Parameter: YMIN -> "1.24147704"
 Parameter: ZMAX -> "23.4989486"
 Parameter: ZMIN -> "16.4989486"
 SELRPN>     10 atoms have been selected out of  13504
  
 CHARMM>     
  
 CHARMM>            ! check if the ions are too close to protein
  
 CHARMM>            define XXX sele PROT end
 SELRPN>    872 atoms have been selected out of  13504
  
 CHARMM>            if ?nsel .gt. 0 then
 RDCMND substituted energy or value "?NSEL" to "872"
 Comparing "872" and "0".
 IF test evaluated as true.  Performing command
  
 CHARMM>                coor dist cut 10.0 sele target end -
 CHARMM>                                   sele PROT .and. JUNK .and. .not. hydrogen end image
 SELRPN>      1 atoms have been selected out of  22944
 SELRPN>      0 atoms have been selected out of  22944

            DISTANCES FOR SELECTED ATOMS
            ONLY ONE SELECTION SET SPECIFIED, A COMPARISON WILL BE DONE
 TOTAL EXCLUSION COUNT =         0
 TOTAL 1-4 EXCLUSIONS  =         0
 TOTAL NON-EXCLUSIONS  =         0
  
 CHARMM>                if ?npair .gt. 0 goto doinit
 RDCMND substituted energy or value "?NPAIR" to "0"
 Comparing "0" and "0".
 IF test evaluated as false.  Skipping command
  
 CHARMM>            endif
  
 CHARMM>     
  
 CHARMM>            ! check if the ions are too close to solute
  
 CHARMM>            coor dist cut 4.0 sele target end sele JUNK .and. .not. hydrogen end image
 SELRPN>      1 atoms have been selected out of  22944
 SELRPN>      7 atoms have been selected out of  22944

            DISTANCES FOR SELECTED ATOMS
13496 NEG      CLA      16       CLA     -4644 MEMB     POPC     29       P             3.8797
13496 NEG      CLA      16       CLA     -4646 MEMB     POPC     29       O14           2.7705
13496 NEG      CLA      16       CLA     -4912 MEMB     POPC     31       P             3.5893
13496 NEG      CLA      16       CLA     -4913 MEMB     POPC     31       O13           3.6576
13496 NEG      CLA      16       CLA     -4914 MEMB     POPC     31       O14           2.6336
13496 NEG      CLA      16       CLA     -6522 MEMB     POPC     43       O14           2.9819
 TOTAL EXCLUSION COUNT =         0
 TOTAL 1-4 EXCLUSIONS  =         0
 TOTAL NON-EXCLUSIONS  =         6
  
 CHARMM>            if ?npair .gt. 0 goto doinit
 RDCMND substituted energy or value "?NPAIR" to "6"
 Comparing "6" and "0".
 IF test evaluated as true.  Performing command
  
 CHARMM>     
  
 CHARMM>            calc cntrand = @cntrand + 1
 Parameter: CNTRAND -> "1"
Evaluating: 1+1
 Parameter: CNTRAND <- "2"
  
 CHARMM>            if cntrand .gt. 100 stop ! ABNORMAL TERMINATION: ion placing may not work.. stop here
 Comparing "2" and "100".
 IF test evaluated as false.  Skipping command
  
 CHARMM>     
  
 CHARMM>            calc j = @i
 Parameter: I -> "28"
Evaluating: 28
 Parameter: J <- "28"
  
 CHARMM>            set ion = POS
 Parameter: ION <- "POS"
  
 CHARMM>     
  
 CHARMM>            if j .gt. @npos then
 Parameter: NPOS -> "12"
 Comparing "28" and "12".
 IF test evaluated as true.  Performing command
  
 CHARMM>               set ion = NEG
 Parameter: ION <- "NEG"
  
 CHARMM>               calc j  = @j - @npos
 Parameter: J -> "28"
 Parameter: NPOS -> "12"
Evaluating: 28-12
 Parameter: J <- "16"
  
 CHARMM>            endif
  
 CHARMM>     
  
 CHARMM>            define target select segid @ion .and. resid @j end
 Parameter: ION -> "NEG"
 Parameter: J -> "16"
 SELRPN>      1 atoms have been selected out of  13504
  
 CHARMM>     
  
 CHARMM>            calc xpos = @A * ( ?random - 0.5 )
 Parameter: A -> "60.2201683"
 RDCMND substituted energy or value "?RANDOM" to "0.502078245"
Evaluating: 60.2201683*(0.502078245-0.5)
 Parameter: XPOS <- "0.125152264"
  
 CHARMM>            calc ypos = @B * ( ?random - 0.5 )
 Parameter: B -> "60.2201683"
 RDCMND substituted energy or value "?RANDOM" to "0.142197176"
Evaluating: 60.2201683*(0.142197176-0.5)
 Parameter: YPOS <- "-21.5469463"
  
 CHARMM>            calc zpos = @C * ( ?random - 0.5 ) + @zcen
 Parameter: C -> "85"
 Parameter: ZCEN -> "0"
 RDCMND substituted energy or value "?RANDOM" to "0.380444914"
Evaluating: 85*(0.380444914-0.5)+0
 Parameter: ZPOS <- "-10.1621823"
  
 CHARMM>     
  
 CHARMM>            if zpos .gt. -15 if zpos .lt. 15 goto doinit
 Comparing "-10.1621823" and "-15".
 IF test evaluated as true.  Performing command
 Comparing "-10.1621823" and "15".
 IF test evaluated as true.  Performing command
  
 CHARMM>     
  
 CHARMM>            calc cntrand = @cntrand + 1
 Parameter: CNTRAND -> "2"
Evaluating: 2+1
 Parameter: CNTRAND <- "3"
  
 CHARMM>            if cntrand .gt. 100 stop ! ABNORMAL TERMINATION: ion placing may not work.. stop here
 Comparing "3" and "100".
 IF test evaluated as false.  Skipping command
  
 CHARMM>     
  
 CHARMM>            calc j = @i
 Parameter: I -> "28"
Evaluating: 28
 Parameter: J <- "28"
  
 CHARMM>            set ion = POS
 Parameter: ION <- "POS"
  
 CHARMM>     
  
 CHARMM>            if j .gt. @npos then
 Parameter: NPOS -> "12"
 Comparing "28" and "12".
 IF test evaluated as true.  Performing command
  
 CHARMM>               set ion = NEG
 Parameter: ION <- "NEG"
  
 CHARMM>               calc j  = @j - @npos
 Parameter: J -> "28"
 Parameter: NPOS -> "12"
Evaluating: 28-12
 Parameter: J <- "16"
  
 CHARMM>            endif
  
 CHARMM>     
  
 CHARMM>            define target select segid @ion .and. resid @j end
 Parameter: ION -> "NEG"
 Parameter: J -> "16"
 SELRPN>      1 atoms have been selected out of  13504
  
 CHARMM>     
  
 CHARMM>            calc xpos = @A * ( ?random - 0.5 )
 Parameter: A -> "60.2201683"
 RDCMND substituted energy or value "?RANDOM" to "0.364304754"
Evaluating: 60.2201683*(0.364304754-0.5)
 Parameter: XPOS <- "-8.17159055"
  
 CHARMM>            calc ypos = @B * ( ?random - 0.5 )
 Parameter: B -> "60.2201683"
 RDCMND substituted energy or value "?RANDOM" to "0.613674211"
Evaluating: 60.2201683*(0.613674211-0.5)
 Parameter: YPOS <- "6.84548012"
  
 CHARMM>            calc zpos = @C * ( ?random - 0.5 ) + @zcen
 Parameter: C -> "85"
 Parameter: ZCEN -> "0"
 RDCMND substituted energy or value "?RANDOM" to "0.508165169"
Evaluating: 85*(0.508165169-0.5)+0
 Parameter: ZPOS <- "0.694039365"
  
 CHARMM>     
  
 CHARMM>            if zpos .gt. -15 if zpos .lt. 15 goto doinit
 Comparing "0.694039365" and "-15".
 IF test evaluated as true.  Performing command
 Comparing "0.694039365" and "15".
 IF test evaluated as true.  Performing command
  
 CHARMM>     
  
 CHARMM>            calc cntrand = @cntrand + 1
 Parameter: CNTRAND -> "3"
Evaluating: 3+1
 Parameter: CNTRAND <- "4"
  
 CHARMM>            if cntrand .gt. 100 stop ! ABNORMAL TERMINATION: ion placing may not work.. stop here
 Comparing "4" and "100".
 IF test evaluated as false.  Skipping command
  
 CHARMM>     
  
 CHARMM>            calc j = @i
 Parameter: I -> "28"
Evaluating: 28
 Parameter: J <- "28"
  
 CHARMM>            set ion = POS
 Parameter: ION <- "POS"
  
 CHARMM>     
  
 CHARMM>            if j .gt. @npos then
 Parameter: NPOS -> "12"
 Comparing "28" and "12".
 IF test evaluated as true.  Performing command
  
 CHARMM>               set ion = NEG
 Parameter: ION <- "NEG"
  
 CHARMM>               calc j  = @j - @npos
 Parameter: J -> "28"
 Parameter: NPOS -> "12"
Evaluating: 28-12
 Parameter: J <- "16"
  
 CHARMM>            endif
  
 CHARMM>     
  
 CHARMM>            define target select segid @ion .and. resid @j end
 Parameter: ION -> "NEG"
 Parameter: J -> "16"
 SELRPN>      1 atoms have been selected out of  13504
  
 CHARMM>     
  
 CHARMM>            calc xpos = @A * ( ?random - 0.5 )
 Parameter: A -> "60.2201683"
 RDCMND substituted energy or value "?RANDOM" to "0.51127697"
Evaluating: 60.2201683*(0.51127697-0.5)
 Parameter: XPOS <- "0.679101031"
  
 CHARMM>            calc ypos = @B * ( ?random - 0.5 )
 Parameter: B -> "60.2201683"
 RDCMND substituted energy or value "?RANDOM" to "9.216117739E-02"
Evaluating: 60.2201683*(9.216117739E-02-0.5)
 Parameter: YPOS <- "-24.5601225"
  
 CHARMM>            calc zpos = @C * ( ?random - 0.5 ) + @zcen
 Parameter: C -> "85"
 Parameter: ZCEN -> "0"
 RDCMND substituted energy or value "?RANDOM" to "7.57510558E-02"
Evaluating: 85*(7.57510558E-02-0.5)+0
 Parameter: ZPOS <- "-36.0611603"
  
 CHARMM>     
  
 CHARMM>            if zpos .gt. -15 if zpos .lt. 15 goto doinit
 Comparing "-36.0611603" and "-15".
 IF test evaluated as false.  Skipping command
  
 CHARMM>     
  
 CHARMM>            ! move target to selected position
  
 CHARMM>            coor stat select target end
 SELRPN>      1 atoms have been selected out of  13504
 STATISTICS FOR         1 SELECTED ATOMS:
    XMIN =  -24.314055 XMAX =  -24.314055 XAVE =  -24.314055
    YMIN =    4.741477 YMAX =    4.741477 YAVE =    4.741477
    ZMIN =   19.998949 ZMAX =   19.998949 ZAVE =   19.998949
    WMIN =   -1.000000 WMAX =   -1.000000 WAVE =   -1.000000
  
 CHARMM>            calc xtran = @xpos - ?xave
 Parameter: XPOS -> "0.679101031"
 RDCMND substituted energy or value "?XAVE" to "-24.3140555"
Evaluating: 0.679101031--24.3140555
 Parameter: XTRAN <- "24.9931565"
  
 CHARMM>            calc ytran = @ypos - ?yave
 Parameter: YPOS -> "-24.5601225"
 RDCMND substituted energy or value "?YAVE" to "4.74147704"
Evaluating: -24.5601225-4.74147704
 Parameter: YTRAN <- "-29.3015995"
  
 CHARMM>            calc ztran = @zpos - ?zave
 Parameter: ZPOS -> "-36.0611603"
 RDCMND substituted energy or value "?ZAVE" to "19.9989486"
Evaluating: -36.0611603-19.9989486
 Parameter: ZTRAN <- "-56.0601089"
  
 CHARMM>            coor trans xdir @xtran ydir @ytran zdir @ztran select target end
 Parameter: XTRAN -> "24.9931565"
 Parameter: YTRAN -> "-29.3015995"
 Parameter: ZTRAN -> "-56.0601089"
 SELRPN>      1 atoms have been selected out of  13504
 TRANSLATION VECTOR    24.993157  -29.301599  -56.060109
 SELECTED COORDINATES TRANSLATED IN THE MAIN SET.

  
 CHARMM>     
  
 CHARMM>            ! apply a random rotation along XYZ
  
 CHARMM>            calc xphi = ?random * 360.0
 RDCMND substituted energy or value "?RANDOM" to "0.382486763"
Evaluating: 0.382486763*360.0
 Parameter: XPHI <- "137.695235"
  
 CHARMM>            calc yphi = ?random * 360.0
 RDCMND substituted energy or value "?RANDOM" to "0.624287946"
Evaluating: 0.624287946*360.0
 Parameter: YPHI <- "224.743661"
  
 CHARMM>            calc zphi = ?random * 360.0
 RDCMND substituted energy or value "?RANDOM" to "0.415774274"
Evaluating: 0.415774274*360.0
 Parameter: ZPHI <- "149.678739"
  
 CHARMM>            coor rotate xcen @xpos ycen @ypos zcen @zpos xdir 1.0 -
 CHARMM>                phi @xphi select target end
 Parameter: XPOS -> "0.679101031"
 Parameter: YPOS -> "-24.5601225"
 Parameter: ZPOS -> "-36.0611603"
 Parameter: XPHI -> "137.695235"
 SELRPN>      1 atoms have been selected out of  13504
 ROTATION MATRIX
    1.000000    0.000000    0.000000
    0.000000   -0.739575    0.673074
    0.000000   -0.673074   -0.739575

 AXIS OF ROTATION IS  1.000000  0.000000  0.000000  ANGLE IS  137.70

 SELECTED COORDINATES ROTATED IN THE MAIN SET.

  
 CHARMM>            coor rotate xcen @xpos ycen @ypos zcen @zpos ydir 1.0 -
 CHARMM>                phi @yphi select target end
 Parameter: XPOS -> "0.679101031"
 Parameter: YPOS -> "-24.5601225"
 Parameter: ZPOS -> "-36.0611603"
 Parameter: YPHI -> "224.743661"
 SELRPN>      1 atoms have been selected out of  13504
 ROTATION MATRIX
   -0.710263    0.000000    0.703936
    0.000000    1.000000    0.000000
   -0.703936    0.000000   -0.710263

 AXIS OF ROTATION IS  0.000000 -1.000000  0.000000  ANGLE IS  135.26

 SELECTED COORDINATES ROTATED IN THE MAIN SET.

  
 CHARMM>            coor rotate xcen @xpos ycen @ypos zcen @zpos zdir 1.0 -
 CHARMM>                phi @zphi select target end
 Parameter: XPOS -> "0.679101031"
 Parameter: YPOS -> "-24.5601225"
 Parameter: ZPOS -> "-36.0611603"
 Parameter: ZPHI -> "149.678739"
 SELRPN>      1 atoms have been selected out of  13504
 ROTATION MATRIX
   -0.863208    0.504848    0.000000
   -0.504848   -0.863208    0.000000
    0.000000    0.000000    1.000000

 AXIS OF ROTATION IS  0.000000  0.000000  1.000000  ANGLE IS  149.68

 SELECTED COORDINATES ROTATED IN THE MAIN SET.

  
 CHARMM>     
  
 CHARMM>     
  
 CHARMM>            calc dcut = 3.5
Evaluating: 3.5
 Parameter: DCUT <- "3.5"
  
 CHARMM>     
  
 CHARMM>            coor stat sele target end
 SELRPN>      1 atoms have been selected out of  13504
 STATISTICS FOR         1 SELECTED ATOMS:
    XMIN =    0.679101 XMAX =    0.679101 XAVE =    0.679101
    YMIN =  -24.560122 YMAX =  -24.560122 YAVE =  -24.560122
    ZMIN =  -36.061160 ZMAX =  -36.061160 ZAVE =  -36.061160
    WMIN =   -1.000000 WMAX =   -1.000000 WAVE =   -1.000000
  
 CHARMM>            calc xmax = ?xmax + @dcut
 Parameter: DCUT -> "3.5"
 RDCMND substituted energy or value "?XMAX" to "0.679101013"
Evaluating: 0.679101013+3.5
 Parameter: XMAX <- "4.17910101"
  
 CHARMM>            calc ymax = ?ymax + @dcut
 Parameter: DCUT -> "3.5"
 RDCMND substituted energy or value "?YMAX" to "-24.5601225"
Evaluating: -24.5601225+3.5
 Parameter: YMAX <- "-21.0601225"
  
 CHARMM>            calc zmax = ?zmax + @dcut
 Parameter: DCUT -> "3.5"
 RDCMND substituted energy or value "?ZMAX" to "-36.0611603"
Evaluating: -36.0611603+3.5
 Parameter: ZMAX <- "-32.5611603"
  
 CHARMM>            calc xmin = ?xmin - @dcut
 Parameter: DCUT -> "3.5"
 RDCMND substituted energy or value "?XMIN" to "0.679101013"
Evaluating: 0.679101013-3.5
 Parameter: XMIN <- "-2.82089899"
  
 CHARMM>            calc ymin = ?ymin - @dcut
 Parameter: DCUT -> "3.5"
 RDCMND substituted energy or value "?YMIN" to "-24.5601225"
Evaluating: -24.5601225-3.5
 Parameter: YMIN <- "-28.0601225"
  
 CHARMM>            calc zmin = ?zmin - @dcut
 Parameter: DCUT -> "3.5"
 RDCMND substituted energy or value "?ZMIN" to "-36.0611603"
Evaluating: -36.0611603-3.5
 Parameter: ZMIN <- "-39.5611603"
  
 CHARMM>     
  
 CHARMM>            define JUNK sele .not. target .and. -
 CHARMM>                             prop X .lt. @xmax .and. prop X .gt. @xmin .and. -
 CHARMM>                             prop Y .lt. @ymax .and. prop Y .gt. @ymin .and. -
 CHARMM>                             prop Z .lt. @zmax .and. prop Z .gt. @zmin  end
 Parameter: XMAX -> "4.17910101"
 Parameter: XMIN -> "-2.82089899"
 Parameter: YMAX -> "-21.0601225"
 Parameter: YMIN -> "-28.0601225"
 Parameter: ZMAX -> "-32.5611603"
 Parameter: ZMIN -> "-39.5611603"
 SELRPN>      0 atoms have been selected out of  13504
  
 CHARMM>     
  
 CHARMM>            ! check if the ions are too close to protein
  
 CHARMM>            define XXX sele PROT end
 SELRPN>    872 atoms have been selected out of  13504
  
 CHARMM>            if ?nsel .gt. 0 then
 RDCMND substituted energy or value "?NSEL" to "872"
 Comparing "872" and "0".
 IF test evaluated as true.  Performing command
  
 CHARMM>                coor dist cut 10.0 sele target end -
 CHARMM>                                   sele PROT .and. JUNK .and. .not. hydrogen end image
 SELRPN>      1 atoms have been selected out of  22944
 SELRPN>      0 atoms have been selected out of  22944

            DISTANCES FOR SELECTED ATOMS
            ONLY ONE SELECTION SET SPECIFIED, A COMPARISON WILL BE DONE
 TOTAL EXCLUSION COUNT =         0
 TOTAL 1-4 EXCLUSIONS  =         0
 TOTAL NON-EXCLUSIONS  =         0
  
 CHARMM>                if ?npair .gt. 0 goto doinit
 RDCMND substituted energy or value "?NPAIR" to "0"
 Comparing "0" and "0".
 IF test evaluated as false.  Skipping command
  
 CHARMM>            endif
  
 CHARMM>     
  
 CHARMM>            ! check if the ions are too close to solute
  
 CHARMM>            coor dist cut 4.0 sele target end sele JUNK .and. .not. hydrogen end image
 SELRPN>      1 atoms have been selected out of  22944
 SELRPN>      0 atoms have been selected out of  22944

            DISTANCES FOR SELECTED ATOMS
            ONLY ONE SELECTION SET SPECIFIED, A COMPARISON WILL BE DONE
 TOTAL EXCLUSION COUNT =         0
 TOTAL 1-4 EXCLUSIONS  =         0
 TOTAL NON-EXCLUSIONS  =         0
  
 CHARMM>            if ?npair .gt. 0 goto doinit
 RDCMND substituted energy or value "?NPAIR" to "0"
 Comparing "0" and "0".
 IF test evaluated as false.  Skipping command
  
 CHARMM>     
  
 CHARMM>            calc cntrand = 0
Evaluating: 0
 Parameter: CNTRAND <- "0"
  
 CHARMM>            increase i by 1
 Parameter: I <- "29"
  
 CHARMM>            if i .le. @nion goto doinit
 Parameter: NION -> "36"
 Comparing "29" and "36".
 IF test evaluated as true.  Performing command
  
 CHARMM>     
  
 CHARMM>            calc cntrand = @cntrand + 1
 Parameter: CNTRAND -> "0"
Evaluating: 0+1
 Parameter: CNTRAND <- "1"
  
 CHARMM>            if cntrand .gt. 100 stop ! ABNORMAL TERMINATION: ion placing may not work.. stop here
 Comparing "1" and "100".
 IF test evaluated as false.  Skipping command
  
 CHARMM>     
  
 CHARMM>            calc j = @i
 Parameter: I -> "29"
Evaluating: 29
 Parameter: J <- "29"
  
 CHARMM>            set ion = POS
 Parameter: ION <- "POS"
  
 CHARMM>     
  
 CHARMM>            if j .gt. @npos then
 Parameter: NPOS -> "12"
 Comparing "29" and "12".
 IF test evaluated as true.  Performing command
  
 CHARMM>               set ion = NEG
 Parameter: ION <- "NEG"
  
 CHARMM>               calc j  = @j - @npos
 Parameter: J -> "29"
 Parameter: NPOS -> "12"
Evaluating: 29-12
 Parameter: J <- "17"
  
 CHARMM>            endif
  
 CHARMM>     
  
 CHARMM>            define target select segid @ion .and. resid @j end
 Parameter: ION -> "NEG"
 Parameter: J -> "17"
 SELRPN>      1 atoms have been selected out of  13504
  
 CHARMM>     
  
 CHARMM>            calc xpos = @A * ( ?random - 0.5 )
 Parameter: A -> "60.2201683"
 RDCMND substituted energy or value "?RANDOM" to "0.304767881"
Evaluating: 60.2201683*(0.304767881-0.5)
 Parameter: XPOS <- "-11.7569111"
  
 CHARMM>            calc ypos = @B * ( ?random - 0.5 )
 Parameter: B -> "60.2201683"
 RDCMND substituted energy or value "?RANDOM" to "0.622189872"
Evaluating: 60.2201683*(0.622189872-0.5)
 Parameter: YPOS <- "7.35829466"
  
 CHARMM>            calc zpos = @C * ( ?random - 0.5 ) + @zcen
 Parameter: C -> "85"
 Parameter: ZCEN -> "0"
 RDCMND substituted energy or value "?RANDOM" to "0.179783955"
Evaluating: 85*(0.179783955-0.5)+0
 Parameter: ZPOS <- "-27.2183638"
  
 CHARMM>     
  
 CHARMM>            if zpos .gt. -15 if zpos .lt. 15 goto doinit
 Comparing "-27.2183638" and "-15".
 IF test evaluated as false.  Skipping command
  
 CHARMM>     
  
 CHARMM>            ! move target to selected position
  
 CHARMM>            coor stat select target end
 SELRPN>      1 atoms have been selected out of  13504
 STATISTICS FOR         1 SELECTED ATOMS:
    XMIN =    0.000000 XMAX =    0.000000 XAVE =    0.000000
    YMIN =    0.000000 YMAX =    0.000000 YAVE =    0.000000
    ZMIN =    0.000000 ZMAX =    0.000000 ZAVE =    0.000000
    WMIN =   -1.000000 WMAX =   -1.000000 WAVE =   -1.000000
  
 CHARMM>            calc xtran = @xpos - ?xave
 Parameter: XPOS -> "-11.7569111"
 RDCMND substituted energy or value "?XAVE" to "0"
Evaluating: -11.7569111-0
 Parameter: XTRAN <- "-11.7569111"
  
 CHARMM>            calc ytran = @ypos - ?yave
 Parameter: YPOS -> "7.35829466"
 RDCMND substituted energy or value "?YAVE" to "0"
Evaluating: 7.35829466-0
 Parameter: YTRAN <- "7.35829466"
  
 CHARMM>            calc ztran = @zpos - ?zave
 Parameter: ZPOS -> "-27.2183638"
 RDCMND substituted energy or value "?ZAVE" to "0"
Evaluating: -27.2183638-0
 Parameter: ZTRAN <- "-27.2183638"
  
 CHARMM>            coor trans xdir @xtran ydir @ytran zdir @ztran select target end
 Parameter: XTRAN -> "-11.7569111"
 Parameter: YTRAN -> "7.35829466"
 Parameter: ZTRAN -> "-27.2183638"
 SELRPN>      1 atoms have been selected out of  13504
 TRANSLATION VECTOR   -11.756911    7.358295  -27.218364
 SELECTED COORDINATES TRANSLATED IN THE MAIN SET.

  
 CHARMM>     
  
 CHARMM>            ! apply a random rotation along XYZ
  
 CHARMM>            calc xphi = ?random * 360.0
 RDCMND substituted energy or value "?RANDOM" to "3.014954105E-02"
Evaluating: 3.014954105E-02*360.0
 Parameter: XPHI <- "10.8538348"
  
 CHARMM>            calc yphi = ?random * 360.0
 RDCMND substituted energy or value "?RANDOM" to "0.845015255"
Evaluating: 0.845015255*360.0
 Parameter: YPHI <- "304.205492"
  
 CHARMM>            calc zphi = ?random * 360.0
 RDCMND substituted energy or value "?RANDOM" to "0.726065067"
Evaluating: 0.726065067*360.0
 Parameter: ZPHI <- "261.383424"
  
 CHARMM>            coor rotate xcen @xpos ycen @ypos zcen @zpos xdir 1.0 -
 CHARMM>                phi @xphi select target end
 Parameter: XPOS -> "-11.7569111"
 Parameter: YPOS -> "7.35829466"
 Parameter: ZPOS -> "-27.2183638"
 Parameter: XPHI -> "10.8538348"
 SELRPN>      1 atoms have been selected out of  13504
 ROTATION MATRIX
    1.000000    0.000000    0.000000
    0.000000    0.982111    0.188304
    0.000000   -0.188304    0.982111

 AXIS OF ROTATION IS  1.000000  0.000000  0.000000  ANGLE IS   10.85

 SELECTED COORDINATES ROTATED IN THE MAIN SET.

  
 CHARMM>            coor rotate xcen @xpos ycen @ypos zcen @zpos ydir 1.0 -
 CHARMM>                phi @yphi select target end
 Parameter: XPOS -> "-11.7569111"
 Parameter: YPOS -> "7.35829466"
 Parameter: ZPOS -> "-27.2183638"
 Parameter: YPHI -> "304.205492"
 SELRPN>      1 atoms have been selected out of  13504
 ROTATION MATRIX
    0.562163    0.000000    0.827027
    0.000000    1.000000    0.000000
   -0.827027    0.000000    0.562163

 AXIS OF ROTATION IS  0.000000 -1.000000  0.000000  ANGLE IS   55.79

 SELECTED COORDINATES ROTATED IN THE MAIN SET.

  
 CHARMM>            coor rotate xcen @xpos ycen @ypos zcen @zpos zdir 1.0 -
 CHARMM>                phi @zphi select target end
 Parameter: XPOS -> "-11.7569111"
 Parameter: YPOS -> "7.35829466"
 Parameter: ZPOS -> "-27.2183638"
 Parameter: ZPHI -> "261.383424"
 SELRPN>      1 atoms have been selected out of  13504
 ROTATION MATRIX
   -0.149821   -0.988713    0.000000
    0.988713   -0.149821    0.000000
    0.000000    0.000000    1.000000

 AXIS OF ROTATION IS  0.000000  0.000000 -1.000000  ANGLE IS   98.62

 SELECTED COORDINATES ROTATED IN THE MAIN SET.

  
 CHARMM>     
  
 CHARMM>     
  
 CHARMM>            calc dcut = 3.5
Evaluating: 3.5
 Parameter: DCUT <- "3.5"
  
 CHARMM>     
  
 CHARMM>            coor stat sele target end
 SELRPN>      1 atoms have been selected out of  13504
 STATISTICS FOR         1 SELECTED ATOMS:
    XMIN =  -11.756911 XMAX =  -11.756911 XAVE =  -11.756911
    YMIN =    7.358295 YMAX =    7.358295 YAVE =    7.358295
    ZMIN =  -27.218364 ZMAX =  -27.218364 ZAVE =  -27.218364
    WMIN =   -1.000000 WMAX =   -1.000000 WAVE =   -1.000000
  
 CHARMM>            calc xmax = ?xmax + @dcut
 Parameter: DCUT -> "3.5"
 RDCMND substituted energy or value "?XMAX" to "-11.7569111"
Evaluating: -11.7569111+3.5
 Parameter: XMAX <- "-8.2569111"
  
 CHARMM>            calc ymax = ?ymax + @dcut
 Parameter: DCUT -> "3.5"
 RDCMND substituted energy or value "?YMAX" to "7.35829466"
Evaluating: 7.35829466+3.5
 Parameter: YMAX <- "10.8582947"
  
 CHARMM>            calc zmax = ?zmax + @dcut
 Parameter: DCUT -> "3.5"
 RDCMND substituted energy or value "?ZMAX" to "-27.2183638"
Evaluating: -27.2183638+3.5
 Parameter: ZMAX <- "-23.7183638"
  
 CHARMM>            calc xmin = ?xmin - @dcut
 Parameter: DCUT -> "3.5"
 RDCMND substituted energy or value "?XMIN" to "-11.7569111"
Evaluating: -11.7569111-3.5
 Parameter: XMIN <- "-15.2569111"
  
 CHARMM>            calc ymin = ?ymin - @dcut
 Parameter: DCUT -> "3.5"
 RDCMND substituted energy or value "?YMIN" to "7.35829466"
Evaluating: 7.35829466-3.5
 Parameter: YMIN <- "3.85829466"
  
 CHARMM>            calc zmin = ?zmin - @dcut
 Parameter: DCUT -> "3.5"
 RDCMND substituted energy or value "?ZMIN" to "-27.2183638"
Evaluating: -27.2183638-3.5
 Parameter: ZMIN <- "-30.7183638"
  
 CHARMM>     
  
 CHARMM>            define JUNK sele .not. target .and. -
 CHARMM>                             prop X .lt. @xmax .and. prop X .gt. @xmin .and. -
 CHARMM>                             prop Y .lt. @ymax .and. prop Y .gt. @ymin .and. -
 CHARMM>                             prop Z .lt. @zmax .and. prop Z .gt. @zmin  end
 Parameter: XMAX -> "-8.2569111"
 Parameter: XMIN -> "-15.2569111"
 Parameter: YMAX -> "10.8582947"
 Parameter: YMIN -> "3.85829466"
 Parameter: ZMAX -> "-23.7183638"
 Parameter: ZMIN -> "-30.7183638"
 SELRPN>      0 atoms have been selected out of  13504
  
 CHARMM>     
  
 CHARMM>            ! check if the ions are too close to protein
  
 CHARMM>            define XXX sele PROT end
 SELRPN>    872 atoms have been selected out of  13504
  
 CHARMM>            if ?nsel .gt. 0 then
 RDCMND substituted energy or value "?NSEL" to "872"
 Comparing "872" and "0".
 IF test evaluated as true.  Performing command
  
 CHARMM>                coor dist cut 10.0 sele target end -
 CHARMM>                                   sele PROT .and. JUNK .and. .not. hydrogen end image
 SELRPN>      1 atoms have been selected out of  22944
 SELRPN>      0 atoms have been selected out of  22944

            DISTANCES FOR SELECTED ATOMS
            ONLY ONE SELECTION SET SPECIFIED, A COMPARISON WILL BE DONE
 TOTAL EXCLUSION COUNT =         0
 TOTAL 1-4 EXCLUSIONS  =         0
 TOTAL NON-EXCLUSIONS  =         0
  
 CHARMM>                if ?npair .gt. 0 goto doinit
 RDCMND substituted energy or value "?NPAIR" to "0"
 Comparing "0" and "0".
 IF test evaluated as false.  Skipping command
  
 CHARMM>            endif
  
 CHARMM>     
  
 CHARMM>            ! check if the ions are too close to solute
  
 CHARMM>            coor dist cut 4.0 sele target end sele JUNK .and. .not. hydrogen end image
 SELRPN>      1 atoms have been selected out of  22944
 SELRPN>      0 atoms have been selected out of  22944

            DISTANCES FOR SELECTED ATOMS
            ONLY ONE SELECTION SET SPECIFIED, A COMPARISON WILL BE DONE
 TOTAL EXCLUSION COUNT =         0
 TOTAL 1-4 EXCLUSIONS  =         0
 TOTAL NON-EXCLUSIONS  =         0
  
 CHARMM>            if ?npair .gt. 0 goto doinit
 RDCMND substituted energy or value "?NPAIR" to "0"
 Comparing "0" and "0".
 IF test evaluated as false.  Skipping command
  
 CHARMM>     
  
 CHARMM>            calc cntrand = 0
Evaluating: 0
 Parameter: CNTRAND <- "0"
  
 CHARMM>            increase i by 1
 Parameter: I <- "30"
  
 CHARMM>            if i .le. @nion goto doinit
 Parameter: NION -> "36"
 Comparing "30" and "36".
 IF test evaluated as true.  Performing command
  
 CHARMM>     
  
 CHARMM>            calc cntrand = @cntrand + 1
 Parameter: CNTRAND -> "0"
Evaluating: 0+1
 Parameter: CNTRAND <- "1"
  
 CHARMM>            if cntrand .gt. 100 stop ! ABNORMAL TERMINATION: ion placing may not work.. stop here
 Comparing "1" and "100".
 IF test evaluated as false.  Skipping command
  
 CHARMM>     
  
 CHARMM>            calc j = @i
 Parameter: I -> "30"
Evaluating: 30
 Parameter: J <- "30"
  
 CHARMM>            set ion = POS
 Parameter: ION <- "POS"
  
 CHARMM>     
  
 CHARMM>            if j .gt. @npos then
 Parameter: NPOS -> "12"
 Comparing "30" and "12".
 IF test evaluated as true.  Performing command
  
 CHARMM>               set ion = NEG
 Parameter: ION <- "NEG"
  
 CHARMM>               calc j  = @j - @npos
 Parameter: J -> "30"
 Parameter: NPOS -> "12"
Evaluating: 30-12
 Parameter: J <- "18"
  
 CHARMM>            endif
  
 CHARMM>     
  
 CHARMM>            define target select segid @ion .and. resid @j end
 Parameter: ION -> "NEG"
 Parameter: J -> "18"
 SELRPN>      1 atoms have been selected out of  13504
  
 CHARMM>     
  
 CHARMM>            calc xpos = @A * ( ?random - 0.5 )
 Parameter: A -> "60.2201683"
 RDCMND substituted energy or value "?RANDOM" to "0.393762197"
Evaluating: 60.2201683*(0.393762197-0.5)
 Parameter: XPOS <- "-6.39765838"
  
 CHARMM>            calc ypos = @B * ( ?random - 0.5 )
 Parameter: B -> "60.2201683"
 RDCMND substituted energy or value "?RANDOM" to "0.674376823"
Evaluating: 60.2201683*(0.674376823-0.5)
 Parameter: YPOS <- "10.5010016"
  
 CHARMM>            calc zpos = @C * ( ?random - 0.5 ) + @zcen
 Parameter: C -> "85"
 Parameter: ZCEN -> "0"
 RDCMND substituted energy or value "?RANDOM" to "0.483036016"
Evaluating: 85*(0.483036016-0.5)+0
 Parameter: ZPOS <- "-1.44193864"
  
 CHARMM>     
  
 CHARMM>            if zpos .gt. -15 if zpos .lt. 15 goto doinit
 Comparing "-1.44193864" and "-15".
 IF test evaluated as true.  Performing command
 Comparing "-1.44193864" and "15".
 IF test evaluated as true.  Performing command
  
 CHARMM>     
  
 CHARMM>            calc cntrand = @cntrand + 1
 Parameter: CNTRAND -> "1"
Evaluating: 1+1
 Parameter: CNTRAND <- "2"
  
 CHARMM>            if cntrand .gt. 100 stop ! ABNORMAL TERMINATION: ion placing may not work.. stop here
 Comparing "2" and "100".
 IF test evaluated as false.  Skipping command
  
 CHARMM>     
  
 CHARMM>            calc j = @i
 Parameter: I -> "30"
Evaluating: 30
 Parameter: J <- "30"
  
 CHARMM>            set ion = POS
 Parameter: ION <- "POS"
  
 CHARMM>     
  
 CHARMM>            if j .gt. @npos then
 Parameter: NPOS -> "12"
 Comparing "30" and "12".
 IF test evaluated as true.  Performing command
  
 CHARMM>               set ion = NEG
 Parameter: ION <- "NEG"
  
 CHARMM>               calc j  = @j - @npos
 Parameter: J -> "30"
 Parameter: NPOS -> "12"
Evaluating: 30-12
 Parameter: J <- "18"
  
 CHARMM>            endif
  
 CHARMM>     
  
 CHARMM>            define target select segid @ion .and. resid @j end
 Parameter: ION -> "NEG"
 Parameter: J -> "18"
 SELRPN>      1 atoms have been selected out of  13504
  
 CHARMM>     
  
 CHARMM>            calc xpos = @A * ( ?random - 0.5 )
 Parameter: A -> "60.2201683"
 RDCMND substituted energy or value "?RANDOM" to "0.921867821"
Evaluating: 60.2201683*(0.921867821-0.5)
 Parameter: XPOS <- "25.4049512"
  
 CHARMM>            calc ypos = @B * ( ?random - 0.5 )
 Parameter: B -> "60.2201683"
 RDCMND substituted energy or value "?RANDOM" to "0.600432042"
Evaluating: 60.2201683*(0.600432042-0.5)
 Parameter: YPOS <- "6.04803447"
  
 CHARMM>            calc zpos = @C * ( ?random - 0.5 ) + @zcen
 Parameter: C -> "85"
 Parameter: ZCEN -> "0"
 RDCMND substituted energy or value "?RANDOM" to "0.948319735"
Evaluating: 85*(0.948319735-0.5)+0
 Parameter: ZPOS <- "38.1071775"
  
 CHARMM>     
  
 CHARMM>            if zpos .gt. -15 if zpos .lt. 15 goto doinit
 Comparing "38.1071775" and "-15".
 IF test evaluated as true.  Performing command
 Comparing "38.1071775" and "15".
 IF test evaluated as false.  Skipping command
  
 CHARMM>     
  
 CHARMM>            ! move target to selected position
  
 CHARMM>            coor stat select target end
 SELRPN>      1 atoms have been selected out of  13504
 STATISTICS FOR         1 SELECTED ATOMS:
    XMIN =    0.000000 XMAX =    0.000000 XAVE =    0.000000
    YMIN =    0.000000 YMAX =    0.000000 YAVE =    0.000000
    ZMIN =    0.000000 ZMAX =    0.000000 ZAVE =    0.000000
    WMIN =   -1.000000 WMAX =   -1.000000 WAVE =   -1.000000
  
 CHARMM>            calc xtran = @xpos - ?xave
 Parameter: XPOS -> "25.4049512"
 RDCMND substituted energy or value "?XAVE" to "0"
Evaluating: 25.4049512-0
 Parameter: XTRAN <- "25.4049512"
  
 CHARMM>            calc ytran = @ypos - ?yave
 Parameter: YPOS -> "6.04803447"
 RDCMND substituted energy or value "?YAVE" to "0"
Evaluating: 6.04803447-0
 Parameter: YTRAN <- "6.04803447"
  
 CHARMM>            calc ztran = @zpos - ?zave
 Parameter: ZPOS -> "38.1071775"
 RDCMND substituted energy or value "?ZAVE" to "0"
Evaluating: 38.1071775-0
 Parameter: ZTRAN <- "38.1071775"
  
 CHARMM>            coor trans xdir @xtran ydir @ytran zdir @ztran select target end
 Parameter: XTRAN -> "25.4049512"
 Parameter: YTRAN -> "6.04803447"
 Parameter: ZTRAN -> "38.1071775"
 SELRPN>      1 atoms have been selected out of  13504
 TRANSLATION VECTOR    25.404951    6.048034   38.107177
 SELECTED COORDINATES TRANSLATED IN THE MAIN SET.

  
 CHARMM>     
  
 CHARMM>            ! apply a random rotation along XYZ
  
 CHARMM>            calc xphi = ?random * 360.0
 RDCMND substituted energy or value "?RANDOM" to "0.767719393"
Evaluating: 0.767719393*360.0
 Parameter: XPHI <- "276.378981"
  
 CHARMM>            calc yphi = ?random * 360.0
 RDCMND substituted energy or value "?RANDOM" to "0.760216369"
Evaluating: 0.760216369*360.0
 Parameter: YPHI <- "273.677893"
  
 CHARMM>            calc zphi = ?random * 360.0
 RDCMND substituted energy or value "?RANDOM" to "0.773294559"
Evaluating: 0.773294559*360.0
 Parameter: ZPHI <- "278.386041"
  
 CHARMM>            coor rotate xcen @xpos ycen @ypos zcen @zpos xdir 1.0 -
 CHARMM>                phi @xphi select target end
 Parameter: XPOS -> "25.4049512"
 Parameter: YPOS -> "6.04803447"
 Parameter: ZPOS -> "38.1071775"
 Parameter: XPHI -> "276.378981"
 SELRPN>      1 atoms have been selected out of  13504
 ROTATION MATRIX
    1.000000    0.000000    0.000000
    0.000000    0.111104   -0.993809
    0.000000    0.993809    0.111104

 AXIS OF ROTATION IS -1.000000  0.000000  0.000000  ANGLE IS   83.62

 SELECTED COORDINATES ROTATED IN THE MAIN SET.

  
 CHARMM>            coor rotate xcen @xpos ycen @ypos zcen @zpos ydir 1.0 -
 CHARMM>                phi @yphi select target end
 Parameter: XPOS -> "25.4049512"
 Parameter: YPOS -> "6.04803447"
 Parameter: ZPOS -> "38.1071775"
 Parameter: YPHI -> "273.677893"
 SELRPN>      1 atoms have been selected out of  13504
 ROTATION MATRIX
    0.064147    0.000000    0.997940
    0.000000    1.000000    0.000000
   -0.997940    0.000000    0.064147

 AXIS OF ROTATION IS  0.000000 -1.000000  0.000000  ANGLE IS   86.32

 SELECTED COORDINATES ROTATED IN THE MAIN SET.

  
 CHARMM>            coor rotate xcen @xpos ycen @ypos zcen @zpos zdir 1.0 -
 CHARMM>                phi @zphi select target end
 Parameter: XPOS -> "25.4049512"
 Parameter: YPOS -> "6.04803447"
 Parameter: ZPOS -> "38.1071775"
 Parameter: ZPHI -> "278.386041"
 SELRPN>      1 atoms have been selected out of  13504
 ROTATION MATRIX
    0.145842   -0.989308    0.000000
    0.989308    0.145842    0.000000
    0.000000    0.000000    1.000000

 AXIS OF ROTATION IS  0.000000  0.000000 -1.000000  ANGLE IS   81.61

 SELECTED COORDINATES ROTATED IN THE MAIN SET.

  
 CHARMM>     
  
 CHARMM>     
  
 CHARMM>            calc dcut = 3.5
Evaluating: 3.5
 Parameter: DCUT <- "3.5"
  
 CHARMM>     
  
 CHARMM>            coor stat sele target end
 SELRPN>      1 atoms have been selected out of  13504
 STATISTICS FOR         1 SELECTED ATOMS:
    XMIN =   25.404951 XMAX =   25.404951 XAVE =   25.404951
    YMIN =    6.048034 YMAX =    6.048034 YAVE =    6.048034
    ZMIN =   38.107177 ZMAX =   38.107177 ZAVE =   38.107177
    WMIN =   -1.000000 WMAX =   -1.000000 WAVE =   -1.000000
  
 CHARMM>            calc xmax = ?xmax + @dcut
 Parameter: DCUT -> "3.5"
 RDCMND substituted energy or value "?XMAX" to "25.4049512"
Evaluating: 25.4049512+3.5
 Parameter: XMAX <- "28.9049512"
  
 CHARMM>            calc ymax = ?ymax + @dcut
 Parameter: DCUT -> "3.5"
 RDCMND substituted energy or value "?YMAX" to "6.04803447"
Evaluating: 6.04803447+3.5
 Parameter: YMAX <- "9.54803447"
  
 CHARMM>            calc zmax = ?zmax + @dcut
 Parameter: DCUT -> "3.5"
 RDCMND substituted energy or value "?ZMAX" to "38.1071775"
Evaluating: 38.1071775+3.5
 Parameter: ZMAX <- "41.6071775"
  
 CHARMM>            calc xmin = ?xmin - @dcut
 Parameter: DCUT -> "3.5"
 RDCMND substituted energy or value "?XMIN" to "25.4049512"
Evaluating: 25.4049512-3.5
 Parameter: XMIN <- "21.9049512"
  
 CHARMM>            calc ymin = ?ymin - @dcut
 Parameter: DCUT -> "3.5"
 RDCMND substituted energy or value "?YMIN" to "6.04803447"
Evaluating: 6.04803447-3.5
 Parameter: YMIN <- "2.54803447"
  
 CHARMM>            calc zmin = ?zmin - @dcut
 Parameter: DCUT -> "3.5"
 RDCMND substituted energy or value "?ZMIN" to "38.1071775"
Evaluating: 38.1071775-3.5
 Parameter: ZMIN <- "34.6071775"
  
 CHARMM>     
  
 CHARMM>            define JUNK sele .not. target .and. -
 CHARMM>                             prop X .lt. @xmax .and. prop X .gt. @xmin .and. -
 CHARMM>                             prop Y .lt. @ymax .and. prop Y .gt. @ymin .and. -
 CHARMM>                             prop Z .lt. @zmax .and. prop Z .gt. @zmin  end
 Parameter: XMAX -> "28.9049512"
 Parameter: XMIN -> "21.9049512"
 Parameter: YMAX -> "9.54803447"
 Parameter: YMIN -> "2.54803447"
 Parameter: ZMAX -> "41.6071775"
 Parameter: ZMIN -> "34.6071775"
 SELRPN>      0 atoms have been selected out of  13504
  
 CHARMM>     
  
 CHARMM>            ! check if the ions are too close to protein
  
 CHARMM>            define XXX sele PROT end
 SELRPN>    872 atoms have been selected out of  13504
  
 CHARMM>            if ?nsel .gt. 0 then
 RDCMND substituted energy or value "?NSEL" to "872"
 Comparing "872" and "0".
 IF test evaluated as true.  Performing command
  
 CHARMM>                coor dist cut 10.0 sele target end -
 CHARMM>                                   sele PROT .and. JUNK .and. .not. hydrogen end image
 SELRPN>      1 atoms have been selected out of  22944
 SELRPN>      0 atoms have been selected out of  22944

            DISTANCES FOR SELECTED ATOMS
            ONLY ONE SELECTION SET SPECIFIED, A COMPARISON WILL BE DONE
 TOTAL EXCLUSION COUNT =         0
 TOTAL 1-4 EXCLUSIONS  =         0
 TOTAL NON-EXCLUSIONS  =         0
  
 CHARMM>                if ?npair .gt. 0 goto doinit
 RDCMND substituted energy or value "?NPAIR" to "0"
 Comparing "0" and "0".
 IF test evaluated as false.  Skipping command
  
 CHARMM>            endif
  
 CHARMM>     
  
 CHARMM>            ! check if the ions are too close to solute
  
 CHARMM>            coor dist cut 4.0 sele target end sele JUNK .and. .not. hydrogen end image
 SELRPN>      1 atoms have been selected out of  22944
 SELRPN>      0 atoms have been selected out of  22944

            DISTANCES FOR SELECTED ATOMS
            ONLY ONE SELECTION SET SPECIFIED, A COMPARISON WILL BE DONE
 TOTAL EXCLUSION COUNT =         0
 TOTAL 1-4 EXCLUSIONS  =         0
 TOTAL NON-EXCLUSIONS  =         0
  
 CHARMM>            if ?npair .gt. 0 goto doinit
 RDCMND substituted energy or value "?NPAIR" to "0"
 Comparing "0" and "0".
 IF test evaluated as false.  Skipping command
  
 CHARMM>     
  
 CHARMM>            calc cntrand = 0
Evaluating: 0
 Parameter: CNTRAND <- "0"
  
 CHARMM>            increase i by 1
 Parameter: I <- "31"
  
 CHARMM>            if i .le. @nion goto doinit
 Parameter: NION -> "36"
 Comparing "31" and "36".
 IF test evaluated as true.  Performing command
  
 CHARMM>     
  
 CHARMM>            calc cntrand = @cntrand + 1
 Parameter: CNTRAND -> "0"
Evaluating: 0+1
 Parameter: CNTRAND <- "1"
  
 CHARMM>            if cntrand .gt. 100 stop ! ABNORMAL TERMINATION: ion placing may not work.. stop here
 Comparing "1" and "100".
 IF test evaluated as false.  Skipping command
  
 CHARMM>     
  
 CHARMM>            calc j = @i
 Parameter: I -> "31"
Evaluating: 31
 Parameter: J <- "31"
  
 CHARMM>            set ion = POS
 Parameter: ION <- "POS"
  
 CHARMM>     
  
 CHARMM>            if j .gt. @npos then
 Parameter: NPOS -> "12"
 Comparing "31" and "12".
 IF test evaluated as true.  Performing command
  
 CHARMM>               set ion = NEG
 Parameter: ION <- "NEG"
  
 CHARMM>               calc j  = @j - @npos
 Parameter: J -> "31"
 Parameter: NPOS -> "12"
Evaluating: 31-12
 Parameter: J <- "19"
  
 CHARMM>            endif
  
 CHARMM>     
  
 CHARMM>            define target select segid @ion .and. resid @j end
 Parameter: ION -> "NEG"
 Parameter: J -> "19"
 SELRPN>      1 atoms have been selected out of  13504
  
 CHARMM>     
  
 CHARMM>            calc xpos = @A * ( ?random - 0.5 )
 Parameter: A -> "60.2201683"
 RDCMND substituted energy or value "?RANDOM" to "0.312355989"
Evaluating: 60.2201683*(0.312355989-0.5)
 Parameter: XPOS <- "-11.2999539"
  
 CHARMM>            calc ypos = @B * ( ?random - 0.5 )
 Parameter: B -> "60.2201683"
 RDCMND substituted energy or value "?RANDOM" to "0.678602404"
Evaluating: 60.2201683*(0.678602404-0.5)
 Parameter: YPOS <- "10.7554668"
  
 CHARMM>            calc zpos = @C * ( ?random - 0.5 ) + @zcen
 Parameter: C -> "85"
 Parameter: ZCEN -> "0"
 RDCMND substituted energy or value "?RANDOM" to "0.60040226"
Evaluating: 85*(0.60040226-0.5)+0
 Parameter: ZPOS <- "8.5341921"
  
 CHARMM>     
  
 CHARMM>            if zpos .gt. -15 if zpos .lt. 15 goto doinit
 Comparing "8.5341921" and "-15".
 IF test evaluated as true.  Performing command
 Comparing "8.5341921" and "15".
 IF test evaluated as true.  Performing command
  
 CHARMM>     
  
 CHARMM>            calc cntrand = @cntrand + 1
 Parameter: CNTRAND -> "1"
Evaluating: 1+1
 Parameter: CNTRAND <- "2"
  
 CHARMM>            if cntrand .gt. 100 stop ! ABNORMAL TERMINATION: ion placing may not work.. stop here
 Comparing "2" and "100".
 IF test evaluated as false.  Skipping command
  
 CHARMM>     
  
 CHARMM>            calc j = @i
 Parameter: I -> "31"
Evaluating: 31
 Parameter: J <- "31"
  
 CHARMM>            set ion = POS
 Parameter: ION <- "POS"
  
 CHARMM>     
  
 CHARMM>            if j .gt. @npos then
 Parameter: NPOS -> "12"
 Comparing "31" and "12".
 IF test evaluated as true.  Performing command
  
 CHARMM>               set ion = NEG
 Parameter: ION <- "NEG"
  
 CHARMM>               calc j  = @j - @npos
 Parameter: J -> "31"
 Parameter: NPOS -> "12"
Evaluating: 31-12
 Parameter: J <- "19"
  
 CHARMM>            endif
  
 CHARMM>     
  
 CHARMM>            define target select segid @ion .and. resid @j end
 Parameter: ION -> "NEG"
 Parameter: J -> "19"
 SELRPN>      1 atoms have been selected out of  13504
  
 CHARMM>     
  
 CHARMM>            calc xpos = @A * ( ?random - 0.5 )
 Parameter: A -> "60.2201683"
 RDCMND substituted energy or value "?RANDOM" to "0.911577066"
Evaluating: 60.2201683*(0.911577066-0.5)
 Parameter: XPOS <- "24.7852402"
  
 CHARMM>            calc ypos = @B * ( ?random - 0.5 )
 Parameter: B -> "60.2201683"
 RDCMND substituted energy or value "?RANDOM" to "4.886639913E-03"
Evaluating: 60.2201683*(4.886639913E-03-0.5)
 Parameter: YPOS <- "-29.8158099"
  
 CHARMM>            calc zpos = @C * ( ?random - 0.5 ) + @zcen
 Parameter: C -> "85"
 Parameter: ZCEN -> "0"
 RDCMND substituted energy or value "?RANDOM" to "0.662652118"
Evaluating: 85*(0.662652118-0.5)+0
 Parameter: ZPOS <- "13.82543"
  
 CHARMM>     
  
 CHARMM>            if zpos .gt. -15 if zpos .lt. 15 goto doinit
 Comparing "13.82543" and "-15".
 IF test evaluated as true.  Performing command
 Comparing "13.82543" and "15".
 IF test evaluated as true.  Performing command
  
 CHARMM>     
  
 CHARMM>            calc cntrand = @cntrand + 1
 Parameter: CNTRAND -> "2"
Evaluating: 2+1
 Parameter: CNTRAND <- "3"
  
 CHARMM>            if cntrand .gt. 100 stop ! ABNORMAL TERMINATION: ion placing may not work.. stop here
 Comparing "3" and "100".
 IF test evaluated as false.  Skipping command
  
 CHARMM>     
  
 CHARMM>            calc j = @i
 Parameter: I -> "31"
Evaluating: 31
 Parameter: J <- "31"
  
 CHARMM>            set ion = POS
 Parameter: ION <- "POS"
  
 CHARMM>     
  
 CHARMM>            if j .gt. @npos then
 Parameter: NPOS -> "12"
 Comparing "31" and "12".
 IF test evaluated as true.  Performing command
  
 CHARMM>               set ion = NEG
 Parameter: ION <- "NEG"
  
 CHARMM>               calc j  = @j - @npos
 Parameter: J -> "31"
 Parameter: NPOS -> "12"
Evaluating: 31-12
 Parameter: J <- "19"
  
 CHARMM>            endif
  
 CHARMM>     
  
 CHARMM>            define target select segid @ion .and. resid @j end
 Parameter: ION -> "NEG"
 Parameter: J -> "19"
 SELRPN>      1 atoms have been selected out of  13504
  
 CHARMM>     
  
 CHARMM>            calc xpos = @A * ( ?random - 0.5 )
 Parameter: A -> "60.2201683"
 RDCMND substituted energy or value "?RANDOM" to "0.132203134"
Evaluating: 60.2201683*(0.132203134-0.5)
 Parameter: XPOS <- "-22.1487892"
  
 CHARMM>            calc ypos = @B * ( ?random - 0.5 )
 Parameter: B -> "60.2201683"
 RDCMND substituted energy or value "?RANDOM" to "0.172090884"
Evaluating: 60.2201683*(0.172090884-0.5)
 Parameter: YPOS <- "-19.7467422"
  
 CHARMM>            calc zpos = @C * ( ?random - 0.5 ) + @zcen
 Parameter: C -> "85"
 Parameter: ZCEN -> "0"
 RDCMND substituted energy or value "?RANDOM" to "0.433951704"
Evaluating: 85*(0.433951704-0.5)+0
 Parameter: ZPOS <- "-5.61410516"
  
 CHARMM>     
  
 CHARMM>            if zpos .gt. -15 if zpos .lt. 15 goto doinit
 Comparing "-5.61410516" and "-15".
 IF test evaluated as true.  Performing command
 Comparing "-5.61410516" and "15".
 IF test evaluated as true.  Performing command
  
 CHARMM>     
  
 CHARMM>            calc cntrand = @cntrand + 1
 Parameter: CNTRAND -> "3"
Evaluating: 3+1
 Parameter: CNTRAND <- "4"
  
 CHARMM>            if cntrand .gt. 100 stop ! ABNORMAL TERMINATION: ion placing may not work.. stop here
 Comparing "4" and "100".
 IF test evaluated as false.  Skipping command
  
 CHARMM>     
  
 CHARMM>            calc j = @i
 Parameter: I -> "31"
Evaluating: 31
 Parameter: J <- "31"
  
 CHARMM>            set ion = POS
 Parameter: ION <- "POS"
  
 CHARMM>     
  
 CHARMM>            if j .gt. @npos then
 Parameter: NPOS -> "12"
 Comparing "31" and "12".
 IF test evaluated as true.  Performing command
  
 CHARMM>               set ion = NEG
 Parameter: ION <- "NEG"
  
 CHARMM>               calc j  = @j - @npos
 Parameter: J -> "31"
 Parameter: NPOS -> "12"
Evaluating: 31-12
 Parameter: J <- "19"
  
 CHARMM>            endif
  
 CHARMM>     
  
 CHARMM>            define target select segid @ion .and. resid @j end
 Parameter: ION -> "NEG"
 Parameter: J -> "19"
 SELRPN>      1 atoms have been selected out of  13504
  
 CHARMM>     
  
 CHARMM>            calc xpos = @A * ( ?random - 0.5 )
 Parameter: A -> "60.2201683"
 RDCMND substituted energy or value "?RANDOM" to "0.548891462"
Evaluating: 60.2201683*(0.548891462-0.5)
 Parameter: XPOS <- "2.94425207"
  
 CHARMM>            calc ypos = @B * ( ?random - 0.5 )
 Parameter: B -> "60.2201683"
 RDCMND substituted energy or value "?RANDOM" to "0.71613568"
Evaluating: 60.2201683*(0.71613568-0.5)
 Parameter: YPOS <- "13.015727"
  
 CHARMM>            calc zpos = @C * ( ?random - 0.5 ) + @zcen
 Parameter: C -> "85"
 Parameter: ZCEN -> "0"
 RDCMND substituted energy or value "?RANDOM" to "0.683921966"
Evaluating: 85*(0.683921966-0.5)+0
 Parameter: ZPOS <- "15.6333671"
  
 CHARMM>     
  
 CHARMM>            if zpos .gt. -15 if zpos .lt. 15 goto doinit
 Comparing "15.6333671" and "-15".
 IF test evaluated as true.  Performing command
 Comparing "15.6333671" and "15".
 IF test evaluated as false.  Skipping command
  
 CHARMM>     
  
 CHARMM>            ! move target to selected position
  
 CHARMM>            coor stat select target end
 SELRPN>      1 atoms have been selected out of  13504
 STATISTICS FOR         1 SELECTED ATOMS:
    XMIN =    0.000000 XMAX =    0.000000 XAVE =    0.000000
    YMIN =    0.000000 YMAX =    0.000000 YAVE =    0.000000
    ZMIN =    0.000000 ZMAX =    0.000000 ZAVE =    0.000000
    WMIN =   -1.000000 WMAX =   -1.000000 WAVE =   -1.000000
  
 CHARMM>            calc xtran = @xpos - ?xave
 Parameter: XPOS -> "2.94425207"
 RDCMND substituted energy or value "?XAVE" to "0"
Evaluating: 2.94425207-0
 Parameter: XTRAN <- "2.94425207"
  
 CHARMM>            calc ytran = @ypos - ?yave
 Parameter: YPOS -> "13.015727"
 RDCMND substituted energy or value "?YAVE" to "0"
Evaluating: 13.015727-0
 Parameter: YTRAN <- "13.015727"
  
 CHARMM>            calc ztran = @zpos - ?zave
 Parameter: ZPOS -> "15.6333671"
 RDCMND substituted energy or value "?ZAVE" to "0"
Evaluating: 15.6333671-0
 Parameter: ZTRAN <- "15.6333671"
  
 CHARMM>            coor trans xdir @xtran ydir @ytran zdir @ztran select target end
 Parameter: XTRAN -> "2.94425207"
 Parameter: YTRAN -> "13.015727"
 Parameter: ZTRAN -> "15.6333671"
 SELRPN>      1 atoms have been selected out of  13504
 TRANSLATION VECTOR     2.944252   13.015727   15.633367
 SELECTED COORDINATES TRANSLATED IN THE MAIN SET.

  
 CHARMM>     
  
 CHARMM>            ! apply a random rotation along XYZ
  
 CHARMM>            calc xphi = ?random * 360.0
 RDCMND substituted energy or value "?RANDOM" to "0.779051857"
Evaluating: 0.779051857*360.0
 Parameter: XPHI <- "280.458669"
  
 CHARMM>            calc yphi = ?random * 360.0
 RDCMND substituted energy or value "?RANDOM" to "0.376130916"
Evaluating: 0.376130916*360.0
 Parameter: YPHI <- "135.40713"
  
 CHARMM>            calc zphi = ?random * 360.0
 RDCMND substituted energy or value "?RANDOM" to "0.677517158"
Evaluating: 0.677517158*360.0
 Parameter: ZPHI <- "243.906177"
  
 CHARMM>            coor rotate xcen @xpos ycen @ypos zcen @zpos xdir 1.0 -
 CHARMM>                phi @xphi select target end
 Parameter: XPOS -> "2.94425207"
 Parameter: YPOS -> "13.015727"
 Parameter: ZPOS -> "15.6333671"
 Parameter: XPHI -> "280.458669"
 SELRPN>      1 atoms have been selected out of  13504
 ROTATION MATRIX
    1.000000    0.000000    0.000000
    0.000000    0.181526   -0.983386
    0.000000    0.983386    0.181526

 AXIS OF ROTATION IS -1.000000  0.000000  0.000000  ANGLE IS   79.54

 SELECTED COORDINATES ROTATED IN THE MAIN SET.

  
 CHARMM>            coor rotate xcen @xpos ycen @ypos zcen @zpos ydir 1.0 -
 CHARMM>                phi @yphi select target end
 Parameter: XPOS -> "2.94425207"
 Parameter: YPOS -> "13.015727"
 Parameter: ZPOS -> "15.6333671"
 Parameter: YPHI -> "135.40713"
 SELRPN>      1 atoms have been selected out of  13504
 ROTATION MATRIX
   -0.712113    0.000000   -0.702064
    0.000000    1.000000    0.000000
    0.702064    0.000000   -0.712113

 AXIS OF ROTATION IS  0.000000  1.000000  0.000000  ANGLE IS  135.41

 SELECTED COORDINATES ROTATED IN THE MAIN SET.

  
 CHARMM>            coor rotate xcen @xpos ycen @ypos zcen @zpos zdir 1.0 -
 CHARMM>                phi @zphi select target end
 Parameter: XPOS -> "2.94425207"
 Parameter: YPOS -> "13.015727"
 Parameter: ZPOS -> "15.6333671"
 Parameter: ZPHI -> "243.906177"
 SELRPN>      1 atoms have been selected out of  13504
 ROTATION MATRIX
   -0.439842   -0.898075    0.000000
    0.898075   -0.439842    0.000000
    0.000000    0.000000    1.000000

 AXIS OF ROTATION IS  0.000000  0.000000 -1.000000  ANGLE IS  116.09

 SELECTED COORDINATES ROTATED IN THE MAIN SET.

  
 CHARMM>     
  
 CHARMM>     
  
 CHARMM>            calc dcut = 3.5
Evaluating: 3.5
 Parameter: DCUT <- "3.5"
  
 CHARMM>     
  
 CHARMM>            coor stat sele target end
 SELRPN>      1 atoms have been selected out of  13504
 STATISTICS FOR         1 SELECTED ATOMS:
    XMIN =    2.944252 XMAX =    2.944252 XAVE =    2.944252
    YMIN =   13.015727 YMAX =   13.015727 YAVE =   13.015727
    ZMIN =   15.633367 ZMAX =   15.633367 ZAVE =   15.633367
    WMIN =   -1.000000 WMAX =   -1.000000 WAVE =   -1.000000
  
 CHARMM>            calc xmax = ?xmax + @dcut
 Parameter: DCUT -> "3.5"
 RDCMND substituted energy or value "?XMAX" to "2.94425207"
Evaluating: 2.94425207+3.5
 Parameter: XMAX <- "6.44425207"
  
 CHARMM>            calc ymax = ?ymax + @dcut
 Parameter: DCUT -> "3.5"
 RDCMND substituted energy or value "?YMAX" to "13.015727"
Evaluating: 13.015727+3.5
 Parameter: YMAX <- "16.515727"
  
 CHARMM>            calc zmax = ?zmax + @dcut
 Parameter: DCUT -> "3.5"
 RDCMND substituted energy or value "?ZMAX" to "15.6333671"
Evaluating: 15.6333671+3.5
 Parameter: ZMAX <- "19.1333671"
  
 CHARMM>            calc xmin = ?xmin - @dcut
 Parameter: DCUT -> "3.5"
 RDCMND substituted energy or value "?XMIN" to "2.94425207"
Evaluating: 2.94425207-3.5
 Parameter: XMIN <- "-0.55574793"
  
 CHARMM>            calc ymin = ?ymin - @dcut
 Parameter: DCUT -> "3.5"
 RDCMND substituted energy or value "?YMIN" to "13.015727"
Evaluating: 13.015727-3.5
 Parameter: YMIN <- "9.515727"
  
 CHARMM>            calc zmin = ?zmin - @dcut
 Parameter: DCUT -> "3.5"
 RDCMND substituted energy or value "?ZMIN" to "15.6333671"
Evaluating: 15.6333671-3.5
 Parameter: ZMIN <- "12.1333671"
  
 CHARMM>     
  
 CHARMM>            define JUNK sele .not. target .and. -
 CHARMM>                             prop X .lt. @xmax .and. prop X .gt. @xmin .and. -
 CHARMM>                             prop Y .lt. @ymax .and. prop Y .gt. @ymin .and. -
 CHARMM>                             prop Z .lt. @zmax .and. prop Z .gt. @zmin  end
 Parameter: XMAX -> "6.44425207"
 Parameter: XMIN -> "-0.55574793"
 Parameter: YMAX -> "16.515727"
 Parameter: YMIN -> "9.515727"
 Parameter: ZMAX -> "19.1333671"
 Parameter: ZMIN -> "12.1333671"
 SELRPN>     22 atoms have been selected out of  13504
  
 CHARMM>     
  
 CHARMM>            ! check if the ions are too close to protein
  
 CHARMM>            define XXX sele PROT end
 SELRPN>    872 atoms have been selected out of  13504
  
 CHARMM>            if ?nsel .gt. 0 then
 RDCMND substituted energy or value "?NSEL" to "872"
 Comparing "872" and "0".
 IF test evaluated as true.  Performing command
  
 CHARMM>                coor dist cut 10.0 sele target end -
 CHARMM>                                   sele PROT .and. JUNK .and. .not. hydrogen end image
 SELRPN>      1 atoms have been selected out of  22944
 SELRPN>      4 atoms have been selected out of  22944

            DISTANCES FOR SELECTED ATOMS
13499 NEG      CLA      19       CLA     - 467 P2PROA   GLY      3        CA            3.4506
13499 NEG      CLA      19       CLA     - 470 P2PROA   GLY      3        C             4.0740
13499 NEG      CLA      19       CLA     - 471 P2PROA   GLY      3        O             4.3022
13499 NEG      CLA      19       CLA     - 472 P2PROA   ALA      4        N             4.7585
 TOTAL EXCLUSION COUNT =         0
 TOTAL 1-4 EXCLUSIONS  =         0
 TOTAL NON-EXCLUSIONS  =         4
  
 CHARMM>                if ?npair .gt. 0 goto doinit
 RDCMND substituted energy or value "?NPAIR" to "4"
 Comparing "4" and "0".
 IF test evaluated as true.  Performing command
  
 CHARMM>     
  
 CHARMM>            calc cntrand = @cntrand + 1
 Parameter: CNTRAND -> "4"
Evaluating: 4+1
 Parameter: CNTRAND <- "5"
  
 CHARMM>            if cntrand .gt. 100 stop ! ABNORMAL TERMINATION: ion placing may not work.. stop here
 Comparing "5" and "100".
 IF test evaluated as false.  Skipping command
  
 CHARMM>     
  
 CHARMM>            calc j = @i
 Parameter: I -> "31"
Evaluating: 31
 Parameter: J <- "31"
  
 CHARMM>            set ion = POS
 Parameter: ION <- "POS"
  
 CHARMM>     
  
 CHARMM>            if j .gt. @npos then
 Parameter: NPOS -> "12"
 Comparing "31" and "12".
 IF test evaluated as true.  Performing command
  
 CHARMM>               set ion = NEG
 Parameter: ION <- "NEG"
  
 CHARMM>               calc j  = @j - @npos
 Parameter: J -> "31"
 Parameter: NPOS -> "12"
Evaluating: 31-12
 Parameter: J <- "19"
  
 CHARMM>            endif
  
 CHARMM>     
  
 CHARMM>            define target select segid @ion .and. resid @j end
 Parameter: ION -> "NEG"
 Parameter: J -> "19"
 SELRPN>      1 atoms have been selected out of  13504
  
 CHARMM>     
  
 CHARMM>            calc xpos = @A * ( ?random - 0.5 )
 Parameter: A -> "60.2201683"
 RDCMND substituted energy or value "?RANDOM" to "1.560017397E-02"
Evaluating: 60.2201683*(1.560017397E-02-0.5)
 Parameter: XPOS <- "-29.170639"
  
 CHARMM>            calc ypos = @B * ( ?random - 0.5 )
 Parameter: B -> "60.2201683"
 RDCMND substituted energy or value "?RANDOM" to "0.493949338"
Evaluating: 60.2201683*(0.493949338-0.5)
 Parameter: YPOS <- "-0.364371884"
  
 CHARMM>            calc zpos = @C * ( ?random - 0.5 ) + @zcen
 Parameter: C -> "85"
 Parameter: ZCEN -> "0"
 RDCMND substituted energy or value "?RANDOM" to "0.210461041"
Evaluating: 85*(0.210461041-0.5)+0
 Parameter: ZPOS <- "-24.6108115"
  
 CHARMM>     
  
 CHARMM>            if zpos .gt. -15 if zpos .lt. 15 goto doinit
 Comparing "-24.6108115" and "-15".
 IF test evaluated as false.  Skipping command
  
 CHARMM>     
  
 CHARMM>            ! move target to selected position
  
 CHARMM>            coor stat select target end
 SELRPN>      1 atoms have been selected out of  13504
 STATISTICS FOR         1 SELECTED ATOMS:
    XMIN =    2.944252 XMAX =    2.944252 XAVE =    2.944252
    YMIN =   13.015727 YMAX =   13.015727 YAVE =   13.015727
    ZMIN =   15.633367 ZMAX =   15.633367 ZAVE =   15.633367
    WMIN =   -1.000000 WMAX =   -1.000000 WAVE =   -1.000000
  
 CHARMM>            calc xtran = @xpos - ?xave
 Parameter: XPOS -> "-29.170639"
 RDCMND substituted energy or value "?XAVE" to "2.94425207"
Evaluating: -29.170639-2.94425207
 Parameter: XTRAN <- "-32.1148911"
  
 CHARMM>            calc ytran = @ypos - ?yave
 Parameter: YPOS -> "-0.364371884"
 RDCMND substituted energy or value "?YAVE" to "13.015727"
Evaluating: -0.364371884-13.015727
 Parameter: YTRAN <- "-13.3800989"
  
 CHARMM>            calc ztran = @zpos - ?zave
 Parameter: ZPOS -> "-24.6108115"
 RDCMND substituted energy or value "?ZAVE" to "15.6333671"
Evaluating: -24.6108115-15.6333671
 Parameter: ZTRAN <- "-40.2441786"
  
 CHARMM>            coor trans xdir @xtran ydir @ytran zdir @ztran select target end
 Parameter: XTRAN -> "-32.1148911"
 Parameter: YTRAN -> "-13.3800989"
 Parameter: ZTRAN -> "-40.2441786"
 SELRPN>      1 atoms have been selected out of  13504
 TRANSLATION VECTOR   -32.114891  -13.380099  -40.244179
 SELECTED COORDINATES TRANSLATED IN THE MAIN SET.

  
 CHARMM>     
  
 CHARMM>            ! apply a random rotation along XYZ
  
 CHARMM>            calc xphi = ?random * 360.0
 RDCMND substituted energy or value "?RANDOM" to "0.662226946"
Evaluating: 0.662226946*360.0
 Parameter: XPHI <- "238.401701"
  
 CHARMM>            calc yphi = ?random * 360.0
 RDCMND substituted energy or value "?RANDOM" to "0.294282844"
Evaluating: 0.294282844*360.0
 Parameter: YPHI <- "105.941824"
  
 CHARMM>            calc zphi = ?random * 360.0
 RDCMND substituted energy or value "?RANDOM" to "0.708547191"
Evaluating: 0.708547191*360.0
 Parameter: ZPHI <- "255.076989"
  
 CHARMM>            coor rotate xcen @xpos ycen @ypos zcen @zpos xdir 1.0 -
 CHARMM>                phi @xphi select target end
 Parameter: XPOS -> "-29.170639"
 Parameter: YPOS -> "-0.364371884"
 Parameter: ZPOS -> "-24.6108115"
 Parameter: XPHI -> "238.401701"
 SELRPN>      1 atoms have been selected out of  13504
 ROTATION MATRIX
    1.000000    0.000000    0.000000
    0.000000   -0.523961   -0.851742
    0.000000    0.851742   -0.523961

 AXIS OF ROTATION IS -1.000000  0.000000  0.000000  ANGLE IS  121.60

 SELECTED COORDINATES ROTATED IN THE MAIN SET.

  
 CHARMM>            coor rotate xcen @xpos ycen @ypos zcen @zpos ydir 1.0 -
 CHARMM>                phi @yphi select target end
 Parameter: XPOS -> "-29.170639"
 Parameter: YPOS -> "-0.364371884"
 Parameter: ZPOS -> "-24.6108115"
 Parameter: YPHI -> "105.941824"
 SELRPN>      1 atoms have been selected out of  13504
 ROTATION MATRIX
   -0.274661    0.000000   -0.961541
    0.000000    1.000000    0.000000
    0.961541    0.000000   -0.274661

 AXIS OF ROTATION IS  0.000000  1.000000  0.000000  ANGLE IS  105.94

 SELECTED COORDINATES ROTATED IN THE MAIN SET.

  
 CHARMM>            coor rotate xcen @xpos ycen @ypos zcen @zpos zdir 1.0 -
 CHARMM>                phi @zphi select target end
 Parameter: XPOS -> "-29.170639"
 Parameter: YPOS -> "-0.364371884"
 Parameter: ZPOS -> "-24.6108115"
 Parameter: ZPHI -> "255.076989"
 SELRPN>      1 atoms have been selected out of  13504
 ROTATION MATRIX
   -0.257521   -0.966273    0.000000
    0.966273   -0.257521    0.000000
    0.000000    0.000000    1.000000

 AXIS OF ROTATION IS  0.000000  0.000000 -1.000000  ANGLE IS  104.92

 SELECTED COORDINATES ROTATED IN THE MAIN SET.

  
 CHARMM>     
  
 CHARMM>     
  
 CHARMM>            calc dcut = 3.5
Evaluating: 3.5
 Parameter: DCUT <- "3.5"
  
 CHARMM>     
  
 CHARMM>            coor stat sele target end
 SELRPN>      1 atoms have been selected out of  13504
 STATISTICS FOR         1 SELECTED ATOMS:
    XMIN =  -29.170639 XMAX =  -29.170639 XAVE =  -29.170639
    YMIN =   -0.364372 YMAX =   -0.364372 YAVE =   -0.364372
    ZMIN =  -24.610812 ZMAX =  -24.610812 ZAVE =  -24.610812
    WMIN =   -1.000000 WMAX =   -1.000000 WAVE =   -1.000000
  
 CHARMM>            calc xmax = ?xmax + @dcut
 Parameter: DCUT -> "3.5"
 RDCMND substituted energy or value "?XMAX" to "-29.170639"
Evaluating: -29.170639+3.5
 Parameter: XMAX <- "-25.670639"
  
 CHARMM>            calc ymax = ?ymax + @dcut
 Parameter: DCUT -> "3.5"
 RDCMND substituted energy or value "?YMAX" to "-0.364371866"
Evaluating: -0.364371866+3.5
 Parameter: YMAX <- "3.13562813"
  
 CHARMM>            calc zmax = ?zmax + @dcut
 Parameter: DCUT -> "3.5"
 RDCMND substituted energy or value "?ZMAX" to "-24.6108115"
Evaluating: -24.6108115+3.5
 Parameter: ZMAX <- "-21.1108115"
  
 CHARMM>            calc xmin = ?xmin - @dcut
 Parameter: DCUT -> "3.5"
 RDCMND substituted energy or value "?XMIN" to "-29.170639"
Evaluating: -29.170639-3.5
 Parameter: XMIN <- "-32.670639"
  
 CHARMM>            calc ymin = ?ymin - @dcut
 Parameter: DCUT -> "3.5"
 RDCMND substituted energy or value "?YMIN" to "-0.364371866"
Evaluating: -0.364371866-3.5
 Parameter: YMIN <- "-3.86437187"
  
 CHARMM>            calc zmin = ?zmin - @dcut
 Parameter: DCUT -> "3.5"
 RDCMND substituted energy or value "?ZMIN" to "-24.6108115"
Evaluating: -24.6108115-3.5
 Parameter: ZMIN <- "-28.1108115"
  
 CHARMM>     
  
 CHARMM>            define JUNK sele .not. target .and. -
 CHARMM>                             prop X .lt. @xmax .and. prop X .gt. @xmin .and. -
 CHARMM>                             prop Y .lt. @ymax .and. prop Y .gt. @ymin .and. -
 CHARMM>                             prop Z .lt. @zmax .and. prop Z .gt. @zmin  end
 Parameter: XMAX -> "-25.670639"
 Parameter: XMIN -> "-32.670639"
 Parameter: YMAX -> "3.13562813"
 Parameter: YMIN -> "-3.86437187"
 Parameter: ZMAX -> "-21.1108115"
 Parameter: ZMIN -> "-28.1108115"
 SELRPN>      0 atoms have been selected out of  13504
  
 CHARMM>     
  
 CHARMM>            ! check if the ions are too close to protein
  
 CHARMM>            define XXX sele PROT end
 SELRPN>    872 atoms have been selected out of  13504
  
 CHARMM>            if ?nsel .gt. 0 then
 RDCMND substituted energy or value "?NSEL" to "872"
 Comparing "872" and "0".
 IF test evaluated as true.  Performing command
  
 CHARMM>                coor dist cut 10.0 sele target end -
 CHARMM>                                   sele PROT .and. JUNK .and. .not. hydrogen end image
 SELRPN>      1 atoms have been selected out of  22944
 SELRPN>      0 atoms have been selected out of  22944

            DISTANCES FOR SELECTED ATOMS
            ONLY ONE SELECTION SET SPECIFIED, A COMPARISON WILL BE DONE
 TOTAL EXCLUSION COUNT =         0
 TOTAL 1-4 EXCLUSIONS  =         0
 TOTAL NON-EXCLUSIONS  =         0
  
 CHARMM>                if ?npair .gt. 0 goto doinit
 RDCMND substituted energy or value "?NPAIR" to "0"
 Comparing "0" and "0".
 IF test evaluated as false.  Skipping command
  
 CHARMM>            endif
  
 CHARMM>     
  
 CHARMM>            ! check if the ions are too close to solute
  
 CHARMM>            coor dist cut 4.0 sele target end sele JUNK .and. .not. hydrogen end image
 SELRPN>      1 atoms have been selected out of  22944
 SELRPN>      0 atoms have been selected out of  22944

            DISTANCES FOR SELECTED ATOMS
            ONLY ONE SELECTION SET SPECIFIED, A COMPARISON WILL BE DONE
 TOTAL EXCLUSION COUNT =         0
 TOTAL 1-4 EXCLUSIONS  =         0
 TOTAL NON-EXCLUSIONS  =         0
  
 CHARMM>            if ?npair .gt. 0 goto doinit
 RDCMND substituted energy or value "?NPAIR" to "0"
 Comparing "0" and "0".
 IF test evaluated as false.  Skipping command
  
 CHARMM>     
  
 CHARMM>            calc cntrand = 0
Evaluating: 0
 Parameter: CNTRAND <- "0"
  
 CHARMM>            increase i by 1
 Parameter: I <- "32"
  
 CHARMM>            if i .le. @nion goto doinit
 Parameter: NION -> "36"
 Comparing "32" and "36".
 IF test evaluated as true.  Performing command
  
 CHARMM>     
  
 CHARMM>            calc cntrand = @cntrand + 1
 Parameter: CNTRAND -> "0"
Evaluating: 0+1
 Parameter: CNTRAND <- "1"
  
 CHARMM>            if cntrand .gt. 100 stop ! ABNORMAL TERMINATION: ion placing may not work.. stop here
 Comparing "1" and "100".
 IF test evaluated as false.  Skipping command
  
 CHARMM>     
  
 CHARMM>            calc j = @i
 Parameter: I -> "32"
Evaluating: 32
 Parameter: J <- "32"
  
 CHARMM>            set ion = POS
 Parameter: ION <- "POS"
  
 CHARMM>     
  
 CHARMM>            if j .gt. @npos then
 Parameter: NPOS -> "12"
 Comparing "32" and "12".
 IF test evaluated as true.  Performing command
  
 CHARMM>               set ion = NEG
 Parameter: ION <- "NEG"
  
 CHARMM>               calc j  = @j - @npos
 Parameter: J -> "32"
 Parameter: NPOS -> "12"
Evaluating: 32-12
 Parameter: J <- "20"
  
 CHARMM>            endif
  
 CHARMM>     
  
 CHARMM>            define target select segid @ion .and. resid @j end
 Parameter: ION -> "NEG"
 Parameter: J -> "20"
 SELRPN>      1 atoms have been selected out of  13504
  
 CHARMM>     
  
 CHARMM>            calc xpos = @A * ( ?random - 0.5 )
 Parameter: A -> "60.2201683"
 RDCMND substituted energy or value "?RANDOM" to "0.393761097"
Evaluating: 60.2201683*(0.393761097-0.5)
 Parameter: XPOS <- "-6.39772462"
  
 CHARMM>            calc ypos = @B * ( ?random - 0.5 )
 Parameter: B -> "60.2201683"
 RDCMND substituted energy or value "?RANDOM" to "0.180807544"
Evaluating: 60.2201683*(0.180807544-0.5)
 Parameter: YPOS <- "-19.2218234"
  
 CHARMM>            calc zpos = @C * ( ?random - 0.5 ) + @zcen
 Parameter: C -> "85"
 Parameter: ZCEN -> "0"
 RDCMND substituted energy or value "?RANDOM" to "6.617566976E-02"
Evaluating: 85*(6.617566976E-02-0.5)+0
 Parameter: ZPOS <- "-36.8750681"
  
 CHARMM>     
  
 CHARMM>            if zpos .gt. -15 if zpos .lt. 15 goto doinit
 Comparing "-36.8750681" and "-15".
 IF test evaluated as false.  Skipping command
  
 CHARMM>     
  
 CHARMM>            ! move target to selected position
  
 CHARMM>            coor stat select target end
 SELRPN>      1 atoms have been selected out of  13504
 STATISTICS FOR         1 SELECTED ATOMS:
    XMIN =    0.000000 XMAX =    0.000000 XAVE =    0.000000
    YMIN =    0.000000 YMAX =    0.000000 YAVE =    0.000000
    ZMIN =    0.000000 ZMAX =    0.000000 ZAVE =    0.000000
    WMIN =   -1.000000 WMAX =   -1.000000 WAVE =   -1.000000
  
 CHARMM>            calc xtran = @xpos - ?xave
 Parameter: XPOS -> "-6.39772462"
 RDCMND substituted energy or value "?XAVE" to "0"
Evaluating: -6.39772462-0
 Parameter: XTRAN <- "-6.39772462"
  
 CHARMM>            calc ytran = @ypos - ?yave
 Parameter: YPOS -> "-19.2218234"
 RDCMND substituted energy or value "?YAVE" to "0"
Evaluating: -19.2218234-0
 Parameter: YTRAN <- "-19.2218234"
  
 CHARMM>            calc ztran = @zpos - ?zave
 Parameter: ZPOS -> "-36.8750681"
 RDCMND substituted energy or value "?ZAVE" to "0"
Evaluating: -36.8750681-0
 Parameter: ZTRAN <- "-36.8750681"
  
 CHARMM>            coor trans xdir @xtran ydir @ytran zdir @ztran select target end
 Parameter: XTRAN -> "-6.39772462"
 Parameter: YTRAN -> "-19.2218234"
 Parameter: ZTRAN -> "-36.8750681"
 SELRPN>      1 atoms have been selected out of  13504
 TRANSLATION VECTOR    -6.397725  -19.221823  -36.875068
 SELECTED COORDINATES TRANSLATED IN THE MAIN SET.

  
 CHARMM>     
  
 CHARMM>            ! apply a random rotation along XYZ
  
 CHARMM>            calc xphi = ?random * 360.0
 RDCMND substituted energy or value "?RANDOM" to "0.449366531"
Evaluating: 0.449366531*360.0
 Parameter: XPHI <- "161.771951"
  
 CHARMM>            calc yphi = ?random * 360.0
 RDCMND substituted energy or value "?RANDOM" to "0.781501059"
Evaluating: 0.781501059*360.0
 Parameter: YPHI <- "281.340381"
  
 CHARMM>            calc zphi = ?random * 360.0
 RDCMND substituted energy or value "?RANDOM" to "0.405864111"
Evaluating: 0.405864111*360.0
 Parameter: ZPHI <- "146.11108"
  
 CHARMM>            coor rotate xcen @xpos ycen @ypos zcen @zpos xdir 1.0 -
 CHARMM>                phi @xphi select target end
 Parameter: XPOS -> "-6.39772462"
 Parameter: YPOS -> "-19.2218234"
 Parameter: ZPOS -> "-36.8750681"
 Parameter: XPHI -> "161.771951"
 SELRPN>      1 atoms have been selected out of  13504
 ROTATION MATRIX
    1.000000    0.000000    0.000000
    0.000000   -0.949819    0.312800
    0.000000   -0.312800   -0.949819

 AXIS OF ROTATION IS  1.000000  0.000000  0.000000  ANGLE IS  161.77

 SELECTED COORDINATES ROTATED IN THE MAIN SET.

  
 CHARMM>            coor rotate xcen @xpos ycen @ypos zcen @zpos ydir 1.0 -
 CHARMM>                phi @yphi select target end
 Parameter: XPOS -> "-6.39772462"
 Parameter: YPOS -> "-19.2218234"
 Parameter: ZPOS -> "-36.8750681"
 Parameter: YPHI -> "281.340381"
 SELRPN>      1 atoms have been selected out of  13504
 ROTATION MATRIX
    0.196637    0.000000    0.980476
    0.000000    1.000000    0.000000
   -0.980476    0.000000    0.196637

 AXIS OF ROTATION IS  0.000000 -1.000000  0.000000  ANGLE IS   78.66

 SELECTED COORDINATES ROTATED IN THE MAIN SET.

  
 CHARMM>            coor rotate xcen @xpos ycen @ypos zcen @zpos zdir 1.0 -
 CHARMM>                phi @zphi select target end
 Parameter: XPOS -> "-6.39772462"
 Parameter: YPOS -> "-19.2218234"
 Parameter: ZPOS -> "-36.8750681"
 Parameter: ZPHI -> "146.11108"
 SELRPN>      1 atoms have been selected out of  13504
 ROTATION MATRIX
   -0.830120    0.557585    0.000000
   -0.557585   -0.830120    0.000000
    0.000000    0.000000    1.000000

 AXIS OF ROTATION IS  0.000000  0.000000  1.000000  ANGLE IS  146.11

 SELECTED COORDINATES ROTATED IN THE MAIN SET.

  
 CHARMM>     
  
 CHARMM>     
  
 CHARMM>            calc dcut = 3.5
Evaluating: 3.5
 Parameter: DCUT <- "3.5"
  
 CHARMM>     
  
 CHARMM>            coor stat sele target end
 SELRPN>      1 atoms have been selected out of  13504
 STATISTICS FOR         1 SELECTED ATOMS:
    XMIN =   -6.397725 XMAX =   -6.397725 XAVE =   -6.397725
    YMIN =  -19.221823 YMAX =  -19.221823 YAVE =  -19.221823
    ZMIN =  -36.875068 ZMAX =  -36.875068 ZAVE =  -36.875068
    WMIN =   -1.000000 WMAX =   -1.000000 WAVE =   -1.000000
  
 CHARMM>            calc xmax = ?xmax + @dcut
 Parameter: DCUT -> "3.5"
 RDCMND substituted energy or value "?XMAX" to "-6.39772462"
Evaluating: -6.39772462+3.5
 Parameter: XMAX <- "-2.89772462"
  
 CHARMM>            calc ymax = ?ymax + @dcut
 Parameter: DCUT -> "3.5"
 RDCMND substituted energy or value "?YMAX" to "-19.2218234"
Evaluating: -19.2218234+3.5
 Parameter: YMAX <- "-15.7218234"
  
 CHARMM>            calc zmax = ?zmax + @dcut
 Parameter: DCUT -> "3.5"
 RDCMND substituted energy or value "?ZMAX" to "-36.8750681"
Evaluating: -36.8750681+3.5
 Parameter: ZMAX <- "-33.3750681"
  
 CHARMM>            calc xmin = ?xmin - @dcut
 Parameter: DCUT -> "3.5"
 RDCMND substituted energy or value "?XMIN" to "-6.39772462"
Evaluating: -6.39772462-3.5
 Parameter: XMIN <- "-9.89772462"
  
 CHARMM>            calc ymin = ?ymin - @dcut
 Parameter: DCUT -> "3.5"
 RDCMND substituted energy or value "?YMIN" to "-19.2218234"
Evaluating: -19.2218234-3.5
 Parameter: YMIN <- "-22.7218234"
  
 CHARMM>            calc zmin = ?zmin - @dcut
 Parameter: DCUT -> "3.5"
 RDCMND substituted energy or value "?ZMIN" to "-36.8750681"
Evaluating: -36.8750681-3.5
 Parameter: ZMIN <- "-40.3750681"
  
 CHARMM>     
  
 CHARMM>            define JUNK sele .not. target .and. -
 CHARMM>                             prop X .lt. @xmax .and. prop X .gt. @xmin .and. -
 CHARMM>                             prop Y .lt. @ymax .and. prop Y .gt. @ymin .and. -
 CHARMM>                             prop Z .lt. @zmax .and. prop Z .gt. @zmin  end
 Parameter: XMAX -> "-2.89772462"
 Parameter: XMIN -> "-9.89772462"
 Parameter: YMAX -> "-15.7218234"
 Parameter: YMIN -> "-22.7218234"
 Parameter: ZMAX -> "-33.3750681"
 Parameter: ZMIN -> "-40.3750681"
 SELRPN>      1 atoms have been selected out of  13504
  
 CHARMM>     
  
 CHARMM>            ! check if the ions are too close to protein
  
 CHARMM>            define XXX sele PROT end
 SELRPN>    872 atoms have been selected out of  13504
  
 CHARMM>            if ?nsel .gt. 0 then
 RDCMND substituted energy or value "?NSEL" to "872"
 Comparing "872" and "0".
 IF test evaluated as true.  Performing command
  
 CHARMM>                coor dist cut 10.0 sele target end -
 CHARMM>                                   sele PROT .and. JUNK .and. .not. hydrogen end image
 SELRPN>      1 atoms have been selected out of  22944
 SELRPN>      0 atoms have been selected out of  22944

            DISTANCES FOR SELECTED ATOMS
            ONLY ONE SELECTION SET SPECIFIED, A COMPARISON WILL BE DONE
 TOTAL EXCLUSION COUNT =         0
 TOTAL 1-4 EXCLUSIONS  =         0
 TOTAL NON-EXCLUSIONS  =         0
  
 CHARMM>                if ?npair .gt. 0 goto doinit
 RDCMND substituted energy or value "?NPAIR" to "0"
 Comparing "0" and "0".
 IF test evaluated as false.  Skipping command
  
 CHARMM>            endif
  
 CHARMM>     
  
 CHARMM>            ! check if the ions are too close to solute
  
 CHARMM>            coor dist cut 4.0 sele target end sele JUNK .and. .not. hydrogen end image
 SELRPN>      1 atoms have been selected out of  22944
 SELRPN>      1 atoms have been selected out of  22944

            DISTANCES FOR SELECTED ATOMS
13500 NEG      CLA      20       CLA     -**** NEG      CLA      11       CLA           3.7604
 TOTAL EXCLUSION COUNT =         0
 TOTAL 1-4 EXCLUSIONS  =         0
 TOTAL NON-EXCLUSIONS  =         1
  
 CHARMM>            if ?npair .gt. 0 goto doinit
 RDCMND substituted energy or value "?NPAIR" to "1"
 Comparing "1" and "0".
 IF test evaluated as true.  Performing command
  
 CHARMM>     
  
 CHARMM>            calc cntrand = @cntrand + 1
 Parameter: CNTRAND -> "1"
Evaluating: 1+1
 Parameter: CNTRAND <- "2"
  
 CHARMM>            if cntrand .gt. 100 stop ! ABNORMAL TERMINATION: ion placing may not work.. stop here
 Comparing "2" and "100".
 IF test evaluated as false.  Skipping command
  
 CHARMM>     
  
 CHARMM>            calc j = @i
 Parameter: I -> "32"
Evaluating: 32
 Parameter: J <- "32"
  
 CHARMM>            set ion = POS
 Parameter: ION <- "POS"
  
 CHARMM>     
  
 CHARMM>            if j .gt. @npos then
 Parameter: NPOS -> "12"
 Comparing "32" and "12".
 IF test evaluated as true.  Performing command
  
 CHARMM>               set ion = NEG
 Parameter: ION <- "NEG"
  
 CHARMM>               calc j  = @j - @npos
 Parameter: J -> "32"
 Parameter: NPOS -> "12"
Evaluating: 32-12
 Parameter: J <- "20"
  
 CHARMM>            endif
  
 CHARMM>     
  
 CHARMM>            define target select segid @ion .and. resid @j end
 Parameter: ION -> "NEG"
 Parameter: J -> "20"
 SELRPN>      1 atoms have been selected out of  13504
  
 CHARMM>     
  
 CHARMM>            calc xpos = @A * ( ?random - 0.5 )
 Parameter: A -> "60.2201683"
 RDCMND substituted energy or value "?RANDOM" to "9.463893767E-02"
Evaluating: 60.2201683*(9.463893767E-02-0.5)
 Parameter: XPOS <- "-24.4109114"
  
 CHARMM>            calc ypos = @B * ( ?random - 0.5 )
 Parameter: B -> "60.2201683"
 RDCMND substituted energy or value "?RANDOM" to "0.183377487"
Evaluating: 60.2201683*(0.183377487-0.5)
 Parameter: YPOS <- "-19.067061"
  
 CHARMM>            calc zpos = @C * ( ?random - 0.5 ) + @zcen
 Parameter: C -> "85"
 Parameter: ZCEN -> "0"
 RDCMND substituted energy or value "?RANDOM" to "6.320054598E-02"
Evaluating: 85*(6.320054598E-02-0.5)+0
 Parameter: ZPOS <- "-37.1279536"
  
 CHARMM>     
  
 CHARMM>            if zpos .gt. -15 if zpos .lt. 15 goto doinit
 Comparing "-37.1279536" and "-15".
 IF test evaluated as false.  Skipping command
  
 CHARMM>     
  
 CHARMM>            ! move target to selected position
  
 CHARMM>            coor stat select target end
 SELRPN>      1 atoms have been selected out of  13504
 STATISTICS FOR         1 SELECTED ATOMS:
    XMIN =   -6.397725 XMAX =   -6.397725 XAVE =   -6.397725
    YMIN =  -19.221823 YMAX =  -19.221823 YAVE =  -19.221823
    ZMIN =  -36.875068 ZMAX =  -36.875068 ZAVE =  -36.875068
    WMIN =   -1.000000 WMAX =   -1.000000 WAVE =   -1.000000
  
 CHARMM>            calc xtran = @xpos - ?xave
 Parameter: XPOS -> "-24.4109114"
 RDCMND substituted energy or value "?XAVE" to "-6.39772462"
Evaluating: -24.4109114--6.39772462
 Parameter: XTRAN <- "-18.0131868"
  
 CHARMM>            calc ytran = @ypos - ?yave
 Parameter: YPOS -> "-19.067061"
 RDCMND substituted energy or value "?YAVE" to "-19.2218234"
Evaluating: -19.067061--19.2218234
 Parameter: YTRAN <- "0.1547624"
  
 CHARMM>            calc ztran = @zpos - ?zave
 Parameter: ZPOS -> "-37.1279536"
 RDCMND substituted energy or value "?ZAVE" to "-36.8750681"
Evaluating: -37.1279536--36.8750681
 Parameter: ZTRAN <- "-0.2528855"
  
 CHARMM>            coor trans xdir @xtran ydir @ytran zdir @ztran select target end
 Parameter: XTRAN -> "-18.0131868"
 Parameter: YTRAN -> "0.1547624"
 Parameter: ZTRAN -> "-0.2528855"
 SELRPN>      1 atoms have been selected out of  13504
 TRANSLATION VECTOR   -18.013187    0.154762   -0.252885
 SELECTED COORDINATES TRANSLATED IN THE MAIN SET.

  
 CHARMM>     
  
 CHARMM>            ! apply a random rotation along XYZ
  
 CHARMM>            calc xphi = ?random * 360.0
 RDCMND substituted energy or value "?RANDOM" to "0.791932507"
Evaluating: 0.791932507*360.0
 Parameter: XPHI <- "285.095703"
  
 CHARMM>            calc yphi = ?random * 360.0
 RDCMND substituted energy or value "?RANDOM" to "5.547305363E-02"
Evaluating: 5.547305363E-02*360.0
 Parameter: YPHI <- "19.9702993"
  
 CHARMM>            calc zphi = ?random * 360.0
 RDCMND substituted energy or value "?RANDOM" to "0.247245929"
Evaluating: 0.247245929*360.0
 Parameter: ZPHI <- "89.0085344"
  
 CHARMM>            coor rotate xcen @xpos ycen @ypos zcen @zpos xdir 1.0 -
 CHARMM>                phi @xphi select target end
 Parameter: XPOS -> "-24.4109114"
 Parameter: YPOS -> "-19.067061"
 Parameter: ZPOS -> "-37.1279536"
 Parameter: XPHI -> "285.095703"
 SELRPN>      1 atoms have been selected out of  13504
 ROTATION MATRIX
    1.000000    0.000000    0.000000
    0.000000    0.260432   -0.965492
    0.000000    0.965492    0.260432

 AXIS OF ROTATION IS -1.000000  0.000000  0.000000  ANGLE IS   74.90

 SELECTED COORDINATES ROTATED IN THE MAIN SET.

  
 CHARMM>            coor rotate xcen @xpos ycen @ypos zcen @zpos ydir 1.0 -
 CHARMM>                phi @yphi select target end
 Parameter: XPOS -> "-24.4109114"
 Parameter: YPOS -> "-19.067061"
 Parameter: ZPOS -> "-37.1279536"
 Parameter: YPHI -> "19.9702993"
 SELRPN>      1 atoms have been selected out of  13504
 ROTATION MATRIX
    0.939870    0.000000   -0.341533
    0.000000    1.000000    0.000000
    0.341533    0.000000    0.939870

 AXIS OF ROTATION IS  0.000000  1.000000  0.000000  ANGLE IS   19.97

 SELECTED COORDINATES ROTATED IN THE MAIN SET.

  
 CHARMM>            coor rotate xcen @xpos ycen @ypos zcen @zpos zdir 1.0 -
 CHARMM>                phi @zphi select target end
 Parameter: XPOS -> "-24.4109114"
 Parameter: YPOS -> "-19.067061"
 Parameter: ZPOS -> "-37.1279536"
 Parameter: ZPHI -> "89.0085344"
 SELRPN>      1 atoms have been selected out of  13504
 ROTATION MATRIX
    0.017303    0.999850    0.000000
   -0.999850    0.017303    0.000000
    0.000000    0.000000    1.000000

 AXIS OF ROTATION IS  0.000000  0.000000  1.000000  ANGLE IS   89.01

 SELECTED COORDINATES ROTATED IN THE MAIN SET.

  
 CHARMM>     
  
 CHARMM>     
  
 CHARMM>            calc dcut = 3.5
Evaluating: 3.5
 Parameter: DCUT <- "3.5"
  
 CHARMM>     
  
 CHARMM>            coor stat sele target end
 SELRPN>      1 atoms have been selected out of  13504
 STATISTICS FOR         1 SELECTED ATOMS:
    XMIN =  -24.410911 XMAX =  -24.410911 XAVE =  -24.410911
    YMIN =  -19.067061 YMAX =  -19.067061 YAVE =  -19.067061
    ZMIN =  -37.127954 ZMAX =  -37.127954 ZAVE =  -37.127954
    WMIN =   -1.000000 WMAX =   -1.000000 WAVE =   -1.000000
  
 CHARMM>            calc xmax = ?xmax + @dcut
 Parameter: DCUT -> "3.5"
 RDCMND substituted energy or value "?XMAX" to "-24.4109114"
Evaluating: -24.4109114+3.5
 Parameter: XMAX <- "-20.9109114"
  
 CHARMM>            calc ymax = ?ymax + @dcut
 Parameter: DCUT -> "3.5"
 RDCMND substituted energy or value "?YMAX" to "-19.067061"
Evaluating: -19.067061+3.5
 Parameter: YMAX <- "-15.567061"
  
 CHARMM>            calc zmax = ?zmax + @dcut
 Parameter: DCUT -> "3.5"
 RDCMND substituted energy or value "?ZMAX" to "-37.1279536"
Evaluating: -37.1279536+3.5
 Parameter: ZMAX <- "-33.6279536"
  
 CHARMM>            calc xmin = ?xmin - @dcut
 Parameter: DCUT -> "3.5"
 RDCMND substituted energy or value "?XMIN" to "-24.4109114"
Evaluating: -24.4109114-3.5
 Parameter: XMIN <- "-27.9109114"
  
 CHARMM>            calc ymin = ?ymin - @dcut
 Parameter: DCUT -> "3.5"
 RDCMND substituted energy or value "?YMIN" to "-19.067061"
Evaluating: -19.067061-3.5
 Parameter: YMIN <- "-22.567061"
  
 CHARMM>            calc zmin = ?zmin - @dcut
 Parameter: DCUT -> "3.5"
 RDCMND substituted energy or value "?ZMIN" to "-37.1279536"
Evaluating: -37.1279536-3.5
 Parameter: ZMIN <- "-40.6279536"
  
 CHARMM>     
  
 CHARMM>            define JUNK sele .not. target .and. -
 CHARMM>                             prop X .lt. @xmax .and. prop X .gt. @xmin .and. -
 CHARMM>                             prop Y .lt. @ymax .and. prop Y .gt. @ymin .and. -
 CHARMM>                             prop Z .lt. @zmax .and. prop Z .gt. @zmin  end
 Parameter: XMAX -> "-20.9109114"
 Parameter: XMIN -> "-27.9109114"
 Parameter: YMAX -> "-15.567061"
 Parameter: YMIN -> "-22.567061"
 Parameter: ZMAX -> "-33.6279536"
 Parameter: ZMIN -> "-40.6279536"
 SELRPN>      0 atoms have been selected out of  13504
  
 CHARMM>     
  
 CHARMM>            ! check if the ions are too close to protein
  
 CHARMM>            define XXX sele PROT end
 SELRPN>    872 atoms have been selected out of  13504
  
 CHARMM>            if ?nsel .gt. 0 then
 RDCMND substituted energy or value "?NSEL" to "872"
 Comparing "872" and "0".
 IF test evaluated as true.  Performing command
  
 CHARMM>                coor dist cut 10.0 sele target end -
 CHARMM>                                   sele PROT .and. JUNK .and. .not. hydrogen end image
 SELRPN>      1 atoms have been selected out of  22944
 SELRPN>      0 atoms have been selected out of  22944

            DISTANCES FOR SELECTED ATOMS
            ONLY ONE SELECTION SET SPECIFIED, A COMPARISON WILL BE DONE
 TOTAL EXCLUSION COUNT =         0
 TOTAL 1-4 EXCLUSIONS  =         0
 TOTAL NON-EXCLUSIONS  =         0
  
 CHARMM>                if ?npair .gt. 0 goto doinit
 RDCMND substituted energy or value "?NPAIR" to "0"
 Comparing "0" and "0".
 IF test evaluated as false.  Skipping command
  
 CHARMM>            endif
  
 CHARMM>     
  
 CHARMM>            ! check if the ions are too close to solute
  
 CHARMM>            coor dist cut 4.0 sele target end sele JUNK .and. .not. hydrogen end image
 SELRPN>      1 atoms have been selected out of  22944
 SELRPN>      0 atoms have been selected out of  22944

            DISTANCES FOR SELECTED ATOMS
            ONLY ONE SELECTION SET SPECIFIED, A COMPARISON WILL BE DONE
 TOTAL EXCLUSION COUNT =         0
 TOTAL 1-4 EXCLUSIONS  =         0
 TOTAL NON-EXCLUSIONS  =         0
  
 CHARMM>            if ?npair .gt. 0 goto doinit
 RDCMND substituted energy or value "?NPAIR" to "0"
 Comparing "0" and "0".
 IF test evaluated as false.  Skipping command
  
 CHARMM>     
  
 CHARMM>            calc cntrand = 0
Evaluating: 0
 Parameter: CNTRAND <- "0"
  
 CHARMM>            increase i by 1
 Parameter: I <- "33"
  
 CHARMM>            if i .le. @nion goto doinit
 Parameter: NION -> "36"
 Comparing "33" and "36".
 IF test evaluated as true.  Performing command
  
 CHARMM>     
  
 CHARMM>            calc cntrand = @cntrand + 1
 Parameter: CNTRAND -> "0"
Evaluating: 0+1
 Parameter: CNTRAND <- "1"
  
 CHARMM>            if cntrand .gt. 100 stop ! ABNORMAL TERMINATION: ion placing may not work.. stop here
 Comparing "1" and "100".
 IF test evaluated as false.  Skipping command
  
 CHARMM>     
  
 CHARMM>            calc j = @i
 Parameter: I -> "33"
Evaluating: 33
 Parameter: J <- "33"
  
 CHARMM>            set ion = POS
 Parameter: ION <- "POS"
  
 CHARMM>     
  
 CHARMM>            if j .gt. @npos then
 Parameter: NPOS -> "12"
 Comparing "33" and "12".
 IF test evaluated as true.  Performing command
  
 CHARMM>               set ion = NEG
 Parameter: ION <- "NEG"
  
 CHARMM>               calc j  = @j - @npos
 Parameter: J -> "33"
 Parameter: NPOS -> "12"
Evaluating: 33-12
 Parameter: J <- "21"
  
 CHARMM>            endif
  
 CHARMM>     
  
 CHARMM>            define target select segid @ion .and. resid @j end
 Parameter: ION -> "NEG"
 Parameter: J -> "21"
 SELRPN>      1 atoms have been selected out of  13504
  
 CHARMM>     
  
 CHARMM>            calc xpos = @A * ( ?random - 0.5 )
 Parameter: A -> "60.2201683"
 RDCMND substituted energy or value "?RANDOM" to "6.288878126E-02"
Evaluating: 60.2201683*(6.288878126E-02-0.5)
 Parameter: XPOS <- "-26.3229112"
  
 CHARMM>            calc ypos = @B * ( ?random - 0.5 )
 Parameter: B -> "60.2201683"
 RDCMND substituted energy or value "?RANDOM" to "0.142251341"
Evaluating: 60.2201683*(0.142251341-0.5)
 Parameter: YPOS <- "-21.5436845"
  
 CHARMM>            calc zpos = @C * ( ?random - 0.5 ) + @zcen
 Parameter: C -> "85"
 Parameter: ZCEN -> "0"
 RDCMND substituted energy or value "?RANDOM" to "0.103523377"
Evaluating: 85*(0.103523377-0.5)+0
 Parameter: ZPOS <- "-33.700513"
  
 CHARMM>     
  
 CHARMM>            if zpos .gt. -15 if zpos .lt. 15 goto doinit
 Comparing "-33.700513" and "-15".
 IF test evaluated as false.  Skipping command
  
 CHARMM>     
  
 CHARMM>            ! move target to selected position
  
 CHARMM>            coor stat select target end
 SELRPN>      1 atoms have been selected out of  13504
 STATISTICS FOR         1 SELECTED ATOMS:
    XMIN =    0.000000 XMAX =    0.000000 XAVE =    0.000000
    YMIN =    0.000000 YMAX =    0.000000 YAVE =    0.000000
    ZMIN =    0.000000 ZMAX =    0.000000 ZAVE =    0.000000
    WMIN =   -1.000000 WMAX =   -1.000000 WAVE =   -1.000000
  
 CHARMM>            calc xtran = @xpos - ?xave
 Parameter: XPOS -> "-26.3229112"
 RDCMND substituted energy or value "?XAVE" to "0"
Evaluating: -26.3229112-0
 Parameter: XTRAN <- "-26.3229112"
  
 CHARMM>            calc ytran = @ypos - ?yave
 Parameter: YPOS -> "-21.5436845"
 RDCMND substituted energy or value "?YAVE" to "0"
Evaluating: -21.5436845-0
 Parameter: YTRAN <- "-21.5436845"
  
 CHARMM>            calc ztran = @zpos - ?zave
 Parameter: ZPOS -> "-33.700513"
 RDCMND substituted energy or value "?ZAVE" to "0"
Evaluating: -33.700513-0
 Parameter: ZTRAN <- "-33.700513"
  
 CHARMM>            coor trans xdir @xtran ydir @ytran zdir @ztran select target end
 Parameter: XTRAN -> "-26.3229112"
 Parameter: YTRAN -> "-21.5436845"
 Parameter: ZTRAN -> "-33.700513"
 SELRPN>      1 atoms have been selected out of  13504
 TRANSLATION VECTOR   -26.322911  -21.543685  -33.700513
 SELECTED COORDINATES TRANSLATED IN THE MAIN SET.

  
 CHARMM>     
  
 CHARMM>            ! apply a random rotation along XYZ
  
 CHARMM>            calc xphi = ?random * 360.0
 RDCMND substituted energy or value "?RANDOM" to "0.675974634"
Evaluating: 0.675974634*360.0
 Parameter: XPHI <- "243.350868"
  
 CHARMM>            calc yphi = ?random * 360.0
 RDCMND substituted energy or value "?RANDOM" to "0.574484634"
Evaluating: 0.574484634*360.0
 Parameter: YPHI <- "206.814468"
  
 CHARMM>            calc zphi = ?random * 360.0
 RDCMND substituted energy or value "?RANDOM" to "0.725291857"
Evaluating: 0.725291857*360.0
 Parameter: ZPHI <- "261.105069"
  
 CHARMM>            coor rotate xcen @xpos ycen @ypos zcen @zpos xdir 1.0 -
 CHARMM>                phi @xphi select target end
 Parameter: XPOS -> "-26.3229112"
 Parameter: YPOS -> "-21.5436845"
 Parameter: ZPOS -> "-33.700513"
 Parameter: XPHI -> "243.350868"
 SELRPN>      1 atoms have been selected out of  13504
 ROTATION MATRIX
    1.000000    0.000000    0.000000
    0.000000   -0.448526   -0.893770
    0.000000    0.893770   -0.448526

 AXIS OF ROTATION IS -1.000000  0.000000  0.000000  ANGLE IS  116.65

 SELECTED COORDINATES ROTATED IN THE MAIN SET.

  
 CHARMM>            coor rotate xcen @xpos ycen @ypos zcen @zpos ydir 1.0 -
 CHARMM>                phi @yphi select target end
 Parameter: XPOS -> "-26.3229112"
 Parameter: YPOS -> "-21.5436845"
 Parameter: ZPOS -> "-33.700513"
 Parameter: YPHI -> "206.814468"
 SELRPN>      1 atoms have been selected out of  13504
 ROTATION MATRIX
   -0.892472    0.000000    0.451103
    0.000000    1.000000    0.000000
   -0.451103    0.000000   -0.892472

 AXIS OF ROTATION IS  0.000000 -1.000000  0.000000  ANGLE IS  153.19

 SELECTED COORDINATES ROTATED IN THE MAIN SET.

  
 CHARMM>            coor rotate xcen @xpos ycen @ypos zcen @zpos zdir 1.0 -
 CHARMM>                phi @zphi select target end
 Parameter: XPOS -> "-26.3229112"
 Parameter: YPOS -> "-21.5436845"
 Parameter: ZPOS -> "-33.700513"
 Parameter: ZPHI -> "261.105069"
 SELRPN>      1 atoms have been selected out of  13504
 ROTATION MATRIX
   -0.154623   -0.987974    0.000000
    0.987974   -0.154623    0.000000
    0.000000    0.000000    1.000000

 AXIS OF ROTATION IS  0.000000  0.000000 -1.000000  ANGLE IS   98.89

 SELECTED COORDINATES ROTATED IN THE MAIN SET.

  
 CHARMM>     
  
 CHARMM>     
  
 CHARMM>            calc dcut = 3.5
Evaluating: 3.5
 Parameter: DCUT <- "3.5"
  
 CHARMM>     
  
 CHARMM>            coor stat sele target end
 SELRPN>      1 atoms have been selected out of  13504
 STATISTICS FOR         1 SELECTED ATOMS:
    XMIN =  -26.322911 XMAX =  -26.322911 XAVE =  -26.322911
    YMIN =  -21.543685 YMAX =  -21.543685 YAVE =  -21.543685
    ZMIN =  -33.700513 ZMAX =  -33.700513 ZAVE =  -33.700513
    WMIN =   -1.000000 WMAX =   -1.000000 WAVE =   -1.000000
  
 CHARMM>            calc xmax = ?xmax + @dcut
 Parameter: DCUT -> "3.5"
 RDCMND substituted energy or value "?XMAX" to "-26.3229112"
Evaluating: -26.3229112+3.5
 Parameter: XMAX <- "-22.8229112"
  
 CHARMM>            calc ymax = ?ymax + @dcut
 Parameter: DCUT -> "3.5"
 RDCMND substituted energy or value "?YMAX" to "-21.5436845"
Evaluating: -21.5436845+3.5
 Parameter: YMAX <- "-18.0436845"
  
 CHARMM>            calc zmax = ?zmax + @dcut
 Parameter: DCUT -> "3.5"
 RDCMND substituted energy or value "?ZMAX" to "-33.700513"
Evaluating: -33.700513+3.5
 Parameter: ZMAX <- "-30.200513"
  
 CHARMM>            calc xmin = ?xmin - @dcut
 Parameter: DCUT -> "3.5"
 RDCMND substituted energy or value "?XMIN" to "-26.3229112"
Evaluating: -26.3229112-3.5
 Parameter: XMIN <- "-29.8229112"
  
 CHARMM>            calc ymin = ?ymin - @dcut
 Parameter: DCUT -> "3.5"
 RDCMND substituted energy or value "?YMIN" to "-21.5436845"
Evaluating: -21.5436845-3.5
 Parameter: YMIN <- "-25.0436845"
  
 CHARMM>            calc zmin = ?zmin - @dcut
 Parameter: DCUT -> "3.5"
 RDCMND substituted energy or value "?ZMIN" to "-33.700513"
Evaluating: -33.700513-3.5
 Parameter: ZMIN <- "-37.200513"
  
 CHARMM>     
  
 CHARMM>            define JUNK sele .not. target .and. -
 CHARMM>                             prop X .lt. @xmax .and. prop X .gt. @xmin .and. -
 CHARMM>                             prop Y .lt. @ymax .and. prop Y .gt. @ymin .and. -
 CHARMM>                             prop Z .lt. @zmax .and. prop Z .gt. @zmin  end
 Parameter: XMAX -> "-22.8229112"
 Parameter: XMIN -> "-29.8229112"
 Parameter: YMAX -> "-18.0436845"
 Parameter: YMIN -> "-25.0436845"
 Parameter: ZMAX -> "-30.200513"
 Parameter: ZMIN -> "-37.200513"
 SELRPN>      1 atoms have been selected out of  13504
  
 CHARMM>     
  
 CHARMM>            ! check if the ions are too close to protein
  
 CHARMM>            define XXX sele PROT end
 SELRPN>    872 atoms have been selected out of  13504
  
 CHARMM>            if ?nsel .gt. 0 then
 RDCMND substituted energy or value "?NSEL" to "872"
 Comparing "872" and "0".
 IF test evaluated as true.  Performing command
  
 CHARMM>                coor dist cut 10.0 sele target end -
 CHARMM>                                   sele PROT .and. JUNK .and. .not. hydrogen end image
 SELRPN>      1 atoms have been selected out of  22944
 SELRPN>      0 atoms have been selected out of  22944

            DISTANCES FOR SELECTED ATOMS
            ONLY ONE SELECTION SET SPECIFIED, A COMPARISON WILL BE DONE
 TOTAL EXCLUSION COUNT =         0
 TOTAL 1-4 EXCLUSIONS  =         0
 TOTAL NON-EXCLUSIONS  =         0
  
 CHARMM>                if ?npair .gt. 0 goto doinit
 RDCMND substituted energy or value "?NPAIR" to "0"
 Comparing "0" and "0".
 IF test evaluated as false.  Skipping command
  
 CHARMM>            endif
  
 CHARMM>     
  
 CHARMM>            ! check if the ions are too close to solute
  
 CHARMM>            coor dist cut 4.0 sele target end sele JUNK .and. .not. hydrogen end image
 SELRPN>      1 atoms have been selected out of  22944
 SELRPN>      1 atoms have been selected out of  22944

            DISTANCES FOR SELECTED ATOMS
 TOTAL EXCLUSION COUNT =         0
 TOTAL 1-4 EXCLUSIONS  =         0
 TOTAL NON-EXCLUSIONS  =         0
  
 CHARMM>            if ?npair .gt. 0 goto doinit
 RDCMND substituted energy or value "?NPAIR" to "0"
 Comparing "0" and "0".
 IF test evaluated as false.  Skipping command
  
 CHARMM>     
  
 CHARMM>            calc cntrand = 0
Evaluating: 0
 Parameter: CNTRAND <- "0"
  
 CHARMM>            increase i by 1
 Parameter: I <- "34"
  
 CHARMM>            if i .le. @nion goto doinit
 Parameter: NION -> "36"
 Comparing "34" and "36".
 IF test evaluated as true.  Performing command
  
 CHARMM>     
  
 CHARMM>            calc cntrand = @cntrand + 1
 Parameter: CNTRAND -> "0"
Evaluating: 0+1
 Parameter: CNTRAND <- "1"
  
 CHARMM>            if cntrand .gt. 100 stop ! ABNORMAL TERMINATION: ion placing may not work.. stop here
 Comparing "1" and "100".
 IF test evaluated as false.  Skipping command
  
 CHARMM>     
  
 CHARMM>            calc j = @i
 Parameter: I -> "34"
Evaluating: 34
 Parameter: J <- "34"
  
 CHARMM>            set ion = POS
 Parameter: ION <- "POS"
  
 CHARMM>     
  
 CHARMM>            if j .gt. @npos then
 Parameter: NPOS -> "12"
 Comparing "34" and "12".
 IF test evaluated as true.  Performing command
  
 CHARMM>               set ion = NEG
 Parameter: ION <- "NEG"
  
 CHARMM>               calc j  = @j - @npos
 Parameter: J -> "34"
 Parameter: NPOS -> "12"
Evaluating: 34-12
 Parameter: J <- "22"
  
 CHARMM>            endif
  
 CHARMM>     
  
 CHARMM>            define target select segid @ion .and. resid @j end
 Parameter: ION -> "NEG"
 Parameter: J -> "22"
 SELRPN>      1 atoms have been selected out of  13504
  
 CHARMM>     
  
 CHARMM>            calc xpos = @A * ( ?random - 0.5 )
 Parameter: A -> "60.2201683"
 RDCMND substituted energy or value "?RANDOM" to "0.502265428"
Evaluating: 60.2201683*(0.502265428-0.5)
 Parameter: XPOS <- "0.136424455"
  
 CHARMM>            calc ypos = @B * ( ?random - 0.5 )
 Parameter: B -> "60.2201683"
 RDCMND substituted energy or value "?RANDOM" to "0.911157856"
Evaluating: 60.2201683*(0.911157856-0.5)
 Parameter: YPOS <- "24.7599953"
  
 CHARMM>            calc zpos = @C * ( ?random - 0.5 ) + @zcen
 Parameter: C -> "85"
 Parameter: ZCEN -> "0"
 RDCMND substituted energy or value "?RANDOM" to "0.47320087"
Evaluating: 85*(0.47320087-0.5)+0
 Parameter: ZPOS <- "-2.27792605"
  
 CHARMM>     
  
 CHARMM>            if zpos .gt. -15 if zpos .lt. 15 goto doinit
 Comparing "-2.27792605" and "-15".
 IF test evaluated as true.  Performing command
 Comparing "-2.27792605" and "15".
 IF test evaluated as true.  Performing command
  
 CHARMM>     
  
 CHARMM>            calc cntrand = @cntrand + 1
 Parameter: CNTRAND -> "1"
Evaluating: 1+1
 Parameter: CNTRAND <- "2"
  
 CHARMM>            if cntrand .gt. 100 stop ! ABNORMAL TERMINATION: ion placing may not work.. stop here
 Comparing "2" and "100".
 IF test evaluated as false.  Skipping command
  
 CHARMM>     
  
 CHARMM>            calc j = @i
 Parameter: I -> "34"
Evaluating: 34
 Parameter: J <- "34"
  
 CHARMM>            set ion = POS
 Parameter: ION <- "POS"
  
 CHARMM>     
  
 CHARMM>            if j .gt. @npos then
 Parameter: NPOS -> "12"
 Comparing "34" and "12".
 IF test evaluated as true.  Performing command
  
 CHARMM>               set ion = NEG
 Parameter: ION <- "NEG"
  
 CHARMM>               calc j  = @j - @npos
 Parameter: J -> "34"
 Parameter: NPOS -> "12"
Evaluating: 34-12
 Parameter: J <- "22"
  
 CHARMM>            endif
  
 CHARMM>     
  
 CHARMM>            define target select segid @ion .and. resid @j end
 Parameter: ION -> "NEG"
 Parameter: J -> "22"
 SELRPN>      1 atoms have been selected out of  13504
  
 CHARMM>     
  
 CHARMM>            calc xpos = @A * ( ?random - 0.5 )
 Parameter: A -> "60.2201683"
 RDCMND substituted energy or value "?RANDOM" to "0.963082461"
Evaluating: 60.2201683*(0.963082461-0.5)
 Parameter: XPOS <- "27.8869037"
  
 CHARMM>            calc ypos = @B * ( ?random - 0.5 )
 Parameter: B -> "60.2201683"
 RDCMND substituted energy or value "?RANDOM" to "0.424716355"
Evaluating: 60.2201683*(0.424716355-0.5)
 Parameter: YPOS <- "-4.53359377"
  
 CHARMM>            calc zpos = @C * ( ?random - 0.5 ) + @zcen
 Parameter: C -> "85"
 Parameter: ZCEN -> "0"
 RDCMND substituted energy or value "?RANDOM" to "0.890889766"
Evaluating: 85*(0.890889766-0.5)+0
 Parameter: ZPOS <- "33.2256301"
  
 CHARMM>     
  
 CHARMM>            if zpos .gt. -15 if zpos .lt. 15 goto doinit
 Comparing "33.2256301" and "-15".
 IF test evaluated as true.  Performing command
 Comparing "33.2256301" and "15".
 IF test evaluated as false.  Skipping command
  
 CHARMM>     
  
 CHARMM>            ! move target to selected position
  
 CHARMM>            coor stat select target end
 SELRPN>      1 atoms have been selected out of  13504
 STATISTICS FOR         1 SELECTED ATOMS:
    XMIN =    0.000000 XMAX =    0.000000 XAVE =    0.000000
    YMIN =    0.000000 YMAX =    0.000000 YAVE =    0.000000
    ZMIN =    0.000000 ZMAX =    0.000000 ZAVE =    0.000000
    WMIN =   -1.000000 WMAX =   -1.000000 WAVE =   -1.000000
  
 CHARMM>            calc xtran = @xpos - ?xave
 Parameter: XPOS -> "27.8869037"
 RDCMND substituted energy or value "?XAVE" to "0"
Evaluating: 27.8869037-0
 Parameter: XTRAN <- "27.8869037"
  
 CHARMM>            calc ytran = @ypos - ?yave
 Parameter: YPOS -> "-4.53359377"
 RDCMND substituted energy or value "?YAVE" to "0"
Evaluating: -4.53359377-0
 Parameter: YTRAN <- "-4.53359377"
  
 CHARMM>            calc ztran = @zpos - ?zave
 Parameter: ZPOS -> "33.2256301"
 RDCMND substituted energy or value "?ZAVE" to "0"
Evaluating: 33.2256301-0
 Parameter: ZTRAN <- "33.2256301"
  
 CHARMM>            coor trans xdir @xtran ydir @ytran zdir @ztran select target end
 Parameter: XTRAN -> "27.8869037"
 Parameter: YTRAN -> "-4.53359377"
 Parameter: ZTRAN -> "33.2256301"
 SELRPN>      1 atoms have been selected out of  13504
 TRANSLATION VECTOR    27.886904   -4.533594   33.225630
 SELECTED COORDINATES TRANSLATED IN THE MAIN SET.

  
 CHARMM>     
  
 CHARMM>            ! apply a random rotation along XYZ
  
 CHARMM>            calc xphi = ?random * 360.0
 RDCMND substituted energy or value "?RANDOM" to "6.837899432E-02"
Evaluating: 6.837899432E-02*360.0
 Parameter: XPHI <- "24.616438"
  
 CHARMM>            calc yphi = ?random * 360.0
 RDCMND substituted energy or value "?RANDOM" to "0.922092256"
Evaluating: 0.922092256*360.0
 Parameter: YPHI <- "331.953212"
  
 CHARMM>            calc zphi = ?random * 360.0
 RDCMND substituted energy or value "?RANDOM" to "0.749487059"
Evaluating: 0.749487059*360.0
 Parameter: ZPHI <- "269.815341"
  
 CHARMM>            coor rotate xcen @xpos ycen @ypos zcen @zpos xdir 1.0 -
 CHARMM>                phi @xphi select target end
 Parameter: XPOS -> "27.8869037"
 Parameter: YPOS -> "-4.53359377"
 Parameter: ZPOS -> "33.2256301"
 Parameter: XPHI -> "24.616438"
 SELRPN>      1 atoms have been selected out of  13504
 ROTATION MATRIX
    1.000000    0.000000    0.000000
    0.000000    0.909117    0.416542
    0.000000   -0.416542    0.909117

 AXIS OF ROTATION IS  1.000000  0.000000  0.000000  ANGLE IS   24.62

 SELECTED COORDINATES ROTATED IN THE MAIN SET.

  
 CHARMM>            coor rotate xcen @xpos ycen @ypos zcen @zpos ydir 1.0 -
 CHARMM>                phi @yphi select target end
 Parameter: XPOS -> "27.8869037"
 Parameter: YPOS -> "-4.53359377"
 Parameter: ZPOS -> "33.2256301"
 Parameter: YPHI -> "331.953212"
 SELRPN>      1 atoms have been selected out of  13504
 ROTATION MATRIX
    0.882564    0.000000    0.470192
    0.000000    1.000000    0.000000
   -0.470192    0.000000    0.882564

 AXIS OF ROTATION IS  0.000000 -1.000000  0.000000  ANGLE IS   28.05

 SELECTED COORDINATES ROTATED IN THE MAIN SET.

  
 CHARMM>            coor rotate xcen @xpos ycen @ypos zcen @zpos zdir 1.0 -
 CHARMM>                phi @zphi select target end
 Parameter: XPOS -> "27.8869037"
 Parameter: YPOS -> "-4.53359377"
 Parameter: ZPOS -> "33.2256301"
 Parameter: ZPHI -> "269.815341"
 SELRPN>      1 atoms have been selected out of  13504
 ROTATION MATRIX
   -0.003223   -0.999995    0.000000
    0.999995   -0.003223    0.000000
    0.000000    0.000000    1.000000

 AXIS OF ROTATION IS  0.000000  0.000000 -1.000000  ANGLE IS   90.18

 SELECTED COORDINATES ROTATED IN THE MAIN SET.

  
 CHARMM>     
  
 CHARMM>     
  
 CHARMM>            calc dcut = 3.5
Evaluating: 3.5
 Parameter: DCUT <- "3.5"
  
 CHARMM>     
  
 CHARMM>            coor stat sele target end
 SELRPN>      1 atoms have been selected out of  13504
 STATISTICS FOR         1 SELECTED ATOMS:
    XMIN =   27.886904 XMAX =   27.886904 XAVE =   27.886904
    YMIN =   -4.533594 YMAX =   -4.533594 YAVE =   -4.533594
    ZMIN =   33.225630 ZMAX =   33.225630 ZAVE =   33.225630
    WMIN =   -1.000000 WMAX =   -1.000000 WAVE =   -1.000000
  
 CHARMM>            calc xmax = ?xmax + @dcut
 Parameter: DCUT -> "3.5"
 RDCMND substituted energy or value "?XMAX" to "27.8869037"
Evaluating: 27.8869037+3.5
 Parameter: XMAX <- "31.3869037"
  
 CHARMM>            calc ymax = ?ymax + @dcut
 Parameter: DCUT -> "3.5"
 RDCMND substituted energy or value "?YMAX" to "-4.53359377"
Evaluating: -4.53359377+3.5
 Parameter: YMAX <- "-1.03359377"
  
 CHARMM>            calc zmax = ?zmax + @dcut
 Parameter: DCUT -> "3.5"
 RDCMND substituted energy or value "?ZMAX" to "33.2256301"
Evaluating: 33.2256301+3.5
 Parameter: ZMAX <- "36.7256301"
  
 CHARMM>            calc xmin = ?xmin - @dcut
 Parameter: DCUT -> "3.5"
 RDCMND substituted energy or value "?XMIN" to "27.8869037"
Evaluating: 27.8869037-3.5
 Parameter: XMIN <- "24.3869037"
  
 CHARMM>            calc ymin = ?ymin - @dcut
 Parameter: DCUT -> "3.5"
 RDCMND substituted energy or value "?YMIN" to "-4.53359377"
Evaluating: -4.53359377-3.5
 Parameter: YMIN <- "-8.03359377"
  
 CHARMM>            calc zmin = ?zmin - @dcut
 Parameter: DCUT -> "3.5"
 RDCMND substituted energy or value "?ZMIN" to "33.2256301"
Evaluating: 33.2256301-3.5
 Parameter: ZMIN <- "29.7256301"
  
 CHARMM>     
  
 CHARMM>            define JUNK sele .not. target .and. -
 CHARMM>                             prop X .lt. @xmax .and. prop X .gt. @xmin .and. -
 CHARMM>                             prop Y .lt. @ymax .and. prop Y .gt. @ymin .and. -
 CHARMM>                             prop Z .lt. @zmax .and. prop Z .gt. @zmin  end
 Parameter: XMAX -> "31.3869037"
 Parameter: XMIN -> "24.3869037"
 Parameter: YMAX -> "-1.03359377"
 Parameter: YMIN -> "-8.03359377"
 Parameter: ZMAX -> "36.7256301"
 Parameter: ZMIN -> "29.7256301"
 SELRPN>      0 atoms have been selected out of  13504
  
 CHARMM>     
  
 CHARMM>            ! check if the ions are too close to protein
  
 CHARMM>            define XXX sele PROT end
 SELRPN>    872 atoms have been selected out of  13504
  
 CHARMM>            if ?nsel .gt. 0 then
 RDCMND substituted energy or value "?NSEL" to "872"
 Comparing "872" and "0".
 IF test evaluated as true.  Performing command
  
 CHARMM>                coor dist cut 10.0 sele target end -
 CHARMM>                                   sele PROT .and. JUNK .and. .not. hydrogen end image
 SELRPN>      1 atoms have been selected out of  22944
 SELRPN>      0 atoms have been selected out of  22944

            DISTANCES FOR SELECTED ATOMS
            ONLY ONE SELECTION SET SPECIFIED, A COMPARISON WILL BE DONE
 TOTAL EXCLUSION COUNT =         0
 TOTAL 1-4 EXCLUSIONS  =         0
 TOTAL NON-EXCLUSIONS  =         0
  
 CHARMM>                if ?npair .gt. 0 goto doinit
 RDCMND substituted energy or value "?NPAIR" to "0"
 Comparing "0" and "0".
 IF test evaluated as false.  Skipping command
  
 CHARMM>            endif
  
 CHARMM>     
  
 CHARMM>            ! check if the ions are too close to solute
  
 CHARMM>            coor dist cut 4.0 sele target end sele JUNK .and. .not. hydrogen end image
 SELRPN>      1 atoms have been selected out of  22944
 SELRPN>      0 atoms have been selected out of  22944

            DISTANCES FOR SELECTED ATOMS
            ONLY ONE SELECTION SET SPECIFIED, A COMPARISON WILL BE DONE
 TOTAL EXCLUSION COUNT =         0
 TOTAL 1-4 EXCLUSIONS  =         0
 TOTAL NON-EXCLUSIONS  =         0
  
 CHARMM>            if ?npair .gt. 0 goto doinit
 RDCMND substituted energy or value "?NPAIR" to "0"
 Comparing "0" and "0".
 IF test evaluated as false.  Skipping command
  
 CHARMM>     
  
 CHARMM>            calc cntrand = 0
Evaluating: 0
 Parameter: CNTRAND <- "0"
  
 CHARMM>            increase i by 1
 Parameter: I <- "35"
  
 CHARMM>            if i .le. @nion goto doinit
 Parameter: NION -> "36"
 Comparing "35" and "36".
 IF test evaluated as true.  Performing command
  
 CHARMM>     
  
 CHARMM>            calc cntrand = @cntrand + 1
 Parameter: CNTRAND -> "0"
Evaluating: 0+1
 Parameter: CNTRAND <- "1"
  
 CHARMM>            if cntrand .gt. 100 stop ! ABNORMAL TERMINATION: ion placing may not work.. stop here
 Comparing "1" and "100".
 IF test evaluated as false.  Skipping command
  
 CHARMM>     
  
 CHARMM>            calc j = @i
 Parameter: I -> "35"
Evaluating: 35
 Parameter: J <- "35"
  
 CHARMM>            set ion = POS
 Parameter: ION <- "POS"
  
 CHARMM>     
  
 CHARMM>            if j .gt. @npos then
 Parameter: NPOS -> "12"
 Comparing "35" and "12".
 IF test evaluated as true.  Performing command
  
 CHARMM>               set ion = NEG
 Parameter: ION <- "NEG"
  
 CHARMM>               calc j  = @j - @npos
 Parameter: J -> "35"
 Parameter: NPOS -> "12"
Evaluating: 35-12
 Parameter: J <- "23"
  
 CHARMM>            endif
  
 CHARMM>     
  
 CHARMM>            define target select segid @ion .and. resid @j end
 Parameter: ION -> "NEG"
 Parameter: J -> "23"
 SELRPN>      1 atoms have been selected out of  13504
  
 CHARMM>     
  
 CHARMM>            calc xpos = @A * ( ?random - 0.5 )
 Parameter: A -> "60.2201683"
 RDCMND substituted energy or value "?RANDOM" to "8.456205053E-02"
Evaluating: 60.2201683*(8.456205053E-02-0.5)
 Parameter: XPOS <- "-25.0177432"
  
 CHARMM>            calc ypos = @B * ( ?random - 0.5 )
 Parameter: B -> "60.2201683"
 RDCMND substituted energy or value "?RANDOM" to "0.672423675"
Evaluating: 60.2201683*(0.672423675-0.5)
 Parameter: YPOS <- "10.3833827"
  
 CHARMM>            calc zpos = @C * ( ?random - 0.5 ) + @zcen
 Parameter: C -> "85"
 Parameter: ZCEN -> "0"
 RDCMND substituted energy or value "?RANDOM" to "0.9677477"
Evaluating: 85*(0.9677477-0.5)+0
 Parameter: ZPOS <- "39.7585545"
  
 CHARMM>     
  
 CHARMM>            if zpos .gt. -15 if zpos .lt. 15 goto doinit
 Comparing "39.7585545" and "-15".
 IF test evaluated as true.  Performing command
 Comparing "39.7585545" and "15".
 IF test evaluated as false.  Skipping command
  
 CHARMM>     
  
 CHARMM>            ! move target to selected position
  
 CHARMM>            coor stat select target end
 SELRPN>      1 atoms have been selected out of  13504
 STATISTICS FOR         1 SELECTED ATOMS:
    XMIN =    0.000000 XMAX =    0.000000 XAVE =    0.000000
    YMIN =    0.000000 YMAX =    0.000000 YAVE =    0.000000
    ZMIN =    0.000000 ZMAX =    0.000000 ZAVE =    0.000000
    WMIN =   -1.000000 WMAX =   -1.000000 WAVE =   -1.000000
  
 CHARMM>            calc xtran = @xpos - ?xave
 Parameter: XPOS -> "-25.0177432"
 RDCMND substituted energy or value "?XAVE" to "0"
Evaluating: -25.0177432-0
 Parameter: XTRAN <- "-25.0177432"
  
 CHARMM>            calc ytran = @ypos - ?yave
 Parameter: YPOS -> "10.3833827"
 RDCMND substituted energy or value "?YAVE" to "0"
Evaluating: 10.3833827-0
 Parameter: YTRAN <- "10.3833827"
  
 CHARMM>            calc ztran = @zpos - ?zave
 Parameter: ZPOS -> "39.7585545"
 RDCMND substituted energy or value "?ZAVE" to "0"
Evaluating: 39.7585545-0
 Parameter: ZTRAN <- "39.7585545"
  
 CHARMM>            coor trans xdir @xtran ydir @ytran zdir @ztran select target end
 Parameter: XTRAN -> "-25.0177432"
 Parameter: YTRAN -> "10.3833827"
 Parameter: ZTRAN -> "39.7585545"
 SELRPN>      1 atoms have been selected out of  13504
 TRANSLATION VECTOR   -25.017743   10.383383   39.758555
 SELECTED COORDINATES TRANSLATED IN THE MAIN SET.

  
 CHARMM>     
  
 CHARMM>            ! apply a random rotation along XYZ
  
 CHARMM>            calc xphi = ?random * 360.0
 RDCMND substituted energy or value "?RANDOM" to "0.931161145"
Evaluating: 0.931161145*360.0
 Parameter: XPHI <- "335.218012"
  
 CHARMM>            calc yphi = ?random * 360.0
 RDCMND substituted energy or value "?RANDOM" to "0.258176478"
Evaluating: 0.258176478*360.0
 Parameter: YPHI <- "92.9435321"
  
 CHARMM>            calc zphi = ?random * 360.0
 RDCMND substituted energy or value "?RANDOM" to "0.782138644"
Evaluating: 0.782138644*360.0
 Parameter: ZPHI <- "281.569912"
  
 CHARMM>            coor rotate xcen @xpos ycen @ypos zcen @zpos xdir 1.0 -
 CHARMM>                phi @xphi select target end
 Parameter: XPOS -> "-25.0177432"
 Parameter: YPOS -> "10.3833827"
 Parameter: ZPOS -> "39.7585545"
 Parameter: XPHI -> "335.218012"
 SELRPN>      1 atoms have been selected out of  13504
 ROTATION MATRIX
    1.000000    0.000000    0.000000
    0.000000    0.907909   -0.419167
    0.000000    0.419167    0.907909

 AXIS OF ROTATION IS -1.000000  0.000000  0.000000  ANGLE IS   24.78

 SELECTED COORDINATES ROTATED IN THE MAIN SET.

  
 CHARMM>            coor rotate xcen @xpos ycen @ypos zcen @zpos ydir 1.0 -
 CHARMM>                phi @yphi select target end
 Parameter: XPOS -> "-25.0177432"
 Parameter: YPOS -> "10.3833827"
 Parameter: ZPOS -> "39.7585545"
 Parameter: YPHI -> "92.9435321"
 SELRPN>      1 atoms have been selected out of  13504
 ROTATION MATRIX
   -0.051352    0.000000   -0.998681
    0.000000    1.000000    0.000000
    0.998681    0.000000   -0.051352

 AXIS OF ROTATION IS  0.000000  1.000000  0.000000  ANGLE IS   92.94

 SELECTED COORDINATES ROTATED IN THE MAIN SET.

  
 CHARMM>            coor rotate xcen @xpos ycen @ypos zcen @zpos zdir 1.0 -
 CHARMM>                phi @zphi select target end
 Parameter: XPOS -> "-25.0177432"
 Parameter: YPOS -> "10.3833827"
 Parameter: ZPOS -> "39.7585545"
 Parameter: ZPHI -> "281.569912"
 SELRPN>      1 atoms have been selected out of  13504
 ROTATION MATRIX
    0.200563   -0.979681    0.000000
    0.979681    0.200563    0.000000
    0.000000    0.000000    1.000000

 AXIS OF ROTATION IS  0.000000  0.000000 -1.000000  ANGLE IS   78.43

 SELECTED COORDINATES ROTATED IN THE MAIN SET.

  
 CHARMM>     
  
 CHARMM>     
  
 CHARMM>            calc dcut = 3.5
Evaluating: 3.5
 Parameter: DCUT <- "3.5"
  
 CHARMM>     
  
 CHARMM>            coor stat sele target end
 SELRPN>      1 atoms have been selected out of  13504
 STATISTICS FOR         1 SELECTED ATOMS:
    XMIN =  -25.017743 XMAX =  -25.017743 XAVE =  -25.017743
    YMIN =   10.383383 YMAX =   10.383383 YAVE =   10.383383
    ZMIN =   39.758555 ZMAX =   39.758555 ZAVE =   39.758555
    WMIN =   -1.000000 WMAX =   -1.000000 WAVE =   -1.000000
  
 CHARMM>            calc xmax = ?xmax + @dcut
 Parameter: DCUT -> "3.5"
 RDCMND substituted energy or value "?XMAX" to "-25.0177432"
Evaluating: -25.0177432+3.5
 Parameter: XMAX <- "-21.5177432"
  
 CHARMM>            calc ymax = ?ymax + @dcut
 Parameter: DCUT -> "3.5"
 RDCMND substituted energy or value "?YMAX" to "10.3833827"
Evaluating: 10.3833827+3.5
 Parameter: YMAX <- "13.8833827"
  
 CHARMM>            calc zmax = ?zmax + @dcut
 Parameter: DCUT -> "3.5"
 RDCMND substituted energy or value "?ZMAX" to "39.7585545"
Evaluating: 39.7585545+3.5
 Parameter: ZMAX <- "43.2585545"
  
 CHARMM>            calc xmin = ?xmin - @dcut
 Parameter: DCUT -> "3.5"
 RDCMND substituted energy or value "?XMIN" to "-25.0177432"
Evaluating: -25.0177432-3.5
 Parameter: XMIN <- "-28.5177432"
  
 CHARMM>            calc ymin = ?ymin - @dcut
 Parameter: DCUT -> "3.5"
 RDCMND substituted energy or value "?YMIN" to "10.3833827"
Evaluating: 10.3833827-3.5
 Parameter: YMIN <- "6.8833827"
  
 CHARMM>            calc zmin = ?zmin - @dcut
 Parameter: DCUT -> "3.5"
 RDCMND substituted energy or value "?ZMIN" to "39.7585545"
Evaluating: 39.7585545-3.5
 Parameter: ZMIN <- "36.2585545"
  
 CHARMM>     
  
 CHARMM>            define JUNK sele .not. target .and. -
 CHARMM>                             prop X .lt. @xmax .and. prop X .gt. @xmin .and. -
 CHARMM>                             prop Y .lt. @ymax .and. prop Y .gt. @ymin .and. -
 CHARMM>                             prop Z .lt. @zmax .and. prop Z .gt. @zmin  end
 Parameter: XMAX -> "-21.5177432"
 Parameter: XMIN -> "-28.5177432"
 Parameter: YMAX -> "13.8833827"
 Parameter: YMIN -> "6.8833827"
 Parameter: ZMAX -> "43.2585545"
 Parameter: ZMIN -> "36.2585545"
 SELRPN>      0 atoms have been selected out of  13504
  
 CHARMM>     
  
 CHARMM>            ! check if the ions are too close to protein
  
 CHARMM>            define XXX sele PROT end
 SELRPN>    872 atoms have been selected out of  13504
  
 CHARMM>            if ?nsel .gt. 0 then
 RDCMND substituted energy or value "?NSEL" to "872"
 Comparing "872" and "0".
 IF test evaluated as true.  Performing command
  
 CHARMM>                coor dist cut 10.0 sele target end -
 CHARMM>                                   sele PROT .and. JUNK .and. .not. hydrogen end image
 SELRPN>      1 atoms have been selected out of  22944
 SELRPN>      0 atoms have been selected out of  22944

            DISTANCES FOR SELECTED ATOMS
            ONLY ONE SELECTION SET SPECIFIED, A COMPARISON WILL BE DONE
 TOTAL EXCLUSION COUNT =         0
 TOTAL 1-4 EXCLUSIONS  =         0
 TOTAL NON-EXCLUSIONS  =         0
  
 CHARMM>                if ?npair .gt. 0 goto doinit
 RDCMND substituted energy or value "?NPAIR" to "0"
 Comparing "0" and "0".
 IF test evaluated as false.  Skipping command
  
 CHARMM>            endif
  
 CHARMM>     
  
 CHARMM>            ! check if the ions are too close to solute
  
 CHARMM>            coor dist cut 4.0 sele target end sele JUNK .and. .not. hydrogen end image
 SELRPN>      1 atoms have been selected out of  22944
 SELRPN>      0 atoms have been selected out of  22944

            DISTANCES FOR SELECTED ATOMS
            ONLY ONE SELECTION SET SPECIFIED, A COMPARISON WILL BE DONE
 TOTAL EXCLUSION COUNT =         0
 TOTAL 1-4 EXCLUSIONS  =         0
 TOTAL NON-EXCLUSIONS  =         0
  
 CHARMM>            if ?npair .gt. 0 goto doinit
 RDCMND substituted energy or value "?NPAIR" to "0"
 Comparing "0" and "0".
 IF test evaluated as false.  Skipping command
  
 CHARMM>     
  
 CHARMM>            calc cntrand = 0
Evaluating: 0
 Parameter: CNTRAND <- "0"
  
 CHARMM>            increase i by 1
 Parameter: I <- "36"
  
 CHARMM>            if i .le. @nion goto doinit
 Parameter: NION -> "36"
 Comparing "36" and "36".
 IF test evaluated as true.  Performing command
  
 CHARMM>     
  
 CHARMM>            calc cntrand = @cntrand + 1
 Parameter: CNTRAND -> "0"
Evaluating: 0+1
 Parameter: CNTRAND <- "1"
  
 CHARMM>            if cntrand .gt. 100 stop ! ABNORMAL TERMINATION: ion placing may not work.. stop here
 Comparing "1" and "100".
 IF test evaluated as false.  Skipping command
  
 CHARMM>     
  
 CHARMM>            calc j = @i
 Parameter: I -> "36"
Evaluating: 36
 Parameter: J <- "36"
  
 CHARMM>            set ion = POS
 Parameter: ION <- "POS"
  
 CHARMM>     
  
 CHARMM>            if j .gt. @npos then
 Parameter: NPOS -> "12"
 Comparing "36" and "12".
 IF test evaluated as true.  Performing command
  
 CHARMM>               set ion = NEG
 Parameter: ION <- "NEG"
  
 CHARMM>               calc j  = @j - @npos
 Parameter: J -> "36"
 Parameter: NPOS -> "12"
Evaluating: 36-12
 Parameter: J <- "24"
  
 CHARMM>            endif
  
 CHARMM>     
  
 CHARMM>            define target select segid @ion .and. resid @j end
 Parameter: ION -> "NEG"
 Parameter: J -> "24"
 SELRPN>      1 atoms have been selected out of  13504
  
 CHARMM>     
  
 CHARMM>            calc xpos = @A * ( ?random - 0.5 )
 Parameter: A -> "60.2201683"
 RDCMND substituted energy or value "?RANDOM" to "0.543682844"
Evaluating: 60.2201683*(0.543682844-0.5)
 Parameter: XPOS <- "2.63058822"
  
 CHARMM>            calc ypos = @B * ( ?random - 0.5 )
 Parameter: B -> "60.2201683"
 RDCMND substituted energy or value "?RANDOM" to "0.491735996"
Evaluating: 60.2201683*(0.491735996-0.5)
 Parameter: YPOS <- "-0.497659712"
  
 CHARMM>            calc zpos = @C * ( ?random - 0.5 ) + @zcen
 Parameter: C -> "85"
 Parameter: ZCEN -> "0"
 RDCMND substituted energy or value "?RANDOM" to "0.566899587"
Evaluating: 85*(0.566899587-0.5)+0
 Parameter: ZPOS <- "5.68646489"
  
 CHARMM>     
  
 CHARMM>            if zpos .gt. -15 if zpos .lt. 15 goto doinit
 Comparing "5.68646489" and "-15".
 IF test evaluated as true.  Performing command
 Comparing "5.68646489" and "15".
 IF test evaluated as true.  Performing command
  
 CHARMM>     
  
 CHARMM>            calc cntrand = @cntrand + 1
 Parameter: CNTRAND -> "1"
Evaluating: 1+1
 Parameter: CNTRAND <- "2"
  
 CHARMM>            if cntrand .gt. 100 stop ! ABNORMAL TERMINATION: ion placing may not work.. stop here
 Comparing "2" and "100".
 IF test evaluated as false.  Skipping command
  
 CHARMM>     
  
 CHARMM>            calc j = @i
 Parameter: I -> "36"
Evaluating: 36
 Parameter: J <- "36"
  
 CHARMM>            set ion = POS
 Parameter: ION <- "POS"
  
 CHARMM>     
  
 CHARMM>            if j .gt. @npos then
 Parameter: NPOS -> "12"
 Comparing "36" and "12".
 IF test evaluated as true.  Performing command
  
 CHARMM>               set ion = NEG
 Parameter: ION <- "NEG"
  
 CHARMM>               calc j  = @j - @npos
 Parameter: J -> "36"
 Parameter: NPOS -> "12"
Evaluating: 36-12
 Parameter: J <- "24"
  
 CHARMM>            endif
  
 CHARMM>     
  
 CHARMM>            define target select segid @ion .and. resid @j end
 Parameter: ION -> "NEG"
 Parameter: J -> "24"
 SELRPN>      1 atoms have been selected out of  13504
  
 CHARMM>     
  
 CHARMM>            calc xpos = @A * ( ?random - 0.5 )
 Parameter: A -> "60.2201683"
 RDCMND substituted energy or value "?RANDOM" to "0.776343683"
Evaluating: 60.2201683*(0.776343683-0.5)
 Parameter: XPOS <- "16.6414631"
  
 CHARMM>            calc ypos = @B * ( ?random - 0.5 )
 Parameter: B -> "60.2201683"
 RDCMND substituted energy or value "?RANDOM" to "0.440596773"
Evaluating: 60.2201683*(0.440596773-0.5)
 Parameter: YPOS <- "-3.57727233"
  
 CHARMM>            calc zpos = @C * ( ?random - 0.5 ) + @zcen
 Parameter: C -> "85"
 Parameter: ZCEN -> "0"
 RDCMND substituted energy or value "?RANDOM" to "0.539080659"
Evaluating: 85*(0.539080659-0.5)+0
 Parameter: ZPOS <- "3.32185601"
  
 CHARMM>     
  
 CHARMM>            if zpos .gt. -15 if zpos .lt. 15 goto doinit
 Comparing "3.32185601" and "-15".
 IF test evaluated as true.  Performing command
 Comparing "3.32185601" and "15".
 IF test evaluated as true.  Performing command
  
 CHARMM>     
  
 CHARMM>            calc cntrand = @cntrand + 1
 Parameter: CNTRAND -> "2"
Evaluating: 2+1
 Parameter: CNTRAND <- "3"
  
 CHARMM>            if cntrand .gt. 100 stop ! ABNORMAL TERMINATION: ion placing may not work.. stop here
 Comparing "3" and "100".
 IF test evaluated as false.  Skipping command
  
 CHARMM>     
  
 CHARMM>            calc j = @i
 Parameter: I -> "36"
Evaluating: 36
 Parameter: J <- "36"
  
 CHARMM>            set ion = POS
 Parameter: ION <- "POS"
  
 CHARMM>     
  
 CHARMM>            if j .gt. @npos then
 Parameter: NPOS -> "12"
 Comparing "36" and "12".
 IF test evaluated as true.  Performing command
  
 CHARMM>               set ion = NEG
 Parameter: ION <- "NEG"
  
 CHARMM>               calc j  = @j - @npos
 Parameter: J -> "36"
 Parameter: NPOS -> "12"
Evaluating: 36-12
 Parameter: J <- "24"
  
 CHARMM>            endif
  
 CHARMM>     
  
 CHARMM>            define target select segid @ion .and. resid @j end
 Parameter: ION -> "NEG"
 Parameter: J -> "24"
 SELRPN>      1 atoms have been selected out of  13504
  
 CHARMM>     
  
 CHARMM>            calc xpos = @A * ( ?random - 0.5 )
 Parameter: A -> "60.2201683"
 RDCMND substituted energy or value "?RANDOM" to "0.525837173"
Evaluating: 60.2201683*(0.525837173-0.5)
 Parameter: XPOS <- "1.55591891"
  
 CHARMM>            calc ypos = @B * ( ?random - 0.5 )
 Parameter: B -> "60.2201683"
 RDCMND substituted energy or value "?RANDOM" to "0.682683577"
Evaluating: 60.2201683*(0.682683577-0.5)
 Parameter: YPOS <- "11.0012358"
  
 CHARMM>            calc zpos = @C * ( ?random - 0.5 ) + @zcen
 Parameter: C -> "85"
 Parameter: ZCEN -> "0"
 RDCMND substituted energy or value "?RANDOM" to "0.514849842"
Evaluating: 85*(0.514849842-0.5)+0
 Parameter: ZPOS <- "1.26223657"
  
 CHARMM>     
  
 CHARMM>            if zpos .gt. -15 if zpos .lt. 15 goto doinit
 Comparing "1.26223657" and "-15".
 IF test evaluated as true.  Performing command
 Comparing "1.26223657" and "15".
 IF test evaluated as true.  Performing command
  
 CHARMM>     
  
 CHARMM>            calc cntrand = @cntrand + 1
 Parameter: CNTRAND -> "3"
Evaluating: 3+1
 Parameter: CNTRAND <- "4"
  
 CHARMM>            if cntrand .gt. 100 stop ! ABNORMAL TERMINATION: ion placing may not work.. stop here
 Comparing "4" and "100".
 IF test evaluated as false.  Skipping command
  
 CHARMM>     
  
 CHARMM>            calc j = @i
 Parameter: I -> "36"
Evaluating: 36
 Parameter: J <- "36"
  
 CHARMM>            set ion = POS
 Parameter: ION <- "POS"
  
 CHARMM>     
  
 CHARMM>            if j .gt. @npos then
 Parameter: NPOS -> "12"
 Comparing "36" and "12".
 IF test evaluated as true.  Performing command
  
 CHARMM>               set ion = NEG
 Parameter: ION <- "NEG"
  
 CHARMM>               calc j  = @j - @npos
 Parameter: J -> "36"
 Parameter: NPOS -> "12"
Evaluating: 36-12
 Parameter: J <- "24"
  
 CHARMM>            endif
  
 CHARMM>     
  
 CHARMM>            define target select segid @ion .and. resid @j end
 Parameter: ION -> "NEG"
 Parameter: J -> "24"
 SELRPN>      1 atoms have been selected out of  13504
  
 CHARMM>     
  
 CHARMM>            calc xpos = @A * ( ?random - 0.5 )
 Parameter: A -> "60.2201683"
 RDCMND substituted energy or value "?RANDOM" to "0.145703932"
Evaluating: 60.2201683*(0.145703932-0.5)
 Parameter: XPOS <- "-21.3357688"
  
 CHARMM>            calc ypos = @B * ( ?random - 0.5 )
 Parameter: B -> "60.2201683"
 RDCMND substituted energy or value "?RANDOM" to "0.980603575"
Evaluating: 60.2201683*(0.980603575-0.5)
 Parameter: YPOS <- "28.9420282"
  
 CHARMM>            calc zpos = @C * ( ?random - 0.5 ) + @zcen
 Parameter: C -> "85"
 Parameter: ZCEN -> "0"
 RDCMND substituted energy or value "?RANDOM" to "0.554990053"
Evaluating: 85*(0.554990053-0.5)+0
 Parameter: ZPOS <- "4.6741545"
  
 CHARMM>     
  
 CHARMM>            if zpos .gt. -15 if zpos .lt. 15 goto doinit
 Comparing "4.6741545" and "-15".
 IF test evaluated as true.  Performing command
 Comparing "4.6741545" and "15".
 IF test evaluated as true.  Performing command
  
 CHARMM>     
  
 CHARMM>            calc cntrand = @cntrand + 1
 Parameter: CNTRAND -> "4"
Evaluating: 4+1
 Parameter: CNTRAND <- "5"
  
 CHARMM>            if cntrand .gt. 100 stop ! ABNORMAL TERMINATION: ion placing may not work.. stop here
 Comparing "5" and "100".
 IF test evaluated as false.  Skipping command
  
 CHARMM>     
  
 CHARMM>            calc j = @i
 Parameter: I -> "36"
Evaluating: 36
 Parameter: J <- "36"
  
 CHARMM>            set ion = POS
 Parameter: ION <- "POS"
  
 CHARMM>     
  
 CHARMM>            if j .gt. @npos then
 Parameter: NPOS -> "12"
 Comparing "36" and "12".
 IF test evaluated as true.  Performing command
  
 CHARMM>               set ion = NEG
 Parameter: ION <- "NEG"
  
 CHARMM>               calc j  = @j - @npos
 Parameter: J -> "36"
 Parameter: NPOS -> "12"
Evaluating: 36-12
 Parameter: J <- "24"
  
 CHARMM>            endif
  
 CHARMM>     
  
 CHARMM>            define target select segid @ion .and. resid @j end
 Parameter: ION -> "NEG"
 Parameter: J -> "24"
 SELRPN>      1 atoms have been selected out of  13504
  
 CHARMM>     
  
 CHARMM>            calc xpos = @A * ( ?random - 0.5 )
 Parameter: A -> "60.2201683"
 RDCMND substituted energy or value "?RANDOM" to "0.862598207"
Evaluating: 60.2201683*(0.862598207-0.5)
 Parameter: XPOS <- "21.8357251"
  
 CHARMM>            calc ypos = @B * ( ?random - 0.5 )
 Parameter: B -> "60.2201683"
 RDCMND substituted energy or value "?RANDOM" to "0.335424716"
Evaluating: 60.2201683*(0.335424716-0.5)
 Parameter: YPOS <- "-9.9107513"
  
 CHARMM>            calc zpos = @C * ( ?random - 0.5 ) + @zcen
 Parameter: C -> "85"
 Parameter: ZCEN -> "0"
 RDCMND substituted energy or value "?RANDOM" to "0.696379867"
Evaluating: 85*(0.696379867-0.5)+0
 Parameter: ZPOS <- "16.6922887"
  
 CHARMM>     
  
 CHARMM>            if zpos .gt. -15 if zpos .lt. 15 goto doinit
 Comparing "16.6922887" and "-15".
 IF test evaluated as true.  Performing command
 Comparing "16.6922887" and "15".
 IF test evaluated as false.  Skipping command
  
 CHARMM>     
  
 CHARMM>            ! move target to selected position
  
 CHARMM>            coor stat select target end
 SELRPN>      1 atoms have been selected out of  13504
 STATISTICS FOR         1 SELECTED ATOMS:
    XMIN =    0.000000 XMAX =    0.000000 XAVE =    0.000000
    YMIN =    0.000000 YMAX =    0.000000 YAVE =    0.000000
    ZMIN =    0.000000 ZMAX =    0.000000 ZAVE =    0.000000
    WMIN =   -1.000000 WMAX =   -1.000000 WAVE =   -1.000000
  
 CHARMM>            calc xtran = @xpos - ?xave
 Parameter: XPOS -> "21.8357251"
 RDCMND substituted energy or value "?XAVE" to "0"
Evaluating: 21.8357251-0
 Parameter: XTRAN <- "21.8357251"
  
 CHARMM>            calc ytran = @ypos - ?yave
 Parameter: YPOS -> "-9.9107513"
 RDCMND substituted energy or value "?YAVE" to "0"
Evaluating: -9.9107513-0
 Parameter: YTRAN <- "-9.9107513"
  
 CHARMM>            calc ztran = @zpos - ?zave
 Parameter: ZPOS -> "16.6922887"
 RDCMND substituted energy or value "?ZAVE" to "0"
Evaluating: 16.6922887-0
 Parameter: ZTRAN <- "16.6922887"
  
 CHARMM>            coor trans xdir @xtran ydir @ytran zdir @ztran select target end
 Parameter: XTRAN -> "21.8357251"
 Parameter: YTRAN -> "-9.9107513"
 Parameter: ZTRAN -> "16.6922887"
 SELRPN>      1 atoms have been selected out of  13504
 TRANSLATION VECTOR    21.835725   -9.910751   16.692289
 SELECTED COORDINATES TRANSLATED IN THE MAIN SET.

  
 CHARMM>     
  
 CHARMM>            ! apply a random rotation along XYZ
  
 CHARMM>            calc xphi = ?random * 360.0
 RDCMND substituted energy or value "?RANDOM" to "5.892722797E-02"
Evaluating: 5.892722797E-02*360.0
 Parameter: XPHI <- "21.2138021"
  
 CHARMM>            calc yphi = ?random * 360.0
 RDCMND substituted energy or value "?RANDOM" to "0.193156017"
Evaluating: 0.193156017*360.0
 Parameter: YPHI <- "69.5361661"
  
 CHARMM>            calc zphi = ?random * 360.0
 RDCMND substituted energy or value "?RANDOM" to "0.928596298"
Evaluating: 0.928596298*360.0
 Parameter: ZPHI <- "334.294667"
  
 CHARMM>            coor rotate xcen @xpos ycen @ypos zcen @zpos xdir 1.0 -
 CHARMM>                phi @xphi select target end
 Parameter: XPOS -> "21.8357251"
 Parameter: YPOS -> "-9.9107513"
 Parameter: ZPOS -> "16.6922887"
 Parameter: XPHI -> "21.2138021"
 SELRPN>      1 atoms have been selected out of  13504
 ROTATION MATRIX
    1.000000    0.000000    0.000000
    0.000000    0.932237    0.361849
    0.000000   -0.361849    0.932237

 AXIS OF ROTATION IS  1.000000  0.000000  0.000000  ANGLE IS   21.21

 SELECTED COORDINATES ROTATED IN THE MAIN SET.

  
 CHARMM>            coor rotate xcen @xpos ycen @ypos zcen @zpos ydir 1.0 -
 CHARMM>                phi @yphi select target end
 Parameter: XPOS -> "21.8357251"
 Parameter: YPOS -> "-9.9107513"
 Parameter: ZPOS -> "16.6922887"
 Parameter: YPHI -> "69.5361661"
 SELRPN>      1 atoms have been selected out of  13504
 ROTATION MATRIX
    0.349616    0.000000   -0.936893
    0.000000    1.000000    0.000000
    0.936893    0.000000    0.349616

 AXIS OF ROTATION IS  0.000000  1.000000  0.000000  ANGLE IS   69.54

 SELECTED COORDINATES ROTATED IN THE MAIN SET.

  
 CHARMM>            coor rotate xcen @xpos ycen @ypos zcen @zpos zdir 1.0 -
 CHARMM>                phi @zphi select target end
 Parameter: XPOS -> "21.8357251"
 Parameter: YPOS -> "-9.9107513"
 Parameter: ZPOS -> "16.6922887"
 Parameter: ZPHI -> "334.294667"
 SELRPN>      1 atoms have been selected out of  13504
 ROTATION MATRIX
    0.901037   -0.433743    0.000000
    0.433743    0.901037    0.000000
    0.000000    0.000000    1.000000

 AXIS OF ROTATION IS  0.000000  0.000000 -1.000000  ANGLE IS   25.71

 SELECTED COORDINATES ROTATED IN THE MAIN SET.

  
 CHARMM>     
  
 CHARMM>     
  
 CHARMM>            calc dcut = 3.5
Evaluating: 3.5
 Parameter: DCUT <- "3.5"
  
 CHARMM>     
  
 CHARMM>            coor stat sele target end
 SELRPN>      1 atoms have been selected out of  13504
 STATISTICS FOR         1 SELECTED ATOMS:
    XMIN =   21.835725 XMAX =   21.835725 XAVE =   21.835725
    YMIN =   -9.910751 YMAX =   -9.910751 YAVE =   -9.910751
    ZMIN =   16.692289 ZMAX =   16.692289 ZAVE =   16.692289
    WMIN =   -1.000000 WMAX =   -1.000000 WAVE =   -1.000000
  
 CHARMM>            calc xmax = ?xmax + @dcut
 Parameter: DCUT -> "3.5"
 RDCMND substituted energy or value "?XMAX" to "21.8357251"
Evaluating: 21.8357251+3.5
 Parameter: XMAX <- "25.3357251"
  
 CHARMM>            calc ymax = ?ymax + @dcut
 Parameter: DCUT -> "3.5"
 RDCMND substituted energy or value "?YMAX" to "-9.9107513"
Evaluating: -9.9107513+3.5
 Parameter: YMAX <- "-6.4107513"
  
 CHARMM>            calc zmax = ?zmax + @dcut
 Parameter: DCUT -> "3.5"
 RDCMND substituted energy or value "?ZMAX" to "16.6922887"
Evaluating: 16.6922887+3.5
 Parameter: ZMAX <- "20.1922887"
  
 CHARMM>            calc xmin = ?xmin - @dcut
 Parameter: DCUT -> "3.5"
 RDCMND substituted energy or value "?XMIN" to "21.8357251"
Evaluating: 21.8357251-3.5
 Parameter: XMIN <- "18.3357251"
  
 CHARMM>            calc ymin = ?ymin - @dcut
 Parameter: DCUT -> "3.5"
 RDCMND substituted energy or value "?YMIN" to "-9.9107513"
Evaluating: -9.9107513-3.5
 Parameter: YMIN <- "-13.4107513"
  
 CHARMM>            calc zmin = ?zmin - @dcut
 Parameter: DCUT -> "3.5"
 RDCMND substituted energy or value "?ZMIN" to "16.6922887"
Evaluating: 16.6922887-3.5
 Parameter: ZMIN <- "13.1922887"
  
 CHARMM>     
  
 CHARMM>            define JUNK sele .not. target .and. -
 CHARMM>                             prop X .lt. @xmax .and. prop X .gt. @xmin .and. -
 CHARMM>                             prop Y .lt. @ymax .and. prop Y .gt. @ymin .and. -
 CHARMM>                             prop Z .lt. @zmax .and. prop Z .gt. @zmin  end
 Parameter: XMAX -> "25.3357251"
 Parameter: XMIN -> "18.3357251"
 Parameter: YMAX -> "-6.4107513"
 Parameter: YMIN -> "-13.4107513"
 Parameter: ZMAX -> "20.1922887"
 Parameter: ZMIN -> "13.1922887"
 SELRPN>     26 atoms have been selected out of  13504
  
 CHARMM>     
  
 CHARMM>            ! check if the ions are too close to protein
  
 CHARMM>            define XXX sele PROT end
 SELRPN>    872 atoms have been selected out of  13504
  
 CHARMM>            if ?nsel .gt. 0 then
 RDCMND substituted energy or value "?NSEL" to "872"
 Comparing "872" and "0".
 IF test evaluated as true.  Performing command
  
 CHARMM>                coor dist cut 10.0 sele target end -
 CHARMM>                                   sele PROT .and. JUNK .and. .not. hydrogen end image
 SELRPN>      1 atoms have been selected out of  22944
 SELRPN>      0 atoms have been selected out of  22944

            DISTANCES FOR SELECTED ATOMS
            ONLY ONE SELECTION SET SPECIFIED, A COMPARISON WILL BE DONE
 TOTAL EXCLUSION COUNT =         0
 TOTAL 1-4 EXCLUSIONS  =         0
 TOTAL NON-EXCLUSIONS  =         0
  
 CHARMM>                if ?npair .gt. 0 goto doinit
 RDCMND substituted energy or value "?NPAIR" to "0"
 Comparing "0" and "0".
 IF test evaluated as false.  Skipping command
  
 CHARMM>            endif
  
 CHARMM>     
  
 CHARMM>            ! check if the ions are too close to solute
  
 CHARMM>            coor dist cut 4.0 sele target end sele JUNK .and. .not. hydrogen end image
 SELRPN>      1 atoms have been selected out of  22944
 SELRPN>     16 atoms have been selected out of  22944

            DISTANCES FOR SELECTED ATOMS
13504 NEG      CLA      24       CLA     -4361 MEMB     POPC     27       C13           3.9551
13504 NEG      CLA      24       CLA     -4376 MEMB     POPC     27       P             1.9061
13504 NEG      CLA      24       CLA     -4377 MEMB     POPC     27       O13           3.1993
13504 NEG      CLA      24       CLA     -4378 MEMB     POPC     27       O14           0.7985
13504 NEG      CLA      24       CLA     -4379 MEMB     POPC     27       O12           2.6094
13504 NEG      CLA      24       CLA     -4380 MEMB     POPC     27       O11           2.6617
13504 NEG      CLA      24       CLA     -4381 MEMB     POPC     27       C1            3.5256
13504 NEG      CLA      24       CLA     -4395 MEMB     POPC     27       O31           2.7068
13504 NEG      CLA      24       CLA     -4396 MEMB     POPC     27       C31           3.4621
13504 NEG      CLA      24       CLA     -4398 MEMB     POPC     27       C32           3.1202
13504 NEG      CLA      24       CLA     -4448 MEMB     POPC     27       C33           3.5045
 TOTAL EXCLUSION COUNT =         0
 TOTAL 1-4 EXCLUSIONS  =         0
 TOTAL NON-EXCLUSIONS  =        11
  
 CHARMM>            if ?npair .gt. 0 goto doinit
 RDCMND substituted energy or value "?NPAIR" to "11"
 Comparing "11" and "0".
 IF test evaluated as true.  Performing command
  
 CHARMM>     
  
 CHARMM>            calc cntrand = @cntrand + 1
 Parameter: CNTRAND -> "5"
Evaluating: 5+1
 Parameter: CNTRAND <- "6"
  
 CHARMM>            if cntrand .gt. 100 stop ! ABNORMAL TERMINATION: ion placing may not work.. stop here
 Comparing "6" and "100".
 IF test evaluated as false.  Skipping command
  
 CHARMM>     
  
 CHARMM>            calc j = @i
 Parameter: I -> "36"
Evaluating: 36
 Parameter: J <- "36"
  
 CHARMM>            set ion = POS
 Parameter: ION <- "POS"
  
 CHARMM>     
  
 CHARMM>            if j .gt. @npos then
 Parameter: NPOS -> "12"
 Comparing "36" and "12".
 IF test evaluated as true.  Performing command
  
 CHARMM>               set ion = NEG
 Parameter: ION <- "NEG"
  
 CHARMM>               calc j  = @j - @npos
 Parameter: J -> "36"
 Parameter: NPOS -> "12"
Evaluating: 36-12
 Parameter: J <- "24"
  
 CHARMM>            endif
  
 CHARMM>     
  
 CHARMM>            define target select segid @ion .and. resid @j end
 Parameter: ION -> "NEG"
 Parameter: J -> "24"
 SELRPN>      1 atoms have been selected out of  13504
  
 CHARMM>     
  
 CHARMM>            calc xpos = @A * ( ?random - 0.5 )
 Parameter: A -> "60.2201683"
 RDCMND substituted energy or value "?RANDOM" to "0.815950887"
Evaluating: 60.2201683*(0.815950887-0.5)
 Parameter: XPOS <- "19.0266156"
  
 CHARMM>            calc ypos = @B * ( ?random - 0.5 )
 Parameter: B -> "60.2201683"
 RDCMND substituted energy or value "?RANDOM" to "0.437662375"
Evaluating: 60.2201683*(0.437662375-0.5)
 Parameter: YPOS <- "-3.75398227"
  
 CHARMM>            calc zpos = @C * ( ?random - 0.5 ) + @zcen
 Parameter: C -> "85"
 Parameter: ZCEN -> "0"
 RDCMND substituted energy or value "?RANDOM" to "0.670014794"
Evaluating: 85*(0.670014794-0.5)+0
 Parameter: ZPOS <- "14.4512575"
  
 CHARMM>     
  
 CHARMM>            if zpos .gt. -15 if zpos .lt. 15 goto doinit
 Comparing "14.4512575" and "-15".
 IF test evaluated as true.  Performing command
 Comparing "14.4512575" and "15".
 IF test evaluated as true.  Performing command
  
 CHARMM>     
  
 CHARMM>            calc cntrand = @cntrand + 1
 Parameter: CNTRAND -> "6"
Evaluating: 6+1
 Parameter: CNTRAND <- "7"
  
 CHARMM>            if cntrand .gt. 100 stop ! ABNORMAL TERMINATION: ion placing may not work.. stop here
 Comparing "7" and "100".
 IF test evaluated as false.  Skipping command
  
 CHARMM>     
  
 CHARMM>            calc j = @i
 Parameter: I -> "36"
Evaluating: 36
 Parameter: J <- "36"
  
 CHARMM>            set ion = POS
 Parameter: ION <- "POS"
  
 CHARMM>     
  
 CHARMM>            if j .gt. @npos then
 Parameter: NPOS -> "12"
 Comparing "36" and "12".
 IF test evaluated as true.  Performing command
  
 CHARMM>               set ion = NEG
 Parameter: ION <- "NEG"
  
 CHARMM>               calc j  = @j - @npos
 Parameter: J -> "36"
 Parameter: NPOS -> "12"
Evaluating: 36-12
 Parameter: J <- "24"
  
 CHARMM>            endif
  
 CHARMM>     
  
 CHARMM>            define target select segid @ion .and. resid @j end
 Parameter: ION -> "NEG"
 Parameter: J -> "24"
 SELRPN>      1 atoms have been selected out of  13504
  
 CHARMM>     
  
 CHARMM>            calc xpos = @A * ( ?random - 0.5 )
 Parameter: A -> "60.2201683"
 RDCMND substituted energy or value "?RANDOM" to "0.907833803"
Evaluating: 60.2201683*(0.907833803-0.5)
 Parameter: XPOS <- "24.5598203"
  
 CHARMM>            calc ypos = @B * ( ?random - 0.5 )
 Parameter: B -> "60.2201683"
 RDCMND substituted energy or value "?RANDOM" to "6.347392109E-02"
Evaluating: 60.2201683*(6.347392109E-02-0.5)
 Parameter: YPOS <- "-26.2876739"
  
 CHARMM>            calc zpos = @C * ( ?random - 0.5 ) + @zcen
 Parameter: C -> "85"
 Parameter: ZCEN -> "0"
 RDCMND substituted energy or value "?RANDOM" to "0.381461028"
Evaluating: 85*(0.381461028-0.5)+0
 Parameter: ZPOS <- "-10.0758126"
  
 CHARMM>     
  
 CHARMM>            if zpos .gt. -15 if zpos .lt. 15 goto doinit
 Comparing "-10.0758126" and "-15".
 IF test evaluated as true.  Performing command
 Comparing "-10.0758126" and "15".
 IF test evaluated as true.  Performing command
  
 CHARMM>     
  
 CHARMM>            calc cntrand = @cntrand + 1
 Parameter: CNTRAND -> "7"
Evaluating: 7+1
 Parameter: CNTRAND <- "8"
  
 CHARMM>            if cntrand .gt. 100 stop ! ABNORMAL TERMINATION: ion placing may not work.. stop here
 Comparing "8" and "100".
 IF test evaluated as false.  Skipping command
  
 CHARMM>     
  
 CHARMM>            calc j = @i
 Parameter: I -> "36"
Evaluating: 36
 Parameter: J <- "36"
  
 CHARMM>            set ion = POS
 Parameter: ION <- "POS"
  
 CHARMM>     
  
 CHARMM>            if j .gt. @npos then
 Parameter: NPOS -> "12"
 Comparing "36" and "12".
 IF test evaluated as true.  Performing command
  
 CHARMM>               set ion = NEG
 Parameter: ION <- "NEG"
  
 CHARMM>               calc j  = @j - @npos
 Parameter: J -> "36"
 Parameter: NPOS -> "12"
Evaluating: 36-12
 Parameter: J <- "24"
  
 CHARMM>            endif
  
 CHARMM>     
  
 CHARMM>            define target select segid @ion .and. resid @j end
 Parameter: ION -> "NEG"
 Parameter: J -> "24"
 SELRPN>      1 atoms have been selected out of  13504
  
 CHARMM>     
  
 CHARMM>            calc xpos = @A * ( ?random - 0.5 )
 Parameter: A -> "60.2201683"
 RDCMND substituted energy or value "?RANDOM" to "0.390995184"
Evaluating: 60.2201683*(0.390995184-0.5)
 Parameter: XPOS <- "-6.56428837"
  
 CHARMM>            calc ypos = @B * ( ?random - 0.5 )
 Parameter: B -> "60.2201683"
 RDCMND substituted energy or value "?RANDOM" to "0.45221375"
Evaluating: 60.2201683*(0.45221375-0.5)
 Parameter: YPOS <- "-2.87769602"
  
 CHARMM>            calc zpos = @C * ( ?random - 0.5 ) + @zcen
 Parameter: C -> "85"
 Parameter: ZCEN -> "0"
 RDCMND substituted energy or value "?RANDOM" to "0.868285825"
Evaluating: 85*(0.868285825-0.5)+0
 Parameter: ZPOS <- "31.3042951"
  
 CHARMM>     
  
 CHARMM>            if zpos .gt. -15 if zpos .lt. 15 goto doinit
 Comparing "31.3042951" and "-15".
 IF test evaluated as true.  Performing command
 Comparing "31.3042951" and "15".
 IF test evaluated as false.  Skipping command
  
 CHARMM>     
  
 CHARMM>            ! move target to selected position
  
 CHARMM>            coor stat select target end
 SELRPN>      1 atoms have been selected out of  13504
 STATISTICS FOR         1 SELECTED ATOMS:
    XMIN =   21.835725 XMAX =   21.835725 XAVE =   21.835725
    YMIN =   -9.910751 YMAX =   -9.910751 YAVE =   -9.910751
    ZMIN =   16.692289 ZMAX =   16.692289 ZAVE =   16.692289
    WMIN =   -1.000000 WMAX =   -1.000000 WAVE =   -1.000000
  
 CHARMM>            calc xtran = @xpos - ?xave
 Parameter: XPOS -> "-6.56428837"
 RDCMND substituted energy or value "?XAVE" to "21.8357251"
Evaluating: -6.56428837-21.8357251
 Parameter: XTRAN <- "-28.4000135"
  
 CHARMM>            calc ytran = @ypos - ?yave
 Parameter: YPOS -> "-2.87769602"
 RDCMND substituted energy or value "?YAVE" to "-9.9107513"
Evaluating: -2.87769602--9.9107513
 Parameter: YTRAN <- "7.03305528"
  
 CHARMM>            calc ztran = @zpos - ?zave
 Parameter: ZPOS -> "31.3042951"
 RDCMND substituted energy or value "?ZAVE" to "16.6922887"
Evaluating: 31.3042951-16.6922887
 Parameter: ZTRAN <- "14.6120064"
  
 CHARMM>            coor trans xdir @xtran ydir @ytran zdir @ztran select target end
 Parameter: XTRAN -> "-28.4000135"
 Parameter: YTRAN -> "7.03305528"
 Parameter: ZTRAN -> "14.6120064"
 SELRPN>      1 atoms have been selected out of  13504
 TRANSLATION VECTOR   -28.400014    7.033055   14.612006
 SELECTED COORDINATES TRANSLATED IN THE MAIN SET.

  
 CHARMM>     
  
 CHARMM>            ! apply a random rotation along XYZ
  
 CHARMM>            calc xphi = ?random * 360.0
 RDCMND substituted energy or value "?RANDOM" to "0.709962554"
Evaluating: 0.709962554*360.0
 Parameter: XPHI <- "255.586519"
  
 CHARMM>            calc yphi = ?random * 360.0
 RDCMND substituted energy or value "?RANDOM" to "0.566812791"
Evaluating: 0.566812791*360.0
 Parameter: YPHI <- "204.052605"
  
 CHARMM>            calc zphi = ?random * 360.0
 RDCMND substituted energy or value "?RANDOM" to "0.377884218"
Evaluating: 0.377884218*360.0
 Parameter: ZPHI <- "136.038318"
  
 CHARMM>            coor rotate xcen @xpos ycen @ypos zcen @zpos xdir 1.0 -
 CHARMM>                phi @xphi select target end
 Parameter: XPOS -> "-6.56428837"
 Parameter: YPOS -> "-2.87769602"
 Parameter: ZPOS -> "31.3042951"
 Parameter: XPHI -> "255.586519"
 SELRPN>      1 atoms have been selected out of  13504
 ROTATION MATRIX
    1.000000    0.000000    0.000000
    0.000000   -0.248918   -0.968525
    0.000000    0.968525   -0.248918

 AXIS OF ROTATION IS -1.000000  0.000000  0.000000  ANGLE IS  104.41

 SELECTED COORDINATES ROTATED IN THE MAIN SET.

  
 CHARMM>            coor rotate xcen @xpos ycen @ypos zcen @zpos ydir 1.0 -
 CHARMM>                phi @yphi select target end
 Parameter: XPOS -> "-6.56428837"
 Parameter: YPOS -> "-2.87769602"
 Parameter: ZPOS -> "31.3042951"
 Parameter: YPHI -> "204.052605"
 SELRPN>      1 atoms have been selected out of  13504
 ROTATION MATRIX
   -0.913172    0.000000    0.407575
    0.000000    1.000000    0.000000
   -0.407575    0.000000   -0.913172

 AXIS OF ROTATION IS  0.000000 -1.000000  0.000000  ANGLE IS  155.95

 SELECTED COORDINATES ROTATED IN THE MAIN SET.

  
 CHARMM>            coor rotate xcen @xpos ycen @ypos zcen @zpos zdir 1.0 -
 CHARMM>                phi @zphi select target end
 Parameter: XPOS -> "-6.56428837"
 Parameter: YPOS -> "-2.87769602"
 Parameter: ZPOS -> "31.3042951"
 Parameter: ZPHI -> "136.038318"
 SELRPN>      1 atoms have been selected out of  13504
 ROTATION MATRIX
   -0.719804    0.694177    0.000000
   -0.694177   -0.719804    0.000000
    0.000000    0.000000    1.000000

 AXIS OF ROTATION IS  0.000000  0.000000  1.000000  ANGLE IS  136.04

 SELECTED COORDINATES ROTATED IN THE MAIN SET.

  
 CHARMM>     
  
 CHARMM>     
  
 CHARMM>            calc dcut = 3.5
Evaluating: 3.5
 Parameter: DCUT <- "3.5"
  
 CHARMM>     
  
 CHARMM>            coor stat sele target end
 SELRPN>      1 atoms have been selected out of  13504
 STATISTICS FOR         1 SELECTED ATOMS:
    XMIN =   -6.564288 XMAX =   -6.564288 XAVE =   -6.564288
    YMIN =   -2.877696 YMAX =   -2.877696 YAVE =   -2.877696
    ZMIN =   31.304295 ZMAX =   31.304295 ZAVE =   31.304295
    WMIN =   -1.000000 WMAX =   -1.000000 WAVE =   -1.000000
  
 CHARMM>            calc xmax = ?xmax + @dcut
 Parameter: DCUT -> "3.5"
 RDCMND substituted energy or value "?XMAX" to "-6.56428839"
Evaluating: -6.56428839+3.5
 Parameter: XMAX <- "-3.06428839"
  
 CHARMM>            calc ymax = ?ymax + @dcut
 Parameter: DCUT -> "3.5"
 RDCMND substituted energy or value "?YMAX" to "-2.87769604"
Evaluating: -2.87769604+3.5
 Parameter: YMAX <- "0.62230396"
  
 CHARMM>            calc zmax = ?zmax + @dcut
 Parameter: DCUT -> "3.5"
 RDCMND substituted energy or value "?ZMAX" to "31.3042951"
Evaluating: 31.3042951+3.5
 Parameter: ZMAX <- "34.8042951"
  
 CHARMM>            calc xmin = ?xmin - @dcut
 Parameter: DCUT -> "3.5"
 RDCMND substituted energy or value "?XMIN" to "-6.56428839"
Evaluating: -6.56428839-3.5
 Parameter: XMIN <- "-10.0642884"
  
 CHARMM>            calc ymin = ?ymin - @dcut
 Parameter: DCUT -> "3.5"
 RDCMND substituted energy or value "?YMIN" to "-2.87769604"
Evaluating: -2.87769604-3.5
 Parameter: YMIN <- "-6.37769604"
  
 CHARMM>            calc zmin = ?zmin - @dcut
 Parameter: DCUT -> "3.5"
 RDCMND substituted energy or value "?ZMIN" to "31.3042951"
Evaluating: 31.3042951-3.5
 Parameter: ZMIN <- "27.8042951"
  
 CHARMM>     
  
 CHARMM>            define JUNK sele .not. target .and. -
 CHARMM>                             prop X .lt. @xmax .and. prop X .gt. @xmin .and. -
 CHARMM>                             prop Y .lt. @ymax .and. prop Y .gt. @ymin .and. -
 CHARMM>                             prop Z .lt. @zmax .and. prop Z .gt. @zmin  end
 Parameter: XMAX -> "-3.06428839"
 Parameter: XMIN -> "-10.0642884"
 Parameter: YMAX -> "0.62230396"
 Parameter: YMIN -> "-6.37769604"
 Parameter: ZMAX -> "34.8042951"
 Parameter: ZMIN -> "27.8042951"
 SELRPN>      0 atoms have been selected out of  13504
  
 CHARMM>     
  
 CHARMM>            ! check if the ions are too close to protein
  
 CHARMM>            define XXX sele PROT end
 SELRPN>    872 atoms have been selected out of  13504
  
 CHARMM>            if ?nsel .gt. 0 then
 RDCMND substituted energy or value "?NSEL" to "872"
 Comparing "872" and "0".
 IF test evaluated as true.  Performing command
  
 CHARMM>                coor dist cut 10.0 sele target end -
 CHARMM>                                   sele PROT .and. JUNK .and. .not. hydrogen end image
 SELRPN>      1 atoms have been selected out of  22944
 SELRPN>      0 atoms have been selected out of  22944

            DISTANCES FOR SELECTED ATOMS
            ONLY ONE SELECTION SET SPECIFIED, A COMPARISON WILL BE DONE
 TOTAL EXCLUSION COUNT =         0
 TOTAL 1-4 EXCLUSIONS  =         0
 TOTAL NON-EXCLUSIONS  =         0
  
 CHARMM>                if ?npair .gt. 0 goto doinit
 RDCMND substituted energy or value "?NPAIR" to "0"
 Comparing "0" and "0".
 IF test evaluated as false.  Skipping command
  
 CHARMM>            endif
  
 CHARMM>     
  
 CHARMM>            ! check if the ions are too close to solute
  
 CHARMM>            coor dist cut 4.0 sele target end sele JUNK .and. .not. hydrogen end image
 SELRPN>      1 atoms have been selected out of  22944
 SELRPN>      0 atoms have been selected out of  22944

            DISTANCES FOR SELECTED ATOMS
            ONLY ONE SELECTION SET SPECIFIED, A COMPARISON WILL BE DONE
 TOTAL EXCLUSION COUNT =         0
 TOTAL 1-4 EXCLUSIONS  =         0
 TOTAL NON-EXCLUSIONS  =         0
  
 CHARMM>            if ?npair .gt. 0 goto doinit
 RDCMND substituted energy or value "?NPAIR" to "0"
 Comparing "0" and "0".
 IF test evaluated as false.  Skipping command
  
 CHARMM>     
  
 CHARMM>            calc cntrand = 0
Evaluating: 0
 Parameter: CNTRAND <- "0"
  
 CHARMM>            increase i by 1
 Parameter: I <- "37"
  
 CHARMM>            if i .le. @nion goto doinit
 Parameter: NION -> "36"
 Comparing "37" and "36".
 IF test evaluated as false.  Skipping command
  
 CHARMM>     
  
 CHARMM>        label continue
  
 CHARMM>     
  
 CHARMM>        CRYSTAL FREE
  
 CHARMM>     
  
 CHARMM>        ! get the number of @pos residues to reorder
  
 CHARMM>        define JUNK sele ( segid IONS .or. LPSION ) .and. resname @pos end
 Parameter: POS -> "SOD"
 SELRPN>      0 atoms have been selected out of  13504
  
 CHARMM>        set natoms = ?nsel
 RDCMND substituted energy or value "?NSEL" to "0"
 Parameter: NATOMS <- "0"
  
 CHARMM>        calc nresi = @natoms / @natompos
 Parameter: NATOMS -> "0"
 Parameter: NATOMPOS -> "1"
Evaluating: 0/1
 Parameter: NRESI <- "0"
  
 CHARMM>        incr npos by @nresi
 Parameter: NRESI -> "0"
 Parameter: NPOS <- "12"
  
 CHARMM>     
  
 CHARMM>        ! join POS to @pos via reordering
  
 CHARMM>        if nresi .gt. 0 then
 Comparing "0" and "0".
 IF test evaluated as false.  Skip to ELSE or ENDIF
  
 CHARMM>     
  
 CHARMM>        ! update LPS selection
  
 CHARMM>        define LPSION sele segid LION .or. segid CION .or. segid OION end
 SELRPN>      0 atoms have been selected out of  13504
  
 CHARMM>     
  
 CHARMM>        ! get the number of @neg residues to reorder
  
 CHARMM>        define JUNK sele ( segid IONS .or. LPSION ) .and. resname @neg end
 Parameter: NEG -> "CLA"
 SELRPN>      0 atoms have been selected out of  13504
  
 CHARMM>        set natoms = ?nsel
 RDCMND substituted energy or value "?NSEL" to "0"
 Parameter: NATOMS <- "0"
  
 CHARMM>        calc nresi = @natoms / @natomneg
 Parameter: NATOMS -> "0"
 Parameter: NATOMNEG -> "1"
Evaluating: 0/1
 Parameter: NRESI <- "0"
  
 CHARMM>        incr nneg by @nresi
 Parameter: NRESI -> "0"
 Parameter: NNEG <- "24"
  
 CHARMM>     
  
 CHARMM>        ! join NEG to @neg via reordering
  
 CHARMM>        if nresi .gt. 0 then
 Comparing "0" and "0".
 IF test evaluated as false.  Skip to ELSE or ENDIF
  
 CHARMM>            ! if POS was reordered, NEG may still need to be reordered
  
 CHARMM>            define POS sele segid POS end
 SELRPN>     12 atoms have been selected out of  13504
  
 CHARMM>            set posat = ?selatom
 RDCMND substituted energy or value "?SELATOM" to "13469"
 Parameter: POSAT <- "13469"
  
 CHARMM>     
  
 CHARMM>            define NEG sele segid NEG end
 SELRPN>     24 atoms have been selected out of  13504
  
 CHARMM>            set negat = ?selatom
 RDCMND substituted energy or value "?SELATOM" to "13481"
 Parameter: NEGAT <- "13481"
  
 CHARMM>     
  
 CHARMM>            if negat .eq. 0 goto skipreorder
 Comparing "13481" and "0".
 IF test evaluated as false.  Skipping command
  
 CHARMM>     
  
 CHARMM>            if posat .gt. @negat then
 Parameter: NEGAT -> "13481"
 Comparing "13469" and "13481".
 IF test evaluated as false.  Skip to ELSE or ENDIF
  
 CHARMM>        endif
  
 CHARMM>     
  
 CHARMM>        label skipreorder
  
 CHARMM>     
  
 CHARMM>        ! update LPS selection
  
 CHARMM>        define LPSION sele segid LION .or. segid CION .or. segid OION end
 SELRPN>      0 atoms have been selected out of  13504
  
 CHARMM>     
  
 CHARMM>        !
  
 CHARMM>        ! join everything to IONS segment
  
 CHARMM>        !
  
 CHARMM>        define IONS sele segid IONS end
 SELRPN>      0 atoms have been selected out of  13504
  
 CHARMM>        set nionatoms = ?nsel
 RDCMND substituted energy or value "?NSEL" to "0"
 Parameter: NIONATOMS <- "0"
  
 CHARMM>     
  
 CHARMM>        define POS sele segid POS end
 SELRPN>     12 atoms have been selected out of  13504
  
 CHARMM>        set nposatoms = ?nsel
 RDCMND substituted energy or value "?NSEL" to "12"
 Parameter: NPOSATOMS <- "12"
  
 CHARMM>     
  
 CHARMM>        define NEG sele segid NEG end
 SELRPN>     24 atoms have been selected out of  13504
  
 CHARMM>        set nnegatoms = ?nsel
 RDCMND substituted energy or value "?NSEL" to "24"
 Parameter: NNEGATOMS <- "24"
  
 CHARMM>     
  
 CHARMM>        if nionatoms .gt. 0 then
 Comparing "0" and "0".
 IF test evaluated as false.  Skip to ELSE or ENDIF
  
 CHARMM>            rename segid IONS sele segid POS end
 SELRPN>     12 atoms have been selected out of  13504
 SEGMENT 'POS     ' IS RENAMED TO 'IONS    '
  
 CHARMM>        endif
  
 CHARMM>     
  
 CHARMM>        define IONS sele segid IONS end
 SELRPN>     12 atoms have been selected out of  13504
  
 CHARMM>        set nionatoms = ?nsel
 RDCMND substituted energy or value "?NSEL" to "12"
 Parameter: NIONATOMS <- "12"
  
 CHARMM>     
  
 CHARMM>        if nionatoms .gt. 0 then
 Comparing "12" and "0".
 IF test evaluated as true.  Performing command
  
 CHARMM>            if nnegatoms .gt. 0 join IONS NEG renumber
 Comparing "24" and "0".
 IF test evaluated as true.  Performing command
 SEGMENTS "IONS    " AND "NEG     " HAVE BEEN JOINED.
 THE RESIDUE IDENTIFIERS HAVE BEEN RENUMBERED
 PSFSUM> PSF modified: NONBOND lists and IMAGE atoms cleared.
 PSFSUM> Summary of the structure file counters :
         Number of segments      =        4   Number of residues   =      182
         Number of atoms         =    13504   Number of groups     =     3480
         Number of bonds         =    13378   Number of angles     =    25672
         Number of dihedrals     =    35796   Number of impropers  =      324
         Number of cross-terms   =       48   Number of autogens   =        0
         Number of HB acceptors  =       62   Number of HB donors  =      112
         Number of NB exclusions =        0   Total charge =   -0.00000
  
 CHARMM>        else
 Skip commands until next ENDIF
  
 CHARMM>     
  
 CHARMM>        incr ionind
 Parameter: IONIND <- "2"
  
 CHARMM>        if ionind le @niontypes goto do_ion
 Parameter: NIONTYPES -> "1"
 Comparing "2" and "1".
 IF test evaluated as false.  Skipping command
  
 CHARMM>     
  
 CHARMM>     
  
 CHARMM>    CRYSTAL FREE
  
 CHARMM>     
  
 CHARMM>    open read unit 10 card name step4.3_ion_protmemb.crd
 OPNLGU> Unit already open. The old file will be closed first.
 VCLOSE: Closing unit   10 with status "KEEP"
 VOPEN> Attempting to open::step4.3_ion_protmemb.crd::
 OPNLGU> Unit 10 opened for READONLY access to step4.3_ion_protmemb.crd
  
 CHARMM>    read coor unit 10 card
          SPATIAL COORDINATES BEING READ FROM UNIT 10
 TITLE> * GENERATED BY CHARMM-GUI (HTTP://WWW.CHARMM-GUI.ORG) V3.7 ON DEC, 01. 2025. JOB
 TITLE> * GENERATES ION CONFORMATION USING MONTE-CARLO SIMULATION
 TITLE> *  DATE:    12/ 1/25      8: 4:45      CREATED BY USER: CHARMM-GUI
 TITLE> *

 ** WARNING ** Coordinates were overwritten for 13468 atoms.
 *** LEVEL  2 WARNING *** BOMLEV IS    0
  
 CHARMM>     
  
 CHARMM>    write coor pdb name step4.3_ion.pdb
 VOPEN> Attempting to open::step4.3_ion.pdb::
 RDTITL>  
 RDTITL> No title read.
  Write CHARMM-pdb format
 VCLOSE: Closing unit   90 with status "KEEP"
  
 CHARMM>     
  
 CHARMM>    calc cgtotinit = ?cgtot
 RDCMND substituted energy or value "?CGTOT" to "-1.563194019E-13"
Evaluating: -1.563194019E-13
 Parameter: CGTOTINIT <- "-1.563194019E-13"
  
 CHARMM>    calc cgtot = int( ?cgtot )
 RDCMND substituted energy or value "?CGTOT" to "-1.563194019E-13"
Evaluating: INT(-1.563194019E-13)
 Parameter: CGTOT <- "0"
  
 CHARMM>    if cgtot .ne. 0 stop ! ABNORMAL TERMINATION: failure to neutralize system
 Comparing "0" and "0".
 IF test evaluated as false.  Skipping command
  
 CHARMM>    calc cgdiff = abs(@cgtot - @cgtotinit)
 Parameter: CGTOT -> "0"
 Parameter: CGTOTINIT -> "-1.563194019E-13"
Evaluating: ABS(0--1.563194019E-13)
 Parameter: CGDIFF <- "1.563194019E-13"
  
 CHARMM>    if cgdiff .gt. 0.0001 stop ! ABNORMAL TERMINATION: failure to neutralize system
 Comparing "1.563194019E-13" and "0.0001".
 IF test evaluated as false.  Skipping command
  
 CHARMM>     
  
 CHARMM>    delete atom sele .not. ( segid IONS ) end
 SELRPN>  13468 atoms have been selected out of  13504

 Message from MAPIC: Atom numbers are changed.

 Message from MAPIC:        146 residues deleted.

 Message from MAPIC:          3 segments deleted.
 DELTIC:     13378 bonds deleted
 DELTIC:     25672 angles deleted
 DELTIC:     35796 dihedrals deleted
 DELTIC:       324 improper dihedrals deleted
 DELTIC:        48 crossterm maps deleted
 DELTIC:       112 donors deleted
 DELTIC:        62 acceptors deleted
 PSFSUM> PSF modified: NONBOND lists and IMAGE atoms cleared.
 PSFSUM> Summary of the structure file counters :
         Number of segments      =        1   Number of residues   =       36
         Number of atoms         =       36   Number of groups     =       36
         Number of bonds         =        0   Number of angles     =        0
         Number of dihedrals     =        0   Number of impropers  =        0
         Number of cross-terms   =        0   Number of autogens   =        0
         Number of HB acceptors  =        0   Number of HB donors  =        0
         Number of NB exclusions =        0   Total charge =  -12.00000
  
 CHARMM>     
  
 CHARMM>    bomlev 2 ! force error if no atoms written
  
 CHARMM>     
  
 CHARMM>    write psf  card name step4.3_ion.psf
 VOPEN> Attempting to open::step4.3_ion.psf::
 RDTITL> WRITE COOR CARD NAME STEP4.3_ION.CRD
 RDTITL> No title read.
 VCLOSE: Closing unit   90 with status "KEEP"
 VCLOSE: Closing unit   90 with status "KEEP"
  
 CHARMM>    write coor card name step4.3_ion.crd
 VOPEN> Attempting to open::step4.3_ion.crd::
 RDTITL>  
 RDTITL> No title read.
 VCLOSE: Closing unit   90 with status "KEEP"
 VCLOSE: Closing unit   90 with status "KEEP"
  
 CHARMM>     
  
 CHARMM>    write title card name step4.3_ion.str
 VOPEN> Attempting to open::step4.3_ion.str::
 RDTITL> * SET NIONTYPES = 1
 RDTITL> * SET NPOSTOT = 12
 RDTITL> * SET NNEGTOT = 24
 RDTITL> * SET NIONTOT = 36
 RDTITL> *
 VCLOSE: Closing unit   90 with status "KEEP"
 **** Warning ****  The following extraneous characters
 were found while command processing in CHARMM
 CARD
  
 CHARMM>     
  
 CHARMM>    stop
 VCLOSE: Closing unit   10 with status "KEEP"
 VCLOSE: Closing unit   20 with status "KEEP"
$$$$$$  New timer profile $$$$$
 Total time                     10.32 Other:            0.00

                    NORMAL TERMINATION BY NORMAL STOP
                    MOST SEVERE WARNING WAS AT LEVEL  1

                    $$$$$ JOB ACCOUNTING INFORMATION $$$$$
                     ELAPSED TIME:    10.32  SECONDS 
                         CPU TIME:    10.32  SECONDS 
