1
                 Chemistry at HARvard Macromolecular Mechanics
           (CHARMM) - Developmental Version 47a2   February 15, 2021            
                                Revision unknown                                
       Copyright(c) 1984-2020  President and Fellows of Harvard College
                              All Rights Reserved
             Current operating system: Linux-6.1.0-41-amd64(x86_64)             
                 Created on 12/1/25 at  8:00:13 by user: charmm-gui  

            Maximum number of ATOMS:    360720, and RESidues:      120240
 RDTITL> * GENERATED BY CHARMM-GUI (HTTP://WWW.CHARMM-GUI.ORG) V3.7 ON DEC, 01. 2025. JOBID=6459390172
 RDTITL> * ORIENT THE MOLECULE ALONG THE Z-AXIS
 RDTITL> *
  
 CHARMM>     
  
 CHARMM>    DIMENS CHSIZE 5000000 MAXRES 3000000
Size      Original         New
MAXA        360720     5000000
MAXB        360720     5000000
MAXT        721440    10000000
MAXP       1082160    15000000
MAXIMP      180360     2500000
MAXNB        90180     1250000
MAXPAD      360720     5000000
MAXRES      120240     3000000
MAXSEG       45090      625000
MAXATC        1400
MAXCB         3000
MAXCT        50000
MAXCP        50000
MAXCI         1200
MAXCH         6400
MAXCN       502503
MAXCRT      120240     1666666
  
 CHARMM>     
  
 CHARMM>    ! Read topology and parameter files
 CHARMM>    stream toppar.str
 VOPEN> Attempting to open::toppar.str::
 OPNLGU> Unit 99 opened for READONLY access to toppar.str

                    INPUT STREAM SWITCHING TO UNIT    99
 RDTITL> * GENERATED BY CHARMM-GUI (HTTP://WWW.CHARMM-GUI.ORG) V3.7 ON DEC, 01. 2025. JOBID=6459390172
 RDTITL> * STREAM FILE FOR TOPOLOGY AND PARAMETER READING
 RDTITL> *
 Parameter: IN1 <- "" <empty>
  
 CHARMM>     
  
 CHARMM>    ! protein topology and parameter
 CHARMM>    open read card unit 10 name toppar/top_all36_prot.rtf
 VOPEN> Attempting to open::toppar/top_all36_prot.rtf::
 OPNLGU> Unit 10 opened for READONLY access to toppar/top_all36_prot.rtf
  
 CHARMM>    read  rtf card unit 10
 MAINIO> Residue topology file being read from unit  10.
 TITLE> *>>>>>>>>CHARMM36 ALL-HYDROGEN TOPOLOGY FILE FOR PROTEINS <<<<<<
 TITLE> *>>>>> INCLUDES PHI, PSI CROSS TERM MAP (CMAP) CORRECTION <<<<<<<
 TITLE> *>>>>>>>>>>>>>>>>>>>>>>>>>> MAY 2011 <<<<<<<<<<<<<<<<<<<<<<<<<<<<
 TITLE> * ALL COMMENTS TO THE CHARMM WEB SITE: WWW.CHARMM.ORG
 TITLE> *             PARAMETER SET DISCUSSION FORUM
 TITLE> *
  
 CHARMM>     
  
 CHARMM>    open read card unit 20 name toppar/par_all36m_prot.prm
 VOPEN> Attempting to open::toppar/par_all36m_prot.prm::
 OPNLGU> Unit 20 opened for READONLY access to toppar/par_all36m_prot.prm
  
 CHARMM>    read para card unit 20 flex

          PARAMETER FILE BEING READ FROM UNIT 20
 TITLE> *>>>> CHARMM36 ALL-HYDROGEN PARAMETER FILE FOR PROTEINS <<<<<<<<<<
 TITLE> *>>>>> INCLUDES PHI, PSI CROSS TERM MAP (CMAP) CORRECTION <<<<<<<<
 TITLE> *>>>>>>>>>>>>>>>>>>>>>>>>>> JAN. 2016 <<<<<<<<<<<<<<<<<<<<<<<<<<<<
 TITLE> * ALL COMMENTS TO THE CHARMM WEB SITE: WWW.CHARMM.ORG
 TITLE> *             PARAMETER SET DISCUSSION FORUM
 TITLE> *
 PARMIO> NONBOND, HBOND lists and IMAGE atoms cleared.
  
 CHARMM>     
  
 CHARMM>    ! nucleic acids
 CHARMM>    open read card unit 10 name toppar/top_all36_na.rtf
 OPNLGU> Unit already open. The old file will be closed first.
 VCLOSE: Closing unit   10 with status "KEEP"
 VOPEN> Attempting to open::toppar/top_all36_na.rtf::
 OPNLGU> Unit 10 opened for READONLY access to toppar/top_all36_na.rtf
  
 CHARMM>    read  rtf card unit 10 append
 MAINIO> Residue topology file being read from unit  10.
 TITLE> *  \\\\ CHARMM36 ALL-HYDROGEN NUCLEIC ACID TOPOLOGY FILE ////
 TITLE> *   ALEXANDER D. MACKERELL JR. AND COWORKERS
 TITLE> *                      APRIL 2011
 TITLE> * ALL COMMENTS TO THE CHARMM WEB SITE: WWW.CHARMM.ORG
 TITLE> *           PARAMETER SET DISCUSSION FORUM
 TITLE> *
  
 CHARMM>     
  
 CHARMM>    open read card unit 20 name toppar/par_all36_na.prm
 OPNLGU> Unit already open. The old file will be closed first.
 VCLOSE: Closing unit   20 with status "KEEP"
 VOPEN> Attempting to open::toppar/par_all36_na.prm::
 OPNLGU> Unit 20 opened for READONLY access to toppar/par_all36_na.prm
  
 CHARMM>    read para card unit 20 append flex

          PARAMETER FILE BEING READ FROM UNIT 20
 TITLE> * \\\\ CHARMM36 ALL-HYDROGEN NUCLEIC ACID PARAMETER FILE ////
 TITLE> *         ALEXANDER D. MACKERELL JR. AND COWORKERS
 TITLE> *                        APRIL 2011
 TITLE> * ALL COMMENTS TO THE CHARMM WEB SITE: WWW.CHARMM.ORG PARAMETER
 TITLE> *                     SET DISCUSSION FORUM
 TITLE> *
 PARMIO> NONBOND, HBOND lists and IMAGE atoms cleared.
  
 CHARMM>     
  
 CHARMM>    ! carbohydrates
 CHARMM>    open read card unit 10 name toppar/top_all36_carb.rtf
 OPNLGU> Unit already open. The old file will be closed first.
 VCLOSE: Closing unit   10 with status "KEEP"
 VOPEN> Attempting to open::toppar/top_all36_carb.rtf::
 OPNLGU> Unit 10 opened for READONLY access to toppar/top_all36_carb.rtf
  
 CHARMM>    read  rtf card unit 10 append
 MAINIO> Residue topology file being read from unit  10.
 TITLE> * $ID: TOP_ALLXX_SUGAR.INP,V 1.106 2014/08/19 19:07:43 ALEX EXP $
 TITLE> *>>>>>>>>>>>> ALL-HYDROGEN TOPOLOGIES USED IN THE <<<<<<<<<<<<<<<<
 TITLE> *>>>>> DEVELOPMENT OF THE CHARMM CARBOHYDRATE  FORCE FIELD<<<<<<<<
 TITLE> *>>>>>>>>>>>>>>>>>>>>>>>>> JUNE 2009 <<<<<<<<<<<<<<<<<<<<<<<<<<<<<
 TITLE> *>>>>>>>> DIRECT COMMENTS TO ALEXANDER D. MACKERELL JR. <<<<<<<<<<
 TITLE> *>>>>>>>>>> VIA THE CHARMM WEB SITE: WWW.CHARMM.ORG <<<<<<<<<<<<<<
 TITLE> *>>>>>>>>>>>>>>> PARAMETER SET DISCUSSION FORUM <<<<<<<<<<<<<<<<<<
 TITLE> *
  
 CHARMM>     
  
 CHARMM>    open read card unit 20 name toppar/par_all36_carb.prm
 OPNLGU> Unit already open. The old file will be closed first.
 VCLOSE: Closing unit   20 with status "KEEP"
 VOPEN> Attempting to open::toppar/par_all36_carb.prm::
 OPNLGU> Unit 20 opened for READONLY access to toppar/par_all36_carb.prm
  
 CHARMM>    read para card unit 20 append flex

          PARAMETER FILE BEING READ FROM UNIT 20
 TITLE> * $ID: PAR_ALLXX_SUGAR.INP,V 1.132 2014/08/19 19:03:21 ALEX EXP $
 TITLE> *>>>>>>>>>>>> ALL-HYDROGEN PARAMETERS USED IN THE <<<<<<<<<<<<<<<<
 TITLE> *>>>>> DEVELOPMENT OF THE CHARMM CARBOHYDRATE  FORCE FIELD<<<<<<<<
 TITLE> *>>>>>>>>>>>>>>>>>>>>>>>>> JUNE 2009 <<<<<<<<<<<<<<<<<<<<<<<<<<<<<
 TITLE> *>>>>>>>> DIRECT COMMENTS TO ALEXANDER D. MACKERELL JR. <<<<<<<<<<
 TITLE> *>>>>>>>>>> VIA THE CHARMM WEB SITE: WWW.CHARMM.ORG <<<<<<<<<<<<<<
 TITLE> *>>>>>>>>>>>>>>> PARAMETER SET DISCUSSION FORUM <<<<<<<<<<<<<<<<<<
 TITLE> *
 PARMIO> NONBOND, HBOND lists and IMAGE atoms cleared.
  
 CHARMM>     
  
 CHARMM>    ! lipids
 CHARMM>    open read card unit 10 name toppar/top_all36_lipid.rtf
 OPNLGU> Unit already open. The old file will be closed first.
 VCLOSE: Closing unit   10 with status "KEEP"
 VOPEN> Attempting to open::toppar/top_all36_lipid.rtf::
 OPNLGU> Unit 10 opened for READONLY access to toppar/top_all36_lipid.rtf
  
 CHARMM>    read  rtf card unit 10 append
 MAINIO> Residue topology file being read from unit  10.
 TITLE> *  \\\\\\\ CHARMM36 ALL-HYDROGEN LIPID TOPOLOGY FILE ///////
 TITLE> *  ALL COMMENTS AND QUESTIONS SHOULD BE SUBMITTED TO THE
 TITLE> *  PARAMETER FORUM AT THE CHARMM WEBSITE: WWW.CHARMM.ORG
 TITLE> *
  
 CHARMM>     
  
 CHARMM>    open read card unit 20 name toppar/par_all36_lipid.prm
 OPNLGU> Unit already open. The old file will be closed first.
 VCLOSE: Closing unit   20 with status "KEEP"
 VOPEN> Attempting to open::toppar/par_all36_lipid.prm::
 OPNLGU> Unit 20 opened for READONLY access to toppar/par_all36_lipid.prm
  
 CHARMM>    read para card unit 20 append flex

          PARAMETER FILE BEING READ FROM UNIT 20
 TITLE> *  \\\\\\\ CHARMM36 ALL-HYDROGEN LIPID PARAMETER FILE ///////
 TITLE> *  ALL COMMENTS AND QUESTIONS SHOULD BE SUBMITTED TO THE
 TITLE> *  PARAMETER FORUM AT THE CHARMM WEBSITE: WWW.CHARMM.ORG
 TITLE> *
 PARMIO> NONBOND, HBOND lists and IMAGE atoms cleared.
  
 CHARMM>     
  
 CHARMM>    ! CGENFF
 CHARMM>    open read card unit 10 name toppar/top_all36_cgenff.rtf
 OPNLGU> Unit already open. The old file will be closed first.
 VCLOSE: Closing unit   10 with status "KEEP"
 VOPEN> Attempting to open::toppar/top_all36_cgenff.rtf::
 OPNLGU> Unit 10 opened for READONLY access to toppar/top_all36_cgenff.rtf
  
 CHARMM>    read  rtf card unit 10 append
 MAINIO> Residue topology file being read from unit  10.
 TITLE> *  --------------------------------------------------------------------------  *
 TITLE> *          CGENFF: TOPOLOGY FOR THE CHARMM GENERAL FORCE FIELD V. 4.6          *
 TITLE> *                    FOR SMALL MOLECULE DRUG DESIGN                            *
 TITLE> *  --------------------------------------------------------------------------  *
 TITLE> *

 DRUDES PARTICLES WILL BE GENERATED AUTOMATICALLY FOR ALL ATOMS WITH NON-ZERO ALPHA
 Thole-type dipole screening, Slater-Delta shape {S(u) = 1 - (1+u/2)*exp(-u)}, default radius =  1.300000
  
 CHARMM>     
  
 CHARMM>    open read card unit 20 name toppar/par_all36_cgenff.prm
 OPNLGU> Unit already open. The old file will be closed first.
 VCLOSE: Closing unit   20 with status "KEEP"
 VOPEN> Attempting to open::toppar/par_all36_cgenff.prm::
 OPNLGU> Unit 20 opened for READONLY access to toppar/par_all36_cgenff.prm
  
 CHARMM>    read para card unit 20 append flex

          PARAMETER FILE BEING READ FROM UNIT 20
 TITLE> *  --------------------------------------------------------------------------  *
 TITLE> *         CGENFF: PARAMETERS FOR THE CHARMM GENERAL FORCE FIELD V. 4.6         *
 TITLE> *                    FOR SMALL MOLECULE DRUG DESIGN                            *
 TITLE> *  --------------------------------------------------------------------------  *
 TITLE> *  2017/8: IF PROTEIN, NUCLEIC ACID AND CARBOHYDRATE TOPOLOGY AND PARAMETER FILES
 TITLE> *  ARE NOT READ PRIOR TO THE CGENFF FILES "WARNING: ATOMS IN NBFIX ' errors will
 TITLE> *  BE ENCOUNTERED.  THESE CAN BE PASSED BY SETTING BOMLEV ( -2) PRIOR TO READING
 TITLE> *  THIS FILE. IN ADDITION, WHEN GENERATING AROMATIC HALOGENS (CL, BR, I) WITH
 TITLE> *  PRE C41B/C42A VERSIONS OF CHARMM "MISSING PARAMETER" ERRORS WILL BE
 TITLE> *  ENCOUNTERED THAT ALSO REQUIRE SETTING BOMLEV ( -2).
 TITLE> *
 PARMIO> NONBOND, HBOND lists and IMAGE atoms cleared.
  
 CHARMM>     
  
 CHARMM>    ! Phosphates and Sulfates
 CHARMM>    stream toppar/toppar_all36_moreions.str
 VOPEN> Attempting to open::toppar/toppar_all36_moreions.str::
 OPNLGU> Unit 98 opened for READONLY access to toppar/toppar_all36_moreions.str

                    INPUT STREAM SWITCHING TO UNIT    98
 RDTITL> * ADDITIONAL IONS GENERATED USING CGENFF
 RDTITL> *
 Parameter: IN1 <- "" <empty>
  
 CHARMM>     
  
 CHARMM>    set nat ?NATC
 RDCMND substituted energy or value "?NATC" to "345"
 Parameter: NAT <- "345"
  
 CHARMM>    set app
 Parameter: APP <- "" <empty>
  
 CHARMM>     
  
 CHARMM>    if "@NAT" ne "?NATC" if @nat ne 0 set app append
 Parameter: NAT -> "345"
 Parameter: NAT -> "345"
 RDCMND: can not substitute energy "?NATC""
 Comparing ""345"" and ""?NATC"".
 IF test evaluated as true.  Performing command
 Comparing "345" and "0".
 IF test evaluated as true.  Performing command
 Parameter: APP <- "APPEND"
  
 CHARMM>     
  
 CHARMM>    read rtf card @app
 Parameter: APP -> "APPEND"
 MAINIO> Residue topology file being read from unit  98.
 RDTITL> * TOPOLOGIES GENERATED BY
 RDTITL> * CHARMM GENERAL FORCE FIELD (CGENFF) PROGRAM VERSION 2.4.0
 RDTITL> *
  
 CHARMM>     
  
 CHARMM>    read para card flex @app
 Parameter: APP -> "APPEND"

          PARAMETER FILE BEING READ FROM UNIT 98
 RDTITL> * PARAMETERS GENERATED BY ANALOGY BY
 RDTITL> * CHARMM GENERAL FORCE FIELD (CGENFF) PROGRAM VERSION 2.4.0
 RDTITL> *
 PARMIO> NONBOND, HBOND lists and IMAGE atoms cleared.
  
 CHARMM>     
  
 VCLOSE: Closing unit   98 with status "KEEP"

                    RETURNING TO INPUT STREAM    99
  
 CHARMM>     
  
 CHARMM>    ! Interface FF
 CHARMM>    open read card unit 10 name toppar/top_interface.rtf
 OPNLGU> Unit already open. The old file will be closed first.
 VCLOSE: Closing unit   10 with status "KEEP"
 VOPEN> Attempting to open::toppar/top_interface.rtf::
 OPNLGU> Unit 10 opened for READONLY access to toppar/top_interface.rtf
  
 CHARMM>    read  rtf card unit 10 append
 MAINIO> Residue topology file being read from unit  10.
 TITLE> * INTERFACE FF
 TITLE> * TOPOLOGY FOR NANOMATERIALS
 TITLE> *
*** WARNING **** residue TSHO already exists (old one deleted)

      ***** LEVEL  1 WARNING FROM <RTFRDR> *****
      ***** Residue already exists.
      ******************************************
      BOMLEV (  0) IS NOT REACHED. WRNLEV IS  5

          PRES TSHO17      -1.050
*** WARNING **** residue TSHO already exists (old one deleted)

      ***** LEVEL  1 WARNING FROM <RTFRDR> *****
      ***** Residue already exists.
      ******************************************
      BOMLEV (  0) IS NOT REACHED. WRNLEV IS  5

          PRES TSHO21      -1.050
 There were   2 warning(s) from RTFRDR.
  
 CHARMM>     
  
 CHARMM>    open read card unit 10 name toppar/par_interface.prm
 OPNLGU> Unit already open. The old file will be closed first.
 VCLOSE: Closing unit   10 with status "KEEP"
 VOPEN> Attempting to open::toppar/par_interface.prm::
 OPNLGU> Unit 10 opened for READONLY access to toppar/par_interface.prm
  
 CHARMM>    read para card unit 10 append flex

          PARAMETER FILE BEING READ FROM UNIT 10
 TITLE> * INTERFACE FF
 TITLE> * TOPOLOGY AND PARAMETER FOR CALY MINERALS, CEMENT MINERALS
 TITLE> *
 PARRDR> Error: Repeated DIHE parameter ( 10947): HGR6  ICG1  ICG1  ICGE is replaced
 PARMIO> NONBOND, HBOND lists and IMAGE atoms cleared.
  
 CHARMM>     
  
 CHARMM>    stream toppar/toppar_all36_nano_lig.str
 VOPEN> Attempting to open::toppar/toppar_all36_nano_lig.str::
 OPNLGU> Unit 98 opened for READONLY access to toppar/toppar_all36_nano_lig.str

                    INPUT STREAM SWITCHING TO UNIT    98
 RDTITL> READ RTF CARD APPEND
 RDTITL> No title read.
 Parameter: IN1 <- "" <empty>
  
 CHARMM>    read rtf card append
 MAINIO> Residue topology file being read from unit  98.
 RDTITL> * TOPOLOGY FOR NANO-LIGAND
 RDTITL> *
  
 CHARMM>     
  
 CHARMM>    read param card flex append

          PARAMETER FILE BEING READ FROM UNIT 98
 RDTITL> * SYNTHETIC POLYMER PARAMETER
 RDTITL> *
 PARMIO> NONBOND, HBOND lists and IMAGE atoms cleared.
  
 CHARMM>    RETURN
 VCLOSE: Closing unit   98 with status "KEEP"

                    RETURNING TO INPUT STREAM    99
  
 CHARMM>    stream toppar/toppar_all36_nano_lig_patch.str
 VOPEN> Attempting to open::toppar/toppar_all36_nano_lig_patch.str::
 OPNLGU> Unit 98 opened for READONLY access to toppar/toppar_all36_nano_lig_patch.str

                    INPUT STREAM SWITCHING TO UNIT    98
 RDTITL> READ RTF CARD APPEND
 RDTITL> No title read.
 Parameter: IN1 <- "" <empty>
  
 CHARMM>    read rtf card append
 MAINIO> Residue topology file being read from unit  98.
 RDTITL> * TOPOLOGY FOR SYNTHETIC_POLYMER
 RDTITL> *
  
 CHARMM>    RETURN
 VCLOSE: Closing unit   98 with status "KEEP"

                    RETURNING TO INPUT STREAM    99
  
 CHARMM>     
  
 CHARMM>    ! Additional topologies and parameters for synthetic polymer
 CHARMM>    stream toppar/toppar_all36_synthetic_polymer.str
 VOPEN> Attempting to open::toppar/toppar_all36_synthetic_polymer.str::
 OPNLGU> Unit 98 opened for READONLY access to toppar/toppar_all36_synthetic_polymer.str

                    INPUT STREAM SWITCHING TO UNIT    98
 RDTITL> READ RTF CARD APPEND
 RDTITL> No title read.
 Parameter: IN1 <- "" <empty>
  
 CHARMM>    read rtf card append
 MAINIO> Residue topology file being read from unit  98.
 RDTITL> * TOPOLOGY FOR SYNTHETIC_POLYMER
 RDTITL> *
  
 CHARMM>     
  
 CHARMM>    read param card flex append

          PARAMETER FILE BEING READ FROM UNIT 98
 RDTITL> * SYNTHETIC POLYMER PARAMETER
 RDTITL> *
 PARMIO> NONBOND, HBOND lists and IMAGE atoms cleared.
  
 CHARMM>    RETURN
 VCLOSE: Closing unit   98 with status "KEEP"

                    RETURNING TO INPUT STREAM    99
  
 CHARMM>    stream toppar/toppar_all36_synthetic_polymer_patch.str
 VOPEN> Attempting to open::toppar/toppar_all36_synthetic_polymer_patch.str::
 OPNLGU> Unit 98 opened for READONLY access to toppar/toppar_all36_synthetic_polymer_patch.str

                    INPUT STREAM SWITCHING TO UNIT    98
 RDTITL> READ RTF CARD APPEND
 RDTITL> No title read.
 Parameter: IN1 <- "" <empty>
  
 CHARMM>    read rtf card append
 MAINIO> Residue topology file being read from unit  98.
 RDTITL> * TOPOLOGY FOR SYNTHETIC_POLYMER
 RDTITL> *
  
 CHARMM>     
  
 CHARMM>    return
 VCLOSE: Closing unit   98 with status "KEEP"

                    RETURNING TO INPUT STREAM    99
  
 CHARMM>    stream toppar/toppar_all36_polymer_solvent.str
 VOPEN> Attempting to open::toppar/toppar_all36_polymer_solvent.str::
 OPNLGU> Unit 98 opened for READONLY access to toppar/toppar_all36_polymer_solvent.str

                    INPUT STREAM SWITCHING TO UNIT    98
 RDTITL> READ RTF CARD APPEND
 RDTITL> No title read.
 Parameter: IN1 <- "" <empty>
  
 CHARMM>    read rtf card append
 MAINIO> Residue topology file being read from unit  98.
 RDTITL> * TOPOLOGY FOR SYNTHETIC_POLYMER
 RDTITL> *
  
 CHARMM>    read param card flex append

          PARAMETER FILE BEING READ FROM UNIT 98
 RDTITL> * SYNTHETIC POLYMER PARAMETER
 RDTITL> *
 PARMIO> NONBOND, HBOND lists and IMAGE atoms cleared.
  
 CHARMM>     
  
 CHARMM>    RETURN
 VCLOSE: Closing unit   98 with status "KEEP"

                    RETURNING TO INPUT STREAM    99
  
 CHARMM>     
  
 CHARMM>    ! Additional topologies and parameters for water and ions
 CHARMM>    stream toppar/toppar_water_ions.str
 VOPEN> Attempting to open::toppar/toppar_water_ions.str::
 OPNLGU> Unit 98 opened for READONLY access to toppar/toppar_water_ions.str

                    INPUT STREAM SWITCHING TO UNIT    98
 RDTITL> * TOPLOGY AND PARAMETER INFORMATION FOR WATER AND IONS.
 RDTITL> *
 Parameter: IN1 <- "" <empty>
  
 CHARMM>     
  
 CHARMM>    !Testcase
 CHARMM>    !test_water_ions.inp
 CHARMM>     
  
 CHARMM>    ! IMPORTANT NOTE: this file contains NBFixes between carboxylates and sodium,
 CHARMM>    ! which will only apply if the main files containing carboxylate atom types
 CHARMM>    ! have been read in first!
 CHARMM>     
  
 CHARMM>    !references
 CHARMM>    !
 CHARMM>    !TIP3P water model
 CHARMM>    !
 CHARMM>    !W.L. Jorgensen; J.Chandrasekhar; J.D. Madura; R.W. Impey;
 CHARMM>    !M.L. Klein; "Comparison of simple potential functions for
 CHARMM>    !simulating liquid water", J. Chem. Phys. 79 926-935 (1983).
 CHARMM>    !
 CHARMM>    !IONS
 CHARMM>    !
 CHARMM>    !Ions from Roux and coworkers
 CHARMM>    !
 CHARMM>    !Beglov, D. and Roux, B., Finite Representation of an Infinite
 CHARMM>    !Bulk System: Solvent Boundary Potential for Computer Simulations,
 CHARMM>    !Journal of Chemical Physics, 1994, 100: 9050-9063
 CHARMM>    !
 CHARMM>    !ZINC
 CHARMM>    !
 CHARMM>    !Stote, R.H. and Karplus, M. Zinc Binding in Proteins and
 CHARMM>    !Solution: A Simple but Accurate Nonbonded Representation, PROTEINS:
 CHARMM>    !Structure, Function, and Genetics 23:12-31 (1995)
 CHARMM>     
  
 CHARMM>    !test "append" to determine if previous toppar files have been read and
 CHARMM>    !add append to "read rtf card" if true
 CHARMM>    set nat ?NATC
 RDCMND substituted energy or value "?NATC" to "468"
 Parameter: NAT <- "468"
  
 CHARMM>    set app
 Parameter: APP <- "" <empty>
  
 CHARMM>    !We're exploiting what is arguably a bug in the parser. On the left hand side,
 CHARMM>    !the quotes have priority, so NAT is correctly substituted. On the right hand
 CHARMM>    !side, the ? has priority and NATC" (sic) is not a valid substitution...
 CHARMM>    if "@NAT" ne "?NATC" if @nat ne 0 set app append
 Parameter: NAT -> "468"
 Parameter: NAT -> "468"
 RDCMND: can not substitute energy "?NATC""
 Comparing ""468"" and ""?NATC"".
 IF test evaluated as true.  Performing command
 Comparing "468" and "0".
 IF test evaluated as true.  Performing command
 Parameter: APP <- "APPEND"
  
 CHARMM>     
  
 CHARMM>    read rtf card @app
 Parameter: APP -> "APPEND"
 MAINIO> Residue topology file being read from unit  98.
 RDTITL> * TOPOLOGY FOR WATER AND IONS
 RDTITL> *
  
 CHARMM>     
  
 CHARMM>    read para card flex @app
 Parameter: APP -> "APPEND"

          PARAMETER FILE BEING READ FROM UNIT 98
 RDTITL> * PARAMETERS FOR WATER AND IONS
 RDTITL> *
 PARMIO> NONBOND, HBOND lists and IMAGE atoms cleared.
  
 CHARMM>     
  
 CHARMM>    ! The following section contains NBFixes for sodium interacting with
 CHARMM>    ! carboxylate oxygens of various CHARMM force fields. It will generate
 CHARMM>    ! level -1 warnings whenever any of these force fields have not been
 CHARMM>    ! read prior to the current stream file. Since we don't want to force
 CHARMM>    ! the user to always read all the force fields, we're suppressing the
 CHARMM>    ! warnings. The only side effect is that you will have "most severe
 CHARMM>    ! warning was at level 0" at the end of your output. Also note that
 CHARMM>    ! the user is responsible for reading the current file last if they
 CHARMM>    ! want the NBFixes to apply. A more elegant solution would require new
 CHARMM>    ! features to be added to CHARMM.
 CHARMM>    ! parallel fix, to avoid duplicated messages in the log
 CHARMM>    set para
 Parameter: PARA <- "" <empty>
  
 CHARMM>    if ?NUMNODE gt 1 set para node 0
 RDCMND substituted energy or value "?NUMNODE" to "1"
 Comparing "1" and "1".
 IF test evaluated as false.  Skipping command
  
 CHARMM>     
  
 CHARMM>    set wrn ?WRNLEV
 RDCMND substituted energy or value "?WRNLEV" to "5"
 Parameter: WRN <- "5"
  
 CHARMM>    ! Some versions of CHARMM don't seem to initialize wrnlev...
 CHARMM>    if "@WRN" eq "?WRNLEV" set wrn 5
 Parameter: WRN -> "5"
 RDCMND: can not substitute energy "?WRNLEV""
 Comparing ""5"" and ""?WRNLEV"".
 IF test evaluated as false.  Skipping command
  
 CHARMM>    set bom ?bomlev
 RDCMND substituted energy or value "?BOMLEV" to "0"
 Parameter: BOM <- "0"
  
 CHARMM>    WRNLEV -1 @PARA
 Parameter: PARA -> "" <empty>
  
 CHARMM>    BOMLEV -1 @PARA
 Parameter: PARA -> "" <empty>
  
 CHARMM>    read para card flex append

          PARAMETER FILE BEING READ FROM UNIT 98
 RDTITL> * NBFIX BETWEEN CARBOXYLATE AND SODIUM
 RDTITL> *
 PARMIO> NONBOND, HBOND lists and IMAGE atoms cleared.
  
 CHARMM>    BOMLEV @bom @PARA
 Parameter: BOM -> "0"
 Parameter: PARA -> "" <empty>
  
 CHARMM>    WRNLEV @wrn @PARA
 Parameter: WRN -> "5"
 Parameter: PARA -> "" <empty>
  
 CHARMM>     
  
 CHARMM>    return
 VCLOSE: Closing unit   98 with status "KEEP"

                    RETURNING TO INPUT STREAM    99
  
 CHARMM>    stream toppar/toppar_dum_noble_gases.str
 VOPEN> Attempting to open::toppar/toppar_dum_noble_gases.str::
 OPNLGU> Unit 98 opened for READONLY access to toppar/toppar_dum_noble_gases.str

                    INPUT STREAM SWITCHING TO UNIT    98
 RDTITL> * TOPLOGY AND PARAMETER INFORMATION FOR HELIUM, NEON AND A DUMMY ATOM.
 RDTITL> *
 Parameter: IN1 <- "" <empty>
  
 CHARMM>     
  
 CHARMM>    !Testcase
 CHARMM>    !test_dum_nobel_gases.inp
 CHARMM>     
  
 CHARMM>    !test "append" to determine if previous	toppar files have been read and
 CHARMM>    !add append to "read rtf card" if true
 CHARMM>    set nat ?NATC
 RDCMND substituted energy or value "?NATC" to "485"
 Parameter: NAT <- "485"
  
 CHARMM>    set app
 Parameter: APP <- "" <empty>
  
 CHARMM>    !We're exploiting what is arguably a bug in the parser. On the left hand side,
 CHARMM>    !the quotes have proirity, so NAT is correctly substituted. On the right hand
 CHARMM>    !side, the ? has priority and NATC" (sic) is not a valid substitution...
 CHARMM>    if "@NAT" ne "?NATC" if @nat ne 0 set app append
 Parameter: NAT -> "485"
 Parameter: NAT -> "485"
 RDCMND: can not substitute energy "?NATC""
 Comparing ""485"" and ""?NATC"".
 IF test evaluated as true.  Performing command
 Comparing "485" and "0".
 IF test evaluated as true.  Performing command
 Parameter: APP <- "APPEND"
  
 CHARMM>     
  
 CHARMM>    read rtf card @app
 Parameter: APP -> "APPEND"
 MAINIO> Residue topology file being read from unit  98.
 RDTITL> * TOPOLOGY FOR HELIUM, NEON AND A DUMMY ATOM.
 RDTITL> *
  
 CHARMM>     
  
 CHARMM>    read para card flex @app
 Parameter: APP -> "APPEND"

          PARAMETER FILE BEING READ FROM UNIT 98
 RDTITL> * PARAMETERS FOR HELIUM, NEON AND A DUMMY ATOM.
 RDTITL> *
 PARMIO> NONBOND, HBOND lists and IMAGE atoms cleared.
  
 CHARMM>     
  
 CHARMM>    return
 VCLOSE: Closing unit   98 with status "KEEP"

                    RETURNING TO INPUT STREAM    99
  
 CHARMM>    stream toppar/toppar_ions_won.str
 VOPEN> Attempting to open::toppar/toppar_ions_won.str::
 OPNLGU> Unit 98 opened for READONLY access to toppar/toppar_ions_won.str

                    INPUT STREAM SWITCHING TO UNIT    98
 RDTITL> * TOP_IONS_WON.STR: GENERAL MODEL FOR MONO-, DI-, AND TRIVALENT CATIONS
 RDTITL> *
 Parameter: IN1 <- "" <empty>
  
 CHARMM>     
  
 CHARMM>    !This is a comprehensive set of ions developed using stochastic boundary
 CHARMM>    !conditions. It is strongly recommended that ion parameters in
 CHARMM>    !toppar_water_ions.str be used if available, as they are more highly
 CHARMM>    !optimized.  Accordingly, those ions have been commented in this
 CHARMM>    !file.
 CHARMM>    !
 CHARMM>    !reference
 CHARMM>    !Won, Y., "Force Field for Monovalent, Divalent, and Trivalent Cations
 CHARMM>    !Developed under the Solvent Boundary Potential," Journal of Physical
 CHARMM>    !Chemistry A., 116: 11763-11767, 2012.
 CHARMM>     
  
 CHARMM>     
  
 CHARMM>    !test "append" to determine if previous toppar files have been read and
 CHARMM>    !add append to "read rtf card" if true
 CHARMM>    set nat ?NATC
 RDCMND substituted energy or value "?NATC" to "488"
 Parameter: NAT <- "488"
  
 CHARMM>    set app
 Parameter: APP <- "" <empty>
  
 CHARMM>    !We're exploiting what is arguably a bug in the parser. On the left hand side,
 CHARMM>    !the quotes have priority, so NAT is correctly substituted. On the right hand
 CHARMM>    !side, the ? has priority and NATC" (sic) is not a valid substitution...
 CHARMM>    if "@NAT" ne "?NATC" if @nat ne 0 set app append
 Parameter: NAT -> "488"
 Parameter: NAT -> "488"
 RDCMND: can not substitute energy "?NATC""
 Comparing ""488"" and ""?NATC"".
 IF test evaluated as true.  Performing command
 Comparing "488" and "0".
 IF test evaluated as true.  Performing command
 Parameter: APP <- "APPEND"
  
 CHARMM>     
  
 CHARMM>    read rtf card @app
 Parameter: APP -> "APPEND"
 MAINIO> Residue topology file being read from unit  98.
 RDTITL> * TOPOLOGY FOR WATER AND IONS
 RDTITL> *
  
 CHARMM>     
  
 CHARMM>    read para card flex @app
 Parameter: APP -> "APPEND"

          PARAMETER FILE BEING READ FROM UNIT 98
 RDTITL> * PAR_CATION.PRM FOR MONO-, DI-, AND TRIVALENT CATIONS
 RDTITL> *
 PARMIO> NONBOND, HBOND lists and IMAGE atoms cleared.
  
 VCLOSE: Closing unit   98 with status "KEEP"

                    RETURNING TO INPUT STREAM    99
  
 CHARMM>    stream toppar/cam.str
 VOPEN> Attempting to open::toppar/cam.str::
 OPNLGU> Unit 98 opened for READONLY access to toppar/cam.str

                    INPUT STREAM SWITCHING TO UNIT    98
 RDTITL> READ RTF CARD APPEND
 RDTITL> No title read.
 Parameter: IN1 <- "" <empty>
  
 CHARMM>    read rtf card append
 MAINIO> Residue topology file being read from unit  98.
 RDTITL> * TOPOLOGY GENERATED BY PARMED
 RDTITL> *

      ***** LEVEL  1 WARNING FROM <rtfrdr> *****
      ***** No AUTOgen defaults specified in appended RTF. Potential conflict with prior RTF autogen options. Check.
      ******************************************
      BOMLEV (  0) IS NOT REACHED. WRNLEV IS  5

  
 CHARMM>     
  
 CHARMM>    read para card flex append

          PARAMETER FILE BEING READ FROM UNIT 98
 RDTITL> * PARAMETERS GENERATED BY PARMED
 RDTITL> *
 PARMIO> NONBOND, HBOND lists and IMAGE atoms cleared.
  
 CHARMM>     
  
 CHARMM>    ! The following section contains NBFixes for CAM interacting with
 CHARMM>    ! water.
 CHARMM>    set para
 Parameter: PARA <- "" <empty>
  
 CHARMM>    if ?NUMNODE gt 1 set para node 0
 RDCMND substituted energy or value "?NUMNODE" to "1"
 Comparing "1" and "1".
 IF test evaluated as false.  Skipping command
  
 CHARMM>     
  
 CHARMM>    set wrn ?WRNLEV
 RDCMND substituted energy or value "?WRNLEV" to "5"
 Parameter: WRN <- "5"
  
 CHARMM>    ! Some versions of CHARMM don't seem to initialize wrnlev...
 CHARMM>    if "@WRN" eq "?WRNLEV" set wrn 5
 Parameter: WRN -> "5"
 RDCMND: can not substitute energy "?WRNLEV""
 Comparing ""5"" and ""?WRNLEV"".
 IF test evaluated as false.  Skipping command
  
 CHARMM>    set bom ?bomlev
 RDCMND substituted energy or value "?BOMLEV" to "0"
 Parameter: BOM <- "0"
  
 CHARMM>    WRNLEV -1 @PARA
 Parameter: PARA -> "" <empty>
  
 CHARMM>    BOMLEV -1 @PARA
 Parameter: PARA -> "" <empty>
  
 CHARMM>     
  
 CHARMM>    read para card flex append

          PARAMETER FILE BEING READ FROM UNIT 98
 RDTITL> * NBFIX BETWEEN CAM AND WATER
 RDTITL> *
 PARMIO> NONBOND, HBOND lists and IMAGE atoms cleared.
  
 CHARMM>    BOMLEV @bom @PARA
 Parameter: BOM -> "0"
 Parameter: PARA -> "" <empty>
  
 CHARMM>    WRNLEV @wrn @PARA
 Parameter: WRN -> "5"
 Parameter: PARA -> "" <empty>
  
 CHARMM>     
  
 CHARMM>    return
 VCLOSE: Closing unit   98 with status "KEEP"

                    RETURNING TO INPUT STREAM    99
  
 CHARMM>     
  
 CHARMM>    ! Additional topologies and parameters for protein
 CHARMM>    stream toppar/toppar_all36_prot_arg0.str
 VOPEN> Attempting to open::toppar/toppar_all36_prot_arg0.str::
 OPNLGU> Unit 98 opened for READONLY access to toppar/toppar_all36_prot_arg0.str

                    INPUT STREAM SWITCHING TO UNIT    98
 RDTITL> *>>>>>> ALL-HYDROGEN TOPOLOGY FOR NEUTRAL ARG <<<<<<<<<<<<<<<<<<<<
 RDTITL> *>>>>>>>>>>>>>>>>>>>>>>> 2007 <<<<<<<<<<<<<<<<<<<<<<<<<<<<<<<<<<<<
 RDTITL> *>>>>>>>> DIRECT COMMENTS TO ALEXANDER D. MACKERELL JR. <<<<<<<<<<
 RDTITL> *>>>>>>>>>>>>>>> PARAMETER FORUM, WWW.CHARMM.ORG <<<<<<<<<<<<<<<<<
 RDTITL> *
 Parameter: IN1 <- "" <empty>
  
 CHARMM>     
  
 CHARMM>    ! Atom names include "R" (for Arg) as the second letter. The
 CHARMM>    ! only other atom types in the additive FF with this second
 CHARMM>    ! letter are histidine [HN]R[123] in the protein FF and CRL[12]
 CHARMM>    ! in toppar_all36_lipid_cholesterol.str , so no more conflicts.
 CHARMM>     
  
 CHARMM>    !Parent files that have to be read prior to streaming this file
 CHARMM>    !top_all36_prot.rtf
 CHARMM>    !par_all36_prot.rtf
 CHARMM>    !
 CHARMM>    !Testcase
 CHARMM>    !test_all36_prot_arg0.inp
 CHARMM>     
  
 CHARMM>    !Li, L., Vorobyov, I.V., MacKerell, Jr., A.D., Allen, T.W., "Is
 CHARMM>    !arginine charged in a membrane?" Biophysical Journal, 94: L11-L13,
 CHARMM>    !2008, PMCID: PMC2157258
 CHARMM>     
  
 CHARMM>    read rtf card append
 MAINIO> Residue topology file being read from unit  98.
 RDTITL> * TOPOLOGY FOR PROTEIN RELATED MODEL COMPOUNDS
 RDTITL> *
*** WARNING **** residue MGU1 already exists (old one deleted)

      ***** LEVEL  1 WARNING FROM <RTFRDR> *****
      ***** Residue already exists.
      ******************************************
      BOMLEV (  0) IS NOT REACHED. WRNLEV IS  5

          RESI MGU1          0.00
*** WARNING **** residue MGU2 already exists (old one deleted)

      ***** LEVEL  1 WARNING FROM <RTFRDR> *****
      ***** Residue already exists.
      ******************************************
      BOMLEV (  0) IS NOT REACHED. WRNLEV IS  5

          RESI MGU2          0.00
 There were   2 warning(s) from RTFRDR.
  
 CHARMM>     
  
 CHARMM>    read param card flex append

          PARAMETER FILE BEING READ FROM UNIT 98
 RDTITL>  
 RDTITL> No title read.
 PARMIO> NONBOND, HBOND lists and IMAGE atoms cleared.
  
 CHARMM>     
  
 CHARMM>    return
 VCLOSE: Closing unit   98 with status "KEEP"

                    RETURNING TO INPUT STREAM    99
  
 CHARMM>    stream toppar/toppar_all36_prot_c36m_d_aminoacids.str
 VOPEN> Attempting to open::toppar/toppar_all36_prot_c36m_d_aminoacids.str::
 OPNLGU> Unit 98 opened for READONLY access to toppar/toppar_all36_prot_c36m_d_aminoacids.str

                    INPUT STREAM SWITCHING TO UNIT    98
 RDTITL> *>>>>>>CHARMM36 ALL-HYDROGEN TOPPAR FILE FOR D-PROTEINS <<<<<<<
 RDTITL> *>>>>>>>>>>>>>>>>>>>>>>>>>> JAN. 2016 <<<<<<<<<<<<<<<<<<<<<<<<<<<<
 RDTITL> * ALL COMMENTS TO THE CHARMM WEB SITE: WWW.CHARMM.ORG
 RDTITL> *             PARAMETER SET DISCUSSION FORUM
 RDTITL> *
 Parameter: IN1 <- "" <empty>
  
 CHARMM>     
  
 CHARMM>    !update 2016/2. use directly inverted CMAPs
 CHARMM>     
  
 CHARMM>    !toppar stream file for D-amino acids. Includes new residue
 CHARMM>    !names, inverted CMAP and additional parameters.
 CHARMM>     
  
 CHARMM>    !Parent files that have to be read prior to streaming this file
 CHARMM>    !top_all36_prot.rtf
 CHARMM>    !par_all36m_prot.prm
 CHARMM>    !
 CHARMM>    !Testcase
 CHARMM>    !test_all36_d_amino_acid.inp
 CHARMM>     
  
 CHARMM>    !test "append" to determine if previous toppar files have been read and
 CHARMM>    !add append to "read rtf card" if true
 CHARMM>    set nat ?NATC
 RDCMND substituted energy or value "?NATC" to "554"
 Parameter: NAT <- "554"
  
 CHARMM>    set app
 Parameter: APP <- "" <empty>
  
 CHARMM>    !We're exploiting what is arguably a bug in the parser. On the left hand side,
 CHARMM>    !the quotes have priority, so NAT is correctly substituted. On the right hand
 CHARMM>    !side, the ? has priority and NATC" (sic) is not a valid substitution...
 CHARMM>    if "@NAT" ne "?NATC" if @nat ne 0 set app append
 Parameter: NAT -> "554"
 Parameter: NAT -> "554"
 RDCMND: can not substitute energy "?NATC""
 Comparing ""554"" and ""?NATC"".
 IF test evaluated as true.  Performing command
 Comparing "554" and "0".
 IF test evaluated as true.  Performing command
 Parameter: APP <- "APPEND"
  
 CHARMM>     
  
 CHARMM>    read rtf card @app
 Parameter: APP -> "APPEND"
 MAINIO> Residue topology file being read from unit  98.
 RDTITL> * TOPOLOGY FOR D- AMINOACIDS
 RDTITL> *
  
 CHARMM>     
  
 CHARMM>    read para card flex @app
 Parameter: APP -> "APPEND"

          PARAMETER FILE BEING READ FROM UNIT 98
 RDTITL> * PARAMETERS FOR D- AMINOACIDS
 RDTITL> *
 PARMIO> NONBOND, HBOND lists and IMAGE atoms cleared.
  
 VCLOSE: Closing unit   98 with status "KEEP"

                    RETURNING TO INPUT STREAM    99
  
 CHARMM>    stream toppar/toppar_all36_prot_fluoro_alkanes.str
 VOPEN> Attempting to open::toppar/toppar_all36_prot_fluoro_alkanes.str::
 OPNLGU> Unit 98 opened for READONLY access to toppar/toppar_all36_prot_fluoro_alkanes.str

                    INPUT STREAM SWITCHING TO UNIT    98
 RDTITL> * TOPOLOGY AND PARAMETERS FOR FLUORINATED ALKANES.
 RDTITL> *
 Parameter: IN1 <- "" <empty>
  
 CHARMM>     
  
 CHARMM>    !These parameters are maintained for historic reasons.  The CGenFF
 CHARMM>    !halogen parameters are a significant improvement over these
 CHARMM>    !parameters.
 CHARMM>     
  
 CHARMM>    !Parent files that have to be read prior to streaming this file
 CHARMM>    !top_all36_prot.rtf
 CHARMM>    !par_all36_prot.prm
 CHARMM>     
  
 CHARMM>    !Testcase
 CHARMM>    !test_all36_prot_fluoro_alkanes.inp
 CHARMM>     
  
 CHARMM>    !Reference
 CHARMM>    !Chen, I.-J., Yin, D. and MacKerell, Jr., A.D., "Combined Ab
 CHARMM>    !initio/Empirical Approach for Optimization of Lennard-Jones Parameters
 CHARMM>    !for Polar-Neutral Compounds," Journal of Computational Chemistry,
 CHARMM>    !2002, 23:199-213.
 CHARMM>    !
 CHARMM>    !Note that these parameters are higly optimized to reproduce the
 CHARMM>    !corresponding condensed phase properties and have not been incorporated
 CHARMM>    !into the CHARMM22 or CHARMM27 biomolecular force fields
 CHARMM>     
  
 CHARMM>    read rtf card append
 MAINIO> Residue topology file being read from unit  98.
 RDTITL> * TOPOLOGY FOR FLUOROALKANES
 RDTITL> *
*** WARNING **** residue ETHA already exists (old one deleted)

      ***** LEVEL  1 WARNING FROM <RTFRDR> *****
      ***** Residue already exists.
      ******************************************
      BOMLEV (  0) IS NOT REACHED. WRNLEV IS  5

          RESI ETHA  0.0
*** WARNING **** residue FETH already exists (old one deleted)

      ***** LEVEL  1 WARNING FROM <RTFRDR> *****
      ***** Residue already exists.
      ******************************************
      BOMLEV (  0) IS NOT REACHED. WRNLEV IS  5

          RESI FETH  0.0
*** WARNING **** residue DFET already exists (old one deleted)

      ***** LEVEL  1 WARNING FROM <RTFRDR> *****
      ***** Residue already exists.
      ******************************************
      BOMLEV (  0) IS NOT REACHED. WRNLEV IS  5

          RESI DFET 0.0
*** WARNING **** residue TFET already exists (old one deleted)

      ***** LEVEL  1 WARNING FROM <RTFRDR> *****
      ***** Residue already exists.
      ******************************************
      BOMLEV (  0) IS NOT REACHED. WRNLEV IS  5

          RESI TFET  0.0
*** WARNING **** residue TFE  already exists (old one deleted)

      ***** LEVEL  1 WARNING FROM <RTFRDR> *****
      ***** Residue already exists.
      ******************************************
      BOMLEV (  0) IS NOT REACHED. WRNLEV IS  5

          RESI TFE   0.0
 There were   5 warning(s) from RTFRDR.
  
 CHARMM>     
  
 CHARMM>    read para card flex append

          PARAMETER FILE BEING READ FROM UNIT 98
 RDTITL> * FLUOROALKANE PARAMETERS
 RDTITL> *
 PARMIO> NONBOND, HBOND lists and IMAGE atoms cleared.
  
 CHARMM>     
  
 CHARMM>    return
 VCLOSE: Closing unit   98 with status "KEEP"

                    RETURNING TO INPUT STREAM    99
  
 CHARMM>    stream toppar/toppar_all36_prot_heme.str
 VOPEN> Attempting to open::toppar/toppar_all36_prot_heme.str::
 OPNLGU> Unit 98 opened for READONLY access to toppar/toppar_all36_prot_heme.str

                    INPUT STREAM SWITCHING TO UNIT    98
 RDTITL> * TOPOLOGY AND PARAMETER STREAM FILE FOR HEME AND RELATED
 RDTITL> * LIGANDS AND PATCHES.
 RDTITL> *
 Parameter: IN1 <- "" <empty>
  
 CHARMM>     
  
 CHARMM>    !updated 2016/2, allow for use of AUTOGENERATE ANGLE DIHEDRAl PATCH
 CHARMM>     
  
 CHARMM>    !Parent files that have to be read prior to streaming this file
 CHARMM>    !top_all36_prot.rtf
 CHARMM>    !par_all36_prot.prm
 CHARMM>     
  
 CHARMM>    !Testcase
 CHARMM>    !test_all36_prot_heme.inp
 CHARMM>     
  
 CHARMM>    read rtf card append
 MAINIO> Residue topology file being read from unit  98.
 RDTITL> * TOPOLOGY FOR HEME AND RELATED COMPOUNDS AND PATCHES
 RDTITL> *
*** WARNING **** residue CO2  already exists (old one deleted)

      ***** LEVEL  1 WARNING FROM <RTFRDR> *****
      ***** Residue already exists.
      ******************************************
      BOMLEV (  0) IS NOT REACHED. WRNLEV IS  5

          RESI CO2             0.00
 There were   1 warning(s) from RTFRDR.
  
 CHARMM>     
  
 CHARMM>    read para card flex append

          PARAMETER FILE BEING READ FROM UNIT 98
 RDTITL> * ADDITIONAL PARAMETERS FOR HEME
 RDTITL> *
 PARMIO> NONBOND, HBOND lists and IMAGE atoms cleared.
  
 CHARMM>     
  
 CHARMM>    return
 VCLOSE: Closing unit   98 with status "KEEP"

                    RETURNING TO INPUT STREAM    99
  
 CHARMM>    stream toppar/toppar_all36_prot_na_combined.str
 VOPEN> Attempting to open::toppar/toppar_all36_prot_na_combined.str::
 OPNLGU> Unit 98 opened for READONLY access to toppar/toppar_all36_prot_na_combined.str

                    INPUT STREAM SWITCHING TO UNIT    98
 RDTITL> * TOPOLOGY AND PARAMETER STREAM FILE FOR PATCHES TO CREATE
 RDTITL> * MODEL COMPOUNDS AND PATCHES THAT REQUIRE BOTH PROTEIN AND
 RDTITL> * NUCLEIC ACID TOPOLOGY AND PARAMETER INFORMATION
 RDTITL> *
 Parameter: IN1 <- "" <empty>
  
 CHARMM>     
  
 CHARMM>    !Parent files that have to be read prior to streaming this file
 CHARMM>    !top_all36_prot.rtf
 CHARMM>    !par_all36_prot.prm
 CHARMM>    !top_all36_na.rtf
 CHARMM>    !par_all36_na.prm
 CHARMM>    !stream/toppar_all36_prot_fluoro_alkanes.str ! atom types an parameters for fluorinated compounds
 CHARMM>     
  
 CHARMM>    !Testcase
 CHARMM>    !test_all36_prot_na_combined.inp
 CHARMM>     
  
 CHARMM>    !all patches must be followed by AUTOGENERATE ANGLES DIHEDRALS
 CHARMM>     
  
 CHARMM>    !PHOSPHOTYROSINE
 CHARMM>    !
 CHARMM>    !Feng, M.-H., Philippopoulos, M., MacKerell, Jr., A.D. and Lim, C.
 CHARMM>    !Structural Characterization of the Phosphotyrosine Binding Region of a
 CHARMM>    !High-Affinity aSH2 Domain-Phosphopeptide Complex by Molecular Dynamics
 CHARMM>    !Simulation and Chemical Shift Calculations. Journal of the American
 CHARMM>    !Chemical Society, 1996, 118: 11265-11277.
 CHARMM>     
  
 CHARMM>    read rtf card append
 MAINIO> Residue topology file being read from unit  98.
 RDTITL> * TOPOLOGY FOR PHOSPHORYLATED AMINO ACIDS
 RDTITL> *
*** WARNING **** residue THFI already exists (old one deleted)

      ***** LEVEL  1 WARNING FROM <RTFRDR> *****
      ***** Residue already exists.
      ******************************************
      BOMLEV (  0) IS NOT REACHED. WRNLEV IS  5

          RESI THFI       0.00
*** WARNING **** residue THMI already exists (old one deleted)

      ***** LEVEL  1 WARNING FROM <RTFRDR> *****
      ***** Residue already exists.
      ******************************************
      BOMLEV (  0) IS NOT REACHED. WRNLEV IS  5

          RESI THMI       0.00
*** WARNING **** residue THFA already exists (old one deleted)

      ***** LEVEL  1 WARNING FROM <RTFRDR> *****
      ***** Residue already exists.
      ******************************************
      BOMLEV (  0) IS NOT REACHED. WRNLEV IS  5

          RESI THFA        0.00
*** WARNING **** residue THAO already exists (old one deleted)

      ***** LEVEL  1 WARNING FROM <RTFRDR> *****
      ***** Residue already exists.
      ******************************************
      BOMLEV (  0) IS NOT REACHED. WRNLEV IS  5

          RESI THAO         0.00
*** WARNING **** residue RNUS already exists (old one deleted)

      ***** LEVEL  1 WARNING FROM <RTFRDR> *****
      ***** Residue already exists.
      ******************************************
      BOMLEV (  0) IS NOT REACHED. WRNLEV IS  5

          RESI RNUS         0.00
*** WARNING **** residue NUCL already exists (old one deleted)

      ***** LEVEL  1 WARNING FROM <RTFRDR> *****
      ***** Residue already exists.
      ******************************************
      BOMLEV (  0) IS NOT REACHED. WRNLEV IS  5

          RESI NUCL        -1.00
*** WARNING **** residue PPH1 already exists (old one deleted)

      ***** LEVEL  1 WARNING FROM <RTFRDR> *****
      ***** Residue already exists.
      ******************************************
      BOMLEV (  0) IS NOT REACHED. WRNLEV IS  5

          RESI PPH1      -1.00
*** WARNING **** residue BMPH already exists (old one deleted)

      ***** LEVEL  1 WARNING FROM <RTFRDR> *****
      ***** Residue already exists.
      ******************************************
      BOMLEV (  0) IS NOT REACHED. WRNLEV IS  5

          RESI BMPH      -1.00
*** WARNING **** residue BMPD already exists (old one deleted)

      ***** LEVEL  1 WARNING FROM <RTFRDR> *****
      ***** Residue already exists.
      ******************************************
      BOMLEV (  0) IS NOT REACHED. WRNLEV IS  5

          RESI BMPD      -2.00
*** WARNING **** residue BDFP already exists (old one deleted)

      ***** LEVEL  1 WARNING FROM <RTFRDR> *****
      ***** Residue already exists.
      ******************************************
      BOMLEV (  0) IS NOT REACHED. WRNLEV IS  5

          RESI BDFP      -1.00
*** WARNING **** residue BDFD already exists (old one deleted)

      ***** LEVEL  1 WARNING FROM <RTFRDR> *****
      ***** Residue already exists.
      ******************************************
      BOMLEV (  0) IS NOT REACHED. WRNLEV IS  5

          RESI BDFD -2.00
*** WARNING **** residue EP_2 already exists (old one deleted)

      ***** LEVEL  1 WARNING FROM <RTFRDR> *****
      ***** Residue already exists.
      ******************************************
      BOMLEV (  0) IS NOT REACHED. WRNLEV IS  5

          RESI EP_2        -2.00
*** WARNING **** residue IP_2 already exists (old one deleted)

      ***** LEVEL  1 WARNING FROM <RTFRDR> *****
      ***** Residue already exists.
      ******************************************
      BOMLEV (  0) IS NOT REACHED. WRNLEV IS  5

          RESI IP_2        -2.00
 There were  13 warning(s) from RTFRDR.
  
 CHARMM>     
  
 CHARMM>    read para card flex append

          PARAMETER FILE BEING READ FROM UNIT 98
 RDTITL> * ADDITIONAL PARAMETERS FOR PHOSPHORYLATED AMINO ACIDS
 RDTITL> *
 PARMIO> NONBOND, HBOND lists and IMAGE atoms cleared.
  
 VCLOSE: Closing unit   98 with status "KEEP"

                    RETURNING TO INPUT STREAM    99
  
 CHARMM>    stream toppar/toppar_all36_prot_retinol.str
 VOPEN> Attempting to open::toppar/toppar_all36_prot_retinol.str::
 OPNLGU> Unit 98 opened for READONLY access to toppar/toppar_all36_prot_retinol.str

                    INPUT STREAM SWITCHING TO UNIT    98
 RDTITL> * TOPPAR STREAM FILE FOR RETINOL AND RETINAL PARAMETERS
 RDTITL> * A. LOCCISANO, A.M.W., J. EVANSECK AND A.D. MACKERELL, JR.
 RDTITL> * APRIL, 2005
 RDTITL> *
 Parameter: IN1 <- "" <empty>
  
 CHARMM>     
  
 CHARMM>    !use with c36 protein force fields
 CHARMM>    !top_all36_prot.rtf
 CHARMM>    !par_all36_prot.prm
 CHARMM>     
  
 CHARMM>    read rtf card append
 MAINIO> Residue topology file being read from unit  98.
 RDTITL> * RETINAL/RETINOL AND RELATED MODEL COMPOUNDS
 RDTITL> *
*** WARNING **** residue BTE2 already exists (old one deleted)

      ***** LEVEL  1 WARNING FROM <RTFRDR> *****
      ***** Residue already exists.
      ******************************************
      BOMLEV (  0) IS NOT REACHED. WRNLEV IS  5

          RESI BTE2       0.00
*** WARNING **** residue 13DB already exists (old one deleted)

      ***** LEVEL  1 WARNING FROM <RTFRDR> *****
      ***** Residue already exists.
      ******************************************
      BOMLEV (  0) IS NOT REACHED. WRNLEV IS  5

          RESI 13DB       0.00
*** WARNING **** residue 13DP already exists (old one deleted)

      ***** LEVEL  1 WARNING FROM <RTFRDR> *****
      ***** Residue already exists.
      ******************************************
      BOMLEV (  0) IS NOT REACHED. WRNLEV IS  5

          RESI 13DP       0.00
*** WARNING **** residue DMB1 already exists (old one deleted)

      ***** LEVEL  1 WARNING FROM <RTFRDR> *****
      ***** Residue already exists.
      ******************************************
      BOMLEV (  0) IS NOT REACHED. WRNLEV IS  5

          RESI DMB1       0.00
*** WARNING **** residue DMP1 already exists (old one deleted)

      ***** LEVEL  1 WARNING FROM <RTFRDR> *****
      ***** Residue already exists.
      ******************************************
      BOMLEV (  0) IS NOT REACHED. WRNLEV IS  5

          RESI DMP1       0.00
*** WARNING **** residue DMP2 already exists (old one deleted)

      ***** LEVEL  1 WARNING FROM <RTFRDR> *****
      ***** Residue already exists.
      ******************************************
      BOMLEV (  0) IS NOT REACHED. WRNLEV IS  5

          RESI DMP2       0.00
*** WARNING **** residue CROT already exists (old one deleted)

      ***** LEVEL  1 WARNING FROM <RTFRDR> *****
      ***** Residue already exists.
      ******************************************
      BOMLEV (  0) IS NOT REACHED. WRNLEV IS  5

          RESI CROT       0.00
*** WARNING **** residue PACP already exists (old one deleted)

      ***** LEVEL  1 WARNING FROM <RTFRDR> *****
      ***** Residue already exists.
      ******************************************
      BOMLEV (  0) IS NOT REACHED. WRNLEV IS  5

          RESI PACP       0.00
*** WARNING **** residue MECH already exists (old one deleted)

      ***** LEVEL  1 WARNING FROM <RTFRDR> *****
      ***** Residue already exists.
      ******************************************
      BOMLEV (  0) IS NOT REACHED. WRNLEV IS  5

          RESI MECH       0.00
*** WARNING **** residue TMCH already exists (old one deleted)

      ***** LEVEL  1 WARNING FROM <RTFRDR> *****
      ***** Residue already exists.
      ******************************************
      BOMLEV (  0) IS NOT REACHED. WRNLEV IS  5

          RESI TMCH       0.00
*** WARNING **** residue FRET already exists (old one deleted)

      ***** LEVEL  1 WARNING FROM <RTFRDR> *****
      ***** Residue already exists.
      ******************************************
      BOMLEV (  0) IS NOT REACHED. WRNLEV IS  5

          RESI FRET       0.00
*** WARNING **** residue RTOL already exists (old one deleted)

      ***** LEVEL  1 WARNING FROM <RTFRDR> *****
      ***** Residue already exists.
      ******************************************
      BOMLEV (  0) IS NOT REACHED. WRNLEV IS  5

          RESI RTOL       0.00
*** WARNING **** residue RTAL already exists (old one deleted)

      ***** LEVEL  1 WARNING FROM <RTFRDR> *****
      ***** Residue already exists.
      ******************************************
      BOMLEV (  0) IS NOT REACHED. WRNLEV IS  5

          RESI RTAL       0.00
*** WARNING **** residue RTAC already exists (old one deleted)

      ***** LEVEL  1 WARNING FROM <RTFRDR> *****
      ***** Residue already exists.
      ******************************************
      BOMLEV (  0) IS NOT REACHED. WRNLEV IS  5

          RESI RTAC      -1.00
*** WARNING **** residue PRAC already exists (old one deleted)

      ***** LEVEL  1 WARNING FROM <RTFRDR> *****
      ***** Residue already exists.
      ******************************************
      BOMLEV (  0) IS NOT REACHED. WRNLEV IS  5

          RESI PRAC      -1.00
*** WARNING **** residue PROL already exists (old one deleted)

      ***** LEVEL  1 WARNING FROM <RTFRDR> *****
      ***** Residue already exists.
      ******************************************
      BOMLEV (  0) IS NOT REACHED. WRNLEV IS  5

          RESI PROL       0.00
*** WARNING **** residue PRAL already exists (old one deleted)

      ***** LEVEL  1 WARNING FROM <RTFRDR> *****
      ***** Residue already exists.
      ******************************************
      BOMLEV (  0) IS NOT REACHED. WRNLEV IS  5

          RESI PRAL       0.00
*** WARNING **** residue SCH1 already exists (old one deleted)

      ***** LEVEL  1 WARNING FROM <RTFRDR> *****
      ***** Residue already exists.
      ******************************************
      BOMLEV (  0) IS NOT REACHED. WRNLEV IS  5

          RESI SCH1       0.00
*** WARNING **** residue SCH2 already exists (old one deleted)

      ***** LEVEL  1 WARNING FROM <RTFRDR> *****
      ***** Residue already exists.
      ******************************************
      BOMLEV (  0) IS NOT REACHED. WRNLEV IS  5

          RESI SCH2       1.00
*** WARNING **** residue SCH3 already exists (old one deleted)

      ***** LEVEL  1 WARNING FROM <RTFRDR> *****
      ***** Residue already exists.
      ******************************************
      BOMLEV (  0) IS NOT REACHED. WRNLEV IS  5

          RESI SCH3       1.00
 There were  20 warning(s) from RTFRDR.
  
 CHARMM>     
  
 CHARMM>    read para card flex append

          PARAMETER FILE BEING READ FROM UNIT 98
 RDTITL> * RETINAL/RETINOL AND RELATED PARAMETERS
 RDTITL> *
 PARMIO> NONBOND, HBOND lists and IMAGE atoms cleared.
  
 CHARMM>     
  
 VCLOSE: Closing unit   98 with status "KEEP"

                    RETURNING TO INPUT STREAM    99
  
 CHARMM>    stream toppar/toppar_all36_prot_model.str
 VOPEN> Attempting to open::toppar/toppar_all36_prot_model.str::
 OPNLGU> Unit 98 opened for READONLY access to toppar/toppar_all36_prot_model.str

                    INPUT STREAM SWITCHING TO UNIT    98
 RDTITL> *>> ALL-HYDROGEN TOPOLOGY FOR SMALL MODEL COMPOUNDS USED IN THE <<
 RDTITL> *>> DEVELOPMENT OF THE CHARMM22 PROTEIN ALL-HYDROGEN PARAMETERS <<
 RDTITL> *>>>>>>>>>>>>>>>>>>>>>>> JULY 1997 <<<<<<<<<<<<<<<<<<<<<<<<<<<<<<<
 RDTITL> *>>>>>>>> DIRECT COMMENTS TO ALEXANDER D. MACKERELL JR. <<<<<<<<<<
 RDTITL> *>>>>>>>>>>>>>>> PARAMETER FORUM, WWW.CHARMM.ORG <<<<<<<<<<<<<<<<<
 RDTITL> *CONVERTED TO STREAM FORMAT, DECEMBER 2003
 RDTITL> *CONVERTED TO CHARMM36 PROTEIN ATOM TYPES, MAY 2011
 RDTITL> *
 Parameter: IN1 <- "" <empty>
  
 CHARMM>     
  
 CHARMM>    !Parent files that have to be read prior to streaming this file
 CHARMM>    !top_all36_prot.rtf
 CHARMM>    !par_all36_prot.prm
 CHARMM>    !
 CHARMM>    !Testcase
 CHARMM>    !test_all36_prot_model.inp
 CHARMM>     
  
 CHARMM>    !changes after 9/98
 CHARMM>    !
 CHARMM>    !change alkene HA1 and HA2 to HE1 and HE2
 CHARMM>    !
 CHARMM>    !improper atom ordering corrected
 CHARMM>    !
 CHARMM>    !version b5i to be consistent with protein toppar files
 CHARMM>    !
 CHARMM>    !Heme vinyl groups upgraded based on new butene parameters
 CHARMM>    !
 CHARMM>     
  
 CHARMM>    ! references
 CHARMM>    !
 CHARMM>    !PROTEINS
 CHARMM>    !
 CHARMM>    !MacKerell, Jr., A. D.; Bashford, D.; Bellott, M.; Dunbrack Jr., R.L.;
 CHARMM>    !Evanseck, J.D.; Field, M.J.; Fischer, S.; Gao, J.; Guo, H.; Ha, S.;
 CHARMM>    !Joseph-McCarthy, D.; Kuchnir, L.; Kuczera, K.; Lau, F.T.K.; Mattos,
 CHARMM>    !C.; Michnick, S.; Ngo, T.; Nguyen, D.T.; Prodhom, B.; Reiher, III,
 CHARMM>    !W.E.; Roux, B.; Schlenkrich, M.; Smith, J.C.; Stote, R.; Straub, J.;
 CHARMM>    !Watanabe, M.; Wiorkiewicz-Kuczera, J.; Yin, D.; Karplus, M.  All-atom
 CHARMM>    !empirical potential for molecular modeling and dynamics Studies of
 CHARMM>    !proteins.  Journal of Physical Chemistry B, 1998, 102, 3586-3616.
 CHARMM>     
  
 CHARMM>    read rtf card append
 MAINIO> Residue topology file being read from unit  98.
 RDTITL> * TOPOLOGY FOR PROTEIN RELATED MODEL COMPOUNDS
 RDTITL> *
*** WARNING **** residue ACET already exists (old one deleted)

      ***** LEVEL  1 WARNING FROM <RTFRDR> *****
      ***** Residue already exists.
      ******************************************
      BOMLEV (  0) IS NOT REACHED. WRNLEV IS  5

          RESI ACET       -1.00
*** WARNING **** residue PROA already exists (old one deleted)

      ***** LEVEL  1 WARNING FROM <RTFRDR> *****
      ***** Residue already exists.
      ******************************************
      BOMLEV (  0) IS NOT REACHED. WRNLEV IS  5

          RESI PROA       -1.00
*** WARNING **** residue GUAN already exists (old one deleted)

      ***** LEVEL  1 WARNING FROM <RTFRDR> *****
      ***** Residue already exists.
      ******************************************
      BOMLEV (  0) IS NOT REACHED. WRNLEV IS  5

          RESI GUAN        1.00
*** WARNING **** residue MGUA already exists (old one deleted)

      ***** LEVEL  1 WARNING FROM <RTFRDR> *****
      ***** Residue already exists.
      ******************************************
      BOMLEV (  0) IS NOT REACHED. WRNLEV IS  5

          RESI MGUA        1.00
*** WARNING **** residue GLYN already exists (old one deleted)

      ***** LEVEL  1 WARNING FROM <RTFRDR> *****
      ***** Residue already exists.
      ******************************************
      BOMLEV (  0) IS NOT REACHED. WRNLEV IS  5

          RESI GLYN         0.00
*** WARNING **** residue MAMM already exists (old one deleted)

      ***** LEVEL  1 WARNING FROM <RTFRDR> *****
      ***** Residue already exists.
      ******************************************
      BOMLEV (  0) IS NOT REACHED. WRNLEV IS  5

          RESI MAMM        1.00
*** WARNING **** residue EAMM already exists (old one deleted)

      ***** LEVEL  1 WARNING FROM <RTFRDR> *****
      ***** Residue already exists.
      ******************************************
      BOMLEV (  0) IS NOT REACHED. WRNLEV IS  5

          RESI EAMM        1.00
*** WARNING **** residue ACEH already exists (old one deleted)

      ***** LEVEL  1 WARNING FROM <RTFRDR> *****
      ***** Residue already exists.
      ******************************************
      BOMLEV (  0) IS NOT REACHED. WRNLEV IS  5

          RESI ACEH        0.00
*** WARNING **** residue MEOH already exists (old one deleted)

      ***** LEVEL  1 WARNING FROM <RTFRDR> *****
      ***** Residue already exists.
      ******************************************
      BOMLEV (  0) IS NOT REACHED. WRNLEV IS  5

          RESI MEOH        0.00
*** WARNING **** residue METO already exists (old one deleted)

      ***** LEVEL  1 WARNING FROM <RTFRDR> *****
      ***** Residue already exists.
      ******************************************
      BOMLEV (  0) IS NOT REACHED. WRNLEV IS  5

          RESI METO       -1.00
*** WARNING **** residue ETOH already exists (old one deleted)

      ***** LEVEL  1 WARNING FROM <RTFRDR> *****
      ***** Residue already exists.
      ******************************************
      BOMLEV (  0) IS NOT REACHED. WRNLEV IS  5

          RESI ETOH        0.00
*** WARNING **** residue ETO  already exists (old one deleted)

      ***** LEVEL  1 WARNING FROM <RTFRDR> *****
      ***** Residue already exists.
      ******************************************
      BOMLEV (  0) IS NOT REACHED. WRNLEV IS  5

          RESI ETO        -1.00
*** WARNING **** residue PRO2 already exists (old one deleted)

      ***** LEVEL  1 WARNING FROM <RTFRDR> *****
      ***** Residue already exists.
      ******************************************
      BOMLEV (  0) IS NOT REACHED. WRNLEV IS  5

          RESI PRO2        0.00
*** WARNING **** residue FORM already exists (old one deleted)

      ***** LEVEL  1 WARNING FROM <RTFRDR> *****
      ***** Residue already exists.
      ******************************************
      BOMLEV (  0) IS NOT REACHED. WRNLEV IS  5

          RESI FORM        0.00
*** WARNING **** residue ACEM already exists (old one deleted)

      ***** LEVEL  1 WARNING FROM <RTFRDR> *****
      ***** Residue already exists.
      ******************************************
      BOMLEV (  0) IS NOT REACHED. WRNLEV IS  5

          RESI ACEM        0.00
*** WARNING **** residue NMA  already exists (old one deleted)

      ***** LEVEL  1 WARNING FROM <RTFRDR> *****
      ***** Residue already exists.
      ******************************************
      BOMLEV (  0) IS NOT REACHED. WRNLEV IS  5

          RESI NMA         0.00
*** WARNING **** residue MESH already exists (old one deleted)

      ***** LEVEL  1 WARNING FROM <RTFRDR> *****
      ***** Residue already exists.
      ******************************************
      BOMLEV (  0) IS NOT REACHED. WRNLEV IS  5

          RESI MESH        0.00
*** WARNING **** residue MES1 already exists (old one deleted)

      ***** LEVEL  1 WARNING FROM <RTFRDR> *****
      ***** Residue already exists.
      ******************************************
      BOMLEV (  0) IS NOT REACHED. WRNLEV IS  5

          RESI MES1       -1.00
*** WARNING **** residue ETSH already exists (old one deleted)

      ***** LEVEL  1 WARNING FROM <RTFRDR> *****
      ***** Residue already exists.
      ******************************************
      BOMLEV (  0) IS NOT REACHED. WRNLEV IS  5

          RESI ETSH        0.00
*** WARNING **** residue ES1  already exists (old one deleted)

      ***** LEVEL  1 WARNING FROM <RTFRDR> *****
      ***** Residue already exists.
      ******************************************
      BOMLEV (  0) IS NOT REACHED. WRNLEV IS  5

          RESI ES1        -1.00
*** WARNING **** residue DMDS already exists (old one deleted)

      ***** LEVEL  1 WARNING FROM <RTFRDR> *****
      ***** Residue already exists.
      ******************************************
      BOMLEV (  0) IS NOT REACHED. WRNLEV IS  5

          RESI DMDS        0.00
*** WARNING **** residue DEDS already exists (old one deleted)

      ***** LEVEL  1 WARNING FROM <RTFRDR> *****
      ***** Residue already exists.
      ******************************************
      BOMLEV (  0) IS NOT REACHED. WRNLEV IS  5

          RESI DEDS        0.00
*** WARNING **** residue EMS  already exists (old one deleted)

      ***** LEVEL  1 WARNING FROM <RTFRDR> *****
      ***** Residue already exists.
      ******************************************
      BOMLEV (  0) IS NOT REACHED. WRNLEV IS  5

          RESI EMS         0.00
*** WARNING **** residue IMIA already exists (old one deleted)

      ***** LEVEL  1 WARNING FROM <RTFRDR> *****
      ***** Residue already exists.
      ******************************************
      BOMLEV (  0) IS NOT REACHED. WRNLEV IS  5

          RESI IMIA        0.00
*** WARNING **** residue MIMI already exists (old one deleted)

      ***** LEVEL  1 WARNING FROM <RTFRDR> *****
      ***** Residue already exists.
      ******************************************
      BOMLEV (  0) IS NOT REACHED. WRNLEV IS  5

          RESI MIMI        0.00
*** WARNING **** residue EIMI already exists (old one deleted)

      ***** LEVEL  1 WARNING FROM <RTFRDR> *****
      ***** Residue already exists.
      ******************************************
      BOMLEV (  0) IS NOT REACHED. WRNLEV IS  5

          RESI EIMI        0.00
*** WARNING **** residue IMIM already exists (old one deleted)

      ***** LEVEL  1 WARNING FROM <RTFRDR> *****
      ***** Residue already exists.
      ******************************************
      BOMLEV (  0) IS NOT REACHED. WRNLEV IS  5

          RESI IMIM        1.00
*** WARNING **** residue EIMM already exists (old one deleted)

      ***** LEVEL  1 WARNING FROM <RTFRDR> *****
      ***** Residue already exists.
      ******************************************
      BOMLEV (  0) IS NOT REACHED. WRNLEV IS  5

          RESI EIMM        1.00
*** WARNING **** residue BENZ already exists (old one deleted)

      ***** LEVEL  1 WARNING FROM <RTFRDR> *****
      ***** Residue already exists.
      ******************************************
      BOMLEV (  0) IS NOT REACHED. WRNLEV IS  5

          RESI BENZ        0.00
*** WARNING **** residue EBEN already exists (old one deleted)

      ***** LEVEL  1 WARNING FROM <RTFRDR> *****
      ***** Residue already exists.
      ******************************************
      BOMLEV (  0) IS NOT REACHED. WRNLEV IS  5

          RESI EBEN         0.00
*** WARNING **** residue PHEN already exists (old one deleted)

      ***** LEVEL  1 WARNING FROM <RTFRDR> *****
      ***** Residue already exists.
      ******************************************
      BOMLEV (  0) IS NOT REACHED. WRNLEV IS  5

          RESI PHEN        0.00
*** WARNING **** residue EPHE already exists (old one deleted)

      ***** LEVEL  1 WARNING FROM <RTFRDR> *****
      ***** Residue already exists.
      ******************************************
      BOMLEV (  0) IS NOT REACHED. WRNLEV IS  5

          RESI EPHE        0.00
*** WARNING **** residue PHEO already exists (old one deleted)

      ***** LEVEL  1 WARNING FROM <RTFRDR> *****
      ***** Residue already exists.
      ******************************************
      BOMLEV (  0) IS NOT REACHED. WRNLEV IS  5

          RESI PHEO       -1.00
*** WARNING **** residue INDO already exists (old one deleted)

      ***** LEVEL  1 WARNING FROM <RTFRDR> *****
      ***** Residue already exists.
      ******************************************
      BOMLEV (  0) IS NOT REACHED. WRNLEV IS  5

          RESI INDO        0.00
*** WARNING **** residue EIND already exists (old one deleted)

      ***** LEVEL  1 WARNING FROM <RTFRDR> *****
      ***** Residue already exists.
      ******************************************
      BOMLEV (  0) IS NOT REACHED. WRNLEV IS  5

          RESI EIND        0.00
*** WARNING **** residue PDIP already exists (old one deleted)

      ***** LEVEL  1 WARNING FROM <RTFRDR> *****
      ***** Residue already exists.
      ******************************************
      BOMLEV (  0) IS NOT REACHED. WRNLEV IS  5

          RESI PDIP        0.00
*** WARNING **** residue ETHA already exists (old one deleted)

      ***** LEVEL  1 WARNING FROM <RTFRDR> *****
      ***** Residue already exists.
      ******************************************
      BOMLEV (  0) IS NOT REACHED. WRNLEV IS  5

          RESI ETHA        0.00
*** WARNING **** residue PRPA already exists (old one deleted)

      ***** LEVEL  1 WARNING FROM <RTFRDR> *****
      ***** Residue already exists.
      ******************************************
      BOMLEV (  0) IS NOT REACHED. WRNLEV IS  5

          RESI PRPA        0.00
*** WARNING **** residue IBUT already exists (old one deleted)

      ***** LEVEL  1 WARNING FROM <RTFRDR> *****
      ***** Residue already exists.
      ******************************************
      BOMLEV (  0) IS NOT REACHED. WRNLEV IS  5

          RESI IBUT        0.00
*** WARNING **** residue OCOH already exists (old one deleted)

      ***** LEVEL  1 WARNING FROM <RTFRDR> *****
      ***** Residue already exists.
      ******************************************
      BOMLEV (  0) IS NOT REACHED. WRNLEV IS  5

          RESI OCOH    0.0
*** WARNING **** residue CO3  already exists (old one deleted)

      ***** LEVEL  1 WARNING FROM <RTFRDR> *****
      ***** Residue already exists.
      ******************************************
      BOMLEV (  0) IS NOT REACHED. WRNLEV IS  5

          RESI CO3  -2.0
*** WARNING **** residue C3   already exists (old one deleted)

      ***** LEVEL  1 WARNING FROM <RTFRDR> *****
      ***** Residue already exists.
      ******************************************
      BOMLEV (  0) IS NOT REACHED. WRNLEV IS  5

          RESI C3    0.00
 There were  42 warning(s) from RTFRDR.
  
 CHARMM>     
  
 CHARMM>    read para card flex append

          PARAMETER FILE BEING READ FROM UNIT 98
 RDTITL>  
 RDTITL> No title read.
 PARMIO> NONBOND, HBOND lists and IMAGE atoms cleared.
  
 CHARMM>     
  
 CHARMM>    return
 VCLOSE: Closing unit   98 with status "KEEP"

                    RETURNING TO INPUT STREAM    99
  
 CHARMM>    stream toppar/toppar_all36_prot_modify_res.str
 VOPEN> Attempting to open::toppar/toppar_all36_prot_modify_res.str::
 OPNLGU> Unit 98 opened for READONLY access to toppar/toppar_all36_prot_modify_res.str

                    INPUT STREAM SWITCHING TO UNIT    98
 RDTITL> * TOPPAR FILE FOR VARIOUS MODIFIED RESIDUES AND PATCHES, INCLUDING
 RDTITL> * PATCHES TO COVALENTLY LINK RESIDUES TO IONS TO WORK WITH THE
 RDTITL> * ADDITIVE C36 PROTEIN FORCE FIELD
 RDTITL> * REQUIRES CGENFF PARAMETER FILE
 RDTITL> *
 Parameter: IN1 <- "" <empty>
  
 CHARMM>     
  
 CHARMM>    !Acetyllysine (ALY)
 CHARMM>    !Norleucine (NLE) and
 CHARMM>    ! residues and patches for Zn-protein interactions modeled using
 CHARMM>    ! bond and angles between the protein and Zn.
 CHARMM>     
  
 CHARMM>    !non-standard amino acids: 2021
 CHARMM>    !Croitoru, A., Park, S.-J., Kumar, A., Lee, J., Im, Wonpil; MacKerell,
 CHARMM>    !A.D., Jr., and Aleksandrov, A. Additive CHARMM36 Force Field for
 CHARMM>    !Nonstandard Amino Acids, Journal of Chemical Theory and Computation,
 CHARMM>    !17:3554-3570, doi: 10.1021/acs.jctc.1c00254.
 CHARMM>     
  
 CHARMM>    read rtf card append
 MAINIO> Residue topology file being read from unit  98.
 RDTITL> * TOPPAR FILE PROTEIN MODIFICATIONS
 RDTITL> *
*** WARNING **** residue CGU  already exists (old one deleted)

      ***** LEVEL  1 WARNING FROM <RTFRDR> *****
      ***** Residue already exists.
      ******************************************
      BOMLEV (  0) IS NOT REACHED. WRNLEV IS  5

          RESI CGU              -2.000
*** WARNING **** residue CME  already exists (old one deleted)

      ***** LEVEL  1 WARNING FROM <RTFRDR> *****
      ***** Residue already exists.
      ******************************************
      BOMLEV (  0) IS NOT REACHED. WRNLEV IS  5

          RESI CME               0.000
*** WARNING **** residue HIC  already exists (old one deleted)

      ***** LEVEL  1 WARNING FROM <RTFRDR> *****
      ***** Residue already exists.
      ******************************************
      BOMLEV (  0) IS NOT REACHED. WRNLEV IS  5

          RESI HIC               0.000
*** WARNING **** residue HICP already exists (old one deleted)

      ***** LEVEL  1 WARNING FROM <RTFRDR> *****
      ***** Residue already exists.
      ******************************************
      BOMLEV (  0) IS NOT REACHED. WRNLEV IS  5

          RESI HICP              1.000
*** WARNING **** residue CGUP already exists (old one deleted)

      ***** LEVEL  1 WARNING FROM <RTFRDR> *****
      ***** Residue already exists.
      ******************************************
      BOMLEV (  0) IS NOT REACHED. WRNLEV IS  5

          RESI CGUP             -1.000
 There were   5 warning(s) from RTFRDR.
  
 CHARMM>     
  
 CHARMM>    read para card append flex

          PARAMETER FILE BEING READ FROM UNIT 98
 RDTITL>  
 RDTITL> No title read.
 PARMIO> NONBOND, HBOND lists and IMAGE atoms cleared.
  
 CHARMM>     
  
 CHARMM>    return
 VCLOSE: Closing unit   98 with status "KEEP"

                    RETURNING TO INPUT STREAM    99
  
 CHARMM>     
  
 CHARMM>    ! Additional topologies and parameters for nucleic acids
 CHARMM>    stream toppar/toppar_all36_na_nad_ppi.str
 VOPEN> Attempting to open::toppar/toppar_all36_na_nad_ppi.str::
 OPNLGU> Unit 98 opened for READONLY access to toppar/toppar_all36_na_nad_ppi.str

                    INPUT STREAM SWITCHING TO UNIT    98
 RDTITL> * CHARMM36 ALL-HYDROGEN NUCLEIC ACID FORCE TOPPAR STREAM FILE
 RDTITL> * NAD+, NADH, ADP, ATP, PPI AND RELATED ANALOGS
 RDTITL> * A.D. MACKERELL, JR., JULY 2001
 RDTITL> * STREAM FOLLOWING RTF AND PARAM READ OF
 RDTITL> *
 Parameter: IN1 <- "" <empty>
  
 CHARMM>     
  
 CHARMM>    !Update, 2015/1, nomenclature for NAD+ etc. consistent with PDB
 CHARMM>     
  
 CHARMM>    !Parent files that have to be read prior to streaming this file
 CHARMM>    !top_all36_na.rtf
 CHARMM>    !par_all36_na.prm
 CHARMM>     
  
 CHARMM>    !Testcase
 CHARMM>    !test_all36_na_nad_ppi.inp
 CHARMM>     
  
 CHARMM>    !Reference
 CHARMM>    !Pavelites, J.J., Bash, P.A., Gao, J., and MacKerell, Jr.,
 CHARMM>    !A.D. A Molecular Mechanics Force Field for NAD+, NADH and the
 CHARMM>    !Pyrophosphate Groups of Nucleotides, Journal of Computational
 CHARMM>    !Chemistry, 1997, 18: 221-239.
 CHARMM>     
  
 CHARMM>    read rtf card append
 MAINIO> Residue topology file being read from unit  98.
 RDTITL> * NAD, PPI TOPOLOGY
 RDTITL> *
*** WARNING **** residue NIC  already exists (old one deleted)

      ***** LEVEL  1 WARNING FROM <RTFRDR> *****
      ***** Residue already exists.
      ******************************************
      BOMLEV (  0) IS NOT REACHED. WRNLEV IS  5

          RESI NIC         1.00
*** WARNING **** residue NICH already exists (old one deleted)

      ***** LEVEL  1 WARNING FROM <RTFRDR> *****
      ***** Residue already exists.
      ******************************************
      BOMLEV (  0) IS NOT REACHED. WRNLEV IS  5

          RESI NICH         0.00
*** WARNING **** residue PPI1 already exists (old one deleted)

      ***** LEVEL  1 WARNING FROM <RTFRDR> *****
      ***** Residue already exists.
      ******************************************
      BOMLEV (  0) IS NOT REACHED. WRNLEV IS  5

          RESI PPI1        -3.00
*** WARNING **** residue PPI2 already exists (old one deleted)

      ***** LEVEL  1 WARNING FROM <RTFRDR> *****
      ***** Residue already exists.
      ******************************************
      BOMLEV (  0) IS NOT REACHED. WRNLEV IS  5

          RESI PPI2        -2.00
*** WARNING **** residue AMP  already exists (old one deleted)

      ***** LEVEL  1 WARNING FROM <RTFRDR> *****
      ***** Residue already exists.
      ******************************************
      BOMLEV (  0) IS NOT REACHED. WRNLEV IS  5

          RESI AMP         -2.00
*** WARNING **** residue ADP  already exists (old one deleted)

      ***** LEVEL  1 WARNING FROM <RTFRDR> *****
      ***** Residue already exists.
      ******************************************
      BOMLEV (  0) IS NOT REACHED. WRNLEV IS  5

          RESI ADP         -3.00
*** WARNING **** residue ATP  already exists (old one deleted)

      ***** LEVEL  1 WARNING FROM <RTFRDR> *****
      ***** Residue already exists.
      ******************************************
      BOMLEV (  0) IS NOT REACHED. WRNLEV IS  5

          RESI ATP         -4.00
*** WARNING **** residue 5DP  already exists (old one deleted)

      ***** LEVEL  1 WARNING FROM <RTFRDR> *****
      ***** Residue already exists.
      ******************************************
      BOMLEV (  0) IS NOT REACHED. WRNLEV IS  5

          PRES 5DP         -3.00
*** WARNING **** residue NAD  already exists (old one deleted)

      ***** LEVEL  1 WARNING FROM <RTFRDR> *****
      ***** Residue already exists.
      ******************************************
      BOMLEV (  0) IS NOT REACHED. WRNLEV IS  5

          RESI NAD         -1.00
*** WARNING **** residue NADH already exists (old one deleted)

      ***** LEVEL  1 WARNING FROM <RTFRDR> *****
      ***** Residue already exists.
      ******************************************
      BOMLEV (  0) IS NOT REACHED. WRNLEV IS  5

          RESI NADH        -2.00
*** WARNING **** residue NADP already exists (old one deleted)

      ***** LEVEL  1 WARNING FROM <RTFRDR> *****
      ***** Residue already exists.
      ******************************************
      BOMLEV (  0) IS NOT REACHED. WRNLEV IS  5

          RESI NADP        -2.00
*** WARNING **** residue NDPH already exists (old one deleted)

      ***** LEVEL  1 WARNING FROM <RTFRDR> *****
      ***** Residue already exists.
      ******************************************
      BOMLEV (  0) IS NOT REACHED. WRNLEV IS  5

          RESI NDPH        -3.00
 There were  12 warning(s) from RTFRDR.
  
 CHARMM>     
  
 CHARMM>    read para card flex append

          PARAMETER FILE BEING READ FROM UNIT 98
 RDTITL> * NAD, PPI PARAMETERS
 RDTITL> *
 PARMIO> NONBOND, HBOND lists and IMAGE atoms cleared.
  
 CHARMM>     
  
 CHARMM>     
  
 VCLOSE: Closing unit   98 with status "KEEP"

                    RETURNING TO INPUT STREAM    99
  
 CHARMM>    stream toppar/toppar_all36_na_rna_modified.str
 VOPEN> Attempting to open::toppar/toppar_all36_na_rna_modified.str::
 OPNLGU> Unit 98 opened for READONLY access to toppar/toppar_all36_na_rna_modified.str

                    INPUT STREAM SWITCHING TO UNIT    98
 RDTITL> * ADDITIVE CHARMM FORCE FIELD FOR MODIFIED RIBONUCLEIC ACIDS, INCLUDING
 RDTITL> * THOSE FOUNDS IN TRNA. YOU XU, KAROLINSKA INSTITUTET, 2015.
 RDTITL> * |
 RDTITL> * WARNING: PARAMETERS AND ATOM TYPE ASSIGNMENTS IN THIS FILE ARE SPECIFIC
 RDTITL> * FOR THESE COMPOUNDS AND SHOULD UNDER NO CIRCUMSTANCES BE APPLIED TO
 RDTITL> * OTHER ORGANIC MOLECULES
 RDTITL> *
 Parameter: IN1 <- "" <empty>
  
 CHARMM>     
  
 CHARMM>    ! Xu, Y., Vanommeslaeghe, K., Aleksandrov, A., MacKerell, A.D.,
 CHARMM>    ! Jr. Nilsson, L., “Additive CHARMM force field for naturally
 CHARMM>    ! occurring modified ribonucleotides,” Journal of Computational
 CHARMM>    !  Chemistry, DOI: 10.1002/jcc.24307, 2016
 CHARMM>     
  
 CHARMM>    ! Should be used with parent files CGenFF: top_all36_cgenff.inp and par_all36_cgenff.inp
 CHARMM>    !                                    NA36: top_all36_na.inp and par_all36_na.inp
 CHARMM>    !                              and Carb36: top_all36_carb.inp and par_all36_carb.inp
 CHARMM>    !
 CHARMM>     
  
 CHARMM>    read rtf card append
 MAINIO> Residue topology file being read from unit  98.
 RDTITL> * TOPOLOGIES OF MODIFIED NUCLEOTIDES
 RDTITL> *
*** WARNING **** residue BUG  already exists (old one deleted)

      ***** LEVEL  1 WARNING FROM <RTFRDR> *****
      ***** Residue already exists.
      ******************************************
      BOMLEV (  0) IS NOT REACHED. WRNLEV IS  5

          RESI BUG           -1.00
 There were   1 warning(s) from RTFRDR.
  
 CHARMM>     
  
 CHARMM>    read param card flex append

          PARAMETER FILE BEING READ FROM UNIT 98
 RDTITL> * ADDITIVE CHARMM PARAMETERS FOR MODIFIED NUCLEIC ACIDS, BETA VERSION
 RDTITL> * YOU XU, KAROLINSKA INSTITUTET, 2015.
 RDTITL> *
 PARMIO> NONBOND, HBOND lists and IMAGE atoms cleared.
  
 CHARMM>    RETURN
 VCLOSE: Closing unit   98 with status "KEEP"

                    RETURNING TO INPUT STREAM    99
  
 CHARMM>     
  
 CHARMM>    ! Additional topologies and parameters for lipids
 CHARMM>    stream toppar/toppar_all36_lipid_sphingo.str
 VOPEN> Attempting to open::toppar/toppar_all36_lipid_sphingo.str::
 OPNLGU> Unit 98 opened for READONLY access to toppar/toppar_all36_lipid_sphingo.str

                    INPUT STREAM SWITCHING TO UNIT    98
 RDTITL> * TOPPAR STREAM FOR CERAMIDES AND SPINGOMYELINS; REQUIRES FLEX FORMAT FILES
 RDTITL> * TOP_ALL36_LIPID.RTF AND PAR_ALL36_LIPID.PRM
 RDTITL> *
 Parameter: IN1 <- "" <empty>
  
 CHARMM>     
  
 CHARMM>    ! REFERENCES
 CHARMM>    !
 CHARMM>    ! PSM and SSM Lipids
 CHARMM>    !
 CHARMM>    ! Venable, R. M.; Sodt, A. J.; Rogaski, B.; Rui, H.; Hatcher, E.; MacKerell, A. D.;
 CHARMM>    ! Pastor, R. W.; Klauda, J. B., CHARMM All-Atom Additive Force Field for Sphingomyelin:
 CHARMM>    ! Elucidation of Hydrogen Bonding and of Positive Curvature. Biophys. J. 2014, 107 (1), 134-145
 CHARMM>    !
 CHARMM>    ! Ceramide
 CHARMM>    !
 CHARMM>    ! Submited by Sam Tonddast-Navaei of U. Cincinnati. Advised by Russell Devane
 CHARMM>    ! Tested by Eric Wang of U. Maryland. Advised by Jeffery Klauda
 CHARMM>    !
 CHARMM>    !
 CHARMM>    ! CerAP/Cer6, CerNP/Cer3, and CerEOS/Cer1
 CHARMM>    !
 CHARMM>    ! Wang, E.; Klauda, J. B., Structure and Permeability of Ceramide Bilayers and Multilayers.
 CHARMM>    ! J. Phys. Chem. B., 2019, 123, 11, 2525-2535
 CHARMM>    ! Wang, E.; Klauda, J. B., Molecular Structure of the Long Periodicity Phase in the Stratum Corneum.
 CHARMM>    ! J. Amer. Chem. Soc., 2019. 141, 42, 16930-16943
 CHARMM>     
  
 CHARMM>    set nat ?NATC
 RDCMND substituted energy or value "?NATC" to "585"
 Parameter: NAT <- "585"
  
 CHARMM>    set app
 Parameter: APP <- "" <empty>
  
 CHARMM>    !We're exploiting what is arguably a bug in the parser. On the left hand side,
 CHARMM>    !the quotes have proirity, so NAT is correctly substituted. On the right hand
 CHARMM>    !side, the ? has priority and NATC" (sic) is not a valid substitution...
 CHARMM>    if "@NAT" ne "?NATC" if @nat ne 0 set app append
 Parameter: NAT -> "585"
 Parameter: NAT -> "585"
 RDCMND: can not substitute energy "?NATC""
 Comparing ""585"" and ""?NATC"".
 IF test evaluated as true.  Performing command
 Comparing "585" and "0".
 IF test evaluated as true.  Performing command
 Parameter: APP <- "APPEND"
  
 CHARMM>     
  
 CHARMM>    read rtf card @app
 Parameter: APP -> "APPEND"
 MAINIO> Residue topology file being read from unit  98.
 RDTITL> * CER/SM RESIDUES
 RDTITL> *
  
 CHARMM>     
  
 CHARMM>    read para card flex @app
 Parameter: APP -> "APPEND"

          PARAMETER FILE BEING READ FROM UNIT 98
 RDTITL> * NEW PARAMETERS
 RDTITL> *
 PARRDR> Error: Repeated DIHE parameter ( 14761): NHL   C     CTO1  HAL1 is replaced
 PARRDR> Error: Repeated DIHE parameter ( 14782): O     C     CTO1  HAL1 is replaced
 PARMIO> NONBOND, HBOND lists and IMAGE atoms cleared.
  
 CHARMM>     
  
 CHARMM>    return
 VCLOSE: Closing unit   98 with status "KEEP"

                    RETURNING TO INPUT STREAM    99
  
 CHARMM>    stream toppar/toppar_all36_lipid_archaeal.str
 VOPEN> Attempting to open::toppar/toppar_all36_lipid_archaeal.str::
 OPNLGU> Unit 98 opened for READONLY access to toppar/toppar_all36_lipid_archaeal.str

                    INPUT STREAM SWITCHING TO UNIT    98
 RDTITL> * TOPPAR STREAM FILE FOR ARCHAEAL LIPIDS.
 RDTITL> *
 Parameter: IN1 <- "" <empty>
  
 CHARMM>     
  
 CHARMM>    ! This is an on-going file of archaeal lipids
 CHARMM>    ! I am adding meanquinone-7 now
 CHARMM>     
  
 CHARMM>    read rtf card append
 MAINIO> Residue topology file being read from unit  98.
 RDTITL> * ARCHAEAL LIPIDS
 RDTITL> *
  
 CHARMM>     
  
 CHARMM>    read param card flex append

          PARAMETER FILE BEING READ FROM UNIT 98
 RDTITL> * PARAMETERS GENERATED BY ANALOGY BY CGENFF
 RDTITL> *
 PARMIO> NONBOND, HBOND lists and IMAGE atoms cleared.
  
 CHARMM>     
  
 CHARMM>    RETURN
 VCLOSE: Closing unit   98 with status "KEEP"

                    RETURNING TO INPUT STREAM    99
  
 CHARMM>    stream toppar/toppar_all36_lipid_bacterial.str
 VOPEN> Attempting to open::toppar/toppar_all36_lipid_bacterial.str::
 OPNLGU> Unit 98 opened for READONLY access to toppar/toppar_all36_lipid_bacterial.str

                    INPUT STREAM SWITCHING TO UNIT    98
 RDTITL> * TOPPAR STREAM FILE FOR BRANCHED AND CYCLIC CHAINED LIPIDS.  FOLLOWING READING OF
 RDTITL> * TOP_ALL36_LIPID.RTF
 RDTITL> * AND
 RDTITL> * PAR_ALL36_LIPID.RTF
 RDTITL> *
 Parameter: IN1 <- "" <empty>
  
 CHARMM>     
  
 CHARMM>    ! REFERENCES
 CHARMM>    !
 CHARMM>    ! Branched Lipids
 CHARMM>    !
 CHARMM>    ! Lim, J.B. & Klauda, J.B. Branching at the Iso- and Anteiso- Positions in Complex Chlamydia
 CHARMM>    ! Membranes: A Molecular Dynamics Study. Biochimica et Biophysica Acta (BBA) - Biomembranes
 CHARMM>    ! 1808:323-331 (2011).
 CHARMM>    !
 CHARMM>    ! Cyclic-replacement of double bond
 CHARMM>    !
 CHARMM>    ! Pandit, K.R. & Klauda, J.B. Membrane models of E. coli containing cyclic moieties in
 CHARMM>    ! the aliphatic lipid chain. Biochimica et Biophysica Acta (BBA) - Biomembranes
 CHARMM>    ! 1818:1205-1210 (2012).
 CHARMM>    !
 CHARMM>     
  
 CHARMM>    set nat ?NATC
 RDCMND substituted energy or value "?NATC" to "590"
 Parameter: NAT <- "590"
  
 CHARMM>    set app
 Parameter: APP <- "" <empty>
  
 CHARMM>    !We're exploiting what is arguably a bug in the parser. On the left hand side,
 CHARMM>    !the quotes have proirity, so NAT is correctly substituted. On the right hand
 CHARMM>    !side, the ? has priority and NATC" (sic) is not a valid substitution...
 CHARMM>    if "@NAT" ne "?NATC" if @nat ne 0 set app append
 Parameter: NAT -> "590"
 Parameter: NAT -> "590"
 RDCMND: can not substitute energy "?NATC""
 Comparing ""590"" and ""?NATC"".
 IF test evaluated as true.  Performing command
 Comparing "590" and "0".
 IF test evaluated as true.  Performing command
 Parameter: APP <- "APPEND"
  
 CHARMM>     
  
 CHARMM>    read rtf card @app
 Parameter: APP -> "APPEND"
 MAINIO> Residue topology file being read from unit  98.
 RDTITL> * CHOLESTEROL RESIDUES
 RDTITL> *
  
 CHARMM>     
  
 CHARMM>    read para card flex @app
 Parameter: APP -> "APPEND"

          PARAMETER FILE BEING READ FROM UNIT 98
 RDTITL> * NEW PARAMETERS
 RDTITL> *
 PARMIO> NONBOND, HBOND lists and IMAGE atoms cleared.
  
 CHARMM>     
  
 CHARMM>    return
 VCLOSE: Closing unit   98 with status "KEEP"

                    RETURNING TO INPUT STREAM    99
  
 CHARMM>    stream toppar/toppar_all36_lipid_cardiolipin.str
 VOPEN> Attempting to open::toppar/toppar_all36_lipid_cardiolipin.str::
 OPNLGU> Unit 98 opened for READONLY access to toppar/toppar_all36_lipid_cardiolipin.str

                    INPUT STREAM SWITCHING TO UNIT    98
 RDTITL> READ RTF CARD APPEND FLEX
 RDTITL> No title read.
 Parameter: IN1 <- "" <empty>
  
 CHARMM>    read rtf card append flex
 MAINIO> Residue topology file being read from unit  98.
 RDTITL>  
 RDTITL> No title read.
 WARNING from DECODI -- Zero length string being converted to 0
 RTFRDR> WARNING: Version number is NOT specified.
  
 CHARMM>     
  
 CHARMM>    return
 VCLOSE: Closing unit   98 with status "KEEP"

                    RETURNING TO INPUT STREAM    99
  
 CHARMM>    stream toppar/toppar_all36_lipid_cholesterol.str
 VOPEN> Attempting to open::toppar/toppar_all36_lipid_cholesterol.str::
 OPNLGU> Unit 98 opened for READONLY access to toppar/toppar_all36_lipid_cholesterol.str

                    INPUT STREAM SWITCHING TO UNIT    98
 RDTITL> * TOPPAR STREAM FILE FOR CHOLESTEROL.  STREAM FOLLOWING READING OF
 RDTITL> * TOP_ALL36_LIPID.RTF
 RDTITL> * PAR_ALL36_LIPID.RTF
 RDTITL> * TOP_ALL36_CGENFF.RTF
 RDTITL> * AND PAR_ALL36_CGENFF.PRM
 RDTITL> *
 Parameter: IN1 <- "" <empty>
  
 CHARMM>     
  
 CHARMM>    !topology and parameters are included for two cholesterol models. the
 CHARMM>    !model may be selected by setting variable chol_model to 1 or 2, as
 CHARMM>    !specified below
 CHARMM>    !
 CHARMM>     
  
 CHARMM>    set chol_model 1 !2 for original Suits et al. model
 Parameter: CHOL_MODEL <- "1"
  
 CHARMM>     
  
 CHARMM>    !
 CHARMM>    !1) Revised model of Lim et al.  This contains a number of NBFIXes that
 CHARMM>    !makes it unsuitable for ANTON (set chol_model 1)
 CHARMM>    !
 CHARMM>    !2) Original model of Suits et al., which is used on ANTON as well as
 CHARMM>    !being suitable for other systems (set chol_model 2 (or anything but 1....))
 CHARMM>    !
 CHARMM>    !references
 CHARMM>    !
 CHARMM>    !Lim, J.B., Rogaski, B. and Klauda, J.B.. "Update of the Cholesterol Force Field
 CHARMM>    !Parameters in CHARMM" 116: 203-210 (2012).
 CHARMM>    !
 CHARMM>    !Suits, F., Pitman, M., MacKerell, A.D., Jr., Feller, S.E. "Molecular Level
 CHARMM>    !Organization of Saturated and Polyunsaturated Fatty Acids in a
 CHARMM>    !Phosphatidylcholine Bilayer Containing Cholesterol" Biochemistry,
 CHARMM>    !43(49):15318-28, 2004
 CHARMM>    !
 CHARMM>     
  
 CHARMM>    !test "append"
 CHARMM>    set nat ?NATC
 RDCMND substituted energy or value "?NATC" to "590"
 Parameter: NAT <- "590"
  
 CHARMM>    set app
 Parameter: APP <- "" <empty>
  
 CHARMM>    !We're exploiting what is arguably a bug in the parser. On the left hand side,
 CHARMM>    !the quotes have priority, so NAT is correctly substituted. On the right hand
 CHARMM>    !side, the ? has priority and NATC" (sic) is not a valid substitution...
 CHARMM>    if "@NAT" ne "?NATC" if @nat ne 0 set app append
 Parameter: NAT -> "590"
 Parameter: NAT -> "590"
 RDCMND: can not substitute energy "?NATC""
 Comparing ""590"" and ""?NATC"".
 IF test evaluated as true.  Performing command
 Comparing "590" and "0".
 IF test evaluated as true.  Performing command
 Parameter: APP <- "APPEND"
  
 CHARMM>     
  
 CHARMM>    if chol_model eq 1 then
 Comparing "1" and "1".
 IF test evaluated as true.  Performing command
  
 CHARMM>     
  
 CHARMM>    ! reference
 CHARMM>    ! Lim, J.B., Rogaski, B. and Klauda, J.B.. "Update of the Cholesterol Force Field
 CHARMM>    ! Parameters in CHARMM" 116: 203-210 (2012).
 CHARMM>    !
 CHARMM>     
  
 CHARMM>    read rtf card @app
 Parameter: APP -> "APPEND"
 MAINIO> Residue topology file being read from unit  98.
 RDTITL> * TOPOLOGY FOR CHOLESTEROL
 RDTITL> *
  
 CHARMM>     
  
 CHARMM>    read param card flex @app
 Parameter: APP -> "APPEND"

          PARAMETER FILE BEING READ FROM UNIT 98
 RDTITL> * CHOLESTEROL PARAMETERS
 RDTITL> *
 PARRDR> Error: Repeated DIHE parameter ( 15121): OG31  CG30  CG3C  CG3C is replaced
 PARRDR> Error: Repeated DIHE parameter ( 15122): OG31  CG30  CG3C  CG3R is replaced
 PARRDR> Error: Repeated DIHE parameter ( 15123): OG31  CG30  CG3C  HGA1 is replaced
 PARRDR> Error: Repeated DIHE parameter ( 15121): OG31  CG30  CG3C  CG3C is replaced
 PARRDR> Error: Repeated DIHE parameter ( 15122): OG31  CG30  CG3C  CG3R is replaced
 PARRDR> Error: Repeated DIHE parameter ( 15123): OG31  CG30  CG3C  HGA1 is replaced
 PARMIO> NONBOND, HBOND lists and IMAGE atoms cleared.
  
 CHARMM>     
  
 CHARMM>    return
 VCLOSE: Closing unit   98 with status "KEEP"

                    RETURNING TO INPUT STREAM    99
  
 CHARMM>    stream toppar/toppar_all36_lipid_dag.str
 VOPEN> Attempting to open::toppar/toppar_all36_lipid_dag.str::
 OPNLGU> Unit 98 opened for READONLY access to toppar/toppar_all36_lipid_dag.str

                    INPUT STREAM SWITCHING TO UNIT    98
 RDTITL> READ RTF CARD APPEND
 RDTITL> No title read.
 Parameter: IN1 <- "" <empty>
  
 CHARMM>    read rtf card append
 MAINIO> Residue topology file being read from unit  98.
 RDTITL> * TOPOLOGY FOR LIPIDA FROM DAG
 RDTITL> *
  
 VCLOSE: Closing unit   98 with status "KEEP"

                    RETURNING TO INPUT STREAM    99
  
 CHARMM>    stream toppar/toppar_all36_lipid_inositol.str
 VOPEN> Attempting to open::toppar/toppar_all36_lipid_inositol.str::
 OPNLGU> Unit 98 opened for READONLY access to toppar/toppar_all36_lipid_inositol.str

                    INPUT STREAM SWITCHING TO UNIT    98
 RDTITL> READ RTF CARD APPEND
 RDTITL> No title read.
 Parameter: IN1 <- "" <empty>
  
 CHARMM>    read rtf card append
 MAINIO> Residue topology file being read from unit  98.
 RDTITL> * TOPOLOGY FOR INOSITOL-BASED LIPIDS
 RDTITL> *
  
 CHARMM>     
  
 CHARMM>    RETURN
 VCLOSE: Closing unit   98 with status "KEEP"

                    RETURNING TO INPUT STREAM    99
  
 CHARMM>    stream toppar/toppar_all36_lipid_lnp.str
 VOPEN> Attempting to open::toppar/toppar_all36_lipid_lnp.str::
 OPNLGU> Unit 98 opened for READONLY access to toppar/toppar_all36_lipid_lnp.str

                    INPUT STREAM SWITCHING TO UNIT    98
 RDTITL> READ RTF CARD APPEND
 RDTITL> No title read.
 Parameter: IN1 <- "" <empty>
  
 CHARMM>    read rtf card append
 MAINIO> Residue topology file being read from unit  98.
 RDTITL> * LNP
 RDTITL> *

      ***** LEVEL  1 WARNING FROM <DECODF> *****
      ***** Zero length string
      ******************************************
      BOMLEV (  0) IS NOT REACHED. WRNLEV IS  5

 WARNING from DECODF -- Zero length string being converted to 0.
 **** WARNING from RTFRDR **** The total charge of the residue, DAGP,  -0.0100000,
 does not equal the expected charge,   0.0000000.

      ***** LEVEL  1 WARNING FROM <DECODF> *****
      ***** Zero length string
      ******************************************
      BOMLEV (  0) IS NOT REACHED. WRNLEV IS  5

 WARNING from DECODF -- Zero length string being converted to 0.
          PRES DPEPEG
 **** WARNING from RTFRDR **** The total charge of the residue, DPEP,  -0.0100000,
 does not equal the expected charge,   0.0000000.
 There were   2 warning(s) from RTFRDR.
  
 CHARMM>     
  
 CHARMM>    read param card flex append

          PARAMETER FILE BEING READ FROM UNIT 98
 RDTITL> * LNP
 RDTITL> *
 PARMIO> NONBOND, HBOND lists and IMAGE atoms cleared.
  
 CHARMM>     
  
 CHARMM>    RETURN
 VCLOSE: Closing unit   98 with status "KEEP"

                    RETURNING TO INPUT STREAM    99
  
 CHARMM>    stream toppar/toppar_all36_lipid_lps.str
 VOPEN> Attempting to open::toppar/toppar_all36_lipid_lps.str::
 OPNLGU> Unit 98 opened for READONLY access to toppar/toppar_all36_lipid_lps.str

                    INPUT STREAM SWITCHING TO UNIT    98
 RDTITL> READ RTF CARD APPEND
 RDTITL> No title read.
 Parameter: IN1 <- "" <empty>
  
 CHARMM>    read rtf card append
 MAINIO> Residue topology file being read from unit  98.
 RDTITL> * TOPOLOGY FOR LIPIDA FROM LPS
 RDTITL> *
 WARNING from DECODI -- Zero length string being converted to 0
 RTFRDR> WARNING: Version number is NOT specified.
  
 CHARMM>     
  
 CHARMM>     
  
 CHARMM>    read param card append flex

          PARAMETER FILE BEING READ FROM UNIT 98
 RDTITL> *    NEW PARAMETES
 RDTITL> *
 PARMIO> NONBOND, HBOND lists and IMAGE atoms cleared.
  
 CHARMM>     
  
 VCLOSE: Closing unit   98 with status "KEEP"

                    RETURNING TO INPUT STREAM    99
  
 CHARMM>    stream toppar/toppar_all36_lipid_mycobacterial.str
 VOPEN> Attempting to open::toppar/toppar_all36_lipid_mycobacterial.str::
 OPNLGU> Unit 98 opened for READONLY access to toppar/toppar_all36_lipid_mycobacterial.str

                    INPUT STREAM SWITCHING TO UNIT    98
 RDTITL> * TOPPAR STREAM FILE FOR BRANCHED AND CYCLIC CHAINED LIPIDS.  FOLLOWING READING OF
 RDTITL> * TOP_ALL36_LIPID.RTF, PAR_ALL36_LIPID.PRM
 RDTITL> * AND
 RDTITL> * TOPPAR_ALL36_LIPID_BACTERIAL.STR
 RDTITL> *
 Parameter: IN1 <- "" <empty>
  
 CHARMM>     
  
 CHARMM>    read rtf card append
 MAINIO> Residue topology file being read from unit  98.
 RDTITL> * CHOLESTEROL RESIDUES
 RDTITL> *
  
 CHARMM>     
  
 CHARMM>    read para card flex @app
 Parameter: APP -> "APPEND"

          PARAMETER FILE BEING READ FROM UNIT 98
 RDTITL> * NEW PARAMETERS
 RDTITL> *
 PARRDR> Error: Repeated ANGLE parameter (  5024): CEL1  CEL1  CTL1 is replaced
 PARRDR> Error: Repeated DIHE parameter ( 15368): CTL2  CG2O  CTL1  CTL3 is replaced
 PARRDR> Error: Repeated DIHE parameter ( 15369): CTL2  CG2O  CTL1  CTL3 is replaced
 PARRDR> Error: Repeated DIHE parameter ( 15368): CTL2  CG2O  CTL1  CTL3 is replaced
 PARRDR> Error: Repeated DIHE parameter ( 15369): CTL2  CG2O  CTL1  CTL3 is replaced
 PARMIO> NONBOND, HBOND lists and IMAGE atoms cleared.
  
 CHARMM>     
  
 CHARMM>    RETURN
 VCLOSE: Closing unit   98 with status "KEEP"

                    RETURNING TO INPUT STREAM    99
  
 CHARMM>    stream toppar/toppar_all36_lipid_miscellaneous.str
 VOPEN> Attempting to open::toppar/toppar_all36_lipid_miscellaneous.str::
 OPNLGU> Unit 98 opened for READONLY access to toppar/toppar_all36_lipid_miscellaneous.str

                    INPUT STREAM SWITCHING TO UNIT    98
 RDTITL> READ RTF CARD APPEND FLEX
 RDTITL> No title read.
 Parameter: IN1 <- "" <empty>
  
 CHARMM>    read rtf card append flex
 MAINIO> Residue topology file being read from unit  98.
 RDTITL> * TOPOLOGY FOR MISCELLANEOUS LIPIDS
 RDTITL> *
  
 CHARMM>     
  
 CHARMM>    read param card flex append

          PARAMETER FILE BEING READ FROM UNIT 98
 RDTITL> * PARAMETER FOR ACYL PYROPHOSPHATE: ADDED 2019_7
 RDTITL> *
 PARMIO> NONBOND, HBOND lists and IMAGE atoms cleared.
  
 CHARMM>     
  
 CHARMM>    return
 VCLOSE: Closing unit   98 with status "KEEP"

                    RETURNING TO INPUT STREAM    99
  
 CHARMM>    stream toppar/toppar_all36_lipid_model.str
 VOPEN> Attempting to open::toppar/toppar_all36_lipid_model.str::
 OPNLGU> Unit 98 opened for READONLY access to toppar/toppar_all36_lipid_model.str

                    INPUT STREAM SWITCHING TO UNIT    98
 RDTITL> * CHARMM36 ALL-HYDROGEN LIPID FORCE FIELD TOPPAR STREAM FILE
 RDTITL> * COLLECTION OF RESIDUES AND PATCHES FOR MODEL COMPOUNDS USED
 RDTITL> * IN THE OPTIMIZATION THE LIPID FORCE FIELD.
 RDTITL> *
 Parameter: IN1 <- "" <empty>
  
 CHARMM>     
  
 CHARMM>    !Parent files that have to be read prior to streaming this file
 CHARMM>    !top_all36_lipid.rtf
 CHARMM>    !par_all36_lipid.prm
 CHARMM>     
  
 CHARMM>    !Testcase
 CHARMM>    !test_all36_lipid_model.inp
 CHARMM>     
  
 CHARMM>    read rtf card append
 MAINIO> Residue topology file being read from unit  98.
 RDTITL> * C36 LIPID MODEL COMPOUNDS
 RDTITL> *
*** WARNING **** residue MAS  already exists (old one deleted)

      ***** LEVEL  1 WARNING FROM <RTFRDR> *****
      ***** Residue already exists.
      ******************************************
      BOMLEV (  0) IS NOT REACHED. WRNLEV IS  5

          RESI MAS          0.00
*** WARNING **** residue ETAC already exists (old one deleted)

      ***** LEVEL  1 WARNING FROM <RTFRDR> *****
      ***** Residue already exists.
      ******************************************
      BOMLEV (  0) IS NOT REACHED. WRNLEV IS  5

          RESI ETAC         0.00
*** WARNING **** residue MPRO already exists (old one deleted)

      ***** LEVEL  1 WARNING FROM <RTFRDR> *****
      ***** Residue already exists.
      ******************************************
      BOMLEV (  0) IS NOT REACHED. WRNLEV IS  5

          RESI MPRO         0.00
*** WARNING **** residue MP_1 already exists (old one deleted)

      ***** LEVEL  1 WARNING FROM <RTFRDR> *****
      ***** Residue already exists.
      ******************************************
      BOMLEV (  0) IS NOT REACHED. WRNLEV IS  5

          RESI MP_1        -1.00
*** WARNING **** residue MP_2 already exists (old one deleted)

      ***** LEVEL  1 WARNING FROM <RTFRDR> *****
      ***** Residue already exists.
      ******************************************
      BOMLEV (  0) IS NOT REACHED. WRNLEV IS  5

          RESI MP_2        -2.00
*** WARNING **** residue MSO4 already exists (old one deleted)

      ***** LEVEL  1 WARNING FROM <RTFRDR> *****
      ***** Residue already exists.
      ******************************************
      BOMLEV (  0) IS NOT REACHED. WRNLEV IS  5

          RESI MSO4        -1.00
*** WARNING **** residue BUTA already exists (old one deleted)

      ***** LEVEL  1 WARNING FROM <RTFRDR> *****
      ***** Residue already exists.
      ******************************************
      BOMLEV (  0) IS NOT REACHED. WRNLEV IS  5

          RESI BUTA         0.00
*** WARNING **** residue PENT already exists (old one deleted)

      ***** LEVEL  1 WARNING FROM <RTFRDR> *****
      ***** Residue already exists.
      ******************************************
      BOMLEV (  0) IS NOT REACHED. WRNLEV IS  5

          RESI PENT         0.00
*** WARNING **** residue HEXA already exists (old one deleted)

      ***** LEVEL  1 WARNING FROM <RTFRDR> *****
      ***** Residue already exists.
      ******************************************
      BOMLEV (  0) IS NOT REACHED. WRNLEV IS  5

          RESI HEXA         0.00
*** WARNING **** residue ETHE already exists (old one deleted)

      ***** LEVEL  1 WARNING FROM <RTFRDR> *****
      ***** Residue already exists.
      ******************************************
      BOMLEV (  0) IS NOT REACHED. WRNLEV IS  5

          RESI ETHE       0.00
*** WARNING **** residue PRPE already exists (old one deleted)

      ***** LEVEL  1 WARNING FROM <RTFRDR> *****
      ***** Residue already exists.
      ******************************************
      BOMLEV (  0) IS NOT REACHED. WRNLEV IS  5

          RESI PRPE       0.00
*** WARNING **** residue BTE1 already exists (old one deleted)

      ***** LEVEL  1 WARNING FROM <RTFRDR> *****
      ***** Residue already exists.
      ******************************************
      BOMLEV (  0) IS NOT REACHED. WRNLEV IS  5

          RESI BTE1       0.00
*** WARNING **** residue BTE2 already exists (old one deleted)

      ***** LEVEL  1 WARNING FROM <RTFRDR> *****
      ***** Residue already exists.
      ******************************************
      BOMLEV (  0) IS NOT REACHED. WRNLEV IS  5

          RESI BTE2       0.00
*** WARNING **** residue DIPE already exists (old one deleted)

      ***** LEVEL  1 WARNING FROM <RTFRDR> *****
      ***** Residue already exists.
      ******************************************
      BOMLEV (  0) IS NOT REACHED. WRNLEV IS  5

          RESI DIPE       0.00
*** WARNING **** residue DIHE already exists (old one deleted)

      ***** LEVEL  1 WARNING FROM <RTFRDR> *****
      ***** Residue already exists.
      ******************************************
      BOMLEV (  0) IS NOT REACHED. WRNLEV IS  5

          RESI DIHE       0.00
*** WARNING **** residue NC4  already exists (old one deleted)

      ***** LEVEL  1 WARNING FROM <RTFRDR> *****
      ***** Residue already exists.
      ******************************************
      BOMLEV (  0) IS NOT REACHED. WRNLEV IS  5

          RESI NC4          1.00
*** WARNING **** residue NC5  already exists (old one deleted)

      ***** LEVEL  1 WARNING FROM <RTFRDR> *****
      ***** Residue already exists.
      ******************************************
      BOMLEV (  0) IS NOT REACHED. WRNLEV IS  5

          RESI NC5          1.00
*** WARNING **** residue CHOL already exists (old one deleted)

      ***** LEVEL  1 WARNING FROM <RTFRDR> *****
      ***** Residue already exists.
      ******************************************
      BOMLEV (  0) IS NOT REACHED. WRNLEV IS  5

          RESI CHOL         1.00
*** WARNING **** residue ACHO already exists (old one deleted)

      ***** LEVEL  1 WARNING FROM <RTFRDR> *****
      ***** Residue already exists.
      ******************************************
      BOMLEV (  0) IS NOT REACHED. WRNLEV IS  5

          RESI ACHO         1.00
*** WARNING **** residue PC   already exists (old one deleted)

      ***** LEVEL  1 WARNING FROM <RTFRDR> *****
      ***** Residue already exists.
      ******************************************
      BOMLEV (  0) IS NOT REACHED. WRNLEV IS  5

          RESI PC           0.00
*** WARNING **** residue GPC  already exists (old one deleted)

      ***** LEVEL  1 WARNING FROM <RTFRDR> *****
      ***** Residue already exists.
      ******************************************
      BOMLEV (  0) IS NOT REACHED. WRNLEV IS  5

          RESI GPC          0.00
*** WARNING **** residue TEA  already exists (old one deleted)

      ***** LEVEL  1 WARNING FROM <RTFRDR> *****
      ***** Residue already exists.
      ******************************************
      BOMLEV (  0) IS NOT REACHED. WRNLEV IS  5

          RESI TEA          1.00
*** WARNING **** residue ETAM already exists (old one deleted)

      ***** LEVEL  1 WARNING FROM <RTFRDR> *****
      ***** Residue already exists.
      ******************************************
      BOMLEV (  0) IS NOT REACHED. WRNLEV IS  5

          RESI ETAM       1.00
*** WARNING **** residue GLYC already exists (old one deleted)

      ***** LEVEL  1 WARNING FROM <RTFRDR> *****
      ***** Residue already exists.
      ******************************************
      BOMLEV (  0) IS NOT REACHED. WRNLEV IS  5

          RESI GLYC         0.00
*** WARNING **** residue MBUT already exists (old one deleted)

      ***** LEVEL  1 WARNING FROM <RTFRDR> *****
      ***** Residue already exists.
      ******************************************
      BOMLEV (  0) IS NOT REACHED. WRNLEV IS  5

          RESI MBUT         0.00
 There were  25 warning(s) from RTFRDR.
  
 CHARMM>     
  
 CHARMM>    return
 VCLOSE: Closing unit   98 with status "KEEP"

                    RETURNING TO INPUT STREAM    99
  
 CHARMM>    stream toppar/toppar_all36_lipid_prot.str
 VOPEN> Attempting to open::toppar/toppar_all36_lipid_prot.str::
 OPNLGU> Unit 98 opened for READONLY access to toppar/toppar_all36_lipid_prot.str

                    INPUT STREAM SWITCHING TO UNIT    98
 RDTITL> * TOPOLOGY AND PARAMETERS FOR LIPID TAIL LINKERS TO CYSTEINE AND GLYCINE,
 RDTITL> * FOR EXAMPLE, PALMITOYLATION, MARISTOYLATION, FERNASYLATION, GERANYLATION
 RDTITL> *
 Parameter: IN1 <- "" <empty>
  
 CHARMM>     
  
 CHARMM>    read rtf card append
 MAINIO> Residue topology file being read from unit  98.
 RDTITL> * LIPID-MODIFIED PROTEIN RESIDUES
 RDTITL> *
  
 CHARMM>     
  
 CHARMM>    read para card append flex

          PARAMETER FILE BEING READ FROM UNIT 98
 RDTITL> * CYSTEIN-PALMITATE PARAMETERS
 RDTITL> *
 PARMIO> NONBOND, HBOND lists and IMAGE atoms cleared.
  
 CHARMM>     
  
 CHARMM>    return
 VCLOSE: Closing unit   98 with status "KEEP"

                    RETURNING TO INPUT STREAM    99
  
 CHARMM>    stream toppar/toppar_all36_lipid_tag.str
 VOPEN> Attempting to open::toppar/toppar_all36_lipid_tag.str::
 OPNLGU> Unit 98 opened for READONLY access to toppar/toppar_all36_lipid_tag.str

                    INPUT STREAM SWITCHING TO UNIT    98
 RDTITL> READ RTF CARD APPEND
 RDTITL> No title read.
 Parameter: IN1 <- "" <empty>
  
 CHARMM>    read rtf card append
 MAINIO> Residue topology file being read from unit  98.
 RDTITL> * TOPOLOGY FOR TRIACYLGLYCEROLS [STEPHEN GEE FROM LEHIGH UNIVERSITY]
 RDTITL> *
  
 VCLOSE: Closing unit   98 with status "KEEP"

                    RETURNING TO INPUT STREAM    99
  
 CHARMM>    stream toppar/toppar_all36_lipid_yeast.str
 VOPEN> Attempting to open::toppar/toppar_all36_lipid_yeast.str::
 OPNLGU> Unit 98 opened for READONLY access to toppar/toppar_all36_lipid_yeast.str

                    INPUT STREAM SWITCHING TO UNIT    98
 RDTITL> * TOPPAR STREAM FILE FOR BRANCHED AND CYCLIC CHAINED LIPIDS.  FOLLOWING READING OF
 RDTITL> * TOP_ALL36_LIPID.RTF
 RDTITL> * AND
 RDTITL> * PAR_ALL36_LIPID.RTF
 RDTITL> *
 Parameter: IN1 <- "" <empty>
  
 CHARMM>     
  
 CHARMM>    set nat ?NATC
 RDCMND substituted energy or value "?NATC" to "590"
 Parameter: NAT <- "590"
  
 CHARMM>    set app
 Parameter: APP <- "" <empty>
  
 CHARMM>    !We're exploiting what is arguably a bug in the parser. On the left hand side,
 CHARMM>    !the quotes have proirity, so NAT is correctly substituted. On the right hand
 CHARMM>    !side, the ? has priority and NATC" (sic) is not a valid substitution...
 CHARMM>    if "@NAT" ne "?NATC" if @nat ne 0 set app append
 Parameter: NAT -> "590"
 Parameter: NAT -> "590"
 RDCMND: can not substitute energy "?NATC""
 Comparing ""590"" and ""?NATC"".
 IF test evaluated as true.  Performing command
 Comparing "590" and "0".
 IF test evaluated as true.  Performing command
 Parameter: APP <- "APPEND"
  
 CHARMM>     
  
 CHARMM>    read rtf card @app
 Parameter: APP -> "APPEND"
 MAINIO> Residue topology file being read from unit  98.
 RDTITL> * CHOLESTEROL RESIDUES
 RDTITL> *
  
 CHARMM>     
  
 CHARMM>    read para card flex @app
 Parameter: APP -> "APPEND"

          PARAMETER FILE BEING READ FROM UNIT 98
 RDTITL> * NEW PARAMETERS
 RDTITL> *
 PARMIO> NONBOND, HBOND lists and IMAGE atoms cleared.
  
 CHARMM>     
  
 CHARMM>    return
 VCLOSE: Closing unit   98 with status "KEEP"

                    RETURNING TO INPUT STREAM    99
  
 CHARMM>    stream toppar/toppar_all36_lipid_hmmm.str
 VOPEN> Attempting to open::toppar/toppar_all36_lipid_hmmm.str::
 OPNLGU> Unit 98 opened for READONLY access to toppar/toppar_all36_lipid_hmmm.str

                    INPUT STREAM SWITCHING TO UNIT    98
 RDTITL> READ RTF CARD APPEND FLEX
 RDTITL> No title read.
 Parameter: IN1 <- "" <empty>
  
 CHARMM>    read rtf card append flex
 MAINIO> Residue topology file being read from unit  98.
 RDTITL> * TOPOLOGY FOR TERMINAL PATCHES FOR HMMM TRUNCATED LIPIDS
 RDTITL> *

      ***** LEVEL  1 WARNING FROM <DECODF> *****
      ***** Zero length string
      ******************************************
      BOMLEV (  0) IS NOT REACHED. WRNLEV IS  5

 WARNING from DECODF -- Zero length string being converted to 0.

      ***** LEVEL  1 WARNING FROM <DECODF> *****
      ***** Zero length string
      ******************************************
      BOMLEV (  0) IS NOT REACHED. WRNLEV IS  5

 WARNING from DECODF -- Zero length string being converted to 0.

      ***** LEVEL  1 WARNING FROM <DECODF> *****
      ***** Zero length string
      ******************************************
      BOMLEV (  0) IS NOT REACHED. WRNLEV IS  5

 WARNING from DECODF -- Zero length string being converted to 0.

      ***** LEVEL  1 WARNING FROM <DECODF> *****
      ***** Zero length string
      ******************************************
      BOMLEV (  0) IS NOT REACHED. WRNLEV IS  5

 WARNING from DECODF -- Zero length string being converted to 0.

      ***** LEVEL  1 WARNING FROM <DECODF> *****
      ***** Zero length string
      ******************************************
      BOMLEV (  0) IS NOT REACHED. WRNLEV IS  5

 WARNING from DECODF -- Zero length string being converted to 0.

      ***** LEVEL  1 WARNING FROM <DECODF> *****
      ***** Zero length string
      ******************************************
      BOMLEV (  0) IS NOT REACHED. WRNLEV IS  5

 WARNING from DECODF -- Zero length string being converted to 0.

      ***** LEVEL  1 WARNING FROM <DECODF> *****
      ***** Zero length string
      ******************************************
      BOMLEV (  0) IS NOT REACHED. WRNLEV IS  5

 WARNING from DECODF -- Zero length string being converted to 0.

      ***** LEVEL  1 WARNING FROM <DECODF> *****
      ***** Zero length string
      ******************************************
      BOMLEV (  0) IS NOT REACHED. WRNLEV IS  5

 WARNING from DECODF -- Zero length string being converted to 0.
  
 CHARMM>     
  
 CHARMM>    read para card flex @app
 Parameter: APP -> "APPEND"

          PARAMETER FILE BEING READ FROM UNIT 98
 RDTITL> * NEW PARAMETERS
 RDTITL> *
 PARMIO> NONBOND, HBOND lists and IMAGE atoms cleared.
  
 CHARMM>     
  
 CHARMM>    return
 VCLOSE: Closing unit   98 with status "KEEP"

                    RETURNING TO INPUT STREAM    99
  
 CHARMM>    stream toppar/toppar_all36_lipid_detergent.str
 VOPEN> Attempting to open::toppar/toppar_all36_lipid_detergent.str::
 OPNLGU> Unit 98 opened for READONLY access to toppar/toppar_all36_lipid_detergent.str

                    INPUT STREAM SWITCHING TO UNIT    98
 RDTITL> * TOPPAR STREAM FILE FOR DETERGENTS AND FATTY ACIDS.
 RDTITL> * STREAM FOLLOWING READING OF
 RDTITL> * TOP_ALL36_LIPID.RTF
 RDTITL> * AND
 RDTITL> * PAR_ALL36_LIPID.RTF
 RDTITL> *
 Parameter: IN1 <- "" <empty>
  
 CHARMM>     
  
 CHARMM>    !Additional residues added by Im lab, Aug. 2017
 CHARMM>     
  
 CHARMM>    !Fatty acids added Jan. 2016
 CHARMM>     
  
 CHARMM>    read rtf card append
 MAINIO> Residue topology file being read from unit  98.
 RDTITL> * DETERGENT AND FATTY ACID RESIDUES
 RDTITL> *
  
 CHARMM>     
  
 CHARMM>    read para card append flex

          PARAMETER FILE BEING READ FROM UNIT 98
 RDTITL> * SB3-12 AND SB3-14 PARAMETERS
 RDTITL> *
 PARMIO> NONBOND, HBOND lists and IMAGE atoms cleared.
  
 CHARMM>     
  
 CHARMM>    return
 VCLOSE: Closing unit   98 with status "KEEP"

                    RETURNING TO INPUT STREAM    99
  
 CHARMM>    stream toppar/toppar_all36_lipid_ether.str
 VOPEN> Attempting to open::toppar/toppar_all36_lipid_ether.str::
 OPNLGU> Unit 98 opened for READONLY access to toppar/toppar_all36_lipid_ether.str

                    INPUT STREAM SWITCHING TO UNIT    98
 RDTITL> * CHARMM36 ALL-HYDROGEN ETHER LIPID FORCE FIELD INCLUDING PLASMALOGENS ALISON
 RDTITL> * N. LEONARD (A. L.), 7/18 WITH RICHARD PASTOR AND JEFFERY KLAUDA, JPCB 122(26)
 RDTITL> * PP. 6744 - 6754.  ANA WEST, 1/20 WITH VALERIA ZONI, WALTER TEAGUE JR., ALISON
 RDTITL> * LEONARD, STEFANO VANNI, KLAUS GAWRISCH, STEPHANIE TRISTAM-NAGLE, JONATHAN
 RDTITL> * SACHS, AND JEFFERY KLAUDA, JPCB 124(5) PP. 828 - 839.
 RDTITL> *
 Parameter: IN1 <- "" <empty>
  
 CHARMM>     
  
 CHARMM>    !Parent files that have to be read prior to streaming this file
 CHARMM>    !top_all36_lipid.rtf
 CHARMM>    !par_all36_lipid.prm
 CHARMM>    !top_all36_cgenff.rtf
 CHARMM>    !par_all36_cgenff.prm
 CHARMM>     
  
 CHARMM>    read rtf card append
 MAINIO> Residue topology file being read from unit  98.
 RDTITL> * C36 ETHER MODEL COMPOUNDS
 RDTITL> *

      ***** LEVEL  1 WARNING FROM <DECODF> *****
      ***** Zero length string
      ******************************************
      BOMLEV (  0) IS NOT REACHED. WRNLEV IS  5

 WARNING from DECODF -- Zero length string being converted to 0.

      ***** LEVEL  1 WARNING FROM <DECODF> *****
      ***** Zero length string
      ******************************************
      BOMLEV (  0) IS NOT REACHED. WRNLEV IS  5

 WARNING from DECODF -- Zero length string being converted to 0.

      ***** LEVEL  1 WARNING FROM <DECODF> *****
      ***** Zero length string
      ******************************************
      BOMLEV (  0) IS NOT REACHED. WRNLEV IS  5

 WARNING from DECODF -- Zero length string being converted to 0.
  
 CHARMM>     
  
 CHARMM>    read para card flex append

          PARAMETER FILE BEING READ FROM UNIT 98
 RDTITL> * PARAMETERS
 RDTITL> *
 PARMIO> NONBOND, HBOND lists and IMAGE atoms cleared.
  
 CHARMM>     
  
 CHARMM>    return
 VCLOSE: Closing unit   98 with status "KEEP"

                    RETURNING TO INPUT STREAM    99
  
 CHARMM>    stream toppar/toppar_all36_lipid_oxidized.str
 VOPEN> Attempting to open::toppar/toppar_all36_lipid_oxidized.str::
 OPNLGU> Unit 98 opened for READONLY access to toppar/toppar_all36_lipid_oxidized.str

                    INPUT STREAM SWITCHING TO UNIT    98
 RDTITL> READ RTF CARD APPEND
 RDTITL> No title read.
 Parameter: IN1 <- "" <empty>
  
 CHARMM>    read rtf card append
 MAINIO> Residue topology file being read from unit  98.
 RDTITL> * TOPOLOGY FOR OXIDIZED PHOSPHOLIPID
 RDTITL> *

      ***** LEVEL  1 WARNING FROM <rtfrdr> *****
      ***** No AUTOgen defaults specified in appended RTF. Potential conflict with prior RTF autogen options. Check.
      ******************************************
      BOMLEV (  0) IS NOT REACHED. WRNLEV IS  5

  
 CHARMM>     
  
 CHARMM>    read param card flex append

          PARAMETER FILE BEING READ FROM UNIT 98
 RDTITL> * ADDITIONAL PARAMETERS FOR OXIDIZED PHOSPHOLIPIDS
 RDTITL> *
 PARMIO> NONBOND, HBOND lists and IMAGE atoms cleared.
  
 CHARMM>     
  
 CHARMM>    RETURN
 VCLOSE: Closing unit   98 with status "KEEP"

                    RETURNING TO INPUT STREAM    99
  
 CHARMM>     
  
 CHARMM>    ! Additional topologies and parameters for carbohydrates
 CHARMM>    stream toppar/toppar_all36_carb_glycolipid.str
 VOPEN> Attempting to open::toppar/toppar_all36_carb_glycolipid.str::
 OPNLGU> Unit 98 opened for READONLY access to toppar/toppar_all36_carb_glycolipid.str

                    INPUT STREAM SWITCHING TO UNIT    98
 RDTITL> READ RTF CARD APPEND
 RDTITL> No title read.
 Parameter: IN1 <- "" <empty>
  
 CHARMM>    read rtf card append
 MAINIO> Residue topology file being read from unit  98.
 RDTITL> * TOPOLOGY FOR GLYCOLIPIDS
 RDTITL> *
  
 CHARMM>     
  
 CHARMM>    read param card flex append

          PARAMETER FILE BEING READ FROM UNIT 98
 RDTITL> * PIP RELATED PARAMETERS
 RDTITL> *
 PARMIO> NONBOND, HBOND lists and IMAGE atoms cleared.
  
 CHARMM>     
  
 CHARMM>    RETURN
 VCLOSE: Closing unit   98 with status "KEEP"

                    RETURNING TO INPUT STREAM    99
  
 CHARMM>    stream toppar/toppar_all36_carb_glycopeptide.str
 VOPEN> Attempting to open::toppar/toppar_all36_carb_glycopeptide.str::
 OPNLGU> Unit 98 opened for READONLY access to toppar/toppar_all36_carb_glycopeptide.str

                    INPUT STREAM SWITCHING TO UNIT    98
 RDTITL> READ RTF CARD APPEND
 RDTITL> No title read.
 Parameter: IN1 <- "" <empty>
  
 CHARMM>    read rtf card append
 MAINIO> Residue topology file being read from unit  98.
 RDTITL> * TOPOLOGY FOR GLYCOPEPTIDE LINKAGES
 RDTITL> *
  
 CHARMM>     
  
 CHARMM>    read param card flex append

          PARAMETER FILE BEING READ FROM UNIT 98
 RDTITL> *    NEW PARAMETES
 RDTITL> *
 PARMIO> NONBOND, HBOND lists and IMAGE atoms cleared.
  
 CHARMM>     
  
 CHARMM>     
  
 CHARMM>    RETURN
 VCLOSE: Closing unit   98 with status "KEEP"

                    RETURNING TO INPUT STREAM    99
  
 CHARMM>    stream toppar/toppar_all36_carb_imlab.str
 VOPEN> Attempting to open::toppar/toppar_all36_carb_imlab.str::
 OPNLGU> Unit 98 opened for READONLY access to toppar/toppar_all36_carb_imlab.str

                    INPUT STREAM SWITCHING TO UNIT    98
 RDTITL> READ RTF CARD APPEND
 RDTITL> No title read.
 Parameter: IN1 <- "" <empty>
  
 CHARMM>    read rtf card append
 MAINIO> Residue topology file being read from unit  98.
 RDTITL> * GLYCAN CHEMICAL MODIFICATION PATCHES
 RDTITL> *
  
 CHARMM>     
  
 CHARMM>    read param card flex append

          PARAMETER FILE BEING READ FROM UNIT 98
 RDTITL> * GLYCAN CHEMICAL MODIFICATION PATCHES
 RDTITL> *
 PARMIO> NONBOND, HBOND lists and IMAGE atoms cleared.
  
 CHARMM>     
  
 CHARMM>    RETURN
 VCLOSE: Closing unit   98 with status "KEEP"

                    RETURNING TO INPUT STREAM    99
  
 CHARMM>     
  
 CHARMM>    ! Additional topologies and parameters for spin/fluorophore labels
 CHARMM>    stream toppar/toppar_all36_label_spin.str
 VOPEN> Attempting to open::toppar/toppar_all36_label_spin.str::
 OPNLGU> Unit 98 opened for READONLY access to toppar/toppar_all36_label_spin.str

                    INPUT STREAM SWITCHING TO UNIT    98
 RDTITL> *>>>>> TOPOLOGY FOR NITROXYDE SPIN LABELS <<<<<<<
 RDTITL> * SHAHIDUL M. ISLAM, UNIVERSITY OF CHICAGO
 RDTITL> *
 Parameter: IN1 <- "" <empty>
  
 CHARMM>     
  
 CHARMM>    ! please reference the following:
 CHARMM>    !Sezer, D., Freed J. H., and Roux, B. “Parametrization, Molecular Dynamics Simulation, and Calculation of Electron Spin
 CHARMM>    !Resonance Spectra of a Nitroxide Spin Label on a Polyalanine alpha-Helix” J. Phys. Chem. B 2008, 112, 5755-5767
 CHARMM>     
  
 CHARMM>    !Islam, S. M., and Roux, B. “Parameterization and molecular dynamics simulations of a
 CHARMM>    !conformationally constrained double linked spin label constrained by EPR/DEER data”
 CHARMM>    !(planed submission to J journal)
 CHARMM>     
  
 CHARMM>    !test "append" to determine if previous toppar files have been read and
 CHARMM>    !add append to "read rtf card" if true
 CHARMM>    set nat ?NATC
 RDCMND substituted energy or value "?NATC" to "590"
 Parameter: NAT <- "590"
  
 CHARMM>    set app
 Parameter: APP <- "" <empty>
  
 CHARMM>    !We're exploiting what is arguably a bug in the parser. On the left hand side,
 CHARMM>    !the quotes have proirity, so NAT is correctly substituted. On the right hand
 CHARMM>    !side, the ? has priority and NATC" (sic) is not a valid substitution...
 CHARMM>    if "@NAT" ne "?NATC" if @nat ne 0 set app append
 Parameter: NAT -> "590"
 Parameter: NAT -> "590"
 RDCMND: can not substitute energy "?NATC""
 Comparing ""590"" and ""?NATC"".
 IF test evaluated as true.  Performing command
 Comparing "590" and "0".
 IF test evaluated as true.  Performing command
 Parameter: APP <- "APPEND"
  
 CHARMM>     
  
 CHARMM>     
  
 CHARMM>    read rtf card @app
 Parameter: APP -> "APPEND"
 MAINIO> Residue topology file being read from unit  98.
 RDTITL> * TOPOLOGY FOR SPIN LABEL
 RDTITL> *
  
 CHARMM>     
  
 CHARMM>     
  
 CHARMM>    read para card flex @app
 Parameter: APP -> "APPEND"

          PARAMETER FILE BEING READ FROM UNIT 98
 RDTITL> * PARAMETERS FOR SPIN LABEL
 RDTITL> *
 PARMIO> NONBOND, HBOND lists and IMAGE atoms cleared.
  
 CHARMM>     
  
 CHARMM>    return
 VCLOSE: Closing unit   98 with status "KEEP"

                    RETURNING TO INPUT STREAM    99
  
 CHARMM>    stream toppar/toppar_all36_label_fluorophore.str
 VOPEN> Attempting to open::toppar/toppar_all36_label_fluorophore.str::
 OPNLGU> Unit 98 opened for READONLY access to toppar/toppar_all36_label_fluorophore.str

                    INPUT STREAM SWITCHING TO UNIT    98
 RDTITL> READ RTF CARD APPEND
 RDTITL> No title read.
 Parameter: IN1 <- "" <empty>
  
 CHARMM>    read rtf card append
 MAINIO> Residue topology file being read from unit  98.
 RDTITL> * TOPOLOGY FILES
 RDTITL> *
  
 CHARMM>     
  
 CHARMM>    read param card flex append

          PARAMETER FILE BEING READ FROM UNIT 98
 RDTITL> * MINI FORCE FIELD PARAMETER FILE.
 RDTITL> *
 PARMIO> NONBOND, HBOND lists and IMAGE atoms cleared.
  
 CHARMM>     
  
 VCLOSE: Closing unit   98 with status "KEEP"

                    RETURNING TO INPUT STREAM    99
  
 CHARMM>     
  
 CHARMM>     
  
 CHARMM>     
  
 VCLOSE: Closing unit   99 with status "KEEP"

                    RETURNING TO INPUT STREAM     5
  
 CHARMM>     
  
 CHARMM>    ! Read PSF and Coordinates
 CHARMM>    open read unit 10 card name step1_pdbreader.psf
 OPNLGU> Unit already open. The old file will be closed first.
 VCLOSE: Closing unit   10 with status "KEEP"
 VOPEN> Attempting to open::step1_pdbreader.psf::
 OPNLGU> Unit 10 opened for READONLY access to step1_pdbreader.psf
  
 CHARMM>    read psf  unit 10 card
 MAINIO> Protein structure file being read from unit  10.
 psf_read_formatted: Reading PSF in the expanded format.
 TITLE>  * GENERATED BY CHARMM-GUI (HTTP://WWW.CHARMM-GUI.ORG) V3.7 ON DEC, 01. 2025. JOB
 TITLE>  * READ PDB, MANIPULATE STRUCTURE IF NEEDED, AND GENERATE TOPOLOGY FILE
 TITLE>  *  DATE:    12/ 1/25      7:59:13      CREATED BY USER: charmm-gui
 TITLE>  *
 PSFSUM> PSF modified: NONBOND lists and IMAGE atoms cleared.
 PSFSUM> Summary of the structure file counters :
         Number of segments      =        2   Number of residues   =       52
         Number of atoms         =      872   Number of groups     =      248
         Number of bonds         =      876   Number of angles     =     1608
         Number of dihedrals     =     2332   Number of impropers  =      136
         Number of cross-terms   =       48   Number of autogens   =        0
         Number of HB acceptors  =       62   Number of HB donors  =      112
         Number of NB exclusions =        0   Total charge =   12.00000
  
 CHARMM>     
  
 CHARMM>    open read unit 10 card name step1_pdbreader.crd
 OPNLGU> Unit already open. The old file will be closed first.
 VCLOSE: Closing unit   10 with status "KEEP"
 VOPEN> Attempting to open::step1_pdbreader.crd::
 OPNLGU> Unit 10 opened for READONLY access to step1_pdbreader.crd
  
 CHARMM>    read coor unit 10 card
          SPATIAL COORDINATES BEING READ FROM UNIT 10
 TITLE> * GENERATED BY CHARMM-GUI (HTTP://WWW.CHARMM-GUI.ORG) V3.7 ON DEC, 01. 2025. JOB
 TITLE> * READ PDB, MANIPULATE STRUCTURE IF NEEDED, AND GENERATE TOPOLOGY FILE
 TITLE> *  DATE:    12/ 1/25      7:59:13      CREATED BY USER: CHARMM-GUI
 TITLE> *
  
 CHARMM>     
  
 CHARMM>    ! Orient protein along Z axis using its first principal axis.
 CHARMM>    ! This option is suggested for a small helical bundle or homo-oligomer.
 CHARMM>    coor stat
 STATISTICS FOR       872 SELECTED ATOMS:
    XMIN =   11.409000 XMAX =   46.646801 XAVE =   29.507400
    YMIN =  -15.359679 YMAX =   15.359679 YAVE =   -0.000000
    ZMIN =   10.212775 ZMAX =   31.998225 ZAVE =   21.105500
    WMIN =  -25.730660 WMAX =   59.270000 WAVE =   -2.579165
  
 CHARMM>    coor orient

 ORIENT THE COORDINATES TO ALIGN WITH AXIS

 MOMENTS
  25759.44832940   4334.52289833      0.00000000
                  30971.05944717     -0.00000000
                                  78394.31879903

 Transpose of the rotation matrix
     1.000000   -0.000000    0.000000
     0.000000    0.870413    0.492323
    -0.000000   -0.492323    0.870413
 CENTER OF ATOMS BEFORE TRANSLATION    29.50740    -0.00000    21.10550
 AXIS OF ROTATION IS  1.000000 -0.000000 -0.000000  ANGLE IS   29.49

 ALL COORDINATES ORIENTED IN THE MAIN SET BASED ON SELECTED ATOMS.

  
 CHARMM>    coor stat
 STATISTICS FOR       872 SELECTED ATOMS:
    XMIN =  -18.098400 XMAX =   17.139401 XAVE =    0.000000
    YMIN =  -16.989407 YMAX =   16.989407 YAVE =   -0.000000
    ZMIN =  -12.082697 ZMAX =   12.082697 ZAVE =   -0.000000
    WMIN =  -25.730660 WMAX =   59.270000 WAVE =   -2.579165
  
 CHARMM>    coor rotate ydir 1.0 phi 90.0
 ROTATION MATRIX
    0.000000    0.000000   -1.000000
    0.000000    1.000000    0.000000
    1.000000    0.000000    0.000000

 AXIS OF ROTATION IS  0.000000  1.000000  0.000000  ANGLE IS   90.00

 SELECTED COORDINATES ROTATED IN THE MAIN SET.

  
 CHARMM>    coor stat
 STATISTICS FOR       872 SELECTED ATOMS:
    XMIN =  -12.082697 XMAX =   12.082697 XAVE =    0.000000
    YMIN =  -16.989407 YMAX =   16.989407 YAVE =   -0.000000
    ZMIN =  -18.098400 ZMAX =   17.139401 ZAVE =    0.000000
    WMIN =  -25.730660 WMAX =   59.270000 WAVE =   -2.579165
  
 CHARMM>     
  
 CHARMM>    stream step2_area.str
 VOPEN> Attempting to open::step2_area.str::
 OPNLGU> Unit 99 opened for READONLY access to step2_area.str

                    INPUT STREAM SWITCHING TO UNIT    99
 RDTITL> * GENERATED BY CHARMM-GUI (HTTP://WWW.CHARMM-GUI.ORG) V3.7 ON DEC, 01. 2025. JOBID=6459390172
 RDTITL> * STREAM FILE TO ESTIMATE CROSS SECTIONAL AREA OF A PROTEIN
 RDTITL> *
 Parameter: IN1 <- "" <empty>
  
 CHARMM>     
  
 CHARMM>    open write card  unit 51 name step2_area.plo
 VOPEN> Attempting to open::step2_area.plo::
 OPNLGU> Unit 51 opened for WRITE access to step2_area.plo
  
 CHARMM>    write title unit 51
 RDTITL> * #CROSS SECTIONS ALONG Z AXIS
 RDTITL> *
  
 CHARMM>     
  
 CHARMM>    calc dcel   = 0.2
Evaluating: 0.2
 Parameter: DCEL <- "0.2"
  
 CHARMM>    calc factor = 1.0 / @dcel
 Parameter: DCEL -> "0.2"
Evaluating: 1.0/0.2
 Parameter: FACTOR <- "5"
  
 CHARMM>     
  
 CHARMM>     
  
 CHARMM>    coor stat sele all end
 SELRPN>    872 atoms have been selected out of    872
 STATISTICS FOR       872 SELECTED ATOMS:
    XMIN =  -12.082697 XMAX =   12.082697 XAVE =    0.000000
    YMIN =  -16.989407 YMAX =   16.989407 YAVE =   -0.000000
    ZMIN =  -18.098400 ZMAX =   17.139401 ZAVE =    0.000000
    WMIN =  -25.730660 WMAX =   59.270000 WAVE =   -2.579165
  
 CHARMM>    calc x1 = ?xmin - 5
 RDCMND substituted energy or value "?XMIN" to "-12.0826968"
Evaluating: -12.0826968-5
 Parameter: X1 <- "-17.0826968"
  
 CHARMM>    calc x2 = ?xmax + 5
 RDCMND substituted energy or value "?XMAX" to "12.0826968"
Evaluating: 12.0826968+5
 Parameter: X2 <- "17.0826968"
  
 CHARMM>    calc y1 = ?ymin - 5
 RDCMND substituted energy or value "?YMIN" to "-16.9894065"
Evaluating: -16.9894065-5
 Parameter: Y1 <- "-21.9894065"
  
 CHARMM>    calc y2 = ?ymax + 5
 RDCMND substituted energy or value "?YMAX" to "16.9894065"
Evaluating: 16.9894065+5
 Parameter: Y2 <- "21.9894065"
  
 CHARMM>    calc xncel = int( ( @x2 - @x1 ) / @dcel )
 Parameter: X2 -> "17.0826968"
 Parameter: X1 -> "-17.0826968"
 Parameter: DCEL -> "0.2"
Evaluating: INT((17.0826968--17.0826968)/0.2)
 Parameter: XNCEL <- "170"
  
 CHARMM>    calc yncel = int( ( @y2 - @y1 ) / @dcel )
 Parameter: Y2 -> "21.9894065"
 Parameter: Y1 -> "-21.9894065"
 Parameter: DCEL -> "0.2"
Evaluating: INT((21.9894065--21.9894065)/0.2)
 Parameter: YNCEL <- "219"
  
 CHARMM>     
  
 CHARMM>    calc a = int( ?zmin )
 RDCMND substituted energy or value "?ZMIN" to "-18.0983996"
Evaluating: INT(-18.0983996)
 Parameter: A <- "-18"
  
 CHARMM>    calc b = @a + @dcel
 Parameter: A -> "-18"
 Parameter: DCEL -> "0.2"
Evaluating: -18+0.2
 Parameter: B <- "-17.8"
  
 CHARMM>     
  
 CHARMM>    calc toparea = -1.0
Evaluating: -1.0
 Parameter: TOPAREA <- "-1"
  
 CHARMM>    calc botarea = -1.0
Evaluating: -1.0
 Parameter: BOTAREA <- "-1"
  
 CHARMM>     
  
 CHARMM>    label DOAREA
  
 CHARMM>     
  
 CHARMM>    ! Cross sectional protein area with whole atom.
 CHARMM>    scalar wmain = radius
  
 CHARMM>    scalar wmain mult 2.5   sele resname TIP3 end
 SELRPN>      0 atoms have been selected out of    872
  
 CHARMM>    scalar wmain add  1.529 sele .not. resname TIP3 end
 SELRPN>    872 atoms have been selected out of    872
  
 CHARMM>    scalar wmain mult 0.85  sele .not. resname TIP3 end
 SELRPN>    872 atoms have been selected out of    872
  
 CHARMM>    calc zab = ( @a + @b ) / 2.0
 Parameter: A -> "-18"
 Parameter: B -> "-17.8"
Evaluating: (-18+-17.8)/2.0
 Parameter: ZAB <- "-17.9"
  
 CHARMM>     
  
 CHARMM>    coor search -
 CHARMM>         xmin @x1  xmax @x2  xgrip @xncel -
 CHARMM>         ymin @y1  ymax @y2  ygrip @yncel -
 CHARMM>         zmin @a   zmax @b   zgrip 5
 Parameter: X1 -> "-17.0826968"
 Parameter: X2 -> "17.0826968"
 Parameter: XNCEL -> "170"
 Parameter: Y1 -> "-21.9894065"
 Parameter: Y2 -> "21.9894065"
 Parameter: YNCEL -> "219"
 Parameter: A -> "-18"
 Parameter: B -> "-17.8"

 A TOTAL OF   169882   VACUUM POINTS WERE FOUND
 A TOTAL OF    16268 OCCUPIED POINTS WERE FOUND
 A TOTAL OF        0 EXTERNAL POINTS WERE FOUND
 A TOTAL OF   169882 SELECTED POINTS WERE FOUND
 TOTAL OCCUPIED  VOLUME =      26.262197
 TOTAL SELECTED  VOLUME =     274.248494
 TOTAL FREE      VOLUME =     274.248494
 FRACTIONAL FREE VOLUME =      91.260811
  
 CHARMM>     
  
 CHARMM>    calc c = ?volume * @factor
 Parameter: FACTOR -> "5"
 RDCMND substituted energy or value "?VOLUME" to "26.2621968"
Evaluating: 26.2621968*5
 Parameter: C <- "131.310984"
  
 CHARMM>     
  
 CHARMM>    if a .lt. -10 if a .gt. -20 if c .gt. @botarea set botarea = @c
 Parameter: BOTAREA -> "-1"
 Parameter: C -> "131.310984"
 Comparing "-18" and "-10".
 IF test evaluated as true.  Performing command
 Comparing "-18" and "-20".
 IF test evaluated as true.  Performing command
 Comparing "131.310984" and "-1".
 IF test evaluated as true.  Performing command
 Parameter: BOTAREA <- "131.310984"
  
 CHARMM>    if a .gt.  10 if a .lt.  20 if c .gt. @toparea set toparea = @c
 Parameter: TOPAREA -> "-1"
 Parameter: C -> "131.310984"
 Comparing "-18" and "10".
 IF test evaluated as false.  Skipping command
  
 CHARMM>     
  
 CHARMM>    write title unit 51
 RDTITL> * -17.8  131.310984
 RDTITL> *
  
 CHARMM>     
  
 CHARMM>    incr a by @dcel
 Parameter: DCEL -> "0.2"
 Parameter: A <- "-17.8"
  
 CHARMM>    incr b by @dcel
 Parameter: DCEL -> "0.2"
 Parameter: B <- "-17.6"
  
 CHARMM>    if b le ?ZMAX goto DOAREA
 RDCMND substituted energy or value "?ZMAX" to "17.1394014"
 Comparing "-17.6" and "17.1394014".
 IF test evaluated as true.  Performing command
  
 CHARMM>     
  
 CHARMM>    ! Cross sectional protein area with whole atom.
 CHARMM>    scalar wmain = radius
  
 CHARMM>    scalar wmain mult 2.5   sele resname TIP3 end
 SELRPN>      0 atoms have been selected out of    872
  
 CHARMM>    scalar wmain add  1.529 sele .not. resname TIP3 end
 SELRPN>    872 atoms have been selected out of    872
  
 CHARMM>    scalar wmain mult 0.85  sele .not. resname TIP3 end
 SELRPN>    872 atoms have been selected out of    872
  
 CHARMM>    calc zab = ( @a + @b ) / 2.0
 Parameter: A -> "-17.8"
 Parameter: B -> "-17.6"
Evaluating: (-17.8+-17.6)/2.0
 Parameter: ZAB <- "-17.7"
  
 CHARMM>     
  
 CHARMM>    coor search -
 CHARMM>         xmin @x1  xmax @x2  xgrip @xncel -
 CHARMM>         ymin @y1  ymax @y2  ygrip @yncel -
 CHARMM>         zmin @a   zmax @b   zgrip 5
 Parameter: X1 -> "-17.0826968"
 Parameter: X2 -> "17.0826968"
 Parameter: XNCEL -> "170"
 Parameter: Y1 -> "-21.9894065"
 Parameter: Y2 -> "21.9894065"
 Parameter: YNCEL -> "219"
 Parameter: A -> "-17.8"
 Parameter: B -> "-17.6"

 A TOTAL OF   168956   VACUUM POINTS WERE FOUND
 A TOTAL OF    17194 OCCUPIED POINTS WERE FOUND
 A TOTAL OF        0 EXTERNAL POINTS WERE FOUND
 A TOTAL OF   168956 SELECTED POINTS WERE FOUND
 TOTAL OCCUPIED  VOLUME =      27.757082
 TOTAL SELECTED  VOLUME =     272.753609
 TOTAL FREE      VOLUME =     272.753609
 FRACTIONAL FREE VOLUME =      90.763363
  
 CHARMM>     
  
 CHARMM>    calc c = ?volume * @factor
 Parameter: FACTOR -> "5"
 RDCMND substituted energy or value "?VOLUME" to "27.7570821"
Evaluating: 27.7570821*5
 Parameter: C <- "138.785411"
  
 CHARMM>     
  
 CHARMM>    if a .lt. -10 if a .gt. -20 if c .gt. @botarea set botarea = @c
 Parameter: BOTAREA -> "131.310984"
 Parameter: C -> "138.785411"
 Comparing "-17.8" and "-10".
 IF test evaluated as true.  Performing command
 Comparing "-17.8" and "-20".
 IF test evaluated as true.  Performing command
 Comparing "138.785411" and "131.310984".
 IF test evaluated as true.  Performing command
 Parameter: BOTAREA <- "138.785411"
  
 CHARMM>    if a .gt.  10 if a .lt.  20 if c .gt. @toparea set toparea = @c
 Parameter: TOPAREA -> "-1"
 Parameter: C -> "138.785411"
 Comparing "-17.8" and "10".
 IF test evaluated as false.  Skipping command
  
 CHARMM>     
  
 CHARMM>    write title unit 51
 RDTITL> * -17.6  138.785411
 RDTITL> *
  
 CHARMM>     
  
 CHARMM>    incr a by @dcel
 Parameter: DCEL -> "0.2"
 Parameter: A <- "-17.6"
  
 CHARMM>    incr b by @dcel
 Parameter: DCEL -> "0.2"
 Parameter: B <- "-17.4"
  
 CHARMM>    if b le ?ZMAX goto DOAREA
 RDCMND substituted energy or value "?ZMAX" to "17.1394014"
 Comparing "-17.4" and "17.1394014".
 IF test evaluated as true.  Performing command
  
 CHARMM>     
  
 CHARMM>    ! Cross sectional protein area with whole atom.
 CHARMM>    scalar wmain = radius
  
 CHARMM>    scalar wmain mult 2.5   sele resname TIP3 end
 SELRPN>      0 atoms have been selected out of    872
  
 CHARMM>    scalar wmain add  1.529 sele .not. resname TIP3 end
 SELRPN>    872 atoms have been selected out of    872
  
 CHARMM>    scalar wmain mult 0.85  sele .not. resname TIP3 end
 SELRPN>    872 atoms have been selected out of    872
  
 CHARMM>    calc zab = ( @a + @b ) / 2.0
 Parameter: A -> "-17.6"
 Parameter: B -> "-17.4"
Evaluating: (-17.6+-17.4)/2.0
 Parameter: ZAB <- "-17.5"
  
 CHARMM>     
  
 CHARMM>    coor search -
 CHARMM>         xmin @x1  xmax @x2  xgrip @xncel -
 CHARMM>         ymin @y1  ymax @y2  ygrip @yncel -
 CHARMM>         zmin @a   zmax @b   zgrip 5
 Parameter: X1 -> "-17.0826968"
 Parameter: X2 -> "17.0826968"
 Parameter: XNCEL -> "170"
 Parameter: Y1 -> "-21.9894065"
 Parameter: Y2 -> "21.9894065"
 Parameter: YNCEL -> "219"
 Parameter: A -> "-17.6"
 Parameter: B -> "-17.4"

 A TOTAL OF   168164   VACUUM POINTS WERE FOUND
 A TOTAL OF    17986 OCCUPIED POINTS WERE FOUND
 A TOTAL OF        0 EXTERNAL POINTS WERE FOUND
 A TOTAL OF   168164 SELECTED POINTS WERE FOUND
 TOTAL OCCUPIED  VOLUME =      29.035645
 TOTAL SELECTED  VOLUME =     271.475046
 TOTAL FREE      VOLUME =     271.475046
 FRACTIONAL FREE VOLUME =      90.337900
  
 CHARMM>     
  
 CHARMM>    calc c = ?volume * @factor
 Parameter: FACTOR -> "5"
 RDCMND substituted energy or value "?VOLUME" to "29.0356449"
Evaluating: 29.0356449*5
 Parameter: C <- "145.178224"
  
 CHARMM>     
  
 CHARMM>    if a .lt. -10 if a .gt. -20 if c .gt. @botarea set botarea = @c
 Parameter: BOTAREA -> "138.785411"
 Parameter: C -> "145.178224"
 Comparing "-17.6" and "-10".
 IF test evaluated as true.  Performing command
 Comparing "-17.6" and "-20".
 IF test evaluated as true.  Performing command
 Comparing "145.178224" and "138.785411".
 IF test evaluated as true.  Performing command
 Parameter: BOTAREA <- "145.178224"
  
 CHARMM>    if a .gt.  10 if a .lt.  20 if c .gt. @toparea set toparea = @c
 Parameter: TOPAREA -> "-1"
 Parameter: C -> "145.178224"
 Comparing "-17.6" and "10".
 IF test evaluated as false.  Skipping command
  
 CHARMM>     
  
 CHARMM>    write title unit 51
 RDTITL> * -17.4  145.178224
 RDTITL> *
  
 CHARMM>     
  
 CHARMM>    incr a by @dcel
 Parameter: DCEL -> "0.2"
 Parameter: A <- "-17.4"
  
 CHARMM>    incr b by @dcel
 Parameter: DCEL -> "0.2"
 Parameter: B <- "-17.2"
  
 CHARMM>    if b le ?ZMAX goto DOAREA
 RDCMND substituted energy or value "?ZMAX" to "17.1394014"
 Comparing "-17.2" and "17.1394014".
 IF test evaluated as true.  Performing command
  
 CHARMM>     
  
 CHARMM>    ! Cross sectional protein area with whole atom.
 CHARMM>    scalar wmain = radius
  
 CHARMM>    scalar wmain mult 2.5   sele resname TIP3 end
 SELRPN>      0 atoms have been selected out of    872
  
 CHARMM>    scalar wmain add  1.529 sele .not. resname TIP3 end
 SELRPN>    872 atoms have been selected out of    872
  
 CHARMM>    scalar wmain mult 0.85  sele .not. resname TIP3 end
 SELRPN>    872 atoms have been selected out of    872
  
 CHARMM>    calc zab = ( @a + @b ) / 2.0
 Parameter: A -> "-17.4"
 Parameter: B -> "-17.2"
Evaluating: (-17.4+-17.2)/2.0
 Parameter: ZAB <- "-17.3"
  
 CHARMM>     
  
 CHARMM>    coor search -
 CHARMM>         xmin @x1  xmax @x2  xgrip @xncel -
 CHARMM>         ymin @y1  ymax @y2  ygrip @yncel -
 CHARMM>         zmin @a   zmax @b   zgrip 5
 Parameter: X1 -> "-17.0826968"
 Parameter: X2 -> "17.0826968"
 Parameter: XNCEL -> "170"
 Parameter: Y1 -> "-21.9894065"
 Parameter: Y2 -> "21.9894065"
 Parameter: YNCEL -> "219"
 Parameter: A -> "-17.4"
 Parameter: B -> "-17.2"

 A TOTAL OF   167388   VACUUM POINTS WERE FOUND
 A TOTAL OF    18762 OCCUPIED POINTS WERE FOUND
 A TOTAL OF        0 EXTERNAL POINTS WERE FOUND
 A TOTAL OF   167388 SELECTED POINTS WERE FOUND
 TOTAL OCCUPIED  VOLUME =      30.288378
 TOTAL SELECTED  VOLUME =     270.222313
 TOTAL FREE      VOLUME =     270.222313
 FRACTIONAL FREE VOLUME =      89.921031
  
 CHARMM>     
  
 CHARMM>    calc c = ?volume * @factor
 Parameter: FACTOR -> "5"
 RDCMND substituted energy or value "?VOLUME" to "30.2883781"
Evaluating: 30.2883781*5
 Parameter: C <- "151.44189"
  
 CHARMM>     
  
 CHARMM>    if a .lt. -10 if a .gt. -20 if c .gt. @botarea set botarea = @c
 Parameter: BOTAREA -> "145.178224"
 Parameter: C -> "151.44189"
 Comparing "-17.4" and "-10".
 IF test evaluated as true.  Performing command
 Comparing "-17.4" and "-20".
 IF test evaluated as true.  Performing command
 Comparing "151.44189" and "145.178224".
 IF test evaluated as true.  Performing command
 Parameter: BOTAREA <- "151.44189"
  
 CHARMM>    if a .gt.  10 if a .lt.  20 if c .gt. @toparea set toparea = @c
 Parameter: TOPAREA -> "-1"
 Parameter: C -> "151.44189"
 Comparing "-17.4" and "10".
 IF test evaluated as false.  Skipping command
  
 CHARMM>     
  
 CHARMM>    write title unit 51
 RDTITL> * -17.2  151.44189
 RDTITL> *
  
 CHARMM>     
  
 CHARMM>    incr a by @dcel
 Parameter: DCEL -> "0.2"
 Parameter: A <- "-17.2"
  
 CHARMM>    incr b by @dcel
 Parameter: DCEL -> "0.2"
 Parameter: B <- "-17"
  
 CHARMM>    if b le ?ZMAX goto DOAREA
 RDCMND substituted energy or value "?ZMAX" to "17.1394014"
 Comparing "-17" and "17.1394014".
 IF test evaluated as true.  Performing command
  
 CHARMM>     
  
 CHARMM>    ! Cross sectional protein area with whole atom.
 CHARMM>    scalar wmain = radius
  
 CHARMM>    scalar wmain mult 2.5   sele resname TIP3 end
 SELRPN>      0 atoms have been selected out of    872
  
 CHARMM>    scalar wmain add  1.529 sele .not. resname TIP3 end
 SELRPN>    872 atoms have been selected out of    872
  
 CHARMM>    scalar wmain mult 0.85  sele .not. resname TIP3 end
 SELRPN>    872 atoms have been selected out of    872
  
 CHARMM>    calc zab = ( @a + @b ) / 2.0
 Parameter: A -> "-17.2"
 Parameter: B -> "-17"
Evaluating: (-17.2+-17)/2.0
 Parameter: ZAB <- "-17.1"
  
 CHARMM>     
  
 CHARMM>    coor search -
 CHARMM>         xmin @x1  xmax @x2  xgrip @xncel -
 CHARMM>         ymin @y1  ymax @y2  ygrip @yncel -
 CHARMM>         zmin @a   zmax @b   zgrip 5
 Parameter: X1 -> "-17.0826968"
 Parameter: X2 -> "17.0826968"
 Parameter: XNCEL -> "170"
 Parameter: Y1 -> "-21.9894065"
 Parameter: Y2 -> "21.9894065"
 Parameter: YNCEL -> "219"
 Parameter: A -> "-17.2"
 Parameter: B -> "-17"

 A TOTAL OF   166684   VACUUM POINTS WERE FOUND
 A TOTAL OF    19466 OCCUPIED POINTS WERE FOUND
 A TOTAL OF        0 EXTERNAL POINTS WERE FOUND
 A TOTAL OF   166684 SELECTED POINTS WERE FOUND
 TOTAL OCCUPIED  VOLUME =      31.424878
 TOTAL SELECTED  VOLUME =     269.085813
 TOTAL FREE      VOLUME =     269.085813
 FRACTIONAL FREE VOLUME =      89.542842
  
 CHARMM>     
  
 CHARMM>    calc c = ?volume * @factor
 Parameter: FACTOR -> "5"
 RDCMND substituted energy or value "?VOLUME" to "31.4248784"
Evaluating: 31.4248784*5
 Parameter: C <- "157.124392"
  
 CHARMM>     
  
 CHARMM>    if a .lt. -10 if a .gt. -20 if c .gt. @botarea set botarea = @c
 Parameter: BOTAREA -> "151.44189"
 Parameter: C -> "157.124392"
 Comparing "-17.2" and "-10".
 IF test evaluated as true.  Performing command
 Comparing "-17.2" and "-20".
 IF test evaluated as true.  Performing command
 Comparing "157.124392" and "151.44189".
 IF test evaluated as true.  Performing command
 Parameter: BOTAREA <- "157.124392"
  
 CHARMM>    if a .gt.  10 if a .lt.  20 if c .gt. @toparea set toparea = @c
 Parameter: TOPAREA -> "-1"
 Parameter: C -> "157.124392"
 Comparing "-17.2" and "10".
 IF test evaluated as false.  Skipping command
  
 CHARMM>     
  
 CHARMM>    write title unit 51
 RDTITL> * -17  157.124392
 RDTITL> *
  
 CHARMM>     
  
 CHARMM>    incr a by @dcel
 Parameter: DCEL -> "0.2"
 Parameter: A <- "-17"
  
 CHARMM>    incr b by @dcel
 Parameter: DCEL -> "0.2"
 Parameter: B <- "-16.8"
  
 CHARMM>    if b le ?ZMAX goto DOAREA
 RDCMND substituted energy or value "?ZMAX" to "17.1394014"
 Comparing "-16.8" and "17.1394014".
 IF test evaluated as true.  Performing command
  
 CHARMM>     
  
 CHARMM>    ! Cross sectional protein area with whole atom.
 CHARMM>    scalar wmain = radius
  
 CHARMM>    scalar wmain mult 2.5   sele resname TIP3 end
 SELRPN>      0 atoms have been selected out of    872
  
 CHARMM>    scalar wmain add  1.529 sele .not. resname TIP3 end
 SELRPN>    872 atoms have been selected out of    872
  
 CHARMM>    scalar wmain mult 0.85  sele .not. resname TIP3 end
 SELRPN>    872 atoms have been selected out of    872
  
 CHARMM>    calc zab = ( @a + @b ) / 2.0
 Parameter: A -> "-17"
 Parameter: B -> "-16.8"
Evaluating: (-17+-16.8)/2.0
 Parameter: ZAB <- "-16.9"
  
 CHARMM>     
  
 CHARMM>    coor search -
 CHARMM>         xmin @x1  xmax @x2  xgrip @xncel -
 CHARMM>         ymin @y1  ymax @y2  ygrip @yncel -
 CHARMM>         zmin @a   zmax @b   zgrip 5
 Parameter: X1 -> "-17.0826968"
 Parameter: X2 -> "17.0826968"
 Parameter: XNCEL -> "170"
 Parameter: Y1 -> "-21.9894065"
 Parameter: Y2 -> "21.9894065"
 Parameter: YNCEL -> "219"
 Parameter: A -> "-17"
 Parameter: B -> "-16.8"

 A TOTAL OF   165860   VACUUM POINTS WERE FOUND
 A TOTAL OF    20290 OCCUPIED POINTS WERE FOUND
 A TOTAL OF        0 EXTERNAL POINTS WERE FOUND
 A TOTAL OF   165860 SELECTED POINTS WERE FOUND
 TOTAL OCCUPIED  VOLUME =      32.755100
 TOTAL SELECTED  VOLUME =     267.755591
 TOTAL FREE      VOLUME =     267.755591
 FRACTIONAL FREE VOLUME =      89.100188
  
 CHARMM>     
  
 CHARMM>    calc c = ?volume * @factor
 Parameter: FACTOR -> "5"
 RDCMND substituted energy or value "?VOLUME" to "32.7551003"
Evaluating: 32.7551003*5
 Parameter: C <- "163.775502"
  
 CHARMM>     
  
 CHARMM>    if a .lt. -10 if a .gt. -20 if c .gt. @botarea set botarea = @c
 Parameter: BOTAREA -> "157.124392"
 Parameter: C -> "163.775502"
 Comparing "-17" and "-10".
 IF test evaluated as true.  Performing command
 Comparing "-17" and "-20".
 IF test evaluated as true.  Performing command
 Comparing "163.775502" and "157.124392".
 IF test evaluated as true.  Performing command
 Parameter: BOTAREA <- "163.775502"
  
 CHARMM>    if a .gt.  10 if a .lt.  20 if c .gt. @toparea set toparea = @c
 Parameter: TOPAREA -> "-1"
 Parameter: C -> "163.775502"
 Comparing "-17" and "10".
 IF test evaluated as false.  Skipping command
  
 CHARMM>     
  
 CHARMM>    write title unit 51
 RDTITL> * -16.8  163.775502
 RDTITL> *
  
 CHARMM>     
  
 CHARMM>    incr a by @dcel
 Parameter: DCEL -> "0.2"
 Parameter: A <- "-16.8"
  
 CHARMM>    incr b by @dcel
 Parameter: DCEL -> "0.2"
 Parameter: B <- "-16.6"
  
 CHARMM>    if b le ?ZMAX goto DOAREA
 RDCMND substituted energy or value "?ZMAX" to "17.1394014"
 Comparing "-16.6" and "17.1394014".
 IF test evaluated as true.  Performing command
  
 CHARMM>     
  
 CHARMM>    ! Cross sectional protein area with whole atom.
 CHARMM>    scalar wmain = radius
  
 CHARMM>    scalar wmain mult 2.5   sele resname TIP3 end
 SELRPN>      0 atoms have been selected out of    872
  
 CHARMM>    scalar wmain add  1.529 sele .not. resname TIP3 end
 SELRPN>    872 atoms have been selected out of    872
  
 CHARMM>    scalar wmain mult 0.85  sele .not. resname TIP3 end
 SELRPN>    872 atoms have been selected out of    872
  
 CHARMM>    calc zab = ( @a + @b ) / 2.0
 Parameter: A -> "-16.8"
 Parameter: B -> "-16.6"
Evaluating: (-16.8+-16.6)/2.0
 Parameter: ZAB <- "-16.7"
  
 CHARMM>     
  
 CHARMM>    coor search -
 CHARMM>         xmin @x1  xmax @x2  xgrip @xncel -
 CHARMM>         ymin @y1  ymax @y2  ygrip @yncel -
 CHARMM>         zmin @a   zmax @b   zgrip 5
 Parameter: X1 -> "-17.0826968"
 Parameter: X2 -> "17.0826968"
 Parameter: XNCEL -> "170"
 Parameter: Y1 -> "-21.9894065"
 Parameter: Y2 -> "21.9894065"
 Parameter: YNCEL -> "219"
 Parameter: A -> "-16.8"
 Parameter: B -> "-16.6"

 A TOTAL OF   164570   VACUUM POINTS WERE FOUND
 A TOTAL OF    21580 OCCUPIED POINTS WERE FOUND
 A TOTAL OF        0 EXTERNAL POINTS WERE FOUND
 A TOTAL OF   164570 SELECTED POINTS WERE FOUND
 TOTAL OCCUPIED  VOLUME =      34.837608
 TOTAL SELECTED  VOLUME =     265.673083
 TOTAL FREE      VOLUME =     265.673083
 FRACTIONAL FREE VOLUME =      88.407198
  
 CHARMM>     
  
 CHARMM>    calc c = ?volume * @factor
 Parameter: FACTOR -> "5"
 RDCMND substituted energy or value "?VOLUME" to "34.8376079"
Evaluating: 34.8376079*5
 Parameter: C <- "174.18804"
  
 CHARMM>     
  
 CHARMM>    if a .lt. -10 if a .gt. -20 if c .gt. @botarea set botarea = @c
 Parameter: BOTAREA -> "163.775502"
 Parameter: C -> "174.18804"
 Comparing "-16.8" and "-10".
 IF test evaluated as true.  Performing command
 Comparing "-16.8" and "-20".
 IF test evaluated as true.  Performing command
 Comparing "174.18804" and "163.775502".
 IF test evaluated as true.  Performing command
 Parameter: BOTAREA <- "174.18804"
  
 CHARMM>    if a .gt.  10 if a .lt.  20 if c .gt. @toparea set toparea = @c
 Parameter: TOPAREA -> "-1"
 Parameter: C -> "174.18804"
 Comparing "-16.8" and "10".
 IF test evaluated as false.  Skipping command
  
 CHARMM>     
  
 CHARMM>    write title unit 51
 RDTITL> * -16.6  174.18804
 RDTITL> *
  
 CHARMM>     
  
 CHARMM>    incr a by @dcel
 Parameter: DCEL -> "0.2"
 Parameter: A <- "-16.6"
  
 CHARMM>    incr b by @dcel
 Parameter: DCEL -> "0.2"
 Parameter: B <- "-16.4"
  
 CHARMM>    if b le ?ZMAX goto DOAREA
 RDCMND substituted energy or value "?ZMAX" to "17.1394014"
 Comparing "-16.4" and "17.1394014".
 IF test evaluated as true.  Performing command
  
 CHARMM>     
  
 CHARMM>    ! Cross sectional protein area with whole atom.
 CHARMM>    scalar wmain = radius
  
 CHARMM>    scalar wmain mult 2.5   sele resname TIP3 end
 SELRPN>      0 atoms have been selected out of    872
  
 CHARMM>    scalar wmain add  1.529 sele .not. resname TIP3 end
 SELRPN>    872 atoms have been selected out of    872
  
 CHARMM>    scalar wmain mult 0.85  sele .not. resname TIP3 end
 SELRPN>    872 atoms have been selected out of    872
  
 CHARMM>    calc zab = ( @a + @b ) / 2.0
 Parameter: A -> "-16.6"
 Parameter: B -> "-16.4"
Evaluating: (-16.6+-16.4)/2.0
 Parameter: ZAB <- "-16.5"
  
 CHARMM>     
  
 CHARMM>    coor search -
 CHARMM>         xmin @x1  xmax @x2  xgrip @xncel -
 CHARMM>         ymin @y1  ymax @y2  ygrip @yncel -
 CHARMM>         zmin @a   zmax @b   zgrip 5
 Parameter: X1 -> "-17.0826968"
 Parameter: X2 -> "17.0826968"
 Parameter: XNCEL -> "170"
 Parameter: Y1 -> "-21.9894065"
 Parameter: Y2 -> "21.9894065"
 Parameter: YNCEL -> "219"
 Parameter: A -> "-16.6"
 Parameter: B -> "-16.4"

 A TOTAL OF   163494   VACUUM POINTS WERE FOUND
 A TOTAL OF    22656 OCCUPIED POINTS WERE FOUND
 A TOTAL OF        0 EXTERNAL POINTS WERE FOUND
 A TOTAL OF   163494 SELECTED POINTS WERE FOUND
 TOTAL OCCUPIED  VOLUME =      36.574645
 TOTAL SELECTED  VOLUME =     263.936046
 TOTAL FREE      VOLUME =     263.936046
 FRACTIONAL FREE VOLUME =      87.829170
  
 CHARMM>     
  
 CHARMM>    calc c = ?volume * @factor
 Parameter: FACTOR -> "5"
 RDCMND substituted energy or value "?VOLUME" to "36.5746453"
Evaluating: 36.5746453*5
 Parameter: C <- "182.873226"
  
 CHARMM>     
  
 CHARMM>    if a .lt. -10 if a .gt. -20 if c .gt. @botarea set botarea = @c
 Parameter: BOTAREA -> "174.18804"
 Parameter: C -> "182.873226"
 Comparing "-16.6" and "-10".
 IF test evaluated as true.  Performing command
 Comparing "-16.6" and "-20".
 IF test evaluated as true.  Performing command
 Comparing "182.873226" and "174.18804".
 IF test evaluated as true.  Performing command
 Parameter: BOTAREA <- "182.873226"
  
 CHARMM>    if a .gt.  10 if a .lt.  20 if c .gt. @toparea set toparea = @c
 Parameter: TOPAREA -> "-1"
 Parameter: C -> "182.873226"
 Comparing "-16.6" and "10".
 IF test evaluated as false.  Skipping command
  
 CHARMM>     
  
 CHARMM>    write title unit 51
 RDTITL> * -16.4  182.873226
 RDTITL> *
  
 CHARMM>     
  
 CHARMM>    incr a by @dcel
 Parameter: DCEL -> "0.2"
 Parameter: A <- "-16.4"
  
 CHARMM>    incr b by @dcel
 Parameter: DCEL -> "0.2"
 Parameter: B <- "-16.2"
  
 CHARMM>    if b le ?ZMAX goto DOAREA
 RDCMND substituted energy or value "?ZMAX" to "17.1394014"
 Comparing "-16.2" and "17.1394014".
 IF test evaluated as true.  Performing command
  
 CHARMM>     
  
 CHARMM>    ! Cross sectional protein area with whole atom.
 CHARMM>    scalar wmain = radius
  
 CHARMM>    scalar wmain mult 2.5   sele resname TIP3 end
 SELRPN>      0 atoms have been selected out of    872
  
 CHARMM>    scalar wmain add  1.529 sele .not. resname TIP3 end
 SELRPN>    872 atoms have been selected out of    872
  
 CHARMM>    scalar wmain mult 0.85  sele .not. resname TIP3 end
 SELRPN>    872 atoms have been selected out of    872
  
 CHARMM>    calc zab = ( @a + @b ) / 2.0
 Parameter: A -> "-16.4"
 Parameter: B -> "-16.2"
Evaluating: (-16.4+-16.2)/2.0
 Parameter: ZAB <- "-16.3"
  
 CHARMM>     
  
 CHARMM>    coor search -
 CHARMM>         xmin @x1  xmax @x2  xgrip @xncel -
 CHARMM>         ymin @y1  ymax @y2  ygrip @yncel -
 CHARMM>         zmin @a   zmax @b   zgrip 5
 Parameter: X1 -> "-17.0826968"
 Parameter: X2 -> "17.0826968"
 Parameter: XNCEL -> "170"
 Parameter: Y1 -> "-21.9894065"
 Parameter: Y2 -> "21.9894065"
 Parameter: YNCEL -> "219"
 Parameter: A -> "-16.4"
 Parameter: B -> "-16.2"

 A TOTAL OF   162646   VACUUM POINTS WERE FOUND
 A TOTAL OF    23504 OCCUPIED POINTS WERE FOUND
 A TOTAL OF        0 EXTERNAL POINTS WERE FOUND
 A TOTAL OF   162646 SELECTED POINTS WERE FOUND
 TOTAL OCCUPIED  VOLUME =      37.943612
 TOTAL SELECTED  VOLUME =     262.567080
 TOTAL FREE      VOLUME =     262.567080
 FRACTIONAL FREE VOLUME =      87.373623
  
 CHARMM>     
  
 CHARMM>    calc c = ?volume * @factor
 Parameter: FACTOR -> "5"
 RDCMND substituted energy or value "?VOLUME" to "37.9436115"
Evaluating: 37.9436115*5
 Parameter: C <- "189.718058"
  
 CHARMM>     
  
 CHARMM>    if a .lt. -10 if a .gt. -20 if c .gt. @botarea set botarea = @c
 Parameter: BOTAREA -> "182.873226"
 Parameter: C -> "189.718058"
 Comparing "-16.4" and "-10".
 IF test evaluated as true.  Performing command
 Comparing "-16.4" and "-20".
 IF test evaluated as true.  Performing command
 Comparing "189.718058" and "182.873226".
 IF test evaluated as true.  Performing command
 Parameter: BOTAREA <- "189.718058"
  
 CHARMM>    if a .gt.  10 if a .lt.  20 if c .gt. @toparea set toparea = @c
 Parameter: TOPAREA -> "-1"
 Parameter: C -> "189.718058"
 Comparing "-16.4" and "10".
 IF test evaluated as false.  Skipping command
  
 CHARMM>     
  
 CHARMM>    write title unit 51
 RDTITL> * -16.2  189.718058
 RDTITL> *
  
 CHARMM>     
  
 CHARMM>    incr a by @dcel
 Parameter: DCEL -> "0.2"
 Parameter: A <- "-16.2"
  
 CHARMM>    incr b by @dcel
 Parameter: DCEL -> "0.2"
 Parameter: B <- "-16"
  
 CHARMM>    if b le ?ZMAX goto DOAREA
 RDCMND substituted energy or value "?ZMAX" to "17.1394014"
 Comparing "-16" and "17.1394014".
 IF test evaluated as true.  Performing command
  
 CHARMM>     
  
 CHARMM>    ! Cross sectional protein area with whole atom.
 CHARMM>    scalar wmain = radius
  
 CHARMM>    scalar wmain mult 2.5   sele resname TIP3 end
 SELRPN>      0 atoms have been selected out of    872
  
 CHARMM>    scalar wmain add  1.529 sele .not. resname TIP3 end
 SELRPN>    872 atoms have been selected out of    872
  
 CHARMM>    scalar wmain mult 0.85  sele .not. resname TIP3 end
 SELRPN>    872 atoms have been selected out of    872
  
 CHARMM>    calc zab = ( @a + @b ) / 2.0
 Parameter: A -> "-16.2"
 Parameter: B -> "-16"
Evaluating: (-16.2+-16)/2.0
 Parameter: ZAB <- "-16.1"
  
 CHARMM>     
  
 CHARMM>    coor search -
 CHARMM>         xmin @x1  xmax @x2  xgrip @xncel -
 CHARMM>         ymin @y1  ymax @y2  ygrip @yncel -
 CHARMM>         zmin @a   zmax @b   zgrip 5
 Parameter: X1 -> "-17.0826968"
 Parameter: X2 -> "17.0826968"
 Parameter: XNCEL -> "170"
 Parameter: Y1 -> "-21.9894065"
 Parameter: Y2 -> "21.9894065"
 Parameter: YNCEL -> "219"
 Parameter: A -> "-16.2"
 Parameter: B -> "-16"

 A TOTAL OF   161788   VACUUM POINTS WERE FOUND
 A TOTAL OF    24362 OCCUPIED POINTS WERE FOUND
 A TOTAL OF        0 EXTERNAL POINTS WERE FOUND
 A TOTAL OF   161788 SELECTED POINTS WERE FOUND
 TOTAL OCCUPIED  VOLUME =      39.328721
 TOTAL SELECTED  VOLUME =     261.181970
 TOTAL FREE      VOLUME =     261.181970
 FRACTIONAL FREE VOLUME =      86.912705
  
 CHARMM>     
  
 CHARMM>    calc c = ?volume * @factor
 Parameter: FACTOR -> "5"
 RDCMND substituted energy or value "?VOLUME" to "39.3287212"
Evaluating: 39.3287212*5
 Parameter: C <- "196.643606"
  
 CHARMM>     
  
 CHARMM>    if a .lt. -10 if a .gt. -20 if c .gt. @botarea set botarea = @c
 Parameter: BOTAREA -> "189.718058"
 Parameter: C -> "196.643606"
 Comparing "-16.2" and "-10".
 IF test evaluated as true.  Performing command
 Comparing "-16.2" and "-20".
 IF test evaluated as true.  Performing command
 Comparing "196.643606" and "189.718058".
 IF test evaluated as true.  Performing command
 Parameter: BOTAREA <- "196.643606"
  
 CHARMM>    if a .gt.  10 if a .lt.  20 if c .gt. @toparea set toparea = @c
 Parameter: TOPAREA -> "-1"
 Parameter: C -> "196.643606"
 Comparing "-16.2" and "10".
 IF test evaluated as false.  Skipping command
  
 CHARMM>     
  
 CHARMM>    write title unit 51
 RDTITL> * -16  196.643606
 RDTITL> *
  
 CHARMM>     
  
 CHARMM>    incr a by @dcel
 Parameter: DCEL -> "0.2"
 Parameter: A <- "-16"
  
 CHARMM>    incr b by @dcel
 Parameter: DCEL -> "0.2"
 Parameter: B <- "-15.8"
  
 CHARMM>    if b le ?ZMAX goto DOAREA
 RDCMND substituted energy or value "?ZMAX" to "17.1394014"
 Comparing "-15.8" and "17.1394014".
 IF test evaluated as true.  Performing command
  
 CHARMM>     
  
 CHARMM>    ! Cross sectional protein area with whole atom.
 CHARMM>    scalar wmain = radius
  
 CHARMM>    scalar wmain mult 2.5   sele resname TIP3 end
 SELRPN>      0 atoms have been selected out of    872
  
 CHARMM>    scalar wmain add  1.529 sele .not. resname TIP3 end
 SELRPN>    872 atoms have been selected out of    872
  
 CHARMM>    scalar wmain mult 0.85  sele .not. resname TIP3 end
 SELRPN>    872 atoms have been selected out of    872
  
 CHARMM>    calc zab = ( @a + @b ) / 2.0
 Parameter: A -> "-16"
 Parameter: B -> "-15.8"
Evaluating: (-16+-15.8)/2.0
 Parameter: ZAB <- "-15.9"
  
 CHARMM>     
  
 CHARMM>    coor search -
 CHARMM>         xmin @x1  xmax @x2  xgrip @xncel -
 CHARMM>         ymin @y1  ymax @y2  ygrip @yncel -
 CHARMM>         zmin @a   zmax @b   zgrip 5
 Parameter: X1 -> "-17.0826968"
 Parameter: X2 -> "17.0826968"
 Parameter: XNCEL -> "170"
 Parameter: Y1 -> "-21.9894065"
 Parameter: Y2 -> "21.9894065"
 Parameter: YNCEL -> "219"
 Parameter: A -> "-16"
 Parameter: B -> "-15.8"

 A TOTAL OF   161016   VACUUM POINTS WERE FOUND
 A TOTAL OF    25134 OCCUPIED POINTS WERE FOUND
 A TOTAL OF        0 EXTERNAL POINTS WERE FOUND
 A TOTAL OF   161016 SELECTED POINTS WERE FOUND
 TOTAL OCCUPIED  VOLUME =      40.574997
 TOTAL SELECTED  VOLUME =     259.935694
 TOTAL FREE      VOLUME =     259.935694
 FRACTIONAL FREE VOLUME =      86.497985
  
 CHARMM>     
  
 CHARMM>    calc c = ?volume * @factor
 Parameter: FACTOR -> "5"
 RDCMND substituted energy or value "?VOLUME" to "40.5749971"
Evaluating: 40.5749971*5
 Parameter: C <- "202.874985"
  
 CHARMM>     
  
 CHARMM>    if a .lt. -10 if a .gt. -20 if c .gt. @botarea set botarea = @c
 Parameter: BOTAREA -> "196.643606"
 Parameter: C -> "202.874985"
 Comparing "-16" and "-10".
 IF test evaluated as true.  Performing command
 Comparing "-16" and "-20".
 IF test evaluated as true.  Performing command
 Comparing "202.874985" and "196.643606".
 IF test evaluated as true.  Performing command
 Parameter: BOTAREA <- "202.874985"
  
 CHARMM>    if a .gt.  10 if a .lt.  20 if c .gt. @toparea set toparea = @c
 Parameter: TOPAREA -> "-1"
 Parameter: C -> "202.874985"
 Comparing "-16" and "10".
 IF test evaluated as false.  Skipping command
  
 CHARMM>     
  
 CHARMM>    write title unit 51
 RDTITL> * -15.8  202.874985
 RDTITL> *
  
 CHARMM>     
  
 CHARMM>    incr a by @dcel
 Parameter: DCEL -> "0.2"
 Parameter: A <- "-15.8"
  
 CHARMM>    incr b by @dcel
 Parameter: DCEL -> "0.2"
 Parameter: B <- "-15.6"
  
 CHARMM>    if b le ?ZMAX goto DOAREA
 RDCMND substituted energy or value "?ZMAX" to "17.1394014"
 Comparing "-15.6" and "17.1394014".
 IF test evaluated as true.  Performing command
  
 CHARMM>     
  
 CHARMM>    ! Cross sectional protein area with whole atom.
 CHARMM>    scalar wmain = radius
  
 CHARMM>    scalar wmain mult 2.5   sele resname TIP3 end
 SELRPN>      0 atoms have been selected out of    872
  
 CHARMM>    scalar wmain add  1.529 sele .not. resname TIP3 end
 SELRPN>    872 atoms have been selected out of    872
  
 CHARMM>    scalar wmain mult 0.85  sele .not. resname TIP3 end
 SELRPN>    872 atoms have been selected out of    872
  
 CHARMM>    calc zab = ( @a + @b ) / 2.0
 Parameter: A -> "-15.8"
 Parameter: B -> "-15.6"
Evaluating: (-15.8+-15.6)/2.0
 Parameter: ZAB <- "-15.7"
  
 CHARMM>     
  
 CHARMM>    coor search -
 CHARMM>         xmin @x1  xmax @x2  xgrip @xncel -
 CHARMM>         ymin @y1  ymax @y2  ygrip @yncel -
 CHARMM>         zmin @a   zmax @b   zgrip 5
 Parameter: X1 -> "-17.0826968"
 Parameter: X2 -> "17.0826968"
 Parameter: XNCEL -> "170"
 Parameter: Y1 -> "-21.9894065"
 Parameter: Y2 -> "21.9894065"
 Parameter: YNCEL -> "219"
 Parameter: A -> "-15.8"
 Parameter: B -> "-15.6"

 A TOTAL OF   160140   VACUUM POINTS WERE FOUND
 A TOTAL OF    26010 OCCUPIED POINTS WERE FOUND
 A TOTAL OF        0 EXTERNAL POINTS WERE FOUND
 A TOTAL OF   160140 SELECTED POINTS WERE FOUND
 TOTAL OCCUPIED  VOLUME =      41.989165
 TOTAL SELECTED  VOLUME =     258.521526
 TOTAL FREE      VOLUME =     258.521526
 FRACTIONAL FREE VOLUME =      86.027397
  
 CHARMM>     
  
 CHARMM>    calc c = ?volume * @factor
 Parameter: FACTOR -> "5"
 RDCMND substituted energy or value "?VOLUME" to "41.9891651"
Evaluating: 41.9891651*5
 Parameter: C <- "209.945826"
  
 CHARMM>     
  
 CHARMM>    if a .lt. -10 if a .gt. -20 if c .gt. @botarea set botarea = @c
 Parameter: BOTAREA -> "202.874985"
 Parameter: C -> "209.945826"
 Comparing "-15.8" and "-10".
 IF test evaluated as true.  Performing command
 Comparing "-15.8" and "-20".
 IF test evaluated as true.  Performing command
 Comparing "209.945826" and "202.874985".
 IF test evaluated as true.  Performing command
 Parameter: BOTAREA <- "209.945826"
  
 CHARMM>    if a .gt.  10 if a .lt.  20 if c .gt. @toparea set toparea = @c
 Parameter: TOPAREA -> "-1"
 Parameter: C -> "209.945826"
 Comparing "-15.8" and "10".
 IF test evaluated as false.  Skipping command
  
 CHARMM>     
  
 CHARMM>    write title unit 51
 RDTITL> * -15.6  209.945826
 RDTITL> *
  
 CHARMM>     
  
 CHARMM>    incr a by @dcel
 Parameter: DCEL -> "0.2"
 Parameter: A <- "-15.6"
  
 CHARMM>    incr b by @dcel
 Parameter: DCEL -> "0.2"
 Parameter: B <- "-15.4"
  
 CHARMM>    if b le ?ZMAX goto DOAREA
 RDCMND substituted energy or value "?ZMAX" to "17.1394014"
 Comparing "-15.4" and "17.1394014".
 IF test evaluated as true.  Performing command
  
 CHARMM>     
  
 CHARMM>    ! Cross sectional protein area with whole atom.
 CHARMM>    scalar wmain = radius
  
 CHARMM>    scalar wmain mult 2.5   sele resname TIP3 end
 SELRPN>      0 atoms have been selected out of    872
  
 CHARMM>    scalar wmain add  1.529 sele .not. resname TIP3 end
 SELRPN>    872 atoms have been selected out of    872
  
 CHARMM>    scalar wmain mult 0.85  sele .not. resname TIP3 end
 SELRPN>    872 atoms have been selected out of    872
  
 CHARMM>    calc zab = ( @a + @b ) / 2.0
 Parameter: A -> "-15.6"
 Parameter: B -> "-15.4"
Evaluating: (-15.6+-15.4)/2.0
 Parameter: ZAB <- "-15.5"
  
 CHARMM>     
  
 CHARMM>    coor search -
 CHARMM>         xmin @x1  xmax @x2  xgrip @xncel -
 CHARMM>         ymin @y1  ymax @y2  ygrip @yncel -
 CHARMM>         zmin @a   zmax @b   zgrip 5
 Parameter: X1 -> "-17.0826968"
 Parameter: X2 -> "17.0826968"
 Parameter: XNCEL -> "170"
 Parameter: Y1 -> "-21.9894065"
 Parameter: Y2 -> "21.9894065"
 Parameter: YNCEL -> "219"
 Parameter: A -> "-15.6"
 Parameter: B -> "-15.4"

 A TOTAL OF   159454   VACUUM POINTS WERE FOUND
 A TOTAL OF    26696 OCCUPIED POINTS WERE FOUND
 A TOTAL OF        0 EXTERNAL POINTS WERE FOUND
 A TOTAL OF   159454 SELECTED POINTS WERE FOUND
 TOTAL OCCUPIED  VOLUME =      43.096607
 TOTAL SELECTED  VOLUME =     257.414084
 TOTAL FREE      VOLUME =     257.414084
 FRACTIONAL FREE VOLUME =      85.658877
  
 CHARMM>     
  
 CHARMM>    calc c = ?volume * @factor
 Parameter: FACTOR -> "5"
 RDCMND substituted energy or value "?VOLUME" to "43.0966071"
Evaluating: 43.0966071*5
 Parameter: C <- "215.483035"
  
 CHARMM>     
  
 CHARMM>    if a .lt. -10 if a .gt. -20 if c .gt. @botarea set botarea = @c
 Parameter: BOTAREA -> "209.945826"
 Parameter: C -> "215.483035"
 Comparing "-15.6" and "-10".
 IF test evaluated as true.  Performing command
 Comparing "-15.6" and "-20".
 IF test evaluated as true.  Performing command
 Comparing "215.483035" and "209.945826".
 IF test evaluated as true.  Performing command
 Parameter: BOTAREA <- "215.483035"
  
 CHARMM>    if a .gt.  10 if a .lt.  20 if c .gt. @toparea set toparea = @c
 Parameter: TOPAREA -> "-1"
 Parameter: C -> "215.483035"
 Comparing "-15.6" and "10".
 IF test evaluated as false.  Skipping command
  
 CHARMM>     
  
 CHARMM>    write title unit 51
 RDTITL> * -15.4  215.483035
 RDTITL> *
  
 CHARMM>     
  
 CHARMM>    incr a by @dcel
 Parameter: DCEL -> "0.2"
 Parameter: A <- "-15.4"
  
 CHARMM>    incr b by @dcel
 Parameter: DCEL -> "0.2"
 Parameter: B <- "-15.2"
  
 CHARMM>    if b le ?ZMAX goto DOAREA
 RDCMND substituted energy or value "?ZMAX" to "17.1394014"
 Comparing "-15.2" and "17.1394014".
 IF test evaluated as true.  Performing command
  
 CHARMM>     
  
 CHARMM>    ! Cross sectional protein area with whole atom.
 CHARMM>    scalar wmain = radius
  
 CHARMM>    scalar wmain mult 2.5   sele resname TIP3 end
 SELRPN>      0 atoms have been selected out of    872
  
 CHARMM>    scalar wmain add  1.529 sele .not. resname TIP3 end
 SELRPN>    872 atoms have been selected out of    872
  
 CHARMM>    scalar wmain mult 0.85  sele .not. resname TIP3 end
 SELRPN>    872 atoms have been selected out of    872
  
 CHARMM>    calc zab = ( @a + @b ) / 2.0
 Parameter: A -> "-15.4"
 Parameter: B -> "-15.2"
Evaluating: (-15.4+-15.2)/2.0
 Parameter: ZAB <- "-15.3"
  
 CHARMM>     
  
 CHARMM>    coor search -
 CHARMM>         xmin @x1  xmax @x2  xgrip @xncel -
 CHARMM>         ymin @y1  ymax @y2  ygrip @yncel -
 CHARMM>         zmin @a   zmax @b   zgrip 5
 Parameter: X1 -> "-17.0826968"
 Parameter: X2 -> "17.0826968"
 Parameter: XNCEL -> "170"
 Parameter: Y1 -> "-21.9894065"
 Parameter: Y2 -> "21.9894065"
 Parameter: YNCEL -> "219"
 Parameter: A -> "-15.4"
 Parameter: B -> "-15.2"

 A TOTAL OF   158804   VACUUM POINTS WERE FOUND
 A TOTAL OF    27346 OCCUPIED POINTS WERE FOUND
 A TOTAL OF        0 EXTERNAL POINTS WERE FOUND
 A TOTAL OF   158804 SELECTED POINTS WERE FOUND
 TOTAL OCCUPIED  VOLUME =      44.145933
 TOTAL SELECTED  VOLUME =     256.364759
 TOTAL FREE      VOLUME =     256.364759
 FRACTIONAL FREE VOLUME =      85.309696
  
 CHARMM>     
  
 CHARMM>    calc c = ?volume * @factor
 Parameter: FACTOR -> "5"
 RDCMND substituted energy or value "?VOLUME" to "44.1459326"
Evaluating: 44.1459326*5
 Parameter: C <- "220.729663"
  
 CHARMM>     
  
 CHARMM>    if a .lt. -10 if a .gt. -20 if c .gt. @botarea set botarea = @c
 Parameter: BOTAREA -> "215.483035"
 Parameter: C -> "220.729663"
 Comparing "-15.4" and "-10".
 IF test evaluated as true.  Performing command
 Comparing "-15.4" and "-20".
 IF test evaluated as true.  Performing command
 Comparing "220.729663" and "215.483035".
 IF test evaluated as true.  Performing command
 Parameter: BOTAREA <- "220.729663"
  
 CHARMM>    if a .gt.  10 if a .lt.  20 if c .gt. @toparea set toparea = @c
 Parameter: TOPAREA -> "-1"
 Parameter: C -> "220.729663"
 Comparing "-15.4" and "10".
 IF test evaluated as false.  Skipping command
  
 CHARMM>     
  
 CHARMM>    write title unit 51
 RDTITL> * -15.2  220.729663
 RDTITL> *
  
 CHARMM>     
  
 CHARMM>    incr a by @dcel
 Parameter: DCEL -> "0.2"
 Parameter: A <- "-15.2"
  
 CHARMM>    incr b by @dcel
 Parameter: DCEL -> "0.2"
 Parameter: B <- "-15"
  
 CHARMM>    if b le ?ZMAX goto DOAREA
 RDCMND substituted energy or value "?ZMAX" to "17.1394014"
 Comparing "-15" and "17.1394014".
 IF test evaluated as true.  Performing command
  
 CHARMM>     
  
 CHARMM>    ! Cross sectional protein area with whole atom.
 CHARMM>    scalar wmain = radius
  
 CHARMM>    scalar wmain mult 2.5   sele resname TIP3 end
 SELRPN>      0 atoms have been selected out of    872
  
 CHARMM>    scalar wmain add  1.529 sele .not. resname TIP3 end
 SELRPN>    872 atoms have been selected out of    872
  
 CHARMM>    scalar wmain mult 0.85  sele .not. resname TIP3 end
 SELRPN>    872 atoms have been selected out of    872
  
 CHARMM>    calc zab = ( @a + @b ) / 2.0
 Parameter: A -> "-15.2"
 Parameter: B -> "-15"
Evaluating: (-15.2+-15)/2.0
 Parameter: ZAB <- "-15.1"
  
 CHARMM>     
  
 CHARMM>    coor search -
 CHARMM>         xmin @x1  xmax @x2  xgrip @xncel -
 CHARMM>         ymin @y1  ymax @y2  ygrip @yncel -
 CHARMM>         zmin @a   zmax @b   zgrip 5
 Parameter: X1 -> "-17.0826968"
 Parameter: X2 -> "17.0826968"
 Parameter: XNCEL -> "170"
 Parameter: Y1 -> "-21.9894065"
 Parameter: Y2 -> "21.9894065"
 Parameter: YNCEL -> "219"
 Parameter: A -> "-15.2"
 Parameter: B -> "-15"

 A TOTAL OF   158284   VACUUM POINTS WERE FOUND
 A TOTAL OF    27866 OCCUPIED POINTS WERE FOUND
 A TOTAL OF        0 EXTERNAL POINTS WERE FOUND
 A TOTAL OF   158284 SELECTED POINTS WERE FOUND
 TOTAL OCCUPIED  VOLUME =      44.985393
 TOTAL SELECTED  VOLUME =     255.525298
 TOTAL FREE      VOLUME =     255.525298
 FRACTIONAL FREE VOLUME =      85.030352
  
 CHARMM>     
  
 CHARMM>    calc c = ?volume * @factor
 Parameter: FACTOR -> "5"
 RDCMND substituted energy or value "?VOLUME" to "44.9853931"
Evaluating: 44.9853931*5
 Parameter: C <- "224.926966"
  
 CHARMM>     
  
 CHARMM>    if a .lt. -10 if a .gt. -20 if c .gt. @botarea set botarea = @c
 Parameter: BOTAREA -> "220.729663"
 Parameter: C -> "224.926966"
 Comparing "-15.2" and "-10".
 IF test evaluated as true.  Performing command
 Comparing "-15.2" and "-20".
 IF test evaluated as true.  Performing command
 Comparing "224.926966" and "220.729663".
 IF test evaluated as true.  Performing command
 Parameter: BOTAREA <- "224.926966"
  
 CHARMM>    if a .gt.  10 if a .lt.  20 if c .gt. @toparea set toparea = @c
 Parameter: TOPAREA -> "-1"
 Parameter: C -> "224.926966"
 Comparing "-15.2" and "10".
 IF test evaluated as false.  Skipping command
  
 CHARMM>     
  
 CHARMM>    write title unit 51
 RDTITL> * -15  224.926966
 RDTITL> *
  
 CHARMM>     
  
 CHARMM>    incr a by @dcel
 Parameter: DCEL -> "0.2"
 Parameter: A <- "-15"
  
 CHARMM>    incr b by @dcel
 Parameter: DCEL -> "0.2"
 Parameter: B <- "-14.8"
  
 CHARMM>    if b le ?ZMAX goto DOAREA
 RDCMND substituted energy or value "?ZMAX" to "17.1394014"
 Comparing "-14.8" and "17.1394014".
 IF test evaluated as true.  Performing command
  
 CHARMM>     
  
 CHARMM>    ! Cross sectional protein area with whole atom.
 CHARMM>    scalar wmain = radius
  
 CHARMM>    scalar wmain mult 2.5   sele resname TIP3 end
 SELRPN>      0 atoms have been selected out of    872
  
 CHARMM>    scalar wmain add  1.529 sele .not. resname TIP3 end
 SELRPN>    872 atoms have been selected out of    872
  
 CHARMM>    scalar wmain mult 0.85  sele .not. resname TIP3 end
 SELRPN>    872 atoms have been selected out of    872
  
 CHARMM>    calc zab = ( @a + @b ) / 2.0
 Parameter: A -> "-15"
 Parameter: B -> "-14.8"
Evaluating: (-15+-14.8)/2.0
 Parameter: ZAB <- "-14.9"
  
 CHARMM>     
  
 CHARMM>    coor search -
 CHARMM>         xmin @x1  xmax @x2  xgrip @xncel -
 CHARMM>         ymin @y1  ymax @y2  ygrip @yncel -
 CHARMM>         zmin @a   zmax @b   zgrip 5
 Parameter: X1 -> "-17.0826968"
 Parameter: X2 -> "17.0826968"
 Parameter: XNCEL -> "170"
 Parameter: Y1 -> "-21.9894065"
 Parameter: Y2 -> "21.9894065"
 Parameter: YNCEL -> "219"
 Parameter: A -> "-15"
 Parameter: B -> "-14.8"

 A TOTAL OF   157790   VACUUM POINTS WERE FOUND
 A TOTAL OF    28360 OCCUPIED POINTS WERE FOUND
 A TOTAL OF        0 EXTERNAL POINTS WERE FOUND
 A TOTAL OF   157790 SELECTED POINTS WERE FOUND
 TOTAL OCCUPIED  VOLUME =      45.782880
 TOTAL SELECTED  VOLUME =     254.727811
 TOTAL FREE      VOLUME =     254.727811
 FRACTIONAL FREE VOLUME =      84.764974
  
 CHARMM>     
  
 CHARMM>    calc c = ?volume * @factor
 Parameter: FACTOR -> "5"
 RDCMND substituted energy or value "?VOLUME" to "45.7828805"
Evaluating: 45.7828805*5
 Parameter: C <- "228.914402"
  
 CHARMM>     
  
 CHARMM>    if a .lt. -10 if a .gt. -20 if c .gt. @botarea set botarea = @c
 Parameter: BOTAREA -> "224.926966"
 Parameter: C -> "228.914402"
 Comparing "-15" and "-10".
 IF test evaluated as true.  Performing command
 Comparing "-15" and "-20".
 IF test evaluated as true.  Performing command
 Comparing "228.914402" and "224.926966".
 IF test evaluated as true.  Performing command
 Parameter: BOTAREA <- "228.914402"
  
 CHARMM>    if a .gt.  10 if a .lt.  20 if c .gt. @toparea set toparea = @c
 Parameter: TOPAREA -> "-1"
 Parameter: C -> "228.914402"
 Comparing "-15" and "10".
 IF test evaluated as false.  Skipping command
  
 CHARMM>     
  
 CHARMM>    write title unit 51
 RDTITL> * -14.8  228.914402
 RDTITL> *
  
 CHARMM>     
  
 CHARMM>    incr a by @dcel
 Parameter: DCEL -> "0.2"
 Parameter: A <- "-14.8"
  
 CHARMM>    incr b by @dcel
 Parameter: DCEL -> "0.2"
 Parameter: B <- "-14.6"
  
 CHARMM>    if b le ?ZMAX goto DOAREA
 RDCMND substituted energy or value "?ZMAX" to "17.1394014"
 Comparing "-14.6" and "17.1394014".
 IF test evaluated as true.  Performing command
  
 CHARMM>     
  
 CHARMM>    ! Cross sectional protein area with whole atom.
 CHARMM>    scalar wmain = radius
  
 CHARMM>    scalar wmain mult 2.5   sele resname TIP3 end
 SELRPN>      0 atoms have been selected out of    872
  
 CHARMM>    scalar wmain add  1.529 sele .not. resname TIP3 end
 SELRPN>    872 atoms have been selected out of    872
  
 CHARMM>    scalar wmain mult 0.85  sele .not. resname TIP3 end
 SELRPN>    872 atoms have been selected out of    872
  
 CHARMM>    calc zab = ( @a + @b ) / 2.0
 Parameter: A -> "-14.8"
 Parameter: B -> "-14.6"
Evaluating: (-14.8+-14.6)/2.0
 Parameter: ZAB <- "-14.7"
  
 CHARMM>     
  
 CHARMM>    coor search -
 CHARMM>         xmin @x1  xmax @x2  xgrip @xncel -
 CHARMM>         ymin @y1  ymax @y2  ygrip @yncel -
 CHARMM>         zmin @a   zmax @b   zgrip 5
 Parameter: X1 -> "-17.0826968"
 Parameter: X2 -> "17.0826968"
 Parameter: XNCEL -> "170"
 Parameter: Y1 -> "-21.9894065"
 Parameter: Y2 -> "21.9894065"
 Parameter: YNCEL -> "219"
 Parameter: A -> "-14.8"
 Parameter: B -> "-14.6"

 A TOTAL OF   157358   VACUUM POINTS WERE FOUND
 A TOTAL OF    28792 OCCUPIED POINTS WERE FOUND
 A TOTAL OF        0 EXTERNAL POINTS WERE FOUND
 A TOTAL OF   157358 SELECTED POINTS WERE FOUND
 TOTAL OCCUPIED  VOLUME =      46.480278
 TOTAL SELECTED  VOLUME =     254.030413
 TOTAL FREE      VOLUME =     254.030413
 FRACTIONAL FREE VOLUME =      84.532904
  
 CHARMM>     
  
 CHARMM>    calc c = ?volume * @factor
 Parameter: FACTOR -> "5"
 RDCMND substituted energy or value "?VOLUME" to "46.4802784"
Evaluating: 46.4802784*5
 Parameter: C <- "232.401392"
  
 CHARMM>     
  
 CHARMM>    if a .lt. -10 if a .gt. -20 if c .gt. @botarea set botarea = @c
 Parameter: BOTAREA -> "228.914402"
 Parameter: C -> "232.401392"
 Comparing "-14.8" and "-10".
 IF test evaluated as true.  Performing command
 Comparing "-14.8" and "-20".
 IF test evaluated as true.  Performing command
 Comparing "232.401392" and "228.914402".
 IF test evaluated as true.  Performing command
 Parameter: BOTAREA <- "232.401392"
  
 CHARMM>    if a .gt.  10 if a .lt.  20 if c .gt. @toparea set toparea = @c
 Parameter: TOPAREA -> "-1"
 Parameter: C -> "232.401392"
 Comparing "-14.8" and "10".
 IF test evaluated as false.  Skipping command
  
 CHARMM>     
  
 CHARMM>    write title unit 51
 RDTITL> * -14.6  232.401392
 RDTITL> *
  
 CHARMM>     
  
 CHARMM>    incr a by @dcel
 Parameter: DCEL -> "0.2"
 Parameter: A <- "-14.6"
  
 CHARMM>    incr b by @dcel
 Parameter: DCEL -> "0.2"
 Parameter: B <- "-14.4"
  
 CHARMM>    if b le ?ZMAX goto DOAREA
 RDCMND substituted energy or value "?ZMAX" to "17.1394014"
 Comparing "-14.4" and "17.1394014".
 IF test evaluated as true.  Performing command
  
 CHARMM>     
  
 CHARMM>    ! Cross sectional protein area with whole atom.
 CHARMM>    scalar wmain = radius
  
 CHARMM>    scalar wmain mult 2.5   sele resname TIP3 end
 SELRPN>      0 atoms have been selected out of    872
  
 CHARMM>    scalar wmain add  1.529 sele .not. resname TIP3 end
 SELRPN>    872 atoms have been selected out of    872
  
 CHARMM>    scalar wmain mult 0.85  sele .not. resname TIP3 end
 SELRPN>    872 atoms have been selected out of    872
  
 CHARMM>    calc zab = ( @a + @b ) / 2.0
 Parameter: A -> "-14.6"
 Parameter: B -> "-14.4"
Evaluating: (-14.6+-14.4)/2.0
 Parameter: ZAB <- "-14.5"
  
 CHARMM>     
  
 CHARMM>    coor search -
 CHARMM>         xmin @x1  xmax @x2  xgrip @xncel -
 CHARMM>         ymin @y1  ymax @y2  ygrip @yncel -
 CHARMM>         zmin @a   zmax @b   zgrip 5
 Parameter: X1 -> "-17.0826968"
 Parameter: X2 -> "17.0826968"
 Parameter: XNCEL -> "170"
 Parameter: Y1 -> "-21.9894065"
 Parameter: Y2 -> "21.9894065"
 Parameter: YNCEL -> "219"
 Parameter: A -> "-14.6"
 Parameter: B -> "-14.4"

 A TOTAL OF   157112   VACUUM POINTS WERE FOUND
 A TOTAL OF    29038 OCCUPIED POINTS WERE FOUND
 A TOTAL OF        0 EXTERNAL POINTS WERE FOUND
 A TOTAL OF   157112 SELECTED POINTS WERE FOUND
 TOTAL OCCUPIED  VOLUME =      46.877408
 TOTAL SELECTED  VOLUME =     253.633283
 TOTAL FREE      VOLUME =     253.633283
 FRACTIONAL FREE VOLUME =      84.400752
  
 CHARMM>     
  
 CHARMM>    calc c = ?volume * @factor
 Parameter: FACTOR -> "5"
 RDCMND substituted energy or value "?VOLUME" to "46.8774077"
Evaluating: 46.8774077*5
 Parameter: C <- "234.387038"
  
 CHARMM>     
  
 CHARMM>    if a .lt. -10 if a .gt. -20 if c .gt. @botarea set botarea = @c
 Parameter: BOTAREA -> "232.401392"
 Parameter: C -> "234.387038"
 Comparing "-14.6" and "-10".
 IF test evaluated as true.  Performing command
 Comparing "-14.6" and "-20".
 IF test evaluated as true.  Performing command
 Comparing "234.387038" and "232.401392".
 IF test evaluated as true.  Performing command
 Parameter: BOTAREA <- "234.387038"
  
 CHARMM>    if a .gt.  10 if a .lt.  20 if c .gt. @toparea set toparea = @c
 Parameter: TOPAREA -> "-1"
 Parameter: C -> "234.387038"
 Comparing "-14.6" and "10".
 IF test evaluated as false.  Skipping command
  
 CHARMM>     
  
 CHARMM>    write title unit 51
 RDTITL> * -14.4  234.387038
 RDTITL> *
  
 CHARMM>     
  
 CHARMM>    incr a by @dcel
 Parameter: DCEL -> "0.2"
 Parameter: A <- "-14.4"
  
 CHARMM>    incr b by @dcel
 Parameter: DCEL -> "0.2"
 Parameter: B <- "-14.2"
  
 CHARMM>    if b le ?ZMAX goto DOAREA
 RDCMND substituted energy or value "?ZMAX" to "17.1394014"
 Comparing "-14.2" and "17.1394014".
 IF test evaluated as true.  Performing command
  
 CHARMM>     
  
 CHARMM>    ! Cross sectional protein area with whole atom.
 CHARMM>    scalar wmain = radius
  
 CHARMM>    scalar wmain mult 2.5   sele resname TIP3 end
 SELRPN>      0 atoms have been selected out of    872
  
 CHARMM>    scalar wmain add  1.529 sele .not. resname TIP3 end
 SELRPN>    872 atoms have been selected out of    872
  
 CHARMM>    scalar wmain mult 0.85  sele .not. resname TIP3 end
 SELRPN>    872 atoms have been selected out of    872
  
 CHARMM>    calc zab = ( @a + @b ) / 2.0
 Parameter: A -> "-14.4"
 Parameter: B -> "-14.2"
Evaluating: (-14.4+-14.2)/2.0
 Parameter: ZAB <- "-14.3"
  
 CHARMM>     
  
 CHARMM>    coor search -
 CHARMM>         xmin @x1  xmax @x2  xgrip @xncel -
 CHARMM>         ymin @y1  ymax @y2  ygrip @yncel -
 CHARMM>         zmin @a   zmax @b   zgrip 5
 Parameter: X1 -> "-17.0826968"
 Parameter: X2 -> "17.0826968"
 Parameter: XNCEL -> "170"
 Parameter: Y1 -> "-21.9894065"
 Parameter: Y2 -> "21.9894065"
 Parameter: YNCEL -> "219"
 Parameter: A -> "-14.4"
 Parameter: B -> "-14.2"

 A TOTAL OF   156618   VACUUM POINTS WERE FOUND
 A TOTAL OF    29532 OCCUPIED POINTS WERE FOUND
 A TOTAL OF        0 EXTERNAL POINTS WERE FOUND
 A TOTAL OF   156618 SELECTED POINTS WERE FOUND
 TOTAL OCCUPIED  VOLUME =      47.674895
 TOTAL SELECTED  VOLUME =     252.835796
 TOTAL FREE      VOLUME =     252.835796
 FRACTIONAL FREE VOLUME =      84.135375
  
 CHARMM>     
  
 CHARMM>    calc c = ?volume * @factor
 Parameter: FACTOR -> "5"
 RDCMND substituted energy or value "?VOLUME" to "47.6748952"
Evaluating: 47.6748952*5
 Parameter: C <- "238.374476"
  
 CHARMM>     
  
 CHARMM>    if a .lt. -10 if a .gt. -20 if c .gt. @botarea set botarea = @c
 Parameter: BOTAREA -> "234.387038"
 Parameter: C -> "238.374476"
 Comparing "-14.4" and "-10".
 IF test evaluated as true.  Performing command
 Comparing "-14.4" and "-20".
 IF test evaluated as true.  Performing command
 Comparing "238.374476" and "234.387038".
 IF test evaluated as true.  Performing command
 Parameter: BOTAREA <- "238.374476"
  
 CHARMM>    if a .gt.  10 if a .lt.  20 if c .gt. @toparea set toparea = @c
 Parameter: TOPAREA -> "-1"
 Parameter: C -> "238.374476"
 Comparing "-14.4" and "10".
 IF test evaluated as false.  Skipping command
  
 CHARMM>     
  
 CHARMM>    write title unit 51
 RDTITL> * -14.2  238.374476
 RDTITL> *
  
 CHARMM>     
  
 CHARMM>    incr a by @dcel
 Parameter: DCEL -> "0.2"
 Parameter: A <- "-14.2"
  
 CHARMM>    incr b by @dcel
 Parameter: DCEL -> "0.2"
 Parameter: B <- "-14"
  
 CHARMM>    if b le ?ZMAX goto DOAREA
 RDCMND substituted energy or value "?ZMAX" to "17.1394014"
 Comparing "-14" and "17.1394014".
 IF test evaluated as true.  Performing command
  
 CHARMM>     
  
 CHARMM>    ! Cross sectional protein area with whole atom.
 CHARMM>    scalar wmain = radius
  
 CHARMM>    scalar wmain mult 2.5   sele resname TIP3 end
 SELRPN>      0 atoms have been selected out of    872
  
 CHARMM>    scalar wmain add  1.529 sele .not. resname TIP3 end
 SELRPN>    872 atoms have been selected out of    872
  
 CHARMM>    scalar wmain mult 0.85  sele .not. resname TIP3 end
 SELRPN>    872 atoms have been selected out of    872
  
 CHARMM>    calc zab = ( @a + @b ) / 2.0
 Parameter: A -> "-14.2"
 Parameter: B -> "-14"
Evaluating: (-14.2+-14)/2.0
 Parameter: ZAB <- "-14.1"
  
 CHARMM>     
  
 CHARMM>    coor search -
 CHARMM>         xmin @x1  xmax @x2  xgrip @xncel -
 CHARMM>         ymin @y1  ymax @y2  ygrip @yncel -
 CHARMM>         zmin @a   zmax @b   zgrip 5
 Parameter: X1 -> "-17.0826968"
 Parameter: X2 -> "17.0826968"
 Parameter: XNCEL -> "170"
 Parameter: Y1 -> "-21.9894065"
 Parameter: Y2 -> "21.9894065"
 Parameter: YNCEL -> "219"
 Parameter: A -> "-14.2"
 Parameter: B -> "-14"

 A TOTAL OF   156066   VACUUM POINTS WERE FOUND
 A TOTAL OF    30084 OCCUPIED POINTS WERE FOUND
 A TOTAL OF        0 EXTERNAL POINTS WERE FOUND
 A TOTAL OF   156066 SELECTED POINTS WERE FOUND
 TOTAL OCCUPIED  VOLUME =      48.566015
 TOTAL SELECTED  VOLUME =     251.944677
 TOTAL FREE      VOLUME =     251.944677
 FRACTIONAL FREE VOLUME =      83.838840
  
 CHARMM>     
  
 CHARMM>    calc c = ?volume * @factor
 Parameter: FACTOR -> "5"
 RDCMND substituted energy or value "?VOLUME" to "48.5660147"
Evaluating: 48.5660147*5
 Parameter: C <- "242.830073"
  
 CHARMM>     
  
 CHARMM>    if a .lt. -10 if a .gt. -20 if c .gt. @botarea set botarea = @c
 Parameter: BOTAREA -> "238.374476"
 Parameter: C -> "242.830073"
 Comparing "-14.2" and "-10".
 IF test evaluated as true.  Performing command
 Comparing "-14.2" and "-20".
 IF test evaluated as true.  Performing command
 Comparing "242.830073" and "238.374476".
 IF test evaluated as true.  Performing command
 Parameter: BOTAREA <- "242.830073"
  
 CHARMM>    if a .gt.  10 if a .lt.  20 if c .gt. @toparea set toparea = @c
 Parameter: TOPAREA -> "-1"
 Parameter: C -> "242.830073"
 Comparing "-14.2" and "10".
 IF test evaluated as false.  Skipping command
  
 CHARMM>     
  
 CHARMM>    write title unit 51
 RDTITL> * -14  242.830073
 RDTITL> *
  
 CHARMM>     
  
 CHARMM>    incr a by @dcel
 Parameter: DCEL -> "0.2"
 Parameter: A <- "-14"
  
 CHARMM>    incr b by @dcel
 Parameter: DCEL -> "0.2"
 Parameter: B <- "-13.8"
  
 CHARMM>    if b le ?ZMAX goto DOAREA
 RDCMND substituted energy or value "?ZMAX" to "17.1394014"
 Comparing "-13.8" and "17.1394014".
 IF test evaluated as true.  Performing command
  
 CHARMM>     
  
 CHARMM>    ! Cross sectional protein area with whole atom.
 CHARMM>    scalar wmain = radius
  
 CHARMM>    scalar wmain mult 2.5   sele resname TIP3 end
 SELRPN>      0 atoms have been selected out of    872
  
 CHARMM>    scalar wmain add  1.529 sele .not. resname TIP3 end
 SELRPN>    872 atoms have been selected out of    872
  
 CHARMM>    scalar wmain mult 0.85  sele .not. resname TIP3 end
 SELRPN>    872 atoms have been selected out of    872
  
 CHARMM>    calc zab = ( @a + @b ) / 2.0
 Parameter: A -> "-14"
 Parameter: B -> "-13.8"
Evaluating: (-14+-13.8)/2.0
 Parameter: ZAB <- "-13.9"
  
 CHARMM>     
  
 CHARMM>    coor search -
 CHARMM>         xmin @x1  xmax @x2  xgrip @xncel -
 CHARMM>         ymin @y1  ymax @y2  ygrip @yncel -
 CHARMM>         zmin @a   zmax @b   zgrip 5
 Parameter: X1 -> "-17.0826968"
 Parameter: X2 -> "17.0826968"
 Parameter: XNCEL -> "170"
 Parameter: Y1 -> "-21.9894065"
 Parameter: Y2 -> "21.9894065"
 Parameter: YNCEL -> "219"
 Parameter: A -> "-14"
 Parameter: B -> "-13.8"

 A TOTAL OF   155324   VACUUM POINTS WERE FOUND
 A TOTAL OF    30826 OCCUPIED POINTS WERE FOUND
 A TOTAL OF        0 EXTERNAL POINTS WERE FOUND
 A TOTAL OF   155324 SELECTED POINTS WERE FOUND
 TOTAL OCCUPIED  VOLUME =      49.763860
 TOTAL SELECTED  VOLUME =     250.746831
 TOTAL FREE      VOLUME =     250.746831
 FRACTIONAL FREE VOLUME =      83.440236
  
 CHARMM>     
  
 CHARMM>    calc c = ?volume * @factor
 Parameter: FACTOR -> "5"
 RDCMND substituted energy or value "?VOLUME" to "49.7638602"
Evaluating: 49.7638602*5
 Parameter: C <- "248.819301"
  
 CHARMM>     
  
 CHARMM>    if a .lt. -10 if a .gt. -20 if c .gt. @botarea set botarea = @c
 Parameter: BOTAREA -> "242.830073"
 Parameter: C -> "248.819301"
 Comparing "-14" and "-10".
 IF test evaluated as true.  Performing command
 Comparing "-14" and "-20".
 IF test evaluated as true.  Performing command
 Comparing "248.819301" and "242.830073".
 IF test evaluated as true.  Performing command
 Parameter: BOTAREA <- "248.819301"
  
 CHARMM>    if a .gt.  10 if a .lt.  20 if c .gt. @toparea set toparea = @c
 Parameter: TOPAREA -> "-1"
 Parameter: C -> "248.819301"
 Comparing "-14" and "10".
 IF test evaluated as false.  Skipping command
  
 CHARMM>     
  
 CHARMM>    write title unit 51
 RDTITL> * -13.8  248.819301
 RDTITL> *
  
 CHARMM>     
  
 CHARMM>    incr a by @dcel
 Parameter: DCEL -> "0.2"
 Parameter: A <- "-13.8"
  
 CHARMM>    incr b by @dcel
 Parameter: DCEL -> "0.2"
 Parameter: B <- "-13.6"
  
 CHARMM>    if b le ?ZMAX goto DOAREA
 RDCMND substituted energy or value "?ZMAX" to "17.1394014"
 Comparing "-13.6" and "17.1394014".
 IF test evaluated as true.  Performing command
  
 CHARMM>     
  
 CHARMM>    ! Cross sectional protein area with whole atom.
 CHARMM>    scalar wmain = radius
  
 CHARMM>    scalar wmain mult 2.5   sele resname TIP3 end
 SELRPN>      0 atoms have been selected out of    872
  
 CHARMM>    scalar wmain add  1.529 sele .not. resname TIP3 end
 SELRPN>    872 atoms have been selected out of    872
  
 CHARMM>    scalar wmain mult 0.85  sele .not. resname TIP3 end
 SELRPN>    872 atoms have been selected out of    872
  
 CHARMM>    calc zab = ( @a + @b ) / 2.0
 Parameter: A -> "-13.8"
 Parameter: B -> "-13.6"
Evaluating: (-13.8+-13.6)/2.0
 Parameter: ZAB <- "-13.7"
  
 CHARMM>     
  
 CHARMM>    coor search -
 CHARMM>         xmin @x1  xmax @x2  xgrip @xncel -
 CHARMM>         ymin @y1  ymax @y2  ygrip @yncel -
 CHARMM>         zmin @a   zmax @b   zgrip 5
 Parameter: X1 -> "-17.0826968"
 Parameter: X2 -> "17.0826968"
 Parameter: XNCEL -> "170"
 Parameter: Y1 -> "-21.9894065"
 Parameter: Y2 -> "21.9894065"
 Parameter: YNCEL -> "219"
 Parameter: A -> "-13.8"
 Parameter: B -> "-13.6"

 A TOTAL OF   154086   VACUUM POINTS WERE FOUND
 A TOTAL OF    32064 OCCUPIED POINTS WERE FOUND
 A TOTAL OF        0 EXTERNAL POINTS WERE FOUND
 A TOTAL OF   154086 SELECTED POINTS WERE FOUND
 TOTAL OCCUPIED  VOLUME =      51.762422
 TOTAL SELECTED  VOLUME =     248.748270
 TOTAL FREE      VOLUME =     248.748270
 FRACTIONAL FREE VOLUME =      82.775181
  
 CHARMM>     
  
 CHARMM>    calc c = ?volume * @factor
 Parameter: FACTOR -> "5"
 RDCMND substituted energy or value "?VOLUME" to "51.7624217"
Evaluating: 51.7624217*5
 Parameter: C <- "258.812108"
  
 CHARMM>     
  
 CHARMM>    if a .lt. -10 if a .gt. -20 if c .gt. @botarea set botarea = @c
 Parameter: BOTAREA -> "248.819301"
 Parameter: C -> "258.812108"
 Comparing "-13.8" and "-10".
 IF test evaluated as true.  Performing command
 Comparing "-13.8" and "-20".
 IF test evaluated as true.  Performing command
 Comparing "258.812108" and "248.819301".
 IF test evaluated as true.  Performing command
 Parameter: BOTAREA <- "258.812108"
  
 CHARMM>    if a .gt.  10 if a .lt.  20 if c .gt. @toparea set toparea = @c
 Parameter: TOPAREA -> "-1"
 Parameter: C -> "258.812108"
 Comparing "-13.8" and "10".
 IF test evaluated as false.  Skipping command
  
 CHARMM>     
  
 CHARMM>    write title unit 51
 RDTITL> * -13.6  258.812108
 RDTITL> *
  
 CHARMM>     
  
 CHARMM>    incr a by @dcel
 Parameter: DCEL -> "0.2"
 Parameter: A <- "-13.6"
  
 CHARMM>    incr b by @dcel
 Parameter: DCEL -> "0.2"
 Parameter: B <- "-13.4"
  
 CHARMM>    if b le ?ZMAX goto DOAREA
 RDCMND substituted energy or value "?ZMAX" to "17.1394014"
 Comparing "-13.4" and "17.1394014".
 IF test evaluated as true.  Performing command
  
 CHARMM>     
  
 CHARMM>    ! Cross sectional protein area with whole atom.
 CHARMM>    scalar wmain = radius
  
 CHARMM>    scalar wmain mult 2.5   sele resname TIP3 end
 SELRPN>      0 atoms have been selected out of    872
  
 CHARMM>    scalar wmain add  1.529 sele .not. resname TIP3 end
 SELRPN>    872 atoms have been selected out of    872
  
 CHARMM>    scalar wmain mult 0.85  sele .not. resname TIP3 end
 SELRPN>    872 atoms have been selected out of    872
  
 CHARMM>    calc zab = ( @a + @b ) / 2.0
 Parameter: A -> "-13.6"
 Parameter: B -> "-13.4"
Evaluating: (-13.6+-13.4)/2.0
 Parameter: ZAB <- "-13.5"
  
 CHARMM>     
  
 CHARMM>    coor search -
 CHARMM>         xmin @x1  xmax @x2  xgrip @xncel -
 CHARMM>         ymin @y1  ymax @y2  ygrip @yncel -
 CHARMM>         zmin @a   zmax @b   zgrip 5
 Parameter: X1 -> "-17.0826968"
 Parameter: X2 -> "17.0826968"
 Parameter: XNCEL -> "170"
 Parameter: Y1 -> "-21.9894065"
 Parameter: Y2 -> "21.9894065"
 Parameter: YNCEL -> "219"
 Parameter: A -> "-13.6"
 Parameter: B -> "-13.4"

 A TOTAL OF   152870   VACUUM POINTS WERE FOUND
 A TOTAL OF    33280 OCCUPIED POINTS WERE FOUND
 A TOTAL OF        0 EXTERNAL POINTS WERE FOUND
 A TOTAL OF   152870 SELECTED POINTS WERE FOUND
 TOTAL OCCUPIED  VOLUME =      53.725468
 TOTAL SELECTED  VOLUME =     246.785224
 TOTAL FREE      VOLUME =     246.785224
 FRACTIONAL FREE VOLUME =      82.121945
  
 CHARMM>     
  
 CHARMM>    calc c = ?volume * @factor
 Parameter: FACTOR -> "5"
 RDCMND substituted energy or value "?VOLUME" to "53.7254677"
Evaluating: 53.7254677*5
 Parameter: C <- "268.627339"
  
 CHARMM>     
  
 CHARMM>    if a .lt. -10 if a .gt. -20 if c .gt. @botarea set botarea = @c
 Parameter: BOTAREA -> "258.812108"
 Parameter: C -> "268.627339"
 Comparing "-13.6" and "-10".
 IF test evaluated as true.  Performing command
 Comparing "-13.6" and "-20".
 IF test evaluated as true.  Performing command
 Comparing "268.627339" and "258.812108".
 IF test evaluated as true.  Performing command
 Parameter: BOTAREA <- "268.627339"
  
 CHARMM>    if a .gt.  10 if a .lt.  20 if c .gt. @toparea set toparea = @c
 Parameter: TOPAREA -> "-1"
 Parameter: C -> "268.627339"
 Comparing "-13.6" and "10".
 IF test evaluated as false.  Skipping command
  
 CHARMM>     
  
 CHARMM>    write title unit 51
 RDTITL> * -13.4  268.627339
 RDTITL> *
  
 CHARMM>     
  
 CHARMM>    incr a by @dcel
 Parameter: DCEL -> "0.2"
 Parameter: A <- "-13.4"
  
 CHARMM>    incr b by @dcel
 Parameter: DCEL -> "0.2"
 Parameter: B <- "-13.2"
  
 CHARMM>    if b le ?ZMAX goto DOAREA
 RDCMND substituted energy or value "?ZMAX" to "17.1394014"
 Comparing "-13.2" and "17.1394014".
 IF test evaluated as true.  Performing command
  
 CHARMM>     
  
 CHARMM>    ! Cross sectional protein area with whole atom.
 CHARMM>    scalar wmain = radius
  
 CHARMM>    scalar wmain mult 2.5   sele resname TIP3 end
 SELRPN>      0 atoms have been selected out of    872
  
 CHARMM>    scalar wmain add  1.529 sele .not. resname TIP3 end
 SELRPN>    872 atoms have been selected out of    872
  
 CHARMM>    scalar wmain mult 0.85  sele .not. resname TIP3 end
 SELRPN>    872 atoms have been selected out of    872
  
 CHARMM>    calc zab = ( @a + @b ) / 2.0
 Parameter: A -> "-13.4"
 Parameter: B -> "-13.2"
Evaluating: (-13.4+-13.2)/2.0
 Parameter: ZAB <- "-13.3"
  
 CHARMM>     
  
 CHARMM>    coor search -
 CHARMM>         xmin @x1  xmax @x2  xgrip @xncel -
 CHARMM>         ymin @y1  ymax @y2  ygrip @yncel -
 CHARMM>         zmin @a   zmax @b   zgrip 5
 Parameter: X1 -> "-17.0826968"
 Parameter: X2 -> "17.0826968"
 Parameter: XNCEL -> "170"
 Parameter: Y1 -> "-21.9894065"
 Parameter: Y2 -> "21.9894065"
 Parameter: YNCEL -> "219"
 Parameter: A -> "-13.4"
 Parameter: B -> "-13.2"

 A TOTAL OF   151860   VACUUM POINTS WERE FOUND
 A TOTAL OF    34290 OCCUPIED POINTS WERE FOUND
 A TOTAL OF        0 EXTERNAL POINTS WERE FOUND
 A TOTAL OF   151860 SELECTED POINTS WERE FOUND
 TOTAL OCCUPIED  VOLUME =      55.355958
 TOTAL SELECTED  VOLUME =     245.154733
 TOTAL FREE      VOLUME =     245.154733
 FRACTIONAL FREE VOLUME =      81.579371
  
 CHARMM>     
  
 CHARMM>    calc c = ?volume * @factor
 Parameter: FACTOR -> "5"
 RDCMND substituted energy or value "?VOLUME" to "55.3559581"
Evaluating: 55.3559581*5
 Parameter: C <- "276.77979"
  
 CHARMM>     
  
 CHARMM>    if a .lt. -10 if a .gt. -20 if c .gt. @botarea set botarea = @c
 Parameter: BOTAREA -> "268.627339"
 Parameter: C -> "276.77979"
 Comparing "-13.4" and "-10".
 IF test evaluated as true.  Performing command
 Comparing "-13.4" and "-20".
 IF test evaluated as true.  Performing command
 Comparing "276.77979" and "268.627339".
 IF test evaluated as true.  Performing command
 Parameter: BOTAREA <- "276.77979"
  
 CHARMM>    if a .gt.  10 if a .lt.  20 if c .gt. @toparea set toparea = @c
 Parameter: TOPAREA -> "-1"
 Parameter: C -> "276.77979"
 Comparing "-13.4" and "10".
 IF test evaluated as false.  Skipping command
  
 CHARMM>     
  
 CHARMM>    write title unit 51
 RDTITL> * -13.2  276.77979
 RDTITL> *
  
 CHARMM>     
  
 CHARMM>    incr a by @dcel
 Parameter: DCEL -> "0.2"
 Parameter: A <- "-13.2"
  
 CHARMM>    incr b by @dcel
 Parameter: DCEL -> "0.2"
 Parameter: B <- "-13"
  
 CHARMM>    if b le ?ZMAX goto DOAREA
 RDCMND substituted energy or value "?ZMAX" to "17.1394014"
 Comparing "-13" and "17.1394014".
 IF test evaluated as true.  Performing command
  
 CHARMM>     
  
 CHARMM>    ! Cross sectional protein area with whole atom.
 CHARMM>    scalar wmain = radius
  
 CHARMM>    scalar wmain mult 2.5   sele resname TIP3 end
 SELRPN>      0 atoms have been selected out of    872
  
 CHARMM>    scalar wmain add  1.529 sele .not. resname TIP3 end
 SELRPN>    872 atoms have been selected out of    872
  
 CHARMM>    scalar wmain mult 0.85  sele .not. resname TIP3 end
 SELRPN>    872 atoms have been selected out of    872
  
 CHARMM>    calc zab = ( @a + @b ) / 2.0
 Parameter: A -> "-13.2"
 Parameter: B -> "-13"
Evaluating: (-13.2+-13)/2.0
 Parameter: ZAB <- "-13.1"
  
 CHARMM>     
  
 CHARMM>    coor search -
 CHARMM>         xmin @x1  xmax @x2  xgrip @xncel -
 CHARMM>         ymin @y1  ymax @y2  ygrip @yncel -
 CHARMM>         zmin @a   zmax @b   zgrip 5
 Parameter: X1 -> "-17.0826968"
 Parameter: X2 -> "17.0826968"
 Parameter: XNCEL -> "170"
 Parameter: Y1 -> "-21.9894065"
 Parameter: Y2 -> "21.9894065"
 Parameter: YNCEL -> "219"
 Parameter: A -> "-13.2"
 Parameter: B -> "-13"

 A TOTAL OF   150830   VACUUM POINTS WERE FOUND
 A TOTAL OF    35320 OCCUPIED POINTS WERE FOUND
 A TOTAL OF        0 EXTERNAL POINTS WERE FOUND
 A TOTAL OF   150830 SELECTED POINTS WERE FOUND
 TOTAL OCCUPIED  VOLUME =      57.018736
 TOTAL SELECTED  VOLUME =     243.491956
 TOTAL FREE      VOLUME =     243.491956
 FRACTIONAL FREE VOLUME =      81.026054
  
 CHARMM>     
  
 CHARMM>    calc c = ?volume * @factor
 Parameter: FACTOR -> "5"
 RDCMND substituted energy or value "?VOLUME" to "57.0187355"
Evaluating: 57.0187355*5
 Parameter: C <- "285.093678"
  
 CHARMM>     
  
 CHARMM>    if a .lt. -10 if a .gt. -20 if c .gt. @botarea set botarea = @c
 Parameter: BOTAREA -> "276.77979"
 Parameter: C -> "285.093678"
 Comparing "-13.2" and "-10".
 IF test evaluated as true.  Performing command
 Comparing "-13.2" and "-20".
 IF test evaluated as true.  Performing command
 Comparing "285.093678" and "276.77979".
 IF test evaluated as true.  Performing command
 Parameter: BOTAREA <- "285.093678"
  
 CHARMM>    if a .gt.  10 if a .lt.  20 if c .gt. @toparea set toparea = @c
 Parameter: TOPAREA -> "-1"
 Parameter: C -> "285.093678"
 Comparing "-13.2" and "10".
 IF test evaluated as false.  Skipping command
  
 CHARMM>     
  
 CHARMM>    write title unit 51
 RDTITL> * -13  285.093678
 RDTITL> *
  
 CHARMM>     
  
 CHARMM>    incr a by @dcel
 Parameter: DCEL -> "0.2"
 Parameter: A <- "-13"
  
 CHARMM>    incr b by @dcel
 Parameter: DCEL -> "0.2"
 Parameter: B <- "-12.8"
  
 CHARMM>    if b le ?ZMAX goto DOAREA
 RDCMND substituted energy or value "?ZMAX" to "17.1394014"
 Comparing "-12.8" and "17.1394014".
 IF test evaluated as true.  Performing command
  
 CHARMM>     
  
 CHARMM>    ! Cross sectional protein area with whole atom.
 CHARMM>    scalar wmain = radius
  
 CHARMM>    scalar wmain mult 2.5   sele resname TIP3 end
 SELRPN>      0 atoms have been selected out of    872
  
 CHARMM>    scalar wmain add  1.529 sele .not. resname TIP3 end
 SELRPN>    872 atoms have been selected out of    872
  
 CHARMM>    scalar wmain mult 0.85  sele .not. resname TIP3 end
 SELRPN>    872 atoms have been selected out of    872
  
 CHARMM>    calc zab = ( @a + @b ) / 2.0
 Parameter: A -> "-13"
 Parameter: B -> "-12.8"
Evaluating: (-13+-12.8)/2.0
 Parameter: ZAB <- "-12.9"
  
 CHARMM>     
  
 CHARMM>    coor search -
 CHARMM>         xmin @x1  xmax @x2  xgrip @xncel -
 CHARMM>         ymin @y1  ymax @y2  ygrip @yncel -
 CHARMM>         zmin @a   zmax @b   zgrip 5
 Parameter: X1 -> "-17.0826968"
 Parameter: X2 -> "17.0826968"
 Parameter: XNCEL -> "170"
 Parameter: Y1 -> "-21.9894065"
 Parameter: Y2 -> "21.9894065"
 Parameter: YNCEL -> "219"
 Parameter: A -> "-13"
 Parameter: B -> "-12.8"

 A TOTAL OF   149824   VACUUM POINTS WERE FOUND
 A TOTAL OF    36326 OCCUPIED POINTS WERE FOUND
 A TOTAL OF        0 EXTERNAL POINTS WERE FOUND
 A TOTAL OF   149824 SELECTED POINTS WERE FOUND
 TOTAL OCCUPIED  VOLUME =      58.642769
 TOTAL SELECTED  VOLUME =     241.867923
 TOTAL FREE      VOLUME =     241.867923
 FRACTIONAL FREE VOLUME =      80.485630
  
 CHARMM>     
  
 CHARMM>    calc c = ?volume * @factor
 Parameter: FACTOR -> "5"
 RDCMND substituted energy or value "?VOLUME" to "58.6427686"
Evaluating: 58.6427686*5
 Parameter: C <- "293.213843"
  
 CHARMM>     
  
 CHARMM>    if a .lt. -10 if a .gt. -20 if c .gt. @botarea set botarea = @c
 Parameter: BOTAREA -> "285.093678"
 Parameter: C -> "293.213843"
 Comparing "-13" and "-10".
 IF test evaluated as true.  Performing command
 Comparing "-13" and "-20".
 IF test evaluated as true.  Performing command
 Comparing "293.213843" and "285.093678".
 IF test evaluated as true.  Performing command
 Parameter: BOTAREA <- "293.213843"
  
 CHARMM>    if a .gt.  10 if a .lt.  20 if c .gt. @toparea set toparea = @c
 Parameter: TOPAREA -> "-1"
 Parameter: C -> "293.213843"
 Comparing "-13" and "10".
 IF test evaluated as false.  Skipping command
  
 CHARMM>     
  
 CHARMM>    write title unit 51
 RDTITL> * -12.8  293.213843
 RDTITL> *
  
 CHARMM>     
  
 CHARMM>    incr a by @dcel
 Parameter: DCEL -> "0.2"
 Parameter: A <- "-12.8"
  
 CHARMM>    incr b by @dcel
 Parameter: DCEL -> "0.2"
 Parameter: B <- "-12.6"
  
 CHARMM>    if b le ?ZMAX goto DOAREA
 RDCMND substituted energy or value "?ZMAX" to "17.1394014"
 Comparing "-12.6" and "17.1394014".
 IF test evaluated as true.  Performing command
  
 CHARMM>     
  
 CHARMM>    ! Cross sectional protein area with whole atom.
 CHARMM>    scalar wmain = radius
  
 CHARMM>    scalar wmain mult 2.5   sele resname TIP3 end
 SELRPN>      0 atoms have been selected out of    872
  
 CHARMM>    scalar wmain add  1.529 sele .not. resname TIP3 end
 SELRPN>    872 atoms have been selected out of    872
  
 CHARMM>    scalar wmain mult 0.85  sele .not. resname TIP3 end
 SELRPN>    872 atoms have been selected out of    872
  
 CHARMM>    calc zab = ( @a + @b ) / 2.0
 Parameter: A -> "-12.8"
 Parameter: B -> "-12.6"
Evaluating: (-12.8+-12.6)/2.0
 Parameter: ZAB <- "-12.7"
  
 CHARMM>     
  
 CHARMM>    coor search -
 CHARMM>         xmin @x1  xmax @x2  xgrip @xncel -
 CHARMM>         ymin @y1  ymax @y2  ygrip @yncel -
 CHARMM>         zmin @a   zmax @b   zgrip 5
 Parameter: X1 -> "-17.0826968"
 Parameter: X2 -> "17.0826968"
 Parameter: XNCEL -> "170"
 Parameter: Y1 -> "-21.9894065"
 Parameter: Y2 -> "21.9894065"
 Parameter: YNCEL -> "219"
 Parameter: A -> "-12.8"
 Parameter: B -> "-12.6"

 A TOTAL OF   148774   VACUUM POINTS WERE FOUND
 A TOTAL OF    37376 OCCUPIED POINTS WERE FOUND
 A TOTAL OF        0 EXTERNAL POINTS WERE FOUND
 A TOTAL OF   148774 SELECTED POINTS WERE FOUND
 TOTAL OCCUPIED  VOLUME =      60.337833
 TOTAL SELECTED  VOLUME =     240.172858
 TOTAL FREE      VOLUME =     240.172858
 FRACTIONAL FREE VOLUME =      79.921569
  
 CHARMM>     
  
 CHARMM>    calc c = ?volume * @factor
 Parameter: FACTOR -> "5"
 RDCMND substituted energy or value "?VOLUME" to "60.3378329"
Evaluating: 60.3378329*5
 Parameter: C <- "301.689165"
  
 CHARMM>     
  
 CHARMM>    if a .lt. -10 if a .gt. -20 if c .gt. @botarea set botarea = @c
 Parameter: BOTAREA -> "293.213843"
 Parameter: C -> "301.689165"
 Comparing "-12.8" and "-10".
 IF test evaluated as true.  Performing command
 Comparing "-12.8" and "-20".
 IF test evaluated as true.  Performing command
 Comparing "301.689165" and "293.213843".
 IF test evaluated as true.  Performing command
 Parameter: BOTAREA <- "301.689165"
  
 CHARMM>    if a .gt.  10 if a .lt.  20 if c .gt. @toparea set toparea = @c
 Parameter: TOPAREA -> "-1"
 Parameter: C -> "301.689165"
 Comparing "-12.8" and "10".
 IF test evaluated as false.  Skipping command
  
 CHARMM>     
  
 CHARMM>    write title unit 51
 RDTITL> * -12.6  301.689165
 RDTITL> *
  
 CHARMM>     
  
 CHARMM>    incr a by @dcel
 Parameter: DCEL -> "0.2"
 Parameter: A <- "-12.6"
  
 CHARMM>    incr b by @dcel
 Parameter: DCEL -> "0.2"
 Parameter: B <- "-12.4"
  
 CHARMM>    if b le ?ZMAX goto DOAREA
 RDCMND substituted energy or value "?ZMAX" to "17.1394014"
 Comparing "-12.4" and "17.1394014".
 IF test evaluated as true.  Performing command
  
 CHARMM>     
  
 CHARMM>    ! Cross sectional protein area with whole atom.
 CHARMM>    scalar wmain = radius
  
 CHARMM>    scalar wmain mult 2.5   sele resname TIP3 end
 SELRPN>      0 atoms have been selected out of    872
  
 CHARMM>    scalar wmain add  1.529 sele .not. resname TIP3 end
 SELRPN>    872 atoms have been selected out of    872
  
 CHARMM>    scalar wmain mult 0.85  sele .not. resname TIP3 end
 SELRPN>    872 atoms have been selected out of    872
  
 CHARMM>    calc zab = ( @a + @b ) / 2.0
 Parameter: A -> "-12.6"
 Parameter: B -> "-12.4"
Evaluating: (-12.6+-12.4)/2.0
 Parameter: ZAB <- "-12.5"
  
 CHARMM>     
  
 CHARMM>    coor search -
 CHARMM>         xmin @x1  xmax @x2  xgrip @xncel -
 CHARMM>         ymin @y1  ymax @y2  ygrip @yncel -
 CHARMM>         zmin @a   zmax @b   zgrip 5
 Parameter: X1 -> "-17.0826968"
 Parameter: X2 -> "17.0826968"
 Parameter: XNCEL -> "170"
 Parameter: Y1 -> "-21.9894065"
 Parameter: Y2 -> "21.9894065"
 Parameter: YNCEL -> "219"
 Parameter: A -> "-12.6"
 Parameter: B -> "-12.4"

 A TOTAL OF   147786   VACUUM POINTS WERE FOUND
 A TOTAL OF    38364 OCCUPIED POINTS WERE FOUND
 A TOTAL OF        0 EXTERNAL POINTS WERE FOUND
 A TOTAL OF   147786 SELECTED POINTS WERE FOUND
 TOTAL OCCUPIED  VOLUME =      61.932808
 TOTAL SELECTED  VOLUME =     238.577884
 TOTAL FREE      VOLUME =     238.577884
 FRACTIONAL FREE VOLUME =      79.390814
  
 CHARMM>     
  
 CHARMM>    calc c = ?volume * @factor
 Parameter: FACTOR -> "5"
 RDCMND substituted energy or value "?VOLUME" to "61.9328077"
Evaluating: 61.9328077*5
 Parameter: C <- "309.664039"
  
 CHARMM>     
  
 CHARMM>    if a .lt. -10 if a .gt. -20 if c .gt. @botarea set botarea = @c
 Parameter: BOTAREA -> "301.689165"
 Parameter: C -> "309.664039"
 Comparing "-12.6" and "-10".
 IF test evaluated as true.  Performing command
 Comparing "-12.6" and "-20".
 IF test evaluated as true.  Performing command
 Comparing "309.664039" and "301.689165".
 IF test evaluated as true.  Performing command
 Parameter: BOTAREA <- "309.664039"
  
 CHARMM>    if a .gt.  10 if a .lt.  20 if c .gt. @toparea set toparea = @c
 Parameter: TOPAREA -> "-1"
 Parameter: C -> "309.664039"
 Comparing "-12.6" and "10".
 IF test evaluated as false.  Skipping command
  
 CHARMM>     
  
 CHARMM>    write title unit 51
 RDTITL> * -12.4  309.664039
 RDTITL> *
  
 CHARMM>     
  
 CHARMM>    incr a by @dcel
 Parameter: DCEL -> "0.2"
 Parameter: A <- "-12.4"
  
 CHARMM>    incr b by @dcel
 Parameter: DCEL -> "0.2"
 Parameter: B <- "-12.2"
  
 CHARMM>    if b le ?ZMAX goto DOAREA
 RDCMND substituted energy or value "?ZMAX" to "17.1394014"
 Comparing "-12.2" and "17.1394014".
 IF test evaluated as true.  Performing command
  
 CHARMM>     
  
 CHARMM>    ! Cross sectional protein area with whole atom.
 CHARMM>    scalar wmain = radius
  
 CHARMM>    scalar wmain mult 2.5   sele resname TIP3 end
 SELRPN>      0 atoms have been selected out of    872
  
 CHARMM>    scalar wmain add  1.529 sele .not. resname TIP3 end
 SELRPN>    872 atoms have been selected out of    872
  
 CHARMM>    scalar wmain mult 0.85  sele .not. resname TIP3 end
 SELRPN>    872 atoms have been selected out of    872
  
 CHARMM>    calc zab = ( @a + @b ) / 2.0
 Parameter: A -> "-12.4"
 Parameter: B -> "-12.2"
Evaluating: (-12.4+-12.2)/2.0
 Parameter: ZAB <- "-12.3"
  
 CHARMM>     
  
 CHARMM>    coor search -
 CHARMM>         xmin @x1  xmax @x2  xgrip @xncel -
 CHARMM>         ymin @y1  ymax @y2  ygrip @yncel -
 CHARMM>         zmin @a   zmax @b   zgrip 5
 Parameter: X1 -> "-17.0826968"
 Parameter: X2 -> "17.0826968"
 Parameter: XNCEL -> "170"
 Parameter: Y1 -> "-21.9894065"
 Parameter: Y2 -> "21.9894065"
 Parameter: YNCEL -> "219"
 Parameter: A -> "-12.4"
 Parameter: B -> "-12.2"

 A TOTAL OF   146964   VACUUM POINTS WERE FOUND
 A TOTAL OF    39186 OCCUPIED POINTS WERE FOUND
 A TOTAL OF        0 EXTERNAL POINTS WERE FOUND
 A TOTAL OF   146964 SELECTED POINTS WERE FOUND
 TOTAL OCCUPIED  VOLUME =      63.259801
 TOTAL SELECTED  VOLUME =     237.250890
 TOTAL FREE      VOLUME =     237.250890
 FRACTIONAL FREE VOLUME =      78.949234
  
 CHARMM>     
  
 CHARMM>    calc c = ?volume * @factor
 Parameter: FACTOR -> "5"
 RDCMND substituted energy or value "?VOLUME" to "63.259801"
Evaluating: 63.259801*5
 Parameter: C <- "316.299005"
  
 CHARMM>     
  
 CHARMM>    if a .lt. -10 if a .gt. -20 if c .gt. @botarea set botarea = @c
 Parameter: BOTAREA -> "309.664039"
 Parameter: C -> "316.299005"
 Comparing "-12.4" and "-10".
 IF test evaluated as true.  Performing command
 Comparing "-12.4" and "-20".
 IF test evaluated as true.  Performing command
 Comparing "316.299005" and "309.664039".
 IF test evaluated as true.  Performing command
 Parameter: BOTAREA <- "316.299005"
  
 CHARMM>    if a .gt.  10 if a .lt.  20 if c .gt. @toparea set toparea = @c
 Parameter: TOPAREA -> "-1"
 Parameter: C -> "316.299005"
 Comparing "-12.4" and "10".
 IF test evaluated as false.  Skipping command
  
 CHARMM>     
  
 CHARMM>    write title unit 51
 RDTITL> * -12.2  316.299005
 RDTITL> *
  
 CHARMM>     
  
 CHARMM>    incr a by @dcel
 Parameter: DCEL -> "0.2"
 Parameter: A <- "-12.2"
  
 CHARMM>    incr b by @dcel
 Parameter: DCEL -> "0.2"
 Parameter: B <- "-12"
  
 CHARMM>    if b le ?ZMAX goto DOAREA
 RDCMND substituted energy or value "?ZMAX" to "17.1394014"
 Comparing "-12" and "17.1394014".
 IF test evaluated as true.  Performing command
  
 CHARMM>     
  
 CHARMM>    ! Cross sectional protein area with whole atom.
 CHARMM>    scalar wmain = radius
  
 CHARMM>    scalar wmain mult 2.5   sele resname TIP3 end
 SELRPN>      0 atoms have been selected out of    872
  
 CHARMM>    scalar wmain add  1.529 sele .not. resname TIP3 end
 SELRPN>    872 atoms have been selected out of    872
  
 CHARMM>    scalar wmain mult 0.85  sele .not. resname TIP3 end
 SELRPN>    872 atoms have been selected out of    872
  
 CHARMM>    calc zab = ( @a + @b ) / 2.0
 Parameter: A -> "-12.2"
 Parameter: B -> "-12"
Evaluating: (-12.2+-12)/2.0
 Parameter: ZAB <- "-12.1"
  
 CHARMM>     
  
 CHARMM>    coor search -
 CHARMM>         xmin @x1  xmax @x2  xgrip @xncel -
 CHARMM>         ymin @y1  ymax @y2  ygrip @yncel -
 CHARMM>         zmin @a   zmax @b   zgrip 5
 Parameter: X1 -> "-17.0826968"
 Parameter: X2 -> "17.0826968"
 Parameter: XNCEL -> "170"
 Parameter: Y1 -> "-21.9894065"
 Parameter: Y2 -> "21.9894065"
 Parameter: YNCEL -> "219"
 Parameter: A -> "-12.2"
 Parameter: B -> "-12"

 A TOTAL OF   145924   VACUUM POINTS WERE FOUND
 A TOTAL OF    40226 OCCUPIED POINTS WERE FOUND
 A TOTAL OF        0 EXTERNAL POINTS WERE FOUND
 A TOTAL OF   145924 SELECTED POINTS WERE FOUND
 TOTAL OCCUPIED  VOLUME =      64.938722
 TOTAL SELECTED  VOLUME =     235.571969
 TOTAL FREE      VOLUME =     235.571969
 FRACTIONAL FREE VOLUME =      78.390545
  
 CHARMM>     
  
 CHARMM>    calc c = ?volume * @factor
 Parameter: FACTOR -> "5"
 RDCMND substituted energy or value "?VOLUME" to "64.9387218"
Evaluating: 64.9387218*5
 Parameter: C <- "324.693609"
  
 CHARMM>     
  
 CHARMM>    if a .lt. -10 if a .gt. -20 if c .gt. @botarea set botarea = @c
 Parameter: BOTAREA -> "316.299005"
 Parameter: C -> "324.693609"
 Comparing "-12.2" and "-10".
 IF test evaluated as true.  Performing command
 Comparing "-12.2" and "-20".
 IF test evaluated as true.  Performing command
 Comparing "324.693609" and "316.299005".
 IF test evaluated as true.  Performing command
 Parameter: BOTAREA <- "324.693609"
  
 CHARMM>    if a .gt.  10 if a .lt.  20 if c .gt. @toparea set toparea = @c
 Parameter: TOPAREA -> "-1"
 Parameter: C -> "324.693609"
 Comparing "-12.2" and "10".
 IF test evaluated as false.  Skipping command
  
 CHARMM>     
  
 CHARMM>    write title unit 51
 RDTITL> * -12  324.693609
 RDTITL> *
  
 CHARMM>     
  
 CHARMM>    incr a by @dcel
 Parameter: DCEL -> "0.2"
 Parameter: A <- "-12"
  
 CHARMM>    incr b by @dcel
 Parameter: DCEL -> "0.2"
 Parameter: B <- "-11.8"
  
 CHARMM>    if b le ?ZMAX goto DOAREA
 RDCMND substituted energy or value "?ZMAX" to "17.1394014"
 Comparing "-11.8" and "17.1394014".
 IF test evaluated as true.  Performing command
  
 CHARMM>     
  
 CHARMM>    ! Cross sectional protein area with whole atom.
 CHARMM>    scalar wmain = radius
  
 CHARMM>    scalar wmain mult 2.5   sele resname TIP3 end
 SELRPN>      0 atoms have been selected out of    872
  
 CHARMM>    scalar wmain add  1.529 sele .not. resname TIP3 end
 SELRPN>    872 atoms have been selected out of    872
  
 CHARMM>    scalar wmain mult 0.85  sele .not. resname TIP3 end
 SELRPN>    872 atoms have been selected out of    872
  
 CHARMM>    calc zab = ( @a + @b ) / 2.0
 Parameter: A -> "-12"
 Parameter: B -> "-11.8"
Evaluating: (-12+-11.8)/2.0
 Parameter: ZAB <- "-11.9"
  
 CHARMM>     
  
 CHARMM>    coor search -
 CHARMM>         xmin @x1  xmax @x2  xgrip @xncel -
 CHARMM>         ymin @y1  ymax @y2  ygrip @yncel -
 CHARMM>         zmin @a   zmax @b   zgrip 5
 Parameter: X1 -> "-17.0826968"
 Parameter: X2 -> "17.0826968"
 Parameter: XNCEL -> "170"
 Parameter: Y1 -> "-21.9894065"
 Parameter: Y2 -> "21.9894065"
 Parameter: YNCEL -> "219"
 Parameter: A -> "-12"
 Parameter: B -> "-11.8"

 A TOTAL OF   144890   VACUUM POINTS WERE FOUND
 A TOTAL OF    41260 OCCUPIED POINTS WERE FOUND
 A TOTAL OF        0 EXTERNAL POINTS WERE FOUND
 A TOTAL OF   144890 SELECTED POINTS WERE FOUND
 TOTAL OCCUPIED  VOLUME =      66.607957
 TOTAL SELECTED  VOLUME =     233.902735
 TOTAL FREE      VOLUME =     233.902735
 FRACTIONAL FREE VOLUME =      77.835079
  
 CHARMM>     
  
 CHARMM>    calc c = ?volume * @factor
 Parameter: FACTOR -> "5"
 RDCMND substituted energy or value "?VOLUME" to "66.6079566"
Evaluating: 66.6079566*5
 Parameter: C <- "333.039783"
  
 CHARMM>     
  
 CHARMM>    if a .lt. -10 if a .gt. -20 if c .gt. @botarea set botarea = @c
 Parameter: BOTAREA -> "324.693609"
 Parameter: C -> "333.039783"
 Comparing "-12" and "-10".
 IF test evaluated as true.  Performing command
 Comparing "-12" and "-20".
 IF test evaluated as true.  Performing command
 Comparing "333.039783" and "324.693609".
 IF test evaluated as true.  Performing command
 Parameter: BOTAREA <- "333.039783"
  
 CHARMM>    if a .gt.  10 if a .lt.  20 if c .gt. @toparea set toparea = @c
 Parameter: TOPAREA -> "-1"
 Parameter: C -> "333.039783"
 Comparing "-12" and "10".
 IF test evaluated as false.  Skipping command
  
 CHARMM>     
  
 CHARMM>    write title unit 51
 RDTITL> * -11.8  333.039783
 RDTITL> *
  
 CHARMM>     
  
 CHARMM>    incr a by @dcel
 Parameter: DCEL -> "0.2"
 Parameter: A <- "-11.8"
  
 CHARMM>    incr b by @dcel
 Parameter: DCEL -> "0.2"
 Parameter: B <- "-11.6"
  
 CHARMM>    if b le ?ZMAX goto DOAREA
 RDCMND substituted energy or value "?ZMAX" to "17.1394014"
 Comparing "-11.6" and "17.1394014".
 IF test evaluated as true.  Performing command
  
 CHARMM>     
  
 CHARMM>    ! Cross sectional protein area with whole atom.
 CHARMM>    scalar wmain = radius
  
 CHARMM>    scalar wmain mult 2.5   sele resname TIP3 end
 SELRPN>      0 atoms have been selected out of    872
  
 CHARMM>    scalar wmain add  1.529 sele .not. resname TIP3 end
 SELRPN>    872 atoms have been selected out of    872
  
 CHARMM>    scalar wmain mult 0.85  sele .not. resname TIP3 end
 SELRPN>    872 atoms have been selected out of    872
  
 CHARMM>    calc zab = ( @a + @b ) / 2.0
 Parameter: A -> "-11.8"
 Parameter: B -> "-11.6"
Evaluating: (-11.8+-11.6)/2.0
 Parameter: ZAB <- "-11.7"
  
 CHARMM>     
  
 CHARMM>    coor search -
 CHARMM>         xmin @x1  xmax @x2  xgrip @xncel -
 CHARMM>         ymin @y1  ymax @y2  ygrip @yncel -
 CHARMM>         zmin @a   zmax @b   zgrip 5
 Parameter: X1 -> "-17.0826968"
 Parameter: X2 -> "17.0826968"
 Parameter: XNCEL -> "170"
 Parameter: Y1 -> "-21.9894065"
 Parameter: Y2 -> "21.9894065"
 Parameter: YNCEL -> "219"
 Parameter: A -> "-11.8"
 Parameter: B -> "-11.6"

 A TOTAL OF   144034   VACUUM POINTS WERE FOUND
 A TOTAL OF    42116 OCCUPIED POINTS WERE FOUND
 A TOTAL OF        0 EXTERNAL POINTS WERE FOUND
 A TOTAL OF   144034 SELECTED POINTS WERE FOUND
 TOTAL OCCUPIED  VOLUME =      67.989838
 TOTAL SELECTED  VOLUME =     232.520854
 TOTAL FREE      VOLUME =     232.520854
 FRACTIONAL FREE VOLUME =      77.375235
  
 CHARMM>     
  
 CHARMM>    calc c = ?volume * @factor
 Parameter: FACTOR -> "5"
 RDCMND substituted energy or value "?VOLUME" to "67.9898376"
Evaluating: 67.9898376*5
 Parameter: C <- "339.949188"
  
 CHARMM>     
  
 CHARMM>    if a .lt. -10 if a .gt. -20 if c .gt. @botarea set botarea = @c
 Parameter: BOTAREA -> "333.039783"
 Parameter: C -> "339.949188"
 Comparing "-11.8" and "-10".
 IF test evaluated as true.  Performing command
 Comparing "-11.8" and "-20".
 IF test evaluated as true.  Performing command
 Comparing "339.949188" and "333.039783".
 IF test evaluated as true.  Performing command
 Parameter: BOTAREA <- "339.949188"
  
 CHARMM>    if a .gt.  10 if a .lt.  20 if c .gt. @toparea set toparea = @c
 Parameter: TOPAREA -> "-1"
 Parameter: C -> "339.949188"
 Comparing "-11.8" and "10".
 IF test evaluated as false.  Skipping command
  
 CHARMM>     
  
 CHARMM>    write title unit 51
 RDTITL> * -11.6  339.949188
 RDTITL> *
  
 CHARMM>     
  
 CHARMM>    incr a by @dcel
 Parameter: DCEL -> "0.2"
 Parameter: A <- "-11.6"
  
 CHARMM>    incr b by @dcel
 Parameter: DCEL -> "0.2"
 Parameter: B <- "-11.4"
  
 CHARMM>    if b le ?ZMAX goto DOAREA
 RDCMND substituted energy or value "?ZMAX" to "17.1394014"
 Comparing "-11.4" and "17.1394014".
 IF test evaluated as true.  Performing command
  
 CHARMM>     
  
 CHARMM>    ! Cross sectional protein area with whole atom.
 CHARMM>    scalar wmain = radius
  
 CHARMM>    scalar wmain mult 2.5   sele resname TIP3 end
 SELRPN>      0 atoms have been selected out of    872
  
 CHARMM>    scalar wmain add  1.529 sele .not. resname TIP3 end
 SELRPN>    872 atoms have been selected out of    872
  
 CHARMM>    scalar wmain mult 0.85  sele .not. resname TIP3 end
 SELRPN>    872 atoms have been selected out of    872
  
 CHARMM>    calc zab = ( @a + @b ) / 2.0
 Parameter: A -> "-11.6"
 Parameter: B -> "-11.4"
Evaluating: (-11.6+-11.4)/2.0
 Parameter: ZAB <- "-11.5"
  
 CHARMM>     
  
 CHARMM>    coor search -
 CHARMM>         xmin @x1  xmax @x2  xgrip @xncel -
 CHARMM>         ymin @y1  ymax @y2  ygrip @yncel -
 CHARMM>         zmin @a   zmax @b   zgrip 5
 Parameter: X1 -> "-17.0826968"
 Parameter: X2 -> "17.0826968"
 Parameter: XNCEL -> "170"
 Parameter: Y1 -> "-21.9894065"
 Parameter: Y2 -> "21.9894065"
 Parameter: YNCEL -> "219"
 Parameter: A -> "-11.6"
 Parameter: B -> "-11.4"

 A TOTAL OF   143120   VACUUM POINTS WERE FOUND
 A TOTAL OF    43030 OCCUPIED POINTS WERE FOUND
 A TOTAL OF        0 EXTERNAL POINTS WERE FOUND
 A TOTAL OF   143120 SELECTED POINTS WERE FOUND
 TOTAL OCCUPIED  VOLUME =      69.465351
 TOTAL SELECTED  VOLUME =     231.045340
 TOTAL FREE      VOLUME =     231.045340
 FRACTIONAL FREE VOLUME =      76.884233
  
 CHARMM>     
  
 CHARMM>    calc c = ?volume * @factor
 Parameter: FACTOR -> "5"
 RDCMND substituted energy or value "?VOLUME" to "69.4653508"
Evaluating: 69.4653508*5
 Parameter: C <- "347.326754"
  
 CHARMM>     
  
 CHARMM>    if a .lt. -10 if a .gt. -20 if c .gt. @botarea set botarea = @c
 Parameter: BOTAREA -> "339.949188"
 Parameter: C -> "347.326754"
 Comparing "-11.6" and "-10".
 IF test evaluated as true.  Performing command
 Comparing "-11.6" and "-20".
 IF test evaluated as true.  Performing command
 Comparing "347.326754" and "339.949188".
 IF test evaluated as true.  Performing command
 Parameter: BOTAREA <- "347.326754"
  
 CHARMM>    if a .gt.  10 if a .lt.  20 if c .gt. @toparea set toparea = @c
 Parameter: TOPAREA -> "-1"
 Parameter: C -> "347.326754"
 Comparing "-11.6" and "10".
 IF test evaluated as false.  Skipping command
  
 CHARMM>     
  
 CHARMM>    write title unit 51
 RDTITL> * -11.4  347.326754
 RDTITL> *
  
 CHARMM>     
  
 CHARMM>    incr a by @dcel
 Parameter: DCEL -> "0.2"
 Parameter: A <- "-11.4"
  
 CHARMM>    incr b by @dcel
 Parameter: DCEL -> "0.2"
 Parameter: B <- "-11.2"
  
 CHARMM>    if b le ?ZMAX goto DOAREA
 RDCMND substituted energy or value "?ZMAX" to "17.1394014"
 Comparing "-11.2" and "17.1394014".
 IF test evaluated as true.  Performing command
  
 CHARMM>     
  
 CHARMM>    ! Cross sectional protein area with whole atom.
 CHARMM>    scalar wmain = radius
  
 CHARMM>    scalar wmain mult 2.5   sele resname TIP3 end
 SELRPN>      0 atoms have been selected out of    872
  
 CHARMM>    scalar wmain add  1.529 sele .not. resname TIP3 end
 SELRPN>    872 atoms have been selected out of    872
  
 CHARMM>    scalar wmain mult 0.85  sele .not. resname TIP3 end
 SELRPN>    872 atoms have been selected out of    872
  
 CHARMM>    calc zab = ( @a + @b ) / 2.0
 Parameter: A -> "-11.4"
 Parameter: B -> "-11.2"
Evaluating: (-11.4+-11.2)/2.0
 Parameter: ZAB <- "-11.3"
  
 CHARMM>     
  
 CHARMM>    coor search -
 CHARMM>         xmin @x1  xmax @x2  xgrip @xncel -
 CHARMM>         ymin @y1  ymax @y2  ygrip @yncel -
 CHARMM>         zmin @a   zmax @b   zgrip 5
 Parameter: X1 -> "-17.0826968"
 Parameter: X2 -> "17.0826968"
 Parameter: XNCEL -> "170"
 Parameter: Y1 -> "-21.9894065"
 Parameter: Y2 -> "21.9894065"
 Parameter: YNCEL -> "219"
 Parameter: A -> "-11.4"
 Parameter: B -> "-11.2"

 A TOTAL OF   142228   VACUUM POINTS WERE FOUND
 A TOTAL OF    43922 OCCUPIED POINTS WERE FOUND
 A TOTAL OF        0 EXTERNAL POINTS WERE FOUND
 A TOTAL OF   142228 SELECTED POINTS WERE FOUND
 TOTAL OCCUPIED  VOLUME =      70.905348
 TOTAL SELECTED  VOLUME =     229.605343
 TOTAL FREE      VOLUME =     229.605343
 FRACTIONAL FREE VOLUME =      76.405050
  
 CHARMM>     
  
 CHARMM>    calc c = ?volume * @factor
 Parameter: FACTOR -> "5"
 RDCMND substituted energy or value "?VOLUME" to "70.9053483"
Evaluating: 70.9053483*5
 Parameter: C <- "354.526742"
  
 CHARMM>     
  
 CHARMM>    if a .lt. -10 if a .gt. -20 if c .gt. @botarea set botarea = @c
 Parameter: BOTAREA -> "347.326754"
 Parameter: C -> "354.526742"
 Comparing "-11.4" and "-10".
 IF test evaluated as true.  Performing command
 Comparing "-11.4" and "-20".
 IF test evaluated as true.  Performing command
 Comparing "354.526742" and "347.326754".
 IF test evaluated as true.  Performing command
 Parameter: BOTAREA <- "354.526742"
  
 CHARMM>    if a .gt.  10 if a .lt.  20 if c .gt. @toparea set toparea = @c
 Parameter: TOPAREA -> "-1"
 Parameter: C -> "354.526742"
 Comparing "-11.4" and "10".
 IF test evaluated as false.  Skipping command
  
 CHARMM>     
  
 CHARMM>    write title unit 51
 RDTITL> * -11.2  354.526742
 RDTITL> *
  
 CHARMM>     
  
 CHARMM>    incr a by @dcel
 Parameter: DCEL -> "0.2"
 Parameter: A <- "-11.2"
  
 CHARMM>    incr b by @dcel
 Parameter: DCEL -> "0.2"
 Parameter: B <- "-11"
  
 CHARMM>    if b le ?ZMAX goto DOAREA
 RDCMND substituted energy or value "?ZMAX" to "17.1394014"
 Comparing "-11" and "17.1394014".
 IF test evaluated as true.  Performing command
  
 CHARMM>     
  
 CHARMM>    ! Cross sectional protein area with whole atom.
 CHARMM>    scalar wmain = radius
  
 CHARMM>    scalar wmain mult 2.5   sele resname TIP3 end
 SELRPN>      0 atoms have been selected out of    872
  
 CHARMM>    scalar wmain add  1.529 sele .not. resname TIP3 end
 SELRPN>    872 atoms have been selected out of    872
  
 CHARMM>    scalar wmain mult 0.85  sele .not. resname TIP3 end
 SELRPN>    872 atoms have been selected out of    872
  
 CHARMM>    calc zab = ( @a + @b ) / 2.0
 Parameter: A -> "-11.2"
 Parameter: B -> "-11"
Evaluating: (-11.2+-11)/2.0
 Parameter: ZAB <- "-11.1"
  
 CHARMM>     
  
 CHARMM>    coor search -
 CHARMM>         xmin @x1  xmax @x2  xgrip @xncel -
 CHARMM>         ymin @y1  ymax @y2  ygrip @yncel -
 CHARMM>         zmin @a   zmax @b   zgrip 5
 Parameter: X1 -> "-17.0826968"
 Parameter: X2 -> "17.0826968"
 Parameter: XNCEL -> "170"
 Parameter: Y1 -> "-21.9894065"
 Parameter: Y2 -> "21.9894065"
 Parameter: YNCEL -> "219"
 Parameter: A -> "-11.2"
 Parameter: B -> "-11"

 A TOTAL OF   141326   VACUUM POINTS WERE FOUND
 A TOTAL OF    44824 OCCUPIED POINTS WERE FOUND
 A TOTAL OF        0 EXTERNAL POINTS WERE FOUND
 A TOTAL OF   141326 SELECTED POINTS WERE FOUND
 TOTAL OCCUPIED  VOLUME =      72.361489
 TOTAL SELECTED  VOLUME =     228.149202
 TOTAL FREE      VOLUME =     228.149202
 FRACTIONAL FREE VOLUME =      75.920494
  
 CHARMM>     
  
 CHARMM>    calc c = ?volume * @factor
 Parameter: FACTOR -> "5"
 RDCMND substituted energy or value "?VOLUME" to "72.3614893"
Evaluating: 72.3614893*5
 Parameter: C <- "361.807447"
  
 CHARMM>     
  
 CHARMM>    if a .lt. -10 if a .gt. -20 if c .gt. @botarea set botarea = @c
 Parameter: BOTAREA -> "354.526742"
 Parameter: C -> "361.807447"
 Comparing "-11.2" and "-10".
 IF test evaluated as true.  Performing command
 Comparing "-11.2" and "-20".
 IF test evaluated as true.  Performing command
 Comparing "361.807447" and "354.526742".
 IF test evaluated as true.  Performing command
 Parameter: BOTAREA <- "361.807447"
  
 CHARMM>    if a .gt.  10 if a .lt.  20 if c .gt. @toparea set toparea = @c
 Parameter: TOPAREA -> "-1"
 Parameter: C -> "361.807447"
 Comparing "-11.2" and "10".
 IF test evaluated as false.  Skipping command
  
 CHARMM>     
  
 CHARMM>    write title unit 51
 RDTITL> * -11  361.807447
 RDTITL> *
  
 CHARMM>     
  
 CHARMM>    incr a by @dcel
 Parameter: DCEL -> "0.2"
 Parameter: A <- "-11"
  
 CHARMM>    incr b by @dcel
 Parameter: DCEL -> "0.2"
 Parameter: B <- "-10.8"
  
 CHARMM>    if b le ?ZMAX goto DOAREA
 RDCMND substituted energy or value "?ZMAX" to "17.1394014"
 Comparing "-10.8" and "17.1394014".
 IF test evaluated as true.  Performing command
  
 CHARMM>     
  
 CHARMM>    ! Cross sectional protein area with whole atom.
 CHARMM>    scalar wmain = radius
  
 CHARMM>    scalar wmain mult 2.5   sele resname TIP3 end
 SELRPN>      0 atoms have been selected out of    872
  
 CHARMM>    scalar wmain add  1.529 sele .not. resname TIP3 end
 SELRPN>    872 atoms have been selected out of    872
  
 CHARMM>    scalar wmain mult 0.85  sele .not. resname TIP3 end
 SELRPN>    872 atoms have been selected out of    872
  
 CHARMM>    calc zab = ( @a + @b ) / 2.0
 Parameter: A -> "-11"
 Parameter: B -> "-10.8"
Evaluating: (-11+-10.8)/2.0
 Parameter: ZAB <- "-10.9"
  
 CHARMM>     
  
 CHARMM>    coor search -
 CHARMM>         xmin @x1  xmax @x2  xgrip @xncel -
 CHARMM>         ymin @y1  ymax @y2  ygrip @yncel -
 CHARMM>         zmin @a   zmax @b   zgrip 5
 Parameter: X1 -> "-17.0826968"
 Parameter: X2 -> "17.0826968"
 Parameter: XNCEL -> "170"
 Parameter: Y1 -> "-21.9894065"
 Parameter: Y2 -> "21.9894065"
 Parameter: YNCEL -> "219"
 Parameter: A -> "-11"
 Parameter: B -> "-10.8"

 A TOTAL OF   140434   VACUUM POINTS WERE FOUND
 A TOTAL OF    45716 OCCUPIED POINTS WERE FOUND
 A TOTAL OF        0 EXTERNAL POINTS WERE FOUND
 A TOTAL OF   140434 SELECTED POINTS WERE FOUND
 TOTAL OCCUPIED  VOLUME =      73.801487
 TOTAL SELECTED  VOLUME =     226.709204
 TOTAL FREE      VOLUME =     226.709204
 FRACTIONAL FREE VOLUME =      75.441311
  
 CHARMM>     
  
 CHARMM>    calc c = ?volume * @factor
 Parameter: FACTOR -> "5"
 RDCMND substituted energy or value "?VOLUME" to "73.8014868"
Evaluating: 73.8014868*5
 Parameter: C <- "369.007434"
  
 CHARMM>     
  
 CHARMM>    if a .lt. -10 if a .gt. -20 if c .gt. @botarea set botarea = @c
 Parameter: BOTAREA -> "361.807447"
 Parameter: C -> "369.007434"
 Comparing "-11" and "-10".
 IF test evaluated as true.  Performing command
 Comparing "-11" and "-20".
 IF test evaluated as true.  Performing command
 Comparing "369.007434" and "361.807447".
 IF test evaluated as true.  Performing command
 Parameter: BOTAREA <- "369.007434"
  
 CHARMM>    if a .gt.  10 if a .lt.  20 if c .gt. @toparea set toparea = @c
 Parameter: TOPAREA -> "-1"
 Parameter: C -> "369.007434"
 Comparing "-11" and "10".
 IF test evaluated as false.  Skipping command
  
 CHARMM>     
  
 CHARMM>    write title unit 51
 RDTITL> * -10.8  369.007434
 RDTITL> *
  
 CHARMM>     
  
 CHARMM>    incr a by @dcel
 Parameter: DCEL -> "0.2"
 Parameter: A <- "-10.8"
  
 CHARMM>    incr b by @dcel
 Parameter: DCEL -> "0.2"
 Parameter: B <- "-10.6"
  
 CHARMM>    if b le ?ZMAX goto DOAREA
 RDCMND substituted energy or value "?ZMAX" to "17.1394014"
 Comparing "-10.6" and "17.1394014".
 IF test evaluated as true.  Performing command
  
 CHARMM>     
  
 CHARMM>    ! Cross sectional protein area with whole atom.
 CHARMM>    scalar wmain = radius
  
 CHARMM>    scalar wmain mult 2.5   sele resname TIP3 end
 SELRPN>      0 atoms have been selected out of    872
  
 CHARMM>    scalar wmain add  1.529 sele .not. resname TIP3 end
 SELRPN>    872 atoms have been selected out of    872
  
 CHARMM>    scalar wmain mult 0.85  sele .not. resname TIP3 end
 SELRPN>    872 atoms have been selected out of    872
  
 CHARMM>    calc zab = ( @a + @b ) / 2.0
 Parameter: A -> "-10.8"
 Parameter: B -> "-10.6"
Evaluating: (-10.8+-10.6)/2.0
 Parameter: ZAB <- "-10.7"
  
 CHARMM>     
  
 CHARMM>    coor search -
 CHARMM>         xmin @x1  xmax @x2  xgrip @xncel -
 CHARMM>         ymin @y1  ymax @y2  ygrip @yncel -
 CHARMM>         zmin @a   zmax @b   zgrip 5
 Parameter: X1 -> "-17.0826968"
 Parameter: X2 -> "17.0826968"
 Parameter: XNCEL -> "170"
 Parameter: Y1 -> "-21.9894065"
 Parameter: Y2 -> "21.9894065"
 Parameter: YNCEL -> "219"
 Parameter: A -> "-10.8"
 Parameter: B -> "-10.6"

 A TOTAL OF   139366   VACUUM POINTS WERE FOUND
 A TOTAL OF    46784 OCCUPIED POINTS WERE FOUND
 A TOTAL OF        0 EXTERNAL POINTS WERE FOUND
 A TOTAL OF   139366 SELECTED POINTS WERE FOUND
 TOTAL OCCUPIED  VOLUME =      75.525609
 TOTAL SELECTED  VOLUME =     224.985082
 TOTAL FREE      VOLUME =     224.985082
 FRACTIONAL FREE VOLUME =      74.867580
  
 CHARMM>     
  
 CHARMM>    calc c = ?volume * @factor
 Parameter: FACTOR -> "5"
 RDCMND substituted energy or value "?VOLUME" to "75.5256093"
Evaluating: 75.5256093*5
 Parameter: C <- "377.628046"
  
 CHARMM>     
  
 CHARMM>    if a .lt. -10 if a .gt. -20 if c .gt. @botarea set botarea = @c
 Parameter: BOTAREA -> "369.007434"
 Parameter: C -> "377.628046"
 Comparing "-10.8" and "-10".
 IF test evaluated as true.  Performing command
 Comparing "-10.8" and "-20".
 IF test evaluated as true.  Performing command
 Comparing "377.628046" and "369.007434".
 IF test evaluated as true.  Performing command
 Parameter: BOTAREA <- "377.628046"
  
 CHARMM>    if a .gt.  10 if a .lt.  20 if c .gt. @toparea set toparea = @c
 Parameter: TOPAREA -> "-1"
 Parameter: C -> "377.628046"
 Comparing "-10.8" and "10".
 IF test evaluated as false.  Skipping command
  
 CHARMM>     
  
 CHARMM>    write title unit 51
 RDTITL> * -10.6  377.628046
 RDTITL> *
  
 CHARMM>     
  
 CHARMM>    incr a by @dcel
 Parameter: DCEL -> "0.2"
 Parameter: A <- "-10.6"
  
 CHARMM>    incr b by @dcel
 Parameter: DCEL -> "0.2"
 Parameter: B <- "-10.4"
  
 CHARMM>    if b le ?ZMAX goto DOAREA
 RDCMND substituted energy or value "?ZMAX" to "17.1394014"
 Comparing "-10.4" and "17.1394014".
 IF test evaluated as true.  Performing command
  
 CHARMM>     
  
 CHARMM>    ! Cross sectional protein area with whole atom.
 CHARMM>    scalar wmain = radius
  
 CHARMM>    scalar wmain mult 2.5   sele resname TIP3 end
 SELRPN>      0 atoms have been selected out of    872
  
 CHARMM>    scalar wmain add  1.529 sele .not. resname TIP3 end
 SELRPN>    872 atoms have been selected out of    872
  
 CHARMM>    scalar wmain mult 0.85  sele .not. resname TIP3 end
 SELRPN>    872 atoms have been selected out of    872
  
 CHARMM>    calc zab = ( @a + @b ) / 2.0
 Parameter: A -> "-10.6"
 Parameter: B -> "-10.4"
Evaluating: (-10.6+-10.4)/2.0
 Parameter: ZAB <- "-10.5"
  
 CHARMM>     
  
 CHARMM>    coor search -
 CHARMM>         xmin @x1  xmax @x2  xgrip @xncel -
 CHARMM>         ymin @y1  ymax @y2  ygrip @yncel -
 CHARMM>         zmin @a   zmax @b   zgrip 5
 Parameter: X1 -> "-17.0826968"
 Parameter: X2 -> "17.0826968"
 Parameter: XNCEL -> "170"
 Parameter: Y1 -> "-21.9894065"
 Parameter: Y2 -> "21.9894065"
 Parameter: YNCEL -> "219"
 Parameter: A -> "-10.6"
 Parameter: B -> "-10.4"

 A TOTAL OF   138436   VACUUM POINTS WERE FOUND
 A TOTAL OF    47714 OCCUPIED POINTS WERE FOUND
 A TOTAL OF        0 EXTERNAL POINTS WERE FOUND
 A TOTAL OF   138436 SELECTED POINTS WERE FOUND
 TOTAL OCCUPIED  VOLUME =      77.026952
 TOTAL SELECTED  VOLUME =     223.483739
 TOTAL FREE      VOLUME =     223.483739
 FRACTIONAL FREE VOLUME =      74.367983
  
 CHARMM>     
  
 CHARMM>    calc c = ?volume * @factor
 Parameter: FACTOR -> "5"
 RDCMND substituted energy or value "?VOLUME" to "77.026952"
Evaluating: 77.026952*5
 Parameter: C <- "385.13476"
  
 CHARMM>     
  
 CHARMM>    if a .lt. -10 if a .gt. -20 if c .gt. @botarea set botarea = @c
 Parameter: BOTAREA -> "377.628046"
 Parameter: C -> "385.13476"
 Comparing "-10.6" and "-10".
 IF test evaluated as true.  Performing command
 Comparing "-10.6" and "-20".
 IF test evaluated as true.  Performing command
 Comparing "385.13476" and "377.628046".
 IF test evaluated as true.  Performing command
 Parameter: BOTAREA <- "385.13476"
  
 CHARMM>    if a .gt.  10 if a .lt.  20 if c .gt. @toparea set toparea = @c
 Parameter: TOPAREA -> "-1"
 Parameter: C -> "385.13476"
 Comparing "-10.6" and "10".
 IF test evaluated as false.  Skipping command
  
 CHARMM>     
  
 CHARMM>    write title unit 51
 RDTITL> * -10.4  385.13476
 RDTITL> *
  
 CHARMM>     
  
 CHARMM>    incr a by @dcel
 Parameter: DCEL -> "0.2"
 Parameter: A <- "-10.4"
  
 CHARMM>    incr b by @dcel
 Parameter: DCEL -> "0.2"
 Parameter: B <- "-10.2"
  
 CHARMM>    if b le ?ZMAX goto DOAREA
 RDCMND substituted energy or value "?ZMAX" to "17.1394014"
 Comparing "-10.2" and "17.1394014".
 IF test evaluated as true.  Performing command
  
 CHARMM>     
  
 CHARMM>    ! Cross sectional protein area with whole atom.
 CHARMM>    scalar wmain = radius
  
 CHARMM>    scalar wmain mult 2.5   sele resname TIP3 end
 SELRPN>      0 atoms have been selected out of    872
  
 CHARMM>    scalar wmain add  1.529 sele .not. resname TIP3 end
 SELRPN>    872 atoms have been selected out of    872
  
 CHARMM>    scalar wmain mult 0.85  sele .not. resname TIP3 end
 SELRPN>    872 atoms have been selected out of    872
  
 CHARMM>    calc zab = ( @a + @b ) / 2.0
 Parameter: A -> "-10.4"
 Parameter: B -> "-10.2"
Evaluating: (-10.4+-10.2)/2.0
 Parameter: ZAB <- "-10.3"
  
 CHARMM>     
  
 CHARMM>    coor search -
 CHARMM>         xmin @x1  xmax @x2  xgrip @xncel -
 CHARMM>         ymin @y1  ymax @y2  ygrip @yncel -
 CHARMM>         zmin @a   zmax @b   zgrip 5
 Parameter: X1 -> "-17.0826968"
 Parameter: X2 -> "17.0826968"
 Parameter: XNCEL -> "170"
 Parameter: Y1 -> "-21.9894065"
 Parameter: Y2 -> "21.9894065"
 Parameter: YNCEL -> "219"
 Parameter: A -> "-10.4"
 Parameter: B -> "-10.2"

 A TOTAL OF   137756   VACUUM POINTS WERE FOUND
 A TOTAL OF    48394 OCCUPIED POINTS WERE FOUND
 A TOTAL OF        0 EXTERNAL POINTS WERE FOUND
 A TOTAL OF   137756 SELECTED POINTS WERE FOUND
 TOTAL OCCUPIED  VOLUME =      78.124708
 TOTAL SELECTED  VOLUME =     222.385983
 TOTAL FREE      VOLUME =     222.385983
 FRACTIONAL FREE VOLUME =      74.002686
  
 CHARMM>     
  
 CHARMM>    calc c = ?volume * @factor
 Parameter: FACTOR -> "5"
 RDCMND substituted energy or value "?VOLUME" to "78.124708"
Evaluating: 78.124708*5
 Parameter: C <- "390.62354"
  
 CHARMM>     
  
 CHARMM>    if a .lt. -10 if a .gt. -20 if c .gt. @botarea set botarea = @c
 Parameter: BOTAREA -> "385.13476"
 Parameter: C -> "390.62354"
 Comparing "-10.4" and "-10".
 IF test evaluated as true.  Performing command
 Comparing "-10.4" and "-20".
 IF test evaluated as true.  Performing command
 Comparing "390.62354" and "385.13476".
 IF test evaluated as true.  Performing command
 Parameter: BOTAREA <- "390.62354"
  
 CHARMM>    if a .gt.  10 if a .lt.  20 if c .gt. @toparea set toparea = @c
 Parameter: TOPAREA -> "-1"
 Parameter: C -> "390.62354"
 Comparing "-10.4" and "10".
 IF test evaluated as false.  Skipping command
  
 CHARMM>     
  
 CHARMM>    write title unit 51
 RDTITL> * -10.2  390.62354
 RDTITL> *
  
 CHARMM>     
  
 CHARMM>    incr a by @dcel
 Parameter: DCEL -> "0.2"
 Parameter: A <- "-10.2"
  
 CHARMM>    incr b by @dcel
 Parameter: DCEL -> "0.2"
 Parameter: B <- "-10"
  
 CHARMM>    if b le ?ZMAX goto DOAREA
 RDCMND substituted energy or value "?ZMAX" to "17.1394014"
 Comparing "-10" and "17.1394014".
 IF test evaluated as true.  Performing command
  
 CHARMM>     
  
 CHARMM>    ! Cross sectional protein area with whole atom.
 CHARMM>    scalar wmain = radius
  
 CHARMM>    scalar wmain mult 2.5   sele resname TIP3 end
 SELRPN>      0 atoms have been selected out of    872
  
 CHARMM>    scalar wmain add  1.529 sele .not. resname TIP3 end
 SELRPN>    872 atoms have been selected out of    872
  
 CHARMM>    scalar wmain mult 0.85  sele .not. resname TIP3 end
 SELRPN>    872 atoms have been selected out of    872
  
 CHARMM>    calc zab = ( @a + @b ) / 2.0
 Parameter: A -> "-10.2"
 Parameter: B -> "-10"
Evaluating: (-10.2+-10)/2.0
 Parameter: ZAB <- "-10.1"
  
 CHARMM>     
  
 CHARMM>    coor search -
 CHARMM>         xmin @x1  xmax @x2  xgrip @xncel -
 CHARMM>         ymin @y1  ymax @y2  ygrip @yncel -
 CHARMM>         zmin @a   zmax @b   zgrip 5
 Parameter: X1 -> "-17.0826968"
 Parameter: X2 -> "17.0826968"
 Parameter: XNCEL -> "170"
 Parameter: Y1 -> "-21.9894065"
 Parameter: Y2 -> "21.9894065"
 Parameter: YNCEL -> "219"
 Parameter: A -> "-10.2"
 Parameter: B -> "-10"

 A TOTAL OF   137056   VACUUM POINTS WERE FOUND
 A TOTAL OF    49094 OCCUPIED POINTS WERE FOUND
 A TOTAL OF        0 EXTERNAL POINTS WERE FOUND
 A TOTAL OF   137056 SELECTED POINTS WERE FOUND
 TOTAL OCCUPIED  VOLUME =      79.254751
 TOTAL SELECTED  VOLUME =     221.255940
 TOTAL FREE      VOLUME =     221.255940
 FRACTIONAL FREE VOLUME =      73.626645
  
 CHARMM>     
  
 CHARMM>    calc c = ?volume * @factor
 Parameter: FACTOR -> "5"
 RDCMND substituted energy or value "?VOLUME" to "79.2547509"
Evaluating: 79.2547509*5
 Parameter: C <- "396.273754"
  
 CHARMM>     
  
 CHARMM>    if a .lt. -10 if a .gt. -20 if c .gt. @botarea set botarea = @c
 Parameter: BOTAREA -> "390.62354"
 Parameter: C -> "396.273754"
 Comparing "-10.2" and "-10".
 IF test evaluated as true.  Performing command
 Comparing "-10.2" and "-20".
 IF test evaluated as true.  Performing command
 Comparing "396.273754" and "390.62354".
 IF test evaluated as true.  Performing command
 Parameter: BOTAREA <- "396.273754"
  
 CHARMM>    if a .gt.  10 if a .lt.  20 if c .gt. @toparea set toparea = @c
 Parameter: TOPAREA -> "-1"
 Parameter: C -> "396.273754"
 Comparing "-10.2" and "10".
 IF test evaluated as false.  Skipping command
  
 CHARMM>     
  
 CHARMM>    write title unit 51
 RDTITL> * -10  396.273754
 RDTITL> *
  
 CHARMM>     
  
 CHARMM>    incr a by @dcel
 Parameter: DCEL -> "0.2"
 Parameter: A <- "-10"
  
 CHARMM>    incr b by @dcel
 Parameter: DCEL -> "0.2"
 Parameter: B <- "-9.8"
  
 CHARMM>    if b le ?ZMAX goto DOAREA
 RDCMND substituted energy or value "?ZMAX" to "17.1394014"
 Comparing "-9.8" and "17.1394014".
 IF test evaluated as true.  Performing command
  
 CHARMM>     
  
 CHARMM>    ! Cross sectional protein area with whole atom.
 CHARMM>    scalar wmain = radius
  
 CHARMM>    scalar wmain mult 2.5   sele resname TIP3 end
 SELRPN>      0 atoms have been selected out of    872
  
 CHARMM>    scalar wmain add  1.529 sele .not. resname TIP3 end
 SELRPN>    872 atoms have been selected out of    872
  
 CHARMM>    scalar wmain mult 0.85  sele .not. resname TIP3 end
 SELRPN>    872 atoms have been selected out of    872
  
 CHARMM>    calc zab = ( @a + @b ) / 2.0
 Parameter: A -> "-10"
 Parameter: B -> "-9.8"
Evaluating: (-10+-9.8)/2.0
 Parameter: ZAB <- "-9.9"
  
 CHARMM>     
  
 CHARMM>    coor search -
 CHARMM>         xmin @x1  xmax @x2  xgrip @xncel -
 CHARMM>         ymin @y1  ymax @y2  ygrip @yncel -
 CHARMM>         zmin @a   zmax @b   zgrip 5
 Parameter: X1 -> "-17.0826968"
 Parameter: X2 -> "17.0826968"
 Parameter: XNCEL -> "170"
 Parameter: Y1 -> "-21.9894065"
 Parameter: Y2 -> "21.9894065"
 Parameter: YNCEL -> "219"
 Parameter: A -> "-10"
 Parameter: B -> "-9.8"

 A TOTAL OF   136506   VACUUM POINTS WERE FOUND
 A TOTAL OF    49644 OCCUPIED POINTS WERE FOUND
 A TOTAL OF        0 EXTERNAL POINTS WERE FOUND
 A TOTAL OF   136506 SELECTED POINTS WERE FOUND
 TOTAL OCCUPIED  VOLUME =      80.142642
 TOTAL SELECTED  VOLUME =     220.368050
 TOTAL FREE      VOLUME =     220.368050
 FRACTIONAL FREE VOLUME =      73.331185
  
 CHARMM>     
  
 CHARMM>    calc c = ?volume * @factor
 Parameter: FACTOR -> "5"
 RDCMND substituted energy or value "?VOLUME" to "80.1426417"
Evaluating: 80.1426417*5
 Parameter: C <- "400.713209"
  
 CHARMM>     
  
 CHARMM>    if a .lt. -10 if a .gt. -20 if c .gt. @botarea set botarea = @c
 Parameter: BOTAREA -> "396.273754"
 Parameter: C -> "400.713209"
 Comparing "-10" and "-10".
 IF test evaluated as false.  Skipping command
  
 CHARMM>    if a .gt.  10 if a .lt.  20 if c .gt. @toparea set toparea = @c
 Parameter: TOPAREA -> "-1"
 Parameter: C -> "400.713209"
 Comparing "-10" and "10".
 IF test evaluated as false.  Skipping command
  
 CHARMM>     
  
 CHARMM>    write title unit 51
 RDTITL> * -9.8  400.713209
 RDTITL> *
  
 CHARMM>     
  
 CHARMM>    incr a by @dcel
 Parameter: DCEL -> "0.2"
 Parameter: A <- "-9.8"
  
 CHARMM>    incr b by @dcel
 Parameter: DCEL -> "0.2"
 Parameter: B <- "-9.6"
  
 CHARMM>    if b le ?ZMAX goto DOAREA
 RDCMND substituted energy or value "?ZMAX" to "17.1394014"
 Comparing "-9.6" and "17.1394014".
 IF test evaluated as true.  Performing command
  
 CHARMM>     
  
 CHARMM>    ! Cross sectional protein area with whole atom.
 CHARMM>    scalar wmain = radius
  
 CHARMM>    scalar wmain mult 2.5   sele resname TIP3 end
 SELRPN>      0 atoms have been selected out of    872
  
 CHARMM>    scalar wmain add  1.529 sele .not. resname TIP3 end
 SELRPN>    872 atoms have been selected out of    872
  
 CHARMM>    scalar wmain mult 0.85  sele .not. resname TIP3 end
 SELRPN>    872 atoms have been selected out of    872
  
 CHARMM>    calc zab = ( @a + @b ) / 2.0
 Parameter: A -> "-9.8"
 Parameter: B -> "-9.6"
Evaluating: (-9.8+-9.6)/2.0
 Parameter: ZAB <- "-9.7"
  
 CHARMM>     
  
 CHARMM>    coor search -
 CHARMM>         xmin @x1  xmax @x2  xgrip @xncel -
 CHARMM>         ymin @y1  ymax @y2  ygrip @yncel -
 CHARMM>         zmin @a   zmax @b   zgrip 5
 Parameter: X1 -> "-17.0826968"
 Parameter: X2 -> "17.0826968"
 Parameter: XNCEL -> "170"
 Parameter: Y1 -> "-21.9894065"
 Parameter: Y2 -> "21.9894065"
 Parameter: YNCEL -> "219"
 Parameter: A -> "-9.8"
 Parameter: B -> "-9.6"

 A TOTAL OF   136136   VACUUM POINTS WERE FOUND
 A TOTAL OF    50014 OCCUPIED POINTS WERE FOUND
 A TOTAL OF        0 EXTERNAL POINTS WERE FOUND
 A TOTAL OF   136136 SELECTED POINTS WERE FOUND
 TOTAL OCCUPIED  VOLUME =      80.739950
 TOTAL SELECTED  VOLUME =     219.770741
 TOTAL FREE      VOLUME =     219.770741
 FRACTIONAL FREE VOLUME =      73.132420
  
 CHARMM>     
  
 CHARMM>    calc c = ?volume * @factor
 Parameter: FACTOR -> "5"
 RDCMND substituted energy or value "?VOLUME" to "80.7399501"
Evaluating: 80.7399501*5
 Parameter: C <- "403.69975"
  
 CHARMM>     
  
 CHARMM>    if a .lt. -10 if a .gt. -20 if c .gt. @botarea set botarea = @c
 Parameter: BOTAREA -> "396.273754"
 Parameter: C -> "403.69975"
 Comparing "-9.8" and "-10".
 IF test evaluated as false.  Skipping command
  
 CHARMM>    if a .gt.  10 if a .lt.  20 if c .gt. @toparea set toparea = @c
 Parameter: TOPAREA -> "-1"
 Parameter: C -> "403.69975"
 Comparing "-9.8" and "10".
 IF test evaluated as false.  Skipping command
  
 CHARMM>     
  
 CHARMM>    write title unit 51
 RDTITL> * -9.6  403.69975
 RDTITL> *
  
 CHARMM>     
  
 CHARMM>    incr a by @dcel
 Parameter: DCEL -> "0.2"
 Parameter: A <- "-9.6"
  
 CHARMM>    incr b by @dcel
 Parameter: DCEL -> "0.2"
 Parameter: B <- "-9.4"
  
 CHARMM>    if b le ?ZMAX goto DOAREA
 RDCMND substituted energy or value "?ZMAX" to "17.1394014"
 Comparing "-9.4" and "17.1394014".
 IF test evaluated as true.  Performing command
  
 CHARMM>     
  
 CHARMM>    ! Cross sectional protein area with whole atom.
 CHARMM>    scalar wmain = radius
  
 CHARMM>    scalar wmain mult 2.5   sele resname TIP3 end
 SELRPN>      0 atoms have been selected out of    872
  
 CHARMM>    scalar wmain add  1.529 sele .not. resname TIP3 end
 SELRPN>    872 atoms have been selected out of    872
  
 CHARMM>    scalar wmain mult 0.85  sele .not. resname TIP3 end
 SELRPN>    872 atoms have been selected out of    872
  
 CHARMM>    calc zab = ( @a + @b ) / 2.0
 Parameter: A -> "-9.6"
 Parameter: B -> "-9.4"
Evaluating: (-9.6+-9.4)/2.0
 Parameter: ZAB <- "-9.5"
  
 CHARMM>     
  
 CHARMM>    coor search -
 CHARMM>         xmin @x1  xmax @x2  xgrip @xncel -
 CHARMM>         ymin @y1  ymax @y2  ygrip @yncel -
 CHARMM>         zmin @a   zmax @b   zgrip 5
 Parameter: X1 -> "-17.0826968"
 Parameter: X2 -> "17.0826968"
 Parameter: XNCEL -> "170"
 Parameter: Y1 -> "-21.9894065"
 Parameter: Y2 -> "21.9894065"
 Parameter: YNCEL -> "219"
 Parameter: A -> "-9.6"
 Parameter: B -> "-9.4"

 A TOTAL OF   135950   VACUUM POINTS WERE FOUND
 A TOTAL OF    50200 OCCUPIED POINTS WERE FOUND
 A TOTAL OF        0 EXTERNAL POINTS WERE FOUND
 A TOTAL OF   135950 SELECTED POINTS WERE FOUND
 TOTAL OCCUPIED  VOLUME =      81.040219
 TOTAL SELECTED  VOLUME =     219.470473
 TOTAL FREE      VOLUME =     219.470473
 FRACTIONAL FREE VOLUME =      73.032501
  
 CHARMM>     
  
 CHARMM>    calc c = ?volume * @factor
 Parameter: FACTOR -> "5"
 RDCMND substituted energy or value "?VOLUME" to "81.0402186"
Evaluating: 81.0402186*5
 Parameter: C <- "405.201093"
  
 CHARMM>     
  
 CHARMM>    if a .lt. -10 if a .gt. -20 if c .gt. @botarea set botarea = @c
 Parameter: BOTAREA -> "396.273754"
 Parameter: C -> "405.201093"
 Comparing "-9.6" and "-10".
 IF test evaluated as false.  Skipping command
  
 CHARMM>    if a .gt.  10 if a .lt.  20 if c .gt. @toparea set toparea = @c
 Parameter: TOPAREA -> "-1"
 Parameter: C -> "405.201093"
 Comparing "-9.6" and "10".
 IF test evaluated as false.  Skipping command
  
 CHARMM>     
  
 CHARMM>    write title unit 51
 RDTITL> * -9.4  405.201093
 RDTITL> *
  
 CHARMM>     
  
 CHARMM>    incr a by @dcel
 Parameter: DCEL -> "0.2"
 Parameter: A <- "-9.4"
  
 CHARMM>    incr b by @dcel
 Parameter: DCEL -> "0.2"
 Parameter: B <- "-9.2"
  
 CHARMM>    if b le ?ZMAX goto DOAREA
 RDCMND substituted energy or value "?ZMAX" to "17.1394014"
 Comparing "-9.2" and "17.1394014".
 IF test evaluated as true.  Performing command
  
 CHARMM>     
  
 CHARMM>    ! Cross sectional protein area with whole atom.
 CHARMM>    scalar wmain = radius
  
 CHARMM>    scalar wmain mult 2.5   sele resname TIP3 end
 SELRPN>      0 atoms have been selected out of    872
  
 CHARMM>    scalar wmain add  1.529 sele .not. resname TIP3 end
 SELRPN>    872 atoms have been selected out of    872
  
 CHARMM>    scalar wmain mult 0.85  sele .not. resname TIP3 end
 SELRPN>    872 atoms have been selected out of    872
  
 CHARMM>    calc zab = ( @a + @b ) / 2.0
 Parameter: A -> "-9.4"
 Parameter: B -> "-9.2"
Evaluating: (-9.4+-9.2)/2.0
 Parameter: ZAB <- "-9.3"
  
 CHARMM>     
  
 CHARMM>    coor search -
 CHARMM>         xmin @x1  xmax @x2  xgrip @xncel -
 CHARMM>         ymin @y1  ymax @y2  ygrip @yncel -
 CHARMM>         zmin @a   zmax @b   zgrip 5
 Parameter: X1 -> "-17.0826968"
 Parameter: X2 -> "17.0826968"
 Parameter: XNCEL -> "170"
 Parameter: Y1 -> "-21.9894065"
 Parameter: Y2 -> "21.9894065"
 Parameter: YNCEL -> "219"
 Parameter: A -> "-9.4"
 Parameter: B -> "-9.2"

 A TOTAL OF   135852   VACUUM POINTS WERE FOUND
 A TOTAL OF    50298 OCCUPIED POINTS WERE FOUND
 A TOTAL OF        0 EXTERNAL POINTS WERE FOUND
 A TOTAL OF   135852 SELECTED POINTS WERE FOUND
 TOTAL OCCUPIED  VOLUME =      81.198425
 TOTAL SELECTED  VOLUME =     219.312267
 TOTAL FREE      VOLUME =     219.312267
 FRACTIONAL FREE VOLUME =      72.979855
  
 CHARMM>     
  
 CHARMM>    calc c = ?volume * @factor
 Parameter: FACTOR -> "5"
 RDCMND substituted energy or value "?VOLUME" to "81.1984246"
Evaluating: 81.1984246*5
 Parameter: C <- "405.992123"
  
 CHARMM>     
  
 CHARMM>    if a .lt. -10 if a .gt. -20 if c .gt. @botarea set botarea = @c
 Parameter: BOTAREA -> "396.273754"
 Parameter: C -> "405.992123"
 Comparing "-9.4" and "-10".
 IF test evaluated as false.  Skipping command
  
 CHARMM>    if a .gt.  10 if a .lt.  20 if c .gt. @toparea set toparea = @c
 Parameter: TOPAREA -> "-1"
 Parameter: C -> "405.992123"
 Comparing "-9.4" and "10".
 IF test evaluated as false.  Skipping command
  
 CHARMM>     
  
 CHARMM>    write title unit 51
 RDTITL> * -9.2  405.992123
 RDTITL> *
  
 CHARMM>     
  
 CHARMM>    incr a by @dcel
 Parameter: DCEL -> "0.2"
 Parameter: A <- "-9.2"
  
 CHARMM>    incr b by @dcel
 Parameter: DCEL -> "0.2"
 Parameter: B <- "-9"
  
 CHARMM>    if b le ?ZMAX goto DOAREA
 RDCMND substituted energy or value "?ZMAX" to "17.1394014"
 Comparing "-9" and "17.1394014".
 IF test evaluated as true.  Performing command
  
 CHARMM>     
  
 CHARMM>    ! Cross sectional protein area with whole atom.
 CHARMM>    scalar wmain = radius
  
 CHARMM>    scalar wmain mult 2.5   sele resname TIP3 end
 SELRPN>      0 atoms have been selected out of    872
  
 CHARMM>    scalar wmain add  1.529 sele .not. resname TIP3 end
 SELRPN>    872 atoms have been selected out of    872
  
 CHARMM>    scalar wmain mult 0.85  sele .not. resname TIP3 end
 SELRPN>    872 atoms have been selected out of    872
  
 CHARMM>    calc zab = ( @a + @b ) / 2.0
 Parameter: A -> "-9.2"
 Parameter: B -> "-9"
Evaluating: (-9.2+-9)/2.0
 Parameter: ZAB <- "-9.1"
  
 CHARMM>     
  
 CHARMM>    coor search -
 CHARMM>         xmin @x1  xmax @x2  xgrip @xncel -
 CHARMM>         ymin @y1  ymax @y2  ygrip @yncel -
 CHARMM>         zmin @a   zmax @b   zgrip 5
 Parameter: X1 -> "-17.0826968"
 Parameter: X2 -> "17.0826968"
 Parameter: XNCEL -> "170"
 Parameter: Y1 -> "-21.9894065"
 Parameter: Y2 -> "21.9894065"
 Parameter: YNCEL -> "219"
 Parameter: A -> "-9.2"
 Parameter: B -> "-9"

 A TOTAL OF   135698   VACUUM POINTS WERE FOUND
 A TOTAL OF    50452 OCCUPIED POINTS WERE FOUND
 A TOTAL OF        0 EXTERNAL POINTS WERE FOUND
 A TOTAL OF   135698 SELECTED POINTS WERE FOUND
 TOTAL OCCUPIED  VOLUME =      81.447034
 TOTAL SELECTED  VOLUME =     219.063657
 TOTAL FREE      VOLUME =     219.063657
 FRACTIONAL FREE VOLUME =      72.897126
  
 CHARMM>     
  
 CHARMM>    calc c = ?volume * @factor
 Parameter: FACTOR -> "5"
 RDCMND substituted energy or value "?VOLUME" to "81.4470341"
Evaluating: 81.4470341*5
 Parameter: C <- "407.23517"
  
 CHARMM>     
  
 CHARMM>    if a .lt. -10 if a .gt. -20 if c .gt. @botarea set botarea = @c
 Parameter: BOTAREA -> "396.273754"
 Parameter: C -> "407.23517"
 Comparing "-9.2" and "-10".
 IF test evaluated as false.  Skipping command
  
 CHARMM>    if a .gt.  10 if a .lt.  20 if c .gt. @toparea set toparea = @c
 Parameter: TOPAREA -> "-1"
 Parameter: C -> "407.23517"
 Comparing "-9.2" and "10".
 IF test evaluated as false.  Skipping command
  
 CHARMM>     
  
 CHARMM>    write title unit 51
 RDTITL> * -9  407.23517
 RDTITL> *
  
 CHARMM>     
  
 CHARMM>    incr a by @dcel
 Parameter: DCEL -> "0.2"
 Parameter: A <- "-9"
  
 CHARMM>    incr b by @dcel
 Parameter: DCEL -> "0.2"
 Parameter: B <- "-8.8"
  
 CHARMM>    if b le ?ZMAX goto DOAREA
 RDCMND substituted energy or value "?ZMAX" to "17.1394014"
 Comparing "-8.8" and "17.1394014".
 IF test evaluated as true.  Performing command
  
 CHARMM>     
  
 CHARMM>    ! Cross sectional protein area with whole atom.
 CHARMM>    scalar wmain = radius
  
 CHARMM>    scalar wmain mult 2.5   sele resname TIP3 end
 SELRPN>      0 atoms have been selected out of    872
  
 CHARMM>    scalar wmain add  1.529 sele .not. resname TIP3 end
 SELRPN>    872 atoms have been selected out of    872
  
 CHARMM>    scalar wmain mult 0.85  sele .not. resname TIP3 end
 SELRPN>    872 atoms have been selected out of    872
  
 CHARMM>    calc zab = ( @a + @b ) / 2.0
 Parameter: A -> "-9"
 Parameter: B -> "-8.8"
Evaluating: (-9+-8.8)/2.0
 Parameter: ZAB <- "-8.9"
  
 CHARMM>     
  
 CHARMM>    coor search -
 CHARMM>         xmin @x1  xmax @x2  xgrip @xncel -
 CHARMM>         ymin @y1  ymax @y2  ygrip @yncel -
 CHARMM>         zmin @a   zmax @b   zgrip 5
 Parameter: X1 -> "-17.0826968"
 Parameter: X2 -> "17.0826968"
 Parameter: XNCEL -> "170"
 Parameter: Y1 -> "-21.9894065"
 Parameter: Y2 -> "21.9894065"
 Parameter: YNCEL -> "219"
 Parameter: A -> "-9"
 Parameter: B -> "-8.8"

 A TOTAL OF   135764   VACUUM POINTS WERE FOUND
 A TOTAL OF    50386 OCCUPIED POINTS WERE FOUND
 A TOTAL OF        0 EXTERNAL POINTS WERE FOUND
 A TOTAL OF   135764 SELECTED POINTS WERE FOUND
 TOTAL OCCUPIED  VOLUME =      81.340487
 TOTAL SELECTED  VOLUME =     219.170204
 TOTAL FREE      VOLUME =     219.170204
 FRACTIONAL FREE VOLUME =      72.932581
  
 CHARMM>     
  
 CHARMM>    calc c = ?volume * @factor
 Parameter: FACTOR -> "5"
 RDCMND substituted energy or value "?VOLUME" to "81.3404872"
Evaluating: 81.3404872*5
 Parameter: C <- "406.702436"
  
 CHARMM>     
  
 CHARMM>    if a .lt. -10 if a .gt. -20 if c .gt. @botarea set botarea = @c
 Parameter: BOTAREA -> "396.273754"
 Parameter: C -> "406.702436"
 Comparing "-9" and "-10".
 IF test evaluated as false.  Skipping command
  
 CHARMM>    if a .gt.  10 if a .lt.  20 if c .gt. @toparea set toparea = @c
 Parameter: TOPAREA -> "-1"
 Parameter: C -> "406.702436"
 Comparing "-9" and "10".
 IF test evaluated as false.  Skipping command
  
 CHARMM>     
  
 CHARMM>    write title unit 51
 RDTITL> * -8.8  406.702436
 RDTITL> *
  
 CHARMM>     
  
 CHARMM>    incr a by @dcel
 Parameter: DCEL -> "0.2"
 Parameter: A <- "-8.8"
  
 CHARMM>    incr b by @dcel
 Parameter: DCEL -> "0.2"
 Parameter: B <- "-8.6"
  
 CHARMM>    if b le ?ZMAX goto DOAREA
 RDCMND substituted energy or value "?ZMAX" to "17.1394014"
 Comparing "-8.6" and "17.1394014".
 IF test evaluated as true.  Performing command
  
 CHARMM>     
  
 CHARMM>    ! Cross sectional protein area with whole atom.
 CHARMM>    scalar wmain = radius
  
 CHARMM>    scalar wmain mult 2.5   sele resname TIP3 end
 SELRPN>      0 atoms have been selected out of    872
  
 CHARMM>    scalar wmain add  1.529 sele .not. resname TIP3 end
 SELRPN>    872 atoms have been selected out of    872
  
 CHARMM>    scalar wmain mult 0.85  sele .not. resname TIP3 end
 SELRPN>    872 atoms have been selected out of    872
  
 CHARMM>    calc zab = ( @a + @b ) / 2.0
 Parameter: A -> "-8.8"
 Parameter: B -> "-8.6"
Evaluating: (-8.8+-8.6)/2.0
 Parameter: ZAB <- "-8.7"
  
 CHARMM>     
  
 CHARMM>    coor search -
 CHARMM>         xmin @x1  xmax @x2  xgrip @xncel -
 CHARMM>         ymin @y1  ymax @y2  ygrip @yncel -
 CHARMM>         zmin @a   zmax @b   zgrip 5
 Parameter: X1 -> "-17.0826968"
 Parameter: X2 -> "17.0826968"
 Parameter: XNCEL -> "170"
 Parameter: Y1 -> "-21.9894065"
 Parameter: Y2 -> "21.9894065"
 Parameter: YNCEL -> "219"
 Parameter: A -> "-8.8"
 Parameter: B -> "-8.6"

 A TOTAL OF   135806   VACUUM POINTS WERE FOUND
 A TOTAL OF    50344 OCCUPIED POINTS WERE FOUND
 A TOTAL OF        0 EXTERNAL POINTS WERE FOUND
 A TOTAL OF   135806 SELECTED POINTS WERE FOUND
 TOTAL OCCUPIED  VOLUME =      81.272685
 TOTAL SELECTED  VOLUME =     219.238007
 TOTAL FREE      VOLUME =     219.238007
 FRACTIONAL FREE VOLUME =      72.955144
  
 CHARMM>     
  
 CHARMM>    calc c = ?volume * @factor
 Parameter: FACTOR -> "5"
 RDCMND substituted energy or value "?VOLUME" to "81.2726846"
Evaluating: 81.2726846*5
 Parameter: C <- "406.363423"
  
 CHARMM>     
  
 CHARMM>    if a .lt. -10 if a .gt. -20 if c .gt. @botarea set botarea = @c
 Parameter: BOTAREA -> "396.273754"
 Parameter: C -> "406.363423"
 Comparing "-8.8" and "-10".
 IF test evaluated as false.  Skipping command
  
 CHARMM>    if a .gt.  10 if a .lt.  20 if c .gt. @toparea set toparea = @c
 Parameter: TOPAREA -> "-1"
 Parameter: C -> "406.363423"
 Comparing "-8.8" and "10".
 IF test evaluated as false.  Skipping command
  
 CHARMM>     
  
 CHARMM>    write title unit 51
 RDTITL> * -8.6  406.363423
 RDTITL> *
  
 CHARMM>     
  
 CHARMM>    incr a by @dcel
 Parameter: DCEL -> "0.2"
 Parameter: A <- "-8.6"
  
 CHARMM>    incr b by @dcel
 Parameter: DCEL -> "0.2"
 Parameter: B <- "-8.4"
  
 CHARMM>    if b le ?ZMAX goto DOAREA
 RDCMND substituted energy or value "?ZMAX" to "17.1394014"
 Comparing "-8.4" and "17.1394014".
 IF test evaluated as true.  Performing command
  
 CHARMM>     
  
 CHARMM>    ! Cross sectional protein area with whole atom.
 CHARMM>    scalar wmain = radius
  
 CHARMM>    scalar wmain mult 2.5   sele resname TIP3 end
 SELRPN>      0 atoms have been selected out of    872
  
 CHARMM>    scalar wmain add  1.529 sele .not. resname TIP3 end
 SELRPN>    872 atoms have been selected out of    872
  
 CHARMM>    scalar wmain mult 0.85  sele .not. resname TIP3 end
 SELRPN>    872 atoms have been selected out of    872
  
 CHARMM>    calc zab = ( @a + @b ) / 2.0
 Parameter: A -> "-8.6"
 Parameter: B -> "-8.4"
Evaluating: (-8.6+-8.4)/2.0
 Parameter: ZAB <- "-8.5"
  
 CHARMM>     
  
 CHARMM>    coor search -
 CHARMM>         xmin @x1  xmax @x2  xgrip @xncel -
 CHARMM>         ymin @y1  ymax @y2  ygrip @yncel -
 CHARMM>         zmin @a   zmax @b   zgrip 5
 Parameter: X1 -> "-17.0826968"
 Parameter: X2 -> "17.0826968"
 Parameter: XNCEL -> "170"
 Parameter: Y1 -> "-21.9894065"
 Parameter: Y2 -> "21.9894065"
 Parameter: YNCEL -> "219"
 Parameter: A -> "-8.6"
 Parameter: B -> "-8.4"

 A TOTAL OF   136012   VACUUM POINTS WERE FOUND
 A TOTAL OF    50138 OCCUPIED POINTS WERE FOUND
 A TOTAL OF        0 EXTERNAL POINTS WERE FOUND
 A TOTAL OF   136012 SELECTED POINTS WERE FOUND
 TOTAL OCCUPIED  VOLUME =      80.940129
 TOTAL SELECTED  VOLUME =     219.570562
 TOTAL FREE      VOLUME =     219.570562
 FRACTIONAL FREE VOLUME =      73.065807
  
 CHARMM>     
  
 CHARMM>    calc c = ?volume * @factor
 Parameter: FACTOR -> "5"
 RDCMND substituted energy or value "?VOLUME" to "80.9401291"
Evaluating: 80.9401291*5
 Parameter: C <- "404.700645"
  
 CHARMM>     
  
 CHARMM>    if a .lt. -10 if a .gt. -20 if c .gt. @botarea set botarea = @c
 Parameter: BOTAREA -> "396.273754"
 Parameter: C -> "404.700645"
 Comparing "-8.6" and "-10".
 IF test evaluated as false.  Skipping command
  
 CHARMM>    if a .gt.  10 if a .lt.  20 if c .gt. @toparea set toparea = @c
 Parameter: TOPAREA -> "-1"
 Parameter: C -> "404.700645"
 Comparing "-8.6" and "10".
 IF test evaluated as false.  Skipping command
  
 CHARMM>     
  
 CHARMM>    write title unit 51
 RDTITL> * -8.4  404.700645
 RDTITL> *
  
 CHARMM>     
  
 CHARMM>    incr a by @dcel
 Parameter: DCEL -> "0.2"
 Parameter: A <- "-8.4"
  
 CHARMM>    incr b by @dcel
 Parameter: DCEL -> "0.2"
 Parameter: B <- "-8.2"
  
 CHARMM>    if b le ?ZMAX goto DOAREA
 RDCMND substituted energy or value "?ZMAX" to "17.1394014"
 Comparing "-8.2" and "17.1394014".
 IF test evaluated as true.  Performing command
  
 CHARMM>     
  
 CHARMM>    ! Cross sectional protein area with whole atom.
 CHARMM>    scalar wmain = radius
  
 CHARMM>    scalar wmain mult 2.5   sele resname TIP3 end
 SELRPN>      0 atoms have been selected out of    872
  
 CHARMM>    scalar wmain add  1.529 sele .not. resname TIP3 end
 SELRPN>    872 atoms have been selected out of    872
  
 CHARMM>    scalar wmain mult 0.85  sele .not. resname TIP3 end
 SELRPN>    872 atoms have been selected out of    872
  
 CHARMM>    calc zab = ( @a + @b ) / 2.0
 Parameter: A -> "-8.4"
 Parameter: B -> "-8.2"
Evaluating: (-8.4+-8.2)/2.0
 Parameter: ZAB <- "-8.3"
  
 CHARMM>     
  
 CHARMM>    coor search -
 CHARMM>         xmin @x1  xmax @x2  xgrip @xncel -
 CHARMM>         ymin @y1  ymax @y2  ygrip @yncel -
 CHARMM>         zmin @a   zmax @b   zgrip 5
 Parameter: X1 -> "-17.0826968"
 Parameter: X2 -> "17.0826968"
 Parameter: XNCEL -> "170"
 Parameter: Y1 -> "-21.9894065"
 Parameter: Y2 -> "21.9894065"
 Parameter: YNCEL -> "219"
 Parameter: A -> "-8.4"
 Parameter: B -> "-8.2"

 A TOTAL OF   136300   VACUUM POINTS WERE FOUND
 A TOTAL OF    49850 OCCUPIED POINTS WERE FOUND
 A TOTAL OF        0 EXTERNAL POINTS WERE FOUND
 A TOTAL OF   136300 SELECTED POINTS WERE FOUND
 TOTAL OCCUPIED  VOLUME =      80.475197
 TOTAL SELECTED  VOLUME =     220.035494
 TOTAL FREE      VOLUME =     220.035494
 FRACTIONAL FREE VOLUME =      73.220521
  
 CHARMM>     
  
 CHARMM>    calc c = ?volume * @factor
 Parameter: FACTOR -> "5"
 RDCMND substituted energy or value "?VOLUME" to "80.4751972"
Evaluating: 80.4751972*5
 Parameter: C <- "402.375986"
  
 CHARMM>     
  
 CHARMM>    if a .lt. -10 if a .gt. -20 if c .gt. @botarea set botarea = @c
 Parameter: BOTAREA -> "396.273754"
 Parameter: C -> "402.375986"
 Comparing "-8.4" and "-10".
 IF test evaluated as false.  Skipping command
  
 CHARMM>    if a .gt.  10 if a .lt.  20 if c .gt. @toparea set toparea = @c
 Parameter: TOPAREA -> "-1"
 Parameter: C -> "402.375986"
 Comparing "-8.4" and "10".
 IF test evaluated as false.  Skipping command
  
 CHARMM>     
  
 CHARMM>    write title unit 51
 RDTITL> * -8.2  402.375986
 RDTITL> *
  
 CHARMM>     
  
 CHARMM>    incr a by @dcel
 Parameter: DCEL -> "0.2"
 Parameter: A <- "-8.2"
  
 CHARMM>    incr b by @dcel
 Parameter: DCEL -> "0.2"
 Parameter: B <- "-8"
  
 CHARMM>    if b le ?ZMAX goto DOAREA
 RDCMND substituted energy or value "?ZMAX" to "17.1394014"
 Comparing "-8" and "17.1394014".
 IF test evaluated as true.  Performing command
  
 CHARMM>     
  
 CHARMM>    ! Cross sectional protein area with whole atom.
 CHARMM>    scalar wmain = radius
  
 CHARMM>    scalar wmain mult 2.5   sele resname TIP3 end
 SELRPN>      0 atoms have been selected out of    872
  
 CHARMM>    scalar wmain add  1.529 sele .not. resname TIP3 end
 SELRPN>    872 atoms have been selected out of    872
  
 CHARMM>    scalar wmain mult 0.85  sele .not. resname TIP3 end
 SELRPN>    872 atoms have been selected out of    872
  
 CHARMM>    calc zab = ( @a + @b ) / 2.0
 Parameter: A -> "-8.2"
 Parameter: B -> "-8"
Evaluating: (-8.2+-8)/2.0
 Parameter: ZAB <- "-8.1"
  
 CHARMM>     
  
 CHARMM>    coor search -
 CHARMM>         xmin @x1  xmax @x2  xgrip @xncel -
 CHARMM>         ymin @y1  ymax @y2  ygrip @yncel -
 CHARMM>         zmin @a   zmax @b   zgrip 5
 Parameter: X1 -> "-17.0826968"
 Parameter: X2 -> "17.0826968"
 Parameter: XNCEL -> "170"
 Parameter: Y1 -> "-21.9894065"
 Parameter: Y2 -> "21.9894065"
 Parameter: YNCEL -> "219"
 Parameter: A -> "-8.2"
 Parameter: B -> "-8"

 A TOTAL OF   136722   VACUUM POINTS WERE FOUND
 A TOTAL OF    49428 OCCUPIED POINTS WERE FOUND
 A TOTAL OF        0 EXTERNAL POINTS WERE FOUND
 A TOTAL OF   136722 SELECTED POINTS WERE FOUND
 TOTAL OCCUPIED  VOLUME =      79.793943
 TOTAL SELECTED  VOLUME =     220.716748
 TOTAL FREE      VOLUME =     220.716748
 FRACTIONAL FREE VOLUME =      73.447220
  
 CHARMM>     
  
 CHARMM>    calc c = ?volume * @factor
 Parameter: FACTOR -> "5"
 RDCMND substituted energy or value "?VOLUME" to "79.7939428"
Evaluating: 79.7939428*5
 Parameter: C <- "398.969714"
  
 CHARMM>     
  
 CHARMM>    if a .lt. -10 if a .gt. -20 if c .gt. @botarea set botarea = @c
 Parameter: BOTAREA -> "396.273754"
 Parameter: C -> "398.969714"
 Comparing "-8.2" and "-10".
 IF test evaluated as false.  Skipping command
  
 CHARMM>    if a .gt.  10 if a .lt.  20 if c .gt. @toparea set toparea = @c
 Parameter: TOPAREA -> "-1"
 Parameter: C -> "398.969714"
 Comparing "-8.2" and "10".
 IF test evaluated as false.  Skipping command
  
 CHARMM>     
  
 CHARMM>    write title unit 51
 RDTITL> * -8  398.969714
 RDTITL> *
  
 CHARMM>     
  
 CHARMM>    incr a by @dcel
 Parameter: DCEL -> "0.2"
 Parameter: A <- "-8"
  
 CHARMM>    incr b by @dcel
 Parameter: DCEL -> "0.2"
 Parameter: B <- "-7.8"
  
 CHARMM>    if b le ?ZMAX goto DOAREA
 RDCMND substituted energy or value "?ZMAX" to "17.1394014"
 Comparing "-7.8" and "17.1394014".
 IF test evaluated as true.  Performing command
  
 CHARMM>     
  
 CHARMM>    ! Cross sectional protein area with whole atom.
 CHARMM>    scalar wmain = radius
  
 CHARMM>    scalar wmain mult 2.5   sele resname TIP3 end
 SELRPN>      0 atoms have been selected out of    872
  
 CHARMM>    scalar wmain add  1.529 sele .not. resname TIP3 end
 SELRPN>    872 atoms have been selected out of    872
  
 CHARMM>    scalar wmain mult 0.85  sele .not. resname TIP3 end
 SELRPN>    872 atoms have been selected out of    872
  
 CHARMM>    calc zab = ( @a + @b ) / 2.0
 Parameter: A -> "-8"
 Parameter: B -> "-7.8"
Evaluating: (-8+-7.8)/2.0
 Parameter: ZAB <- "-7.9"
  
 CHARMM>     
  
 CHARMM>    coor search -
 CHARMM>         xmin @x1  xmax @x2  xgrip @xncel -
 CHARMM>         ymin @y1  ymax @y2  ygrip @yncel -
 CHARMM>         zmin @a   zmax @b   zgrip 5
 Parameter: X1 -> "-17.0826968"
 Parameter: X2 -> "17.0826968"
 Parameter: XNCEL -> "170"
 Parameter: Y1 -> "-21.9894065"
 Parameter: Y2 -> "21.9894065"
 Parameter: YNCEL -> "219"
 Parameter: A -> "-8"
 Parameter: B -> "-7.8"

 A TOTAL OF   137166   VACUUM POINTS WERE FOUND
 A TOTAL OF    48984 OCCUPIED POINTS WERE FOUND
 A TOTAL OF        0 EXTERNAL POINTS WERE FOUND
 A TOTAL OF   137166 SELECTED POINTS WERE FOUND
 TOTAL OCCUPIED  VOLUME =      79.077173
 TOTAL SELECTED  VOLUME =     221.433519
 TOTAL FREE      VOLUME =     221.433519
 FRACTIONAL FREE VOLUME =      73.685737
  
 CHARMM>     
  
 CHARMM>    calc c = ?volume * @factor
 Parameter: FACTOR -> "5"
 RDCMND substituted energy or value "?VOLUME" to "79.0771727"
Evaluating: 79.0771727*5
 Parameter: C <- "395.385864"
  
 CHARMM>     
  
 CHARMM>    if a .lt. -10 if a .gt. -20 if c .gt. @botarea set botarea = @c
 Parameter: BOTAREA -> "396.273754"
 Parameter: C -> "395.385864"
 Comparing "-8" and "-10".
 IF test evaluated as false.  Skipping command
  
 CHARMM>    if a .gt.  10 if a .lt.  20 if c .gt. @toparea set toparea = @c
 Parameter: TOPAREA -> "-1"
 Parameter: C -> "395.385864"
 Comparing "-8" and "10".
 IF test evaluated as false.  Skipping command
  
 CHARMM>     
  
 CHARMM>    write title unit 51
 RDTITL> * -7.8  395.385864
 RDTITL> *
  
 CHARMM>     
  
 CHARMM>    incr a by @dcel
 Parameter: DCEL -> "0.2"
 Parameter: A <- "-7.8"
  
 CHARMM>    incr b by @dcel
 Parameter: DCEL -> "0.2"
 Parameter: B <- "-7.6"
  
 CHARMM>    if b le ?ZMAX goto DOAREA
 RDCMND substituted energy or value "?ZMAX" to "17.1394014"
 Comparing "-7.6" and "17.1394014".
 IF test evaluated as true.  Performing command
  
 CHARMM>     
  
 CHARMM>    ! Cross sectional protein area with whole atom.
 CHARMM>    scalar wmain = radius
  
 CHARMM>    scalar wmain mult 2.5   sele resname TIP3 end
 SELRPN>      0 atoms have been selected out of    872
  
 CHARMM>    scalar wmain add  1.529 sele .not. resname TIP3 end
 SELRPN>    872 atoms have been selected out of    872
  
 CHARMM>    scalar wmain mult 0.85  sele .not. resname TIP3 end
 SELRPN>    872 atoms have been selected out of    872
  
 CHARMM>    calc zab = ( @a + @b ) / 2.0
 Parameter: A -> "-7.8"
 Parameter: B -> "-7.6"
Evaluating: (-7.8+-7.6)/2.0
 Parameter: ZAB <- "-7.7"
  
 CHARMM>     
  
 CHARMM>    coor search -
 CHARMM>         xmin @x1  xmax @x2  xgrip @xncel -
 CHARMM>         ymin @y1  ymax @y2  ygrip @yncel -
 CHARMM>         zmin @a   zmax @b   zgrip 5
 Parameter: X1 -> "-17.0826968"
 Parameter: X2 -> "17.0826968"
 Parameter: XNCEL -> "170"
 Parameter: Y1 -> "-21.9894065"
 Parameter: Y2 -> "21.9894065"
 Parameter: YNCEL -> "219"
 Parameter: A -> "-7.8"
 Parameter: B -> "-7.6"

 A TOTAL OF   137568   VACUUM POINTS WERE FOUND
 A TOTAL OF    48582 OCCUPIED POINTS WERE FOUND
 A TOTAL OF        0 EXTERNAL POINTS WERE FOUND
 A TOTAL OF   137568 SELECTED POINTS WERE FOUND
 TOTAL OCCUPIED  VOLUME =      78.428205
 TOTAL SELECTED  VOLUME =     222.082486
 TOTAL FREE      VOLUME =     222.082486
 FRACTIONAL FREE VOLUME =      73.901692
  
 CHARMM>     
  
 CHARMM>    calc c = ?volume * @factor
 Parameter: FACTOR -> "5"
 RDCMND substituted energy or value "?VOLUME" to "78.4282052"
Evaluating: 78.4282052*5
 Parameter: C <- "392.141026"
  
 CHARMM>     
  
 CHARMM>    if a .lt. -10 if a .gt. -20 if c .gt. @botarea set botarea = @c
 Parameter: BOTAREA -> "396.273754"
 Parameter: C -> "392.141026"
 Comparing "-7.8" and "-10".
 IF test evaluated as false.  Skipping command
  
 CHARMM>    if a .gt.  10 if a .lt.  20 if c .gt. @toparea set toparea = @c
 Parameter: TOPAREA -> "-1"
 Parameter: C -> "392.141026"
 Comparing "-7.8" and "10".
 IF test evaluated as false.  Skipping command
  
 CHARMM>     
  
 CHARMM>    write title unit 51
 RDTITL> * -7.6  392.141026
 RDTITL> *
  
 CHARMM>     
  
 CHARMM>    incr a by @dcel
 Parameter: DCEL -> "0.2"
 Parameter: A <- "-7.6"
  
 CHARMM>    incr b by @dcel
 Parameter: DCEL -> "0.2"
 Parameter: B <- "-7.4"
  
 CHARMM>    if b le ?ZMAX goto DOAREA
 RDCMND substituted energy or value "?ZMAX" to "17.1394014"
 Comparing "-7.4" and "17.1394014".
 IF test evaluated as true.  Performing command
  
 CHARMM>     
  
 CHARMM>    ! Cross sectional protein area with whole atom.
 CHARMM>    scalar wmain = radius
  
 CHARMM>    scalar wmain mult 2.5   sele resname TIP3 end
 SELRPN>      0 atoms have been selected out of    872
  
 CHARMM>    scalar wmain add  1.529 sele .not. resname TIP3 end
 SELRPN>    872 atoms have been selected out of    872
  
 CHARMM>    scalar wmain mult 0.85  sele .not. resname TIP3 end
 SELRPN>    872 atoms have been selected out of    872
  
 CHARMM>    calc zab = ( @a + @b ) / 2.0
 Parameter: A -> "-7.6"
 Parameter: B -> "-7.4"
Evaluating: (-7.6+-7.4)/2.0
 Parameter: ZAB <- "-7.5"
  
 CHARMM>     
  
 CHARMM>    coor search -
 CHARMM>         xmin @x1  xmax @x2  xgrip @xncel -
 CHARMM>         ymin @y1  ymax @y2  ygrip @yncel -
 CHARMM>         zmin @a   zmax @b   zgrip 5
 Parameter: X1 -> "-17.0826968"
 Parameter: X2 -> "17.0826968"
 Parameter: XNCEL -> "170"
 Parameter: Y1 -> "-21.9894065"
 Parameter: Y2 -> "21.9894065"
 Parameter: YNCEL -> "219"
 Parameter: A -> "-7.6"
 Parameter: B -> "-7.4"

 A TOTAL OF   137974   VACUUM POINTS WERE FOUND
 A TOTAL OF    48176 OCCUPIED POINTS WERE FOUND
 A TOTAL OF        0 EXTERNAL POINTS WERE FOUND
 A TOTAL OF   137974 SELECTED POINTS WERE FOUND
 TOTAL OCCUPIED  VOLUME =      77.772780
 TOTAL SELECTED  VOLUME =     222.737911
 TOTAL FREE      VOLUME =     222.737911
 FRACTIONAL FREE VOLUME =      74.119796
  
 CHARMM>     
  
 CHARMM>    calc c = ?volume * @factor
 Parameter: FACTOR -> "5"
 RDCMND substituted energy or value "?VOLUME" to "77.7727803"
Evaluating: 77.7727803*5
 Parameter: C <- "388.863901"
  
 CHARMM>     
  
 CHARMM>    if a .lt. -10 if a .gt. -20 if c .gt. @botarea set botarea = @c
 Parameter: BOTAREA -> "396.273754"
 Parameter: C -> "388.863901"
 Comparing "-7.6" and "-10".
 IF test evaluated as false.  Skipping command
  
 CHARMM>    if a .gt.  10 if a .lt.  20 if c .gt. @toparea set toparea = @c
 Parameter: TOPAREA -> "-1"
 Parameter: C -> "388.863901"
 Comparing "-7.6" and "10".
 IF test evaluated as false.  Skipping command
  
 CHARMM>     
  
 CHARMM>    write title unit 51
 RDTITL> * -7.4  388.863901
 RDTITL> *
  
 CHARMM>     
  
 CHARMM>    incr a by @dcel
 Parameter: DCEL -> "0.2"
 Parameter: A <- "-7.4"
  
 CHARMM>    incr b by @dcel
 Parameter: DCEL -> "0.2"
 Parameter: B <- "-7.2"
  
 CHARMM>    if b le ?ZMAX goto DOAREA
 RDCMND substituted energy or value "?ZMAX" to "17.1394014"
 Comparing "-7.2" and "17.1394014".
 IF test evaluated as true.  Performing command
  
 CHARMM>     
  
 CHARMM>    ! Cross sectional protein area with whole atom.
 CHARMM>    scalar wmain = radius
  
 CHARMM>    scalar wmain mult 2.5   sele resname TIP3 end
 SELRPN>      0 atoms have been selected out of    872
  
 CHARMM>    scalar wmain add  1.529 sele .not. resname TIP3 end
 SELRPN>    872 atoms have been selected out of    872
  
 CHARMM>    scalar wmain mult 0.85  sele .not. resname TIP3 end
 SELRPN>    872 atoms have been selected out of    872
  
 CHARMM>    calc zab = ( @a + @b ) / 2.0
 Parameter: A -> "-7.4"
 Parameter: B -> "-7.2"
Evaluating: (-7.4+-7.2)/2.0
 Parameter: ZAB <- "-7.3"
  
 CHARMM>     
  
 CHARMM>    coor search -
 CHARMM>         xmin @x1  xmax @x2  xgrip @xncel -
 CHARMM>         ymin @y1  ymax @y2  ygrip @yncel -
 CHARMM>         zmin @a   zmax @b   zgrip 5
 Parameter: X1 -> "-17.0826968"
 Parameter: X2 -> "17.0826968"
 Parameter: XNCEL -> "170"
 Parameter: Y1 -> "-21.9894065"
 Parameter: Y2 -> "21.9894065"
 Parameter: YNCEL -> "219"
 Parameter: A -> "-7.4"
 Parameter: B -> "-7.2"

 A TOTAL OF   138540   VACUUM POINTS WERE FOUND
 A TOTAL OF    47610 OCCUPIED POINTS WERE FOUND
 A TOTAL OF        0 EXTERNAL POINTS WERE FOUND
 A TOTAL OF   138540 SELECTED POINTS WERE FOUND
 TOTAL OCCUPIED  VOLUME =      76.859060
 TOTAL SELECTED  VOLUME =     223.651631
 TOTAL FREE      VOLUME =     223.651631
 FRACTIONAL FREE VOLUME =      74.423852
  
 CHARMM>     
  
 CHARMM>    calc c = ?volume * @factor
 Parameter: FACTOR -> "5"
 RDCMND substituted energy or value "?VOLUME" to "76.85906"
Evaluating: 76.85906*5
 Parameter: C <- "384.2953"
  
 CHARMM>     
  
 CHARMM>    if a .lt. -10 if a .gt. -20 if c .gt. @botarea set botarea = @c
 Parameter: BOTAREA -> "396.273754"
 Parameter: C -> "384.2953"
 Comparing "-7.4" and "-10".
 IF test evaluated as false.  Skipping command
  
 CHARMM>    if a .gt.  10 if a .lt.  20 if c .gt. @toparea set toparea = @c
 Parameter: TOPAREA -> "-1"
 Parameter: C -> "384.2953"
 Comparing "-7.4" and "10".
 IF test evaluated as false.  Skipping command
  
 CHARMM>     
  
 CHARMM>    write title unit 51
 RDTITL> * -7.2  384.2953
 RDTITL> *
  
 CHARMM>     
  
 CHARMM>    incr a by @dcel
 Parameter: DCEL -> "0.2"
 Parameter: A <- "-7.2"
  
 CHARMM>    incr b by @dcel
 Parameter: DCEL -> "0.2"
 Parameter: B <- "-7"
  
 CHARMM>    if b le ?ZMAX goto DOAREA
 RDCMND substituted energy or value "?ZMAX" to "17.1394014"
 Comparing "-7" and "17.1394014".
 IF test evaluated as true.  Performing command
  
 CHARMM>     
  
 CHARMM>    ! Cross sectional protein area with whole atom.
 CHARMM>    scalar wmain = radius
  
 CHARMM>    scalar wmain mult 2.5   sele resname TIP3 end
 SELRPN>      0 atoms have been selected out of    872
  
 CHARMM>    scalar wmain add  1.529 sele .not. resname TIP3 end
 SELRPN>    872 atoms have been selected out of    872
  
 CHARMM>    scalar wmain mult 0.85  sele .not. resname TIP3 end
 SELRPN>    872 atoms have been selected out of    872
  
 CHARMM>    calc zab = ( @a + @b ) / 2.0
 Parameter: A -> "-7.2"
 Parameter: B -> "-7"
Evaluating: (-7.2+-7)/2.0
 Parameter: ZAB <- "-7.1"
  
 CHARMM>     
  
 CHARMM>    coor search -
 CHARMM>         xmin @x1  xmax @x2  xgrip @xncel -
 CHARMM>         ymin @y1  ymax @y2  ygrip @yncel -
 CHARMM>         zmin @a   zmax @b   zgrip 5
 Parameter: X1 -> "-17.0826968"
 Parameter: X2 -> "17.0826968"
 Parameter: XNCEL -> "170"
 Parameter: Y1 -> "-21.9894065"
 Parameter: Y2 -> "21.9894065"
 Parameter: YNCEL -> "219"
 Parameter: A -> "-7.2"
 Parameter: B -> "-7"

 A TOTAL OF   139036   VACUUM POINTS WERE FOUND
 A TOTAL OF    47114 OCCUPIED POINTS WERE FOUND
 A TOTAL OF        0 EXTERNAL POINTS WERE FOUND
 A TOTAL OF   139036 SELECTED POINTS WERE FOUND
 TOTAL OCCUPIED  VOLUME =      76.058344
 TOTAL SELECTED  VOLUME =     224.452347
 TOTAL FREE      VOLUME =     224.452347
 FRACTIONAL FREE VOLUME =      74.690304
  
 CHARMM>     
  
 CHARMM>    calc c = ?volume * @factor
 Parameter: FACTOR -> "5"
 RDCMND substituted energy or value "?VOLUME" to "76.0583438"
Evaluating: 76.0583438*5
 Parameter: C <- "380.291719"
  
 CHARMM>     
  
 CHARMM>    if a .lt. -10 if a .gt. -20 if c .gt. @botarea set botarea = @c
 Parameter: BOTAREA -> "396.273754"
 Parameter: C -> "380.291719"
 Comparing "-7.2" and "-10".
 IF test evaluated as false.  Skipping command
  
 CHARMM>    if a .gt.  10 if a .lt.  20 if c .gt. @toparea set toparea = @c
 Parameter: TOPAREA -> "-1"
 Parameter: C -> "380.291719"
 Comparing "-7.2" and "10".
 IF test evaluated as false.  Skipping command
  
 CHARMM>     
  
 CHARMM>    write title unit 51
 RDTITL> * -7  380.291719
 RDTITL> *
  
 CHARMM>     
  
 CHARMM>    incr a by @dcel
 Parameter: DCEL -> "0.2"
 Parameter: A <- "-7"
  
 CHARMM>    incr b by @dcel
 Parameter: DCEL -> "0.2"
 Parameter: B <- "-6.8"
  
 CHARMM>    if b le ?ZMAX goto DOAREA
 RDCMND substituted energy or value "?ZMAX" to "17.1394014"
 Comparing "-6.8" and "17.1394014".
 IF test evaluated as true.  Performing command
  
 CHARMM>     
  
 CHARMM>    ! Cross sectional protein area with whole atom.
 CHARMM>    scalar wmain = radius
  
 CHARMM>    scalar wmain mult 2.5   sele resname TIP3 end
 SELRPN>      0 atoms have been selected out of    872
  
 CHARMM>    scalar wmain add  1.529 sele .not. resname TIP3 end
 SELRPN>    872 atoms have been selected out of    872
  
 CHARMM>    scalar wmain mult 0.85  sele .not. resname TIP3 end
 SELRPN>    872 atoms have been selected out of    872
  
 CHARMM>    calc zab = ( @a + @b ) / 2.0
 Parameter: A -> "-7"
 Parameter: B -> "-6.8"
Evaluating: (-7+-6.8)/2.0
 Parameter: ZAB <- "-6.9"
  
 CHARMM>     
  
 CHARMM>    coor search -
 CHARMM>         xmin @x1  xmax @x2  xgrip @xncel -
 CHARMM>         ymin @y1  ymax @y2  ygrip @yncel -
 CHARMM>         zmin @a   zmax @b   zgrip 5
 Parameter: X1 -> "-17.0826968"
 Parameter: X2 -> "17.0826968"
 Parameter: XNCEL -> "170"
 Parameter: Y1 -> "-21.9894065"
 Parameter: Y2 -> "21.9894065"
 Parameter: YNCEL -> "219"
 Parameter: A -> "-7"
 Parameter: B -> "-6.8"

 A TOTAL OF   139356   VACUUM POINTS WERE FOUND
 A TOTAL OF    46794 OCCUPIED POINTS WERE FOUND
 A TOTAL OF        0 EXTERNAL POINTS WERE FOUND
 A TOTAL OF   139356 SELECTED POINTS WERE FOUND
 TOTAL OCCUPIED  VOLUME =      75.541753
 TOTAL SELECTED  VOLUME =     224.968938
 TOTAL FREE      VOLUME =     224.968938
 FRACTIONAL FREE VOLUME =      74.862208
  
 CHARMM>     
  
 CHARMM>    calc c = ?volume * @factor
 Parameter: FACTOR -> "5"
 RDCMND substituted energy or value "?VOLUME" to "75.5417528"
Evaluating: 75.5417528*5
 Parameter: C <- "377.708764"
  
 CHARMM>     
  
 CHARMM>    if a .lt. -10 if a .gt. -20 if c .gt. @botarea set botarea = @c
 Parameter: BOTAREA -> "396.273754"
 Parameter: C -> "377.708764"
 Comparing "-7" and "-10".
 IF test evaluated as false.  Skipping command
  
 CHARMM>    if a .gt.  10 if a .lt.  20 if c .gt. @toparea set toparea = @c
 Parameter: TOPAREA -> "-1"
 Parameter: C -> "377.708764"
 Comparing "-7" and "10".
 IF test evaluated as false.  Skipping command
  
 CHARMM>     
  
 CHARMM>    write title unit 51
 RDTITL> * -6.8  377.708764
 RDTITL> *
  
 CHARMM>     
  
 CHARMM>    incr a by @dcel
 Parameter: DCEL -> "0.2"
 Parameter: A <- "-6.8"
  
 CHARMM>    incr b by @dcel
 Parameter: DCEL -> "0.2"
 Parameter: B <- "-6.6"
  
 CHARMM>    if b le ?ZMAX goto DOAREA
 RDCMND substituted energy or value "?ZMAX" to "17.1394014"
 Comparing "-6.6" and "17.1394014".
 IF test evaluated as true.  Performing command
  
 CHARMM>     
  
 CHARMM>    ! Cross sectional protein area with whole atom.
 CHARMM>    scalar wmain = radius
  
 CHARMM>    scalar wmain mult 2.5   sele resname TIP3 end
 SELRPN>      0 atoms have been selected out of    872
  
 CHARMM>    scalar wmain add  1.529 sele .not. resname TIP3 end
 SELRPN>    872 atoms have been selected out of    872
  
 CHARMM>    scalar wmain mult 0.85  sele .not. resname TIP3 end
 SELRPN>    872 atoms have been selected out of    872
  
 CHARMM>    calc zab = ( @a + @b ) / 2.0
 Parameter: A -> "-6.8"
 Parameter: B -> "-6.6"
Evaluating: (-6.8+-6.6)/2.0
 Parameter: ZAB <- "-6.7"
  
 CHARMM>     
  
 CHARMM>    coor search -
 CHARMM>         xmin @x1  xmax @x2  xgrip @xncel -
 CHARMM>         ymin @y1  ymax @y2  ygrip @yncel -
 CHARMM>         zmin @a   zmax @b   zgrip 5
 Parameter: X1 -> "-17.0826968"
 Parameter: X2 -> "17.0826968"
 Parameter: XNCEL -> "170"
 Parameter: Y1 -> "-21.9894065"
 Parameter: Y2 -> "21.9894065"
 Parameter: YNCEL -> "219"
 Parameter: A -> "-6.8"
 Parameter: B -> "-6.6"

 A TOTAL OF   139744   VACUUM POINTS WERE FOUND
 A TOTAL OF    46406 OCCUPIED POINTS WERE FOUND
 A TOTAL OF        0 EXTERNAL POINTS WERE FOUND
 A TOTAL OF   139744 SELECTED POINTS WERE FOUND
 TOTAL OCCUPIED  VOLUME =      74.915386
 TOTAL SELECTED  VOLUME =     225.595305
 TOTAL FREE      VOLUME =     225.595305
 FRACTIONAL FREE VOLUME =      75.070642
  
 CHARMM>     
  
 CHARMM>    calc c = ?volume * @factor
 Parameter: FACTOR -> "5"
 RDCMND substituted energy or value "?VOLUME" to "74.9153862"
Evaluating: 74.9153862*5
 Parameter: C <- "374.576931"
  
 CHARMM>     
  
 CHARMM>    if a .lt. -10 if a .gt. -20 if c .gt. @botarea set botarea = @c
 Parameter: BOTAREA -> "396.273754"
 Parameter: C -> "374.576931"
 Comparing "-6.8" and "-10".
 IF test evaluated as false.  Skipping command
  
 CHARMM>    if a .gt.  10 if a .lt.  20 if c .gt. @toparea set toparea = @c
 Parameter: TOPAREA -> "-1"
 Parameter: C -> "374.576931"
 Comparing "-6.8" and "10".
 IF test evaluated as false.  Skipping command
  
 CHARMM>     
  
 CHARMM>    write title unit 51
 RDTITL> * -6.6  374.576931
 RDTITL> *
  
 CHARMM>     
  
 CHARMM>    incr a by @dcel
 Parameter: DCEL -> "0.2"
 Parameter: A <- "-6.6"
  
 CHARMM>    incr b by @dcel
 Parameter: DCEL -> "0.2"
 Parameter: B <- "-6.4"
  
 CHARMM>    if b le ?ZMAX goto DOAREA
 RDCMND substituted energy or value "?ZMAX" to "17.1394014"
 Comparing "-6.4" and "17.1394014".
 IF test evaluated as true.  Performing command
  
 CHARMM>     
  
 CHARMM>    ! Cross sectional protein area with whole atom.
 CHARMM>    scalar wmain = radius
  
 CHARMM>    scalar wmain mult 2.5   sele resname TIP3 end
 SELRPN>      0 atoms have been selected out of    872
  
 CHARMM>    scalar wmain add  1.529 sele .not. resname TIP3 end
 SELRPN>    872 atoms have been selected out of    872
  
 CHARMM>    scalar wmain mult 0.85  sele .not. resname TIP3 end
 SELRPN>    872 atoms have been selected out of    872
  
 CHARMM>    calc zab = ( @a + @b ) / 2.0
 Parameter: A -> "-6.6"
 Parameter: B -> "-6.4"
Evaluating: (-6.6+-6.4)/2.0
 Parameter: ZAB <- "-6.5"
  
 CHARMM>     
  
 CHARMM>    coor search -
 CHARMM>         xmin @x1  xmax @x2  xgrip @xncel -
 CHARMM>         ymin @y1  ymax @y2  ygrip @yncel -
 CHARMM>         zmin @a   zmax @b   zgrip 5
 Parameter: X1 -> "-17.0826968"
 Parameter: X2 -> "17.0826968"
 Parameter: XNCEL -> "170"
 Parameter: Y1 -> "-21.9894065"
 Parameter: Y2 -> "21.9894065"
 Parameter: YNCEL -> "219"
 Parameter: A -> "-6.6"
 Parameter: B -> "-6.4"

 A TOTAL OF   140142   VACUUM POINTS WERE FOUND
 A TOTAL OF    46008 OCCUPIED POINTS WERE FOUND
 A TOTAL OF        0 EXTERNAL POINTS WERE FOUND
 A TOTAL OF   140142 SELECTED POINTS WERE FOUND
 TOTAL OCCUPIED  VOLUME =      74.272876
 TOTAL SELECTED  VOLUME =     226.237815
 TOTAL FREE      VOLUME =     226.237815
 FRACTIONAL FREE VOLUME =      75.284448
  
 CHARMM>     
  
 CHARMM>    calc c = ?volume * @factor
 Parameter: FACTOR -> "5"
 RDCMND substituted energy or value "?VOLUME" to "74.2728761"
Evaluating: 74.2728761*5
 Parameter: C <- "371.364381"
  
 CHARMM>     
  
 CHARMM>    if a .lt. -10 if a .gt. -20 if c .gt. @botarea set botarea = @c
 Parameter: BOTAREA -> "396.273754"
 Parameter: C -> "371.364381"
 Comparing "-6.6" and "-10".
 IF test evaluated as false.  Skipping command
  
 CHARMM>    if a .gt.  10 if a .lt.  20 if c .gt. @toparea set toparea = @c
 Parameter: TOPAREA -> "-1"
 Parameter: C -> "371.364381"
 Comparing "-6.6" and "10".
 IF test evaluated as false.  Skipping command
  
 CHARMM>     
  
 CHARMM>    write title unit 51
 RDTITL> * -6.4  371.364381
 RDTITL> *
  
 CHARMM>     
  
 CHARMM>    incr a by @dcel
 Parameter: DCEL -> "0.2"
 Parameter: A <- "-6.4"
  
 CHARMM>    incr b by @dcel
 Parameter: DCEL -> "0.2"
 Parameter: B <- "-6.2"
  
 CHARMM>    if b le ?ZMAX goto DOAREA
 RDCMND substituted energy or value "?ZMAX" to "17.1394014"
 Comparing "-6.2" and "17.1394014".
 IF test evaluated as true.  Performing command
  
 CHARMM>     
  
 CHARMM>    ! Cross sectional protein area with whole atom.
 CHARMM>    scalar wmain = radius
  
 CHARMM>    scalar wmain mult 2.5   sele resname TIP3 end
 SELRPN>      0 atoms have been selected out of    872
  
 CHARMM>    scalar wmain add  1.529 sele .not. resname TIP3 end
 SELRPN>    872 atoms have been selected out of    872
  
 CHARMM>    scalar wmain mult 0.85  sele .not. resname TIP3 end
 SELRPN>    872 atoms have been selected out of    872
  
 CHARMM>    calc zab = ( @a + @b ) / 2.0
 Parameter: A -> "-6.4"
 Parameter: B -> "-6.2"
Evaluating: (-6.4+-6.2)/2.0
 Parameter: ZAB <- "-6.3"
  
 CHARMM>     
  
 CHARMM>    coor search -
 CHARMM>         xmin @x1  xmax @x2  xgrip @xncel -
 CHARMM>         ymin @y1  ymax @y2  ygrip @yncel -
 CHARMM>         zmin @a   zmax @b   zgrip 5
 Parameter: X1 -> "-17.0826968"
 Parameter: X2 -> "17.0826968"
 Parameter: XNCEL -> "170"
 Parameter: Y1 -> "-21.9894065"
 Parameter: Y2 -> "21.9894065"
 Parameter: YNCEL -> "219"
 Parameter: A -> "-6.4"
 Parameter: B -> "-6.2"

 A TOTAL OF   140700   VACUUM POINTS WERE FOUND
 A TOTAL OF    45450 OCCUPIED POINTS WERE FOUND
 A TOTAL OF        0 EXTERNAL POINTS WERE FOUND
 A TOTAL OF   140700 SELECTED POINTS WERE FOUND
 TOTAL OCCUPIED  VOLUME =      73.372070
 TOTAL SELECTED  VOLUME =     227.138621
 TOTAL FREE      VOLUME =     227.138621
 FRACTIONAL FREE VOLUME =      75.584206
  
 CHARMM>     
  
 CHARMM>    calc c = ?volume * @factor
 Parameter: FACTOR -> "5"
 RDCMND substituted energy or value "?VOLUME" to "73.3720705"
Evaluating: 73.3720705*5
 Parameter: C <- "366.860353"
  
 CHARMM>     
  
 CHARMM>    if a .lt. -10 if a .gt. -20 if c .gt. @botarea set botarea = @c
 Parameter: BOTAREA -> "396.273754"
 Parameter: C -> "366.860353"
 Comparing "-6.4" and "-10".
 IF test evaluated as false.  Skipping command
  
 CHARMM>    if a .gt.  10 if a .lt.  20 if c .gt. @toparea set toparea = @c
 Parameter: TOPAREA -> "-1"
 Parameter: C -> "366.860353"
 Comparing "-6.4" and "10".
 IF test evaluated as false.  Skipping command
  
 CHARMM>     
  
 CHARMM>    write title unit 51
 RDTITL> * -6.2  366.860353
 RDTITL> *
  
 CHARMM>     
  
 CHARMM>    incr a by @dcel
 Parameter: DCEL -> "0.2"
 Parameter: A <- "-6.2"
  
 CHARMM>    incr b by @dcel
 Parameter: DCEL -> "0.2"
 Parameter: B <- "-6"
  
 CHARMM>    if b le ?ZMAX goto DOAREA
 RDCMND substituted energy or value "?ZMAX" to "17.1394014"
 Comparing "-6" and "17.1394014".
 IF test evaluated as true.  Performing command
  
 CHARMM>     
  
 CHARMM>    ! Cross sectional protein area with whole atom.
 CHARMM>    scalar wmain = radius
  
 CHARMM>    scalar wmain mult 2.5   sele resname TIP3 end
 SELRPN>      0 atoms have been selected out of    872
  
 CHARMM>    scalar wmain add  1.529 sele .not. resname TIP3 end
 SELRPN>    872 atoms have been selected out of    872
  
 CHARMM>    scalar wmain mult 0.85  sele .not. resname TIP3 end
 SELRPN>    872 atoms have been selected out of    872
  
 CHARMM>    calc zab = ( @a + @b ) / 2.0
 Parameter: A -> "-6.2"
 Parameter: B -> "-6"
Evaluating: (-6.2+-6)/2.0
 Parameter: ZAB <- "-6.1"
  
 CHARMM>     
  
 CHARMM>    coor search -
 CHARMM>         xmin @x1  xmax @x2  xgrip @xncel -
 CHARMM>         ymin @y1  ymax @y2  ygrip @yncel -
 CHARMM>         zmin @a   zmax @b   zgrip 5
 Parameter: X1 -> "-17.0826968"
 Parameter: X2 -> "17.0826968"
 Parameter: XNCEL -> "170"
 Parameter: Y1 -> "-21.9894065"
 Parameter: Y2 -> "21.9894065"
 Parameter: YNCEL -> "219"
 Parameter: A -> "-6.2"
 Parameter: B -> "-6"

 A TOTAL OF   141388   VACUUM POINTS WERE FOUND
 A TOTAL OF    44762 OCCUPIED POINTS WERE FOUND
 A TOTAL OF        0 EXTERNAL POINTS WERE FOUND
 A TOTAL OF   141388 SELECTED POINTS WERE FOUND
 TOTAL OCCUPIED  VOLUME =      72.261400
 TOTAL SELECTED  VOLUME =     228.249292
 TOTAL FREE      VOLUME =     228.249292
 FRACTIONAL FREE VOLUME =      75.953801
  
 CHARMM>     
  
 CHARMM>    calc c = ?volume * @factor
 Parameter: FACTOR -> "5"
 RDCMND substituted energy or value "?VOLUME" to "72.2613997"
Evaluating: 72.2613997*5
 Parameter: C <- "361.306998"
  
 CHARMM>     
  
 CHARMM>    if a .lt. -10 if a .gt. -20 if c .gt. @botarea set botarea = @c
 Parameter: BOTAREA -> "396.273754"
 Parameter: C -> "361.306998"
 Comparing "-6.2" and "-10".
 IF test evaluated as false.  Skipping command
  
 CHARMM>    if a .gt.  10 if a .lt.  20 if c .gt. @toparea set toparea = @c
 Parameter: TOPAREA -> "-1"
 Parameter: C -> "361.306998"
 Comparing "-6.2" and "10".
 IF test evaluated as false.  Skipping command
  
 CHARMM>     
  
 CHARMM>    write title unit 51
 RDTITL> * -6  361.306998
 RDTITL> *
  
 CHARMM>     
  
 CHARMM>    incr a by @dcel
 Parameter: DCEL -> "0.2"
 Parameter: A <- "-6"
  
 CHARMM>    incr b by @dcel
 Parameter: DCEL -> "0.2"
 Parameter: B <- "-5.8"
  
 CHARMM>    if b le ?ZMAX goto DOAREA
 RDCMND substituted energy or value "?ZMAX" to "17.1394014"
 Comparing "-5.8" and "17.1394014".
 IF test evaluated as true.  Performing command
  
 CHARMM>     
  
 CHARMM>    ! Cross sectional protein area with whole atom.
 CHARMM>    scalar wmain = radius
  
 CHARMM>    scalar wmain mult 2.5   sele resname TIP3 end
 SELRPN>      0 atoms have been selected out of    872
  
 CHARMM>    scalar wmain add  1.529 sele .not. resname TIP3 end
 SELRPN>    872 atoms have been selected out of    872
  
 CHARMM>    scalar wmain mult 0.85  sele .not. resname TIP3 end
 SELRPN>    872 atoms have been selected out of    872
  
 CHARMM>    calc zab = ( @a + @b ) / 2.0
 Parameter: A -> "-6"
 Parameter: B -> "-5.8"
Evaluating: (-6+-5.8)/2.0
 Parameter: ZAB <- "-5.9"
  
 CHARMM>     
  
 CHARMM>    coor search -
 CHARMM>         xmin @x1  xmax @x2  xgrip @xncel -
 CHARMM>         ymin @y1  ymax @y2  ygrip @yncel -
 CHARMM>         zmin @a   zmax @b   zgrip 5
 Parameter: X1 -> "-17.0826968"
 Parameter: X2 -> "17.0826968"
 Parameter: XNCEL -> "170"
 Parameter: Y1 -> "-21.9894065"
 Parameter: Y2 -> "21.9894065"
 Parameter: YNCEL -> "219"
 Parameter: A -> "-6"
 Parameter: B -> "-5.8"

 A TOTAL OF   142072   VACUUM POINTS WERE FOUND
 A TOTAL OF    44078 OCCUPIED POINTS WERE FOUND
 A TOTAL OF        0 EXTERNAL POINTS WERE FOUND
 A TOTAL OF   142072 SELECTED POINTS WERE FOUND
 TOTAL OCCUPIED  VOLUME =      71.157186
 TOTAL SELECTED  VOLUME =     229.353505
 TOTAL FREE      VOLUME =     229.353505
 FRACTIONAL FREE VOLUME =      76.321246
  
 CHARMM>     
  
 CHARMM>    calc c = ?volume * @factor
 Parameter: FACTOR -> "5"
 RDCMND substituted energy or value "?VOLUME" to "71.1571864"
Evaluating: 71.1571864*5
 Parameter: C <- "355.785932"
  
 CHARMM>     
  
 CHARMM>    if a .lt. -10 if a .gt. -20 if c .gt. @botarea set botarea = @c
 Parameter: BOTAREA -> "396.273754"
 Parameter: C -> "355.785932"
 Comparing "-6" and "-10".
 IF test evaluated as false.  Skipping command
  
 CHARMM>    if a .gt.  10 if a .lt.  20 if c .gt. @toparea set toparea = @c
 Parameter: TOPAREA -> "-1"
 Parameter: C -> "355.785932"
 Comparing "-6" and "10".
 IF test evaluated as false.  Skipping command
  
 CHARMM>     
  
 CHARMM>    write title unit 51
 RDTITL> * -5.8  355.785932
 RDTITL> *
  
 CHARMM>     
  
 CHARMM>    incr a by @dcel
 Parameter: DCEL -> "0.2"
 Parameter: A <- "-5.8"
  
 CHARMM>    incr b by @dcel
 Parameter: DCEL -> "0.2"
 Parameter: B <- "-5.6"
  
 CHARMM>    if b le ?ZMAX goto DOAREA
 RDCMND substituted energy or value "?ZMAX" to "17.1394014"
 Comparing "-5.6" and "17.1394014".
 IF test evaluated as true.  Performing command
  
 CHARMM>     
  
 CHARMM>    ! Cross sectional protein area with whole atom.
 CHARMM>    scalar wmain = radius
  
 CHARMM>    scalar wmain mult 2.5   sele resname TIP3 end
 SELRPN>      0 atoms have been selected out of    872
  
 CHARMM>    scalar wmain add  1.529 sele .not. resname TIP3 end
 SELRPN>    872 atoms have been selected out of    872
  
 CHARMM>    scalar wmain mult 0.85  sele .not. resname TIP3 end
 SELRPN>    872 atoms have been selected out of    872
  
 CHARMM>    calc zab = ( @a + @b ) / 2.0
 Parameter: A -> "-5.8"
 Parameter: B -> "-5.6"
Evaluating: (-5.8+-5.6)/2.0
 Parameter: ZAB <- "-5.7"
  
 CHARMM>     
  
 CHARMM>    coor search -
 CHARMM>         xmin @x1  xmax @x2  xgrip @xncel -
 CHARMM>         ymin @y1  ymax @y2  ygrip @yncel -
 CHARMM>         zmin @a   zmax @b   zgrip 5
 Parameter: X1 -> "-17.0826968"
 Parameter: X2 -> "17.0826968"
 Parameter: XNCEL -> "170"
 Parameter: Y1 -> "-21.9894065"
 Parameter: Y2 -> "21.9894065"
 Parameter: YNCEL -> "219"
 Parameter: A -> "-5.8"
 Parameter: B -> "-5.6"

 A TOTAL OF   142862   VACUUM POINTS WERE FOUND
 A TOTAL OF    43288 OCCUPIED POINTS WERE FOUND
 A TOTAL OF        0 EXTERNAL POINTS WERE FOUND
 A TOTAL OF   142862 SELECTED POINTS WERE FOUND
 TOTAL OCCUPIED  VOLUME =      69.881852
 TOTAL SELECTED  VOLUME =     230.628839
 TOTAL FREE      VOLUME =     230.628839
 FRACTIONAL FREE VOLUME =      76.745635
  
 CHARMM>     
  
 CHARMM>    calc c = ?volume * @factor
 Parameter: FACTOR -> "5"
 RDCMND substituted energy or value "?VOLUME" to "69.8818523"
Evaluating: 69.8818523*5
 Parameter: C <- "349.409262"
  
 CHARMM>     
  
 CHARMM>    if a .lt. -10 if a .gt. -20 if c .gt. @botarea set botarea = @c
 Parameter: BOTAREA -> "396.273754"
 Parameter: C -> "349.409262"
 Comparing "-5.8" and "-10".
 IF test evaluated as false.  Skipping command
  
 CHARMM>    if a .gt.  10 if a .lt.  20 if c .gt. @toparea set toparea = @c
 Parameter: TOPAREA -> "-1"
 Parameter: C -> "349.409262"
 Comparing "-5.8" and "10".
 IF test evaluated as false.  Skipping command
  
 CHARMM>     
  
 CHARMM>    write title unit 51
 RDTITL> * -5.6  349.409262
 RDTITL> *
  
 CHARMM>     
  
 CHARMM>    incr a by @dcel
 Parameter: DCEL -> "0.2"
 Parameter: A <- "-5.6"
  
 CHARMM>    incr b by @dcel
 Parameter: DCEL -> "0.2"
 Parameter: B <- "-5.4"
  
 CHARMM>    if b le ?ZMAX goto DOAREA
 RDCMND substituted energy or value "?ZMAX" to "17.1394014"
 Comparing "-5.4" and "17.1394014".
 IF test evaluated as true.  Performing command
  
 CHARMM>     
  
 CHARMM>    ! Cross sectional protein area with whole atom.
 CHARMM>    scalar wmain = radius
  
 CHARMM>    scalar wmain mult 2.5   sele resname TIP3 end
 SELRPN>      0 atoms have been selected out of    872
  
 CHARMM>    scalar wmain add  1.529 sele .not. resname TIP3 end
 SELRPN>    872 atoms have been selected out of    872
  
 CHARMM>    scalar wmain mult 0.85  sele .not. resname TIP3 end
 SELRPN>    872 atoms have been selected out of    872
  
 CHARMM>    calc zab = ( @a + @b ) / 2.0
 Parameter: A -> "-5.6"
 Parameter: B -> "-5.4"
Evaluating: (-5.6+-5.4)/2.0
 Parameter: ZAB <- "-5.5"
  
 CHARMM>     
  
 CHARMM>    coor search -
 CHARMM>         xmin @x1  xmax @x2  xgrip @xncel -
 CHARMM>         ymin @y1  ymax @y2  ygrip @yncel -
 CHARMM>         zmin @a   zmax @b   zgrip 5
 Parameter: X1 -> "-17.0826968"
 Parameter: X2 -> "17.0826968"
 Parameter: XNCEL -> "170"
 Parameter: Y1 -> "-21.9894065"
 Parameter: Y2 -> "21.9894065"
 Parameter: YNCEL -> "219"
 Parameter: A -> "-5.6"
 Parameter: B -> "-5.4"

 A TOTAL OF   143674   VACUUM POINTS WERE FOUND
 A TOTAL OF    42476 OCCUPIED POINTS WERE FOUND
 A TOTAL OF        0 EXTERNAL POINTS WERE FOUND
 A TOTAL OF   143674 SELECTED POINTS WERE FOUND
 TOTAL OCCUPIED  VOLUME =      68.571003
 TOTAL SELECTED  VOLUME =     231.939689
 TOTAL FREE      VOLUME =     231.939689
 FRACTIONAL FREE VOLUME =      77.181843
  
 CHARMM>     
  
 CHARMM>    calc c = ?volume * @factor
 Parameter: FACTOR -> "5"
 RDCMND substituted energy or value "?VOLUME" to "68.5710025"
Evaluating: 68.5710025*5
 Parameter: C <- "342.855013"
  
 CHARMM>     
  
 CHARMM>    if a .lt. -10 if a .gt. -20 if c .gt. @botarea set botarea = @c
 Parameter: BOTAREA -> "396.273754"
 Parameter: C -> "342.855013"
 Comparing "-5.6" and "-10".
 IF test evaluated as false.  Skipping command
  
 CHARMM>    if a .gt.  10 if a .lt.  20 if c .gt. @toparea set toparea = @c
 Parameter: TOPAREA -> "-1"
 Parameter: C -> "342.855013"
 Comparing "-5.6" and "10".
 IF test evaluated as false.  Skipping command
  
 CHARMM>     
  
 CHARMM>    write title unit 51
 RDTITL> * -5.4  342.855013
 RDTITL> *
  
 CHARMM>     
  
 CHARMM>    incr a by @dcel
 Parameter: DCEL -> "0.2"
 Parameter: A <- "-5.4"
  
 CHARMM>    incr b by @dcel
 Parameter: DCEL -> "0.2"
 Parameter: B <- "-5.2"
  
 CHARMM>    if b le ?ZMAX goto DOAREA
 RDCMND substituted energy or value "?ZMAX" to "17.1394014"
 Comparing "-5.2" and "17.1394014".
 IF test evaluated as true.  Performing command
  
 CHARMM>     
  
 CHARMM>    ! Cross sectional protein area with whole atom.
 CHARMM>    scalar wmain = radius
  
 CHARMM>    scalar wmain mult 2.5   sele resname TIP3 end
 SELRPN>      0 atoms have been selected out of    872
  
 CHARMM>    scalar wmain add  1.529 sele .not. resname TIP3 end
 SELRPN>    872 atoms have been selected out of    872
  
 CHARMM>    scalar wmain mult 0.85  sele .not. resname TIP3 end
 SELRPN>    872 atoms have been selected out of    872
  
 CHARMM>    calc zab = ( @a + @b ) / 2.0
 Parameter: A -> "-5.4"
 Parameter: B -> "-5.2"
Evaluating: (-5.4+-5.2)/2.0
 Parameter: ZAB <- "-5.3"
  
 CHARMM>     
  
 CHARMM>    coor search -
 CHARMM>         xmin @x1  xmax @x2  xgrip @xncel -
 CHARMM>         ymin @y1  ymax @y2  ygrip @yncel -
 CHARMM>         zmin @a   zmax @b   zgrip 5
 Parameter: X1 -> "-17.0826968"
 Parameter: X2 -> "17.0826968"
 Parameter: XNCEL -> "170"
 Parameter: Y1 -> "-21.9894065"
 Parameter: Y2 -> "21.9894065"
 Parameter: YNCEL -> "219"
 Parameter: A -> "-5.4"
 Parameter: B -> "-5.2"

 A TOTAL OF   144498   VACUUM POINTS WERE FOUND
 A TOTAL OF    41652 OCCUPIED POINTS WERE FOUND
 A TOTAL OF        0 EXTERNAL POINTS WERE FOUND
 A TOTAL OF   144498 SELECTED POINTS WERE FOUND
 TOTAL OCCUPIED  VOLUME =      67.240781
 TOTAL SELECTED  VOLUME =     233.269911
 TOTAL FREE      VOLUME =     233.269911
 FRACTIONAL FREE VOLUME =      77.624496
  
 CHARMM>     
  
 CHARMM>    calc c = ?volume * @factor
 Parameter: FACTOR -> "5"
 RDCMND substituted energy or value "?VOLUME" to "67.2407806"
Evaluating: 67.2407806*5
 Parameter: C <- "336.203903"
  
 CHARMM>     
  
 CHARMM>    if a .lt. -10 if a .gt. -20 if c .gt. @botarea set botarea = @c
 Parameter: BOTAREA -> "396.273754"
 Parameter: C -> "336.203903"
 Comparing "-5.4" and "-10".
 IF test evaluated as false.  Skipping command
  
 CHARMM>    if a .gt.  10 if a .lt.  20 if c .gt. @toparea set toparea = @c
 Parameter: TOPAREA -> "-1"
 Parameter: C -> "336.203903"
 Comparing "-5.4" and "10".
 IF test evaluated as false.  Skipping command
  
 CHARMM>     
  
 CHARMM>    write title unit 51
 RDTITL> * -5.2  336.203903
 RDTITL> *
  
 CHARMM>     
  
 CHARMM>    incr a by @dcel
 Parameter: DCEL -> "0.2"
 Parameter: A <- "-5.2"
  
 CHARMM>    incr b by @dcel
 Parameter: DCEL -> "0.2"
 Parameter: B <- "-5"
  
 CHARMM>    if b le ?ZMAX goto DOAREA
 RDCMND substituted energy or value "?ZMAX" to "17.1394014"
 Comparing "-5" and "17.1394014".
 IF test evaluated as true.  Performing command
  
 CHARMM>     
  
 CHARMM>    ! Cross sectional protein area with whole atom.
 CHARMM>    scalar wmain = radius
  
 CHARMM>    scalar wmain mult 2.5   sele resname TIP3 end
 SELRPN>      0 atoms have been selected out of    872
  
 CHARMM>    scalar wmain add  1.529 sele .not. resname TIP3 end
 SELRPN>    872 atoms have been selected out of    872
  
 CHARMM>    scalar wmain mult 0.85  sele .not. resname TIP3 end
 SELRPN>    872 atoms have been selected out of    872
  
 CHARMM>    calc zab = ( @a + @b ) / 2.0
 Parameter: A -> "-5.2"
 Parameter: B -> "-5"
Evaluating: (-5.2+-5)/2.0
 Parameter: ZAB <- "-5.1"
  
 CHARMM>     
  
 CHARMM>    coor search -
 CHARMM>         xmin @x1  xmax @x2  xgrip @xncel -
 CHARMM>         ymin @y1  ymax @y2  ygrip @yncel -
 CHARMM>         zmin @a   zmax @b   zgrip 5
 Parameter: X1 -> "-17.0826968"
 Parameter: X2 -> "17.0826968"
 Parameter: XNCEL -> "170"
 Parameter: Y1 -> "-21.9894065"
 Parameter: Y2 -> "21.9894065"
 Parameter: YNCEL -> "219"
 Parameter: A -> "-5.2"
 Parameter: B -> "-5"

 A TOTAL OF   145286   VACUUM POINTS WERE FOUND
 A TOTAL OF    40864 OCCUPIED POINTS WERE FOUND
 A TOTAL OF        0 EXTERNAL POINTS WERE FOUND
 A TOTAL OF   145286 SELECTED POINTS WERE FOUND
 TOTAL OCCUPIED  VOLUME =      65.968675
 TOTAL SELECTED  VOLUME =     234.542016
 TOTAL FREE      VOLUME =     234.542016
 FRACTIONAL FREE VOLUME =      78.047811
  
 CHARMM>     
  
 CHARMM>    calc c = ?volume * @factor
 Parameter: FACTOR -> "5"
 RDCMND substituted energy or value "?VOLUME" to "65.9686752"
Evaluating: 65.9686752*5
 Parameter: C <- "329.843376"
  
 CHARMM>     
  
 CHARMM>    if a .lt. -10 if a .gt. -20 if c .gt. @botarea set botarea = @c
 Parameter: BOTAREA -> "396.273754"
 Parameter: C -> "329.843376"
 Comparing "-5.2" and "-10".
 IF test evaluated as false.  Skipping command
  
 CHARMM>    if a .gt.  10 if a .lt.  20 if c .gt. @toparea set toparea = @c
 Parameter: TOPAREA -> "-1"
 Parameter: C -> "329.843376"
 Comparing "-5.2" and "10".
 IF test evaluated as false.  Skipping command
  
 CHARMM>     
  
 CHARMM>    write title unit 51
 RDTITL> * -5  329.843376
 RDTITL> *
  
 CHARMM>     
  
 CHARMM>    incr a by @dcel
 Parameter: DCEL -> "0.2"
 Parameter: A <- "-5"
  
 CHARMM>    incr b by @dcel
 Parameter: DCEL -> "0.2"
 Parameter: B <- "-4.8"
  
 CHARMM>    if b le ?ZMAX goto DOAREA
 RDCMND substituted energy or value "?ZMAX" to "17.1394014"
 Comparing "-4.8" and "17.1394014".
 IF test evaluated as true.  Performing command
  
 CHARMM>     
  
 CHARMM>    ! Cross sectional protein area with whole atom.
 CHARMM>    scalar wmain = radius
  
 CHARMM>    scalar wmain mult 2.5   sele resname TIP3 end
 SELRPN>      0 atoms have been selected out of    872
  
 CHARMM>    scalar wmain add  1.529 sele .not. resname TIP3 end
 SELRPN>    872 atoms have been selected out of    872
  
 CHARMM>    scalar wmain mult 0.85  sele .not. resname TIP3 end
 SELRPN>    872 atoms have been selected out of    872
  
 CHARMM>    calc zab = ( @a + @b ) / 2.0
 Parameter: A -> "-5"
 Parameter: B -> "-4.8"
Evaluating: (-5+-4.8)/2.0
 Parameter: ZAB <- "-4.9"
  
 CHARMM>     
  
 CHARMM>    coor search -
 CHARMM>         xmin @x1  xmax @x2  xgrip @xncel -
 CHARMM>         ymin @y1  ymax @y2  ygrip @yncel -
 CHARMM>         zmin @a   zmax @b   zgrip 5
 Parameter: X1 -> "-17.0826968"
 Parameter: X2 -> "17.0826968"
 Parameter: XNCEL -> "170"
 Parameter: Y1 -> "-21.9894065"
 Parameter: Y2 -> "21.9894065"
 Parameter: YNCEL -> "219"
 Parameter: A -> "-5"
 Parameter: B -> "-4.8"

 A TOTAL OF   146586   VACUUM POINTS WERE FOUND
 A TOTAL OF    39564 OCCUPIED POINTS WERE FOUND
 A TOTAL OF        0 EXTERNAL POINTS WERE FOUND
 A TOTAL OF   146586 SELECTED POINTS WERE FOUND
 TOTAL OCCUPIED  VOLUME =      63.870024
 TOTAL SELECTED  VOLUME =     236.640667
 TOTAL FREE      VOLUME =     236.640667
 FRACTIONAL FREE VOLUME =      78.746172
  
 CHARMM>     
  
 CHARMM>    calc c = ?volume * @factor
 Parameter: FACTOR -> "5"
 RDCMND substituted energy or value "?VOLUME" to "63.8700241"
Evaluating: 63.8700241*5
 Parameter: C <- "319.350121"
  
 CHARMM>     
  
 CHARMM>    if a .lt. -10 if a .gt. -20 if c .gt. @botarea set botarea = @c
 Parameter: BOTAREA -> "396.273754"
 Parameter: C -> "319.350121"
 Comparing "-5" and "-10".
 IF test evaluated as false.  Skipping command
  
 CHARMM>    if a .gt.  10 if a .lt.  20 if c .gt. @toparea set toparea = @c
 Parameter: TOPAREA -> "-1"
 Parameter: C -> "319.350121"
 Comparing "-5" and "10".
 IF test evaluated as false.  Skipping command
  
 CHARMM>     
  
 CHARMM>    write title unit 51
 RDTITL> * -4.8  319.350121
 RDTITL> *
  
 CHARMM>     
  
 CHARMM>    incr a by @dcel
 Parameter: DCEL -> "0.2"
 Parameter: A <- "-4.8"
  
 CHARMM>    incr b by @dcel
 Parameter: DCEL -> "0.2"
 Parameter: B <- "-4.6"
  
 CHARMM>    if b le ?ZMAX goto DOAREA
 RDCMND substituted energy or value "?ZMAX" to "17.1394014"
 Comparing "-4.6" and "17.1394014".
 IF test evaluated as true.  Performing command
  
 CHARMM>     
  
 CHARMM>    ! Cross sectional protein area with whole atom.
 CHARMM>    scalar wmain = radius
  
 CHARMM>    scalar wmain mult 2.5   sele resname TIP3 end
 SELRPN>      0 atoms have been selected out of    872
  
 CHARMM>    scalar wmain add  1.529 sele .not. resname TIP3 end
 SELRPN>    872 atoms have been selected out of    872
  
 CHARMM>    scalar wmain mult 0.85  sele .not. resname TIP3 end
 SELRPN>    872 atoms have been selected out of    872
  
 CHARMM>    calc zab = ( @a + @b ) / 2.0
 Parameter: A -> "-4.8"
 Parameter: B -> "-4.6"
Evaluating: (-4.8+-4.6)/2.0
 Parameter: ZAB <- "-4.7"
  
 CHARMM>     
  
 CHARMM>    coor search -
 CHARMM>         xmin @x1  xmax @x2  xgrip @xncel -
 CHARMM>         ymin @y1  ymax @y2  ygrip @yncel -
 CHARMM>         zmin @a   zmax @b   zgrip 5
 Parameter: X1 -> "-17.0826968"
 Parameter: X2 -> "17.0826968"
 Parameter: XNCEL -> "170"
 Parameter: Y1 -> "-21.9894065"
 Parameter: Y2 -> "21.9894065"
 Parameter: YNCEL -> "219"
 Parameter: A -> "-4.8"
 Parameter: B -> "-4.6"

 A TOTAL OF   147262   VACUUM POINTS WERE FOUND
 A TOTAL OF    38888 OCCUPIED POINTS WERE FOUND
 A TOTAL OF        0 EXTERNAL POINTS WERE FOUND
 A TOTAL OF   147262 SELECTED POINTS WERE FOUND
 TOTAL OCCUPIED  VOLUME =      62.778726
 TOTAL SELECTED  VOLUME =     237.731966
 TOTAL FREE      VOLUME =     237.731966
 FRACTIONAL FREE VOLUME =      79.109320
  
 CHARMM>     
  
 CHARMM>    calc c = ?volume * @factor
 Parameter: FACTOR -> "5"
 RDCMND substituted energy or value "?VOLUME" to "62.7787255"
Evaluating: 62.7787255*5
 Parameter: C <- "313.893627"
  
 CHARMM>     
  
 CHARMM>    if a .lt. -10 if a .gt. -20 if c .gt. @botarea set botarea = @c
 Parameter: BOTAREA -> "396.273754"
 Parameter: C -> "313.893627"
 Comparing "-4.8" and "-10".
 IF test evaluated as false.  Skipping command
  
 CHARMM>    if a .gt.  10 if a .lt.  20 if c .gt. @toparea set toparea = @c
 Parameter: TOPAREA -> "-1"
 Parameter: C -> "313.893627"
 Comparing "-4.8" and "10".
 IF test evaluated as false.  Skipping command
  
 CHARMM>     
  
 CHARMM>    write title unit 51
 RDTITL> * -4.6  313.893627
 RDTITL> *
  
 CHARMM>     
  
 CHARMM>    incr a by @dcel
 Parameter: DCEL -> "0.2"
 Parameter: A <- "-4.6"
  
 CHARMM>    incr b by @dcel
 Parameter: DCEL -> "0.2"
 Parameter: B <- "-4.4"
  
 CHARMM>    if b le ?ZMAX goto DOAREA
 RDCMND substituted energy or value "?ZMAX" to "17.1394014"
 Comparing "-4.4" and "17.1394014".
 IF test evaluated as true.  Performing command
  
 CHARMM>     
  
 CHARMM>    ! Cross sectional protein area with whole atom.
 CHARMM>    scalar wmain = radius
  
 CHARMM>    scalar wmain mult 2.5   sele resname TIP3 end
 SELRPN>      0 atoms have been selected out of    872
  
 CHARMM>    scalar wmain add  1.529 sele .not. resname TIP3 end
 SELRPN>    872 atoms have been selected out of    872
  
 CHARMM>    scalar wmain mult 0.85  sele .not. resname TIP3 end
 SELRPN>    872 atoms have been selected out of    872
  
 CHARMM>    calc zab = ( @a + @b ) / 2.0
 Parameter: A -> "-4.6"
 Parameter: B -> "-4.4"
Evaluating: (-4.6+-4.4)/2.0
 Parameter: ZAB <- "-4.5"
  
 CHARMM>     
  
 CHARMM>    coor search -
 CHARMM>         xmin @x1  xmax @x2  xgrip @xncel -
 CHARMM>         ymin @y1  ymax @y2  ygrip @yncel -
 CHARMM>         zmin @a   zmax @b   zgrip 5
 Parameter: X1 -> "-17.0826968"
 Parameter: X2 -> "17.0826968"
 Parameter: XNCEL -> "170"
 Parameter: Y1 -> "-21.9894065"
 Parameter: Y2 -> "21.9894065"
 Parameter: YNCEL -> "219"
 Parameter: A -> "-4.6"
 Parameter: B -> "-4.4"

 A TOTAL OF   147558   VACUUM POINTS WERE FOUND
 A TOTAL OF    38592 OCCUPIED POINTS WERE FOUND
 A TOTAL OF        0 EXTERNAL POINTS WERE FOUND
 A TOTAL OF   147558 SELECTED POINTS WERE FOUND
 TOTAL OCCUPIED  VOLUME =      62.300879
 TOTAL SELECTED  VOLUME =     238.209812
 TOTAL FREE      VOLUME =     238.209812
 FRACTIONAL FREE VOLUME =      79.268332
  
 CHARMM>     
  
 CHARMM>    calc c = ?volume * @factor
 Parameter: FACTOR -> "5"
 RDCMND substituted energy or value "?VOLUME" to "62.3008788"
Evaluating: 62.3008788*5
 Parameter: C <- "311.504394"
  
 CHARMM>     
  
 CHARMM>    if a .lt. -10 if a .gt. -20 if c .gt. @botarea set botarea = @c
 Parameter: BOTAREA -> "396.273754"
 Parameter: C -> "311.504394"
 Comparing "-4.6" and "-10".
 IF test evaluated as false.  Skipping command
  
 CHARMM>    if a .gt.  10 if a .lt.  20 if c .gt. @toparea set toparea = @c
 Parameter: TOPAREA -> "-1"
 Parameter: C -> "311.504394"
 Comparing "-4.6" and "10".
 IF test evaluated as false.  Skipping command
  
 CHARMM>     
  
 CHARMM>    write title unit 51
 RDTITL> * -4.4  311.504394
 RDTITL> *
  
 CHARMM>     
  
 CHARMM>    incr a by @dcel
 Parameter: DCEL -> "0.2"
 Parameter: A <- "-4.4"
  
 CHARMM>    incr b by @dcel
 Parameter: DCEL -> "0.2"
 Parameter: B <- "-4.2"
  
 CHARMM>    if b le ?ZMAX goto DOAREA
 RDCMND substituted energy or value "?ZMAX" to "17.1394014"
 Comparing "-4.2" and "17.1394014".
 IF test evaluated as true.  Performing command
  
 CHARMM>     
  
 CHARMM>    ! Cross sectional protein area with whole atom.
 CHARMM>    scalar wmain = radius
  
 CHARMM>    scalar wmain mult 2.5   sele resname TIP3 end
 SELRPN>      0 atoms have been selected out of    872
  
 CHARMM>    scalar wmain add  1.529 sele .not. resname TIP3 end
 SELRPN>    872 atoms have been selected out of    872
  
 CHARMM>    scalar wmain mult 0.85  sele .not. resname TIP3 end
 SELRPN>    872 atoms have been selected out of    872
  
 CHARMM>    calc zab = ( @a + @b ) / 2.0
 Parameter: A -> "-4.4"
 Parameter: B -> "-4.2"
Evaluating: (-4.4+-4.2)/2.0
 Parameter: ZAB <- "-4.3"
  
 CHARMM>     
  
 CHARMM>    coor search -
 CHARMM>         xmin @x1  xmax @x2  xgrip @xncel -
 CHARMM>         ymin @y1  ymax @y2  ygrip @yncel -
 CHARMM>         zmin @a   zmax @b   zgrip 5
 Parameter: X1 -> "-17.0826968"
 Parameter: X2 -> "17.0826968"
 Parameter: XNCEL -> "170"
 Parameter: Y1 -> "-21.9894065"
 Parameter: Y2 -> "21.9894065"
 Parameter: YNCEL -> "219"
 Parameter: A -> "-4.4"
 Parameter: B -> "-4.2"

 A TOTAL OF   147392   VACUUM POINTS WERE FOUND
 A TOTAL OF    38758 OCCUPIED POINTS WERE FOUND
 A TOTAL OF        0 EXTERNAL POINTS WERE FOUND
 A TOTAL OF   147392 SELECTED POINTS WERE FOUND
 TOTAL OCCUPIED  VOLUME =      62.568860
 TOTAL SELECTED  VOLUME =     237.941831
 TOTAL FREE      VOLUME =     237.941831
 FRACTIONAL FREE VOLUME =      79.179157
  
 CHARMM>     
  
 CHARMM>    calc c = ?volume * @factor
 Parameter: FACTOR -> "5"
 RDCMND substituted energy or value "?VOLUME" to "62.5688604"
Evaluating: 62.5688604*5
 Parameter: C <- "312.844302"
  
 CHARMM>     
  
 CHARMM>    if a .lt. -10 if a .gt. -20 if c .gt. @botarea set botarea = @c
 Parameter: BOTAREA -> "396.273754"
 Parameter: C -> "312.844302"
 Comparing "-4.4" and "-10".
 IF test evaluated as false.  Skipping command
  
 CHARMM>    if a .gt.  10 if a .lt.  20 if c .gt. @toparea set toparea = @c
 Parameter: TOPAREA -> "-1"
 Parameter: C -> "312.844302"
 Comparing "-4.4" and "10".
 IF test evaluated as false.  Skipping command
  
 CHARMM>     
  
 CHARMM>    write title unit 51
 RDTITL> * -4.2  312.844302
 RDTITL> *
  
 CHARMM>     
  
 CHARMM>    incr a by @dcel
 Parameter: DCEL -> "0.2"
 Parameter: A <- "-4.2"
  
 CHARMM>    incr b by @dcel
 Parameter: DCEL -> "0.2"
 Parameter: B <- "-4"
  
 CHARMM>    if b le ?ZMAX goto DOAREA
 RDCMND substituted energy or value "?ZMAX" to "17.1394014"
 Comparing "-4" and "17.1394014".
 IF test evaluated as true.  Performing command
  
 CHARMM>     
  
 CHARMM>    ! Cross sectional protein area with whole atom.
 CHARMM>    scalar wmain = radius
  
 CHARMM>    scalar wmain mult 2.5   sele resname TIP3 end
 SELRPN>      0 atoms have been selected out of    872
  
 CHARMM>    scalar wmain add  1.529 sele .not. resname TIP3 end
 SELRPN>    872 atoms have been selected out of    872
  
 CHARMM>    scalar wmain mult 0.85  sele .not. resname TIP3 end
 SELRPN>    872 atoms have been selected out of    872
  
 CHARMM>    calc zab = ( @a + @b ) / 2.0
 Parameter: A -> "-4.2"
 Parameter: B -> "-4"
Evaluating: (-4.2+-4)/2.0
 Parameter: ZAB <- "-4.1"
  
 CHARMM>     
  
 CHARMM>    coor search -
 CHARMM>         xmin @x1  xmax @x2  xgrip @xncel -
 CHARMM>         ymin @y1  ymax @y2  ygrip @yncel -
 CHARMM>         zmin @a   zmax @b   zgrip 5
 Parameter: X1 -> "-17.0826968"
 Parameter: X2 -> "17.0826968"
 Parameter: XNCEL -> "170"
 Parameter: Y1 -> "-21.9894065"
 Parameter: Y2 -> "21.9894065"
 Parameter: YNCEL -> "219"
 Parameter: A -> "-4.2"
 Parameter: B -> "-4"

 A TOTAL OF   147238   VACUUM POINTS WERE FOUND
 A TOTAL OF    38912 OCCUPIED POINTS WERE FOUND
 A TOTAL OF        0 EXTERNAL POINTS WERE FOUND
 A TOTAL OF   147238 SELECTED POINTS WERE FOUND
 TOTAL OCCUPIED  VOLUME =      62.817470
 TOTAL SELECTED  VOLUME =     237.693221
 TOTAL FREE      VOLUME =     237.693221
 FRACTIONAL FREE VOLUME =      79.096428
  
 CHARMM>     
  
 CHARMM>    calc c = ?volume * @factor
 Parameter: FACTOR -> "5"
 RDCMND substituted energy or value "?VOLUME" to "62.8174699"
Evaluating: 62.8174699*5
 Parameter: C <- "314.08735"
  
 CHARMM>     
  
 CHARMM>    if a .lt. -10 if a .gt. -20 if c .gt. @botarea set botarea = @c
 Parameter: BOTAREA -> "396.273754"
 Parameter: C -> "314.08735"
 Comparing "-4.2" and "-10".
 IF test evaluated as false.  Skipping command
  
 CHARMM>    if a .gt.  10 if a .lt.  20 if c .gt. @toparea set toparea = @c
 Parameter: TOPAREA -> "-1"
 Parameter: C -> "314.08735"
 Comparing "-4.2" and "10".
 IF test evaluated as false.  Skipping command
  
 CHARMM>     
  
 CHARMM>    write title unit 51
 RDTITL> * -4  314.08735
 RDTITL> *
  
 CHARMM>     
  
 CHARMM>    incr a by @dcel
 Parameter: DCEL -> "0.2"
 Parameter: A <- "-4"
  
 CHARMM>    incr b by @dcel
 Parameter: DCEL -> "0.2"
 Parameter: B <- "-3.8"
  
 CHARMM>    if b le ?ZMAX goto DOAREA
 RDCMND substituted energy or value "?ZMAX" to "17.1394014"
 Comparing "-3.8" and "17.1394014".
 IF test evaluated as true.  Performing command
  
 CHARMM>     
  
 CHARMM>    ! Cross sectional protein area with whole atom.
 CHARMM>    scalar wmain = radius
  
 CHARMM>    scalar wmain mult 2.5   sele resname TIP3 end
 SELRPN>      0 atoms have been selected out of    872
  
 CHARMM>    scalar wmain add  1.529 sele .not. resname TIP3 end
 SELRPN>    872 atoms have been selected out of    872
  
 CHARMM>    scalar wmain mult 0.85  sele .not. resname TIP3 end
 SELRPN>    872 atoms have been selected out of    872
  
 CHARMM>    calc zab = ( @a + @b ) / 2.0
 Parameter: A -> "-4"
 Parameter: B -> "-3.8"
Evaluating: (-4+-3.8)/2.0
 Parameter: ZAB <- "-3.9"
  
 CHARMM>     
  
 CHARMM>    coor search -
 CHARMM>         xmin @x1  xmax @x2  xgrip @xncel -
 CHARMM>         ymin @y1  ymax @y2  ygrip @yncel -
 CHARMM>         zmin @a   zmax @b   zgrip 5
 Parameter: X1 -> "-17.0826968"
 Parameter: X2 -> "17.0826968"
 Parameter: XNCEL -> "170"
 Parameter: Y1 -> "-21.9894065"
 Parameter: Y2 -> "21.9894065"
 Parameter: YNCEL -> "219"
 Parameter: A -> "-4"
 Parameter: B -> "-3.8"

 A TOTAL OF   147018   VACUUM POINTS WERE FOUND
 A TOTAL OF    39132 OCCUPIED POINTS WERE FOUND
 A TOTAL OF        0 EXTERNAL POINTS WERE FOUND
 A TOTAL OF   147018 SELECTED POINTS WERE FOUND
 TOTAL OCCUPIED  VOLUME =      63.172626
 TOTAL SELECTED  VOLUME =     237.338065
 TOTAL FREE      VOLUME =     237.338065
 FRACTIONAL FREE VOLUME =      78.978243
  
 CHARMM>     
  
 CHARMM>    calc c = ?volume * @factor
 Parameter: FACTOR -> "5"
 RDCMND substituted energy or value "?VOLUME" to "63.1726262"
Evaluating: 63.1726262*5
 Parameter: C <- "315.863131"
  
 CHARMM>     
  
 CHARMM>    if a .lt. -10 if a .gt. -20 if c .gt. @botarea set botarea = @c
 Parameter: BOTAREA -> "396.273754"
 Parameter: C -> "315.863131"
 Comparing "-4" and "-10".
 IF test evaluated as false.  Skipping command
  
 CHARMM>    if a .gt.  10 if a .lt.  20 if c .gt. @toparea set toparea = @c
 Parameter: TOPAREA -> "-1"
 Parameter: C -> "315.863131"
 Comparing "-4" and "10".
 IF test evaluated as false.  Skipping command
  
 CHARMM>     
  
 CHARMM>    write title unit 51
 RDTITL> * -3.8  315.863131
 RDTITL> *
  
 CHARMM>     
  
 CHARMM>    incr a by @dcel
 Parameter: DCEL -> "0.2"
 Parameter: A <- "-3.8"
  
 CHARMM>    incr b by @dcel
 Parameter: DCEL -> "0.2"
 Parameter: B <- "-3.6"
  
 CHARMM>    if b le ?ZMAX goto DOAREA
 RDCMND substituted energy or value "?ZMAX" to "17.1394014"
 Comparing "-3.6" and "17.1394014".
 IF test evaluated as true.  Performing command
  
 CHARMM>     
  
 CHARMM>    ! Cross sectional protein area with whole atom.
 CHARMM>    scalar wmain = radius
  
 CHARMM>    scalar wmain mult 2.5   sele resname TIP3 end
 SELRPN>      0 atoms have been selected out of    872
  
 CHARMM>    scalar wmain add  1.529 sele .not. resname TIP3 end
 SELRPN>    872 atoms have been selected out of    872
  
 CHARMM>    scalar wmain mult 0.85  sele .not. resname TIP3 end
 SELRPN>    872 atoms have been selected out of    872
  
 CHARMM>    calc zab = ( @a + @b ) / 2.0
 Parameter: A -> "-3.8"
 Parameter: B -> "-3.6"
Evaluating: (-3.8+-3.6)/2.0
 Parameter: ZAB <- "-3.7"
  
 CHARMM>     
  
 CHARMM>    coor search -
 CHARMM>         xmin @x1  xmax @x2  xgrip @xncel -
 CHARMM>         ymin @y1  ymax @y2  ygrip @yncel -
 CHARMM>         zmin @a   zmax @b   zgrip 5
 Parameter: X1 -> "-17.0826968"
 Parameter: X2 -> "17.0826968"
 Parameter: XNCEL -> "170"
 Parameter: Y1 -> "-21.9894065"
 Parameter: Y2 -> "21.9894065"
 Parameter: YNCEL -> "219"
 Parameter: A -> "-3.8"
 Parameter: B -> "-3.6"

 A TOTAL OF   146836   VACUUM POINTS WERE FOUND
 A TOTAL OF    39314 OCCUPIED POINTS WERE FOUND
 A TOTAL OF        0 EXTERNAL POINTS WERE FOUND
 A TOTAL OF   146836 SELECTED POINTS WERE FOUND
 TOTAL OCCUPIED  VOLUME =      63.466437
 TOTAL SELECTED  VOLUME =     237.044254
 TOTAL FREE      VOLUME =     237.044254
 FRACTIONAL FREE VOLUME =      78.880473
  
 CHARMM>     
  
 CHARMM>    calc c = ?volume * @factor
 Parameter: FACTOR -> "5"
 RDCMND substituted energy or value "?VOLUME" to "63.4664374"
Evaluating: 63.4664374*5
 Parameter: C <- "317.332187"
  
 CHARMM>     
  
 CHARMM>    if a .lt. -10 if a .gt. -20 if c .gt. @botarea set botarea = @c
 Parameter: BOTAREA -> "396.273754"
 Parameter: C -> "317.332187"
 Comparing "-3.8" and "-10".
 IF test evaluated as false.  Skipping command
  
 CHARMM>    if a .gt.  10 if a .lt.  20 if c .gt. @toparea set toparea = @c
 Parameter: TOPAREA -> "-1"
 Parameter: C -> "317.332187"
 Comparing "-3.8" and "10".
 IF test evaluated as false.  Skipping command
  
 CHARMM>     
  
 CHARMM>    write title unit 51
 RDTITL> * -3.6  317.332187
 RDTITL> *
  
 CHARMM>     
  
 CHARMM>    incr a by @dcel
 Parameter: DCEL -> "0.2"
 Parameter: A <- "-3.6"
  
 CHARMM>    incr b by @dcel
 Parameter: DCEL -> "0.2"
 Parameter: B <- "-3.4"
  
 CHARMM>    if b le ?ZMAX goto DOAREA
 RDCMND substituted energy or value "?ZMAX" to "17.1394014"
 Comparing "-3.4" and "17.1394014".
 IF test evaluated as true.  Performing command
  
 CHARMM>     
  
 CHARMM>    ! Cross sectional protein area with whole atom.
 CHARMM>    scalar wmain = radius
  
 CHARMM>    scalar wmain mult 2.5   sele resname TIP3 end
 SELRPN>      0 atoms have been selected out of    872
  
 CHARMM>    scalar wmain add  1.529 sele .not. resname TIP3 end
 SELRPN>    872 atoms have been selected out of    872
  
 CHARMM>    scalar wmain mult 0.85  sele .not. resname TIP3 end
 SELRPN>    872 atoms have been selected out of    872
  
 CHARMM>    calc zab = ( @a + @b ) / 2.0
 Parameter: A -> "-3.6"
 Parameter: B -> "-3.4"
Evaluating: (-3.6+-3.4)/2.0
 Parameter: ZAB <- "-3.5"
  
 CHARMM>     
  
 CHARMM>    coor search -
 CHARMM>         xmin @x1  xmax @x2  xgrip @xncel -
 CHARMM>         ymin @y1  ymax @y2  ygrip @yncel -
 CHARMM>         zmin @a   zmax @b   zgrip 5
 Parameter: X1 -> "-17.0826968"
 Parameter: X2 -> "17.0826968"
 Parameter: XNCEL -> "170"
 Parameter: Y1 -> "-21.9894065"
 Parameter: Y2 -> "21.9894065"
 Parameter: YNCEL -> "219"
 Parameter: A -> "-3.6"
 Parameter: B -> "-3.4"

 A TOTAL OF   146712   VACUUM POINTS WERE FOUND
 A TOTAL OF    39438 OCCUPIED POINTS WERE FOUND
 A TOTAL OF        0 EXTERNAL POINTS WERE FOUND
 A TOTAL OF   146712 SELECTED POINTS WERE FOUND
 TOTAL OCCUPIED  VOLUME =      63.666616
 TOTAL SELECTED  VOLUME =     236.844075
 TOTAL FREE      VOLUME =     236.844075
 FRACTIONAL FREE VOLUME =      78.813860
  
 CHARMM>     
  
 CHARMM>    calc c = ?volume * @factor
 Parameter: FACTOR -> "5"
 RDCMND substituted energy or value "?VOLUME" to "63.6666164"
Evaluating: 63.6666164*5
 Parameter: C <- "318.333082"
  
 CHARMM>     
  
 CHARMM>    if a .lt. -10 if a .gt. -20 if c .gt. @botarea set botarea = @c
 Parameter: BOTAREA -> "396.273754"
 Parameter: C -> "318.333082"
 Comparing "-3.6" and "-10".
 IF test evaluated as false.  Skipping command
  
 CHARMM>    if a .gt.  10 if a .lt.  20 if c .gt. @toparea set toparea = @c
 Parameter: TOPAREA -> "-1"
 Parameter: C -> "318.333082"
 Comparing "-3.6" and "10".
 IF test evaluated as false.  Skipping command
  
 CHARMM>     
  
 CHARMM>    write title unit 51
 RDTITL> * -3.4  318.333082
 RDTITL> *
  
 CHARMM>     
  
 CHARMM>    incr a by @dcel
 Parameter: DCEL -> "0.2"
 Parameter: A <- "-3.4"
  
 CHARMM>    incr b by @dcel
 Parameter: DCEL -> "0.2"
 Parameter: B <- "-3.2"
  
 CHARMM>    if b le ?ZMAX goto DOAREA
 RDCMND substituted energy or value "?ZMAX" to "17.1394014"
 Comparing "-3.2" and "17.1394014".
 IF test evaluated as true.  Performing command
  
 CHARMM>     
  
 CHARMM>    ! Cross sectional protein area with whole atom.
 CHARMM>    scalar wmain = radius
  
 CHARMM>    scalar wmain mult 2.5   sele resname TIP3 end
 SELRPN>      0 atoms have been selected out of    872
  
 CHARMM>    scalar wmain add  1.529 sele .not. resname TIP3 end
 SELRPN>    872 atoms have been selected out of    872
  
 CHARMM>    scalar wmain mult 0.85  sele .not. resname TIP3 end
 SELRPN>    872 atoms have been selected out of    872
  
 CHARMM>    calc zab = ( @a + @b ) / 2.0
 Parameter: A -> "-3.4"
 Parameter: B -> "-3.2"
Evaluating: (-3.4+-3.2)/2.0
 Parameter: ZAB <- "-3.3"
  
 CHARMM>     
  
 CHARMM>    coor search -
 CHARMM>         xmin @x1  xmax @x2  xgrip @xncel -
 CHARMM>         ymin @y1  ymax @y2  ygrip @yncel -
 CHARMM>         zmin @a   zmax @b   zgrip 5
 Parameter: X1 -> "-17.0826968"
 Parameter: X2 -> "17.0826968"
 Parameter: XNCEL -> "170"
 Parameter: Y1 -> "-21.9894065"
 Parameter: Y2 -> "21.9894065"
 Parameter: YNCEL -> "219"
 Parameter: A -> "-3.4"
 Parameter: B -> "-3.2"

 A TOTAL OF   146616   VACUUM POINTS WERE FOUND
 A TOTAL OF    39534 OCCUPIED POINTS WERE FOUND
 A TOTAL OF        0 EXTERNAL POINTS WERE FOUND
 A TOTAL OF   146616 SELECTED POINTS WERE FOUND
 TOTAL OCCUPIED  VOLUME =      63.821594
 TOTAL SELECTED  VOLUME =     236.689098
 TOTAL FREE      VOLUME =     236.689098
 FRACTIONAL FREE VOLUME =      78.762288
  
 CHARMM>     
  
 CHARMM>    calc c = ?volume * @factor
 Parameter: FACTOR -> "5"
 RDCMND substituted energy or value "?VOLUME" to "63.8215937"
Evaluating: 63.8215937*5
 Parameter: C <- "319.107969"
  
 CHARMM>     
  
 CHARMM>    if a .lt. -10 if a .gt. -20 if c .gt. @botarea set botarea = @c
 Parameter: BOTAREA -> "396.273754"
 Parameter: C -> "319.107969"
 Comparing "-3.4" and "-10".
 IF test evaluated as false.  Skipping command
  
 CHARMM>    if a .gt.  10 if a .lt.  20 if c .gt. @toparea set toparea = @c
 Parameter: TOPAREA -> "-1"
 Parameter: C -> "319.107969"
 Comparing "-3.4" and "10".
 IF test evaluated as false.  Skipping command
  
 CHARMM>     
  
 CHARMM>    write title unit 51
 RDTITL> * -3.2  319.107969
 RDTITL> *
  
 CHARMM>     
  
 CHARMM>    incr a by @dcel
 Parameter: DCEL -> "0.2"
 Parameter: A <- "-3.2"
  
 CHARMM>    incr b by @dcel
 Parameter: DCEL -> "0.2"
 Parameter: B <- "-3"
  
 CHARMM>    if b le ?ZMAX goto DOAREA
 RDCMND substituted energy or value "?ZMAX" to "17.1394014"
 Comparing "-3" and "17.1394014".
 IF test evaluated as true.  Performing command
  
 CHARMM>     
  
 CHARMM>    ! Cross sectional protein area with whole atom.
 CHARMM>    scalar wmain = radius
  
 CHARMM>    scalar wmain mult 2.5   sele resname TIP3 end
 SELRPN>      0 atoms have been selected out of    872
  
 CHARMM>    scalar wmain add  1.529 sele .not. resname TIP3 end
 SELRPN>    872 atoms have been selected out of    872
  
 CHARMM>    scalar wmain mult 0.85  sele .not. resname TIP3 end
 SELRPN>    872 atoms have been selected out of    872
  
 CHARMM>    calc zab = ( @a + @b ) / 2.0
 Parameter: A -> "-3.2"
 Parameter: B -> "-3"
Evaluating: (-3.2+-3)/2.0
 Parameter: ZAB <- "-3.1"
  
 CHARMM>     
  
 CHARMM>    coor search -
 CHARMM>         xmin @x1  xmax @x2  xgrip @xncel -
 CHARMM>         ymin @y1  ymax @y2  ygrip @yncel -
 CHARMM>         zmin @a   zmax @b   zgrip 5
 Parameter: X1 -> "-17.0826968"
 Parameter: X2 -> "17.0826968"
 Parameter: XNCEL -> "170"
 Parameter: Y1 -> "-21.9894065"
 Parameter: Y2 -> "21.9894065"
 Parameter: YNCEL -> "219"
 Parameter: A -> "-3.2"
 Parameter: B -> "-3"

 A TOTAL OF   146622   VACUUM POINTS WERE FOUND
 A TOTAL OF    39528 OCCUPIED POINTS WERE FOUND
 A TOTAL OF        0 EXTERNAL POINTS WERE FOUND
 A TOTAL OF   146622 SELECTED POINTS WERE FOUND
 TOTAL OCCUPIED  VOLUME =      63.811908
 TOTAL SELECTED  VOLUME =     236.698784
 TOTAL FREE      VOLUME =     236.698784
 FRACTIONAL FREE VOLUME =      78.765512
  
 CHARMM>     
  
 CHARMM>    calc c = ?volume * @factor
 Parameter: FACTOR -> "5"
 RDCMND substituted energy or value "?VOLUME" to "63.8119076"
Evaluating: 63.8119076*5
 Parameter: C <- "319.059538"
  
 CHARMM>     
  
 CHARMM>    if a .lt. -10 if a .gt. -20 if c .gt. @botarea set botarea = @c
 Parameter: BOTAREA -> "396.273754"
 Parameter: C -> "319.059538"
 Comparing "-3.2" and "-10".
 IF test evaluated as false.  Skipping command
  
 CHARMM>    if a .gt.  10 if a .lt.  20 if c .gt. @toparea set toparea = @c
 Parameter: TOPAREA -> "-1"
 Parameter: C -> "319.059538"
 Comparing "-3.2" and "10".
 IF test evaluated as false.  Skipping command
  
 CHARMM>     
  
 CHARMM>    write title unit 51
 RDTITL> * -3  319.059538
 RDTITL> *
  
 CHARMM>     
  
 CHARMM>    incr a by @dcel
 Parameter: DCEL -> "0.2"
 Parameter: A <- "-3"
  
 CHARMM>    incr b by @dcel
 Parameter: DCEL -> "0.2"
 Parameter: B <- "-2.8"
  
 CHARMM>    if b le ?ZMAX goto DOAREA
 RDCMND substituted energy or value "?ZMAX" to "17.1394014"
 Comparing "-2.8" and "17.1394014".
 IF test evaluated as true.  Performing command
  
 CHARMM>     
  
 CHARMM>    ! Cross sectional protein area with whole atom.
 CHARMM>    scalar wmain = radius
  
 CHARMM>    scalar wmain mult 2.5   sele resname TIP3 end
 SELRPN>      0 atoms have been selected out of    872
  
 CHARMM>    scalar wmain add  1.529 sele .not. resname TIP3 end
 SELRPN>    872 atoms have been selected out of    872
  
 CHARMM>    scalar wmain mult 0.85  sele .not. resname TIP3 end
 SELRPN>    872 atoms have been selected out of    872
  
 CHARMM>    calc zab = ( @a + @b ) / 2.0
 Parameter: A -> "-3"
 Parameter: B -> "-2.8"
Evaluating: (-3+-2.8)/2.0
 Parameter: ZAB <- "-2.9"
  
 CHARMM>     
  
 CHARMM>    coor search -
 CHARMM>         xmin @x1  xmax @x2  xgrip @xncel -
 CHARMM>         ymin @y1  ymax @y2  ygrip @yncel -
 CHARMM>         zmin @a   zmax @b   zgrip 5
 Parameter: X1 -> "-17.0826968"
 Parameter: X2 -> "17.0826968"
 Parameter: XNCEL -> "170"
 Parameter: Y1 -> "-21.9894065"
 Parameter: Y2 -> "21.9894065"
 Parameter: YNCEL -> "219"
 Parameter: A -> "-3"
 Parameter: B -> "-2.8"

 A TOTAL OF   146618   VACUUM POINTS WERE FOUND
 A TOTAL OF    39532 OCCUPIED POINTS WERE FOUND
 A TOTAL OF        0 EXTERNAL POINTS WERE FOUND
 A TOTAL OF   146618 SELECTED POINTS WERE FOUND
 TOTAL OCCUPIED  VOLUME =      63.818365
 TOTAL SELECTED  VOLUME =     236.692326
 TOTAL FREE      VOLUME =     236.692326
 FRACTIONAL FREE VOLUME =      78.763363
  
 CHARMM>     
  
 CHARMM>    calc c = ?volume * @factor
 Parameter: FACTOR -> "5"
 RDCMND substituted energy or value "?VOLUME" to "63.818365"
Evaluating: 63.818365*5
 Parameter: C <- "319.091825"
  
 CHARMM>     
  
 CHARMM>    if a .lt. -10 if a .gt. -20 if c .gt. @botarea set botarea = @c
 Parameter: BOTAREA -> "396.273754"
 Parameter: C -> "319.091825"
 Comparing "-3" and "-10".
 IF test evaluated as false.  Skipping command
  
 CHARMM>    if a .gt.  10 if a .lt.  20 if c .gt. @toparea set toparea = @c
 Parameter: TOPAREA -> "-1"
 Parameter: C -> "319.091825"
 Comparing "-3" and "10".
 IF test evaluated as false.  Skipping command
  
 CHARMM>     
  
 CHARMM>    write title unit 51
 RDTITL> * -2.8  319.091825
 RDTITL> *
  
 CHARMM>     
  
 CHARMM>    incr a by @dcel
 Parameter: DCEL -> "0.2"
 Parameter: A <- "-2.8"
  
 CHARMM>    incr b by @dcel
 Parameter: DCEL -> "0.2"
 Parameter: B <- "-2.6"
  
 CHARMM>    if b le ?ZMAX goto DOAREA
 RDCMND substituted energy or value "?ZMAX" to "17.1394014"
 Comparing "-2.6" and "17.1394014".
 IF test evaluated as true.  Performing command
  
 CHARMM>     
  
 CHARMM>    ! Cross sectional protein area with whole atom.
 CHARMM>    scalar wmain = radius
  
 CHARMM>    scalar wmain mult 2.5   sele resname TIP3 end
 SELRPN>      0 atoms have been selected out of    872
  
 CHARMM>    scalar wmain add  1.529 sele .not. resname TIP3 end
 SELRPN>    872 atoms have been selected out of    872
  
 CHARMM>    scalar wmain mult 0.85  sele .not. resname TIP3 end
 SELRPN>    872 atoms have been selected out of    872
  
 CHARMM>    calc zab = ( @a + @b ) / 2.0
 Parameter: A -> "-2.8"
 Parameter: B -> "-2.6"
Evaluating: (-2.8+-2.6)/2.0
 Parameter: ZAB <- "-2.7"
  
 CHARMM>     
  
 CHARMM>    coor search -
 CHARMM>         xmin @x1  xmax @x2  xgrip @xncel -
 CHARMM>         ymin @y1  ymax @y2  ygrip @yncel -
 CHARMM>         zmin @a   zmax @b   zgrip 5
 Parameter: X1 -> "-17.0826968"
 Parameter: X2 -> "17.0826968"
 Parameter: XNCEL -> "170"
 Parameter: Y1 -> "-21.9894065"
 Parameter: Y2 -> "21.9894065"
 Parameter: YNCEL -> "219"
 Parameter: A -> "-2.8"
 Parameter: B -> "-2.6"

 A TOTAL OF   146712   VACUUM POINTS WERE FOUND
 A TOTAL OF    39438 OCCUPIED POINTS WERE FOUND
 A TOTAL OF        0 EXTERNAL POINTS WERE FOUND
 A TOTAL OF   146712 SELECTED POINTS WERE FOUND
 TOTAL OCCUPIED  VOLUME =      63.666616
 TOTAL SELECTED  VOLUME =     236.844075
 TOTAL FREE      VOLUME =     236.844075
 FRACTIONAL FREE VOLUME =      78.813860
  
 CHARMM>     
  
 CHARMM>    calc c = ?volume * @factor
 Parameter: FACTOR -> "5"
 RDCMND substituted energy or value "?VOLUME" to "63.6666164"
Evaluating: 63.6666164*5
 Parameter: C <- "318.333082"
  
 CHARMM>     
  
 CHARMM>    if a .lt. -10 if a .gt. -20 if c .gt. @botarea set botarea = @c
 Parameter: BOTAREA -> "396.273754"
 Parameter: C -> "318.333082"
 Comparing "-2.8" and "-10".
 IF test evaluated as false.  Skipping command
  
 CHARMM>    if a .gt.  10 if a .lt.  20 if c .gt. @toparea set toparea = @c
 Parameter: TOPAREA -> "-1"
 Parameter: C -> "318.333082"
 Comparing "-2.8" and "10".
 IF test evaluated as false.  Skipping command
  
 CHARMM>     
  
 CHARMM>    write title unit 51
 RDTITL> * -2.6  318.333082
 RDTITL> *
  
 CHARMM>     
  
 CHARMM>    incr a by @dcel
 Parameter: DCEL -> "0.2"
 Parameter: A <- "-2.6"
  
 CHARMM>    incr b by @dcel
 Parameter: DCEL -> "0.2"
 Parameter: B <- "-2.4"
  
 CHARMM>    if b le ?ZMAX goto DOAREA
 RDCMND substituted energy or value "?ZMAX" to "17.1394014"
 Comparing "-2.4" and "17.1394014".
 IF test evaluated as true.  Performing command
  
 CHARMM>     
  
 CHARMM>    ! Cross sectional protein area with whole atom.
 CHARMM>    scalar wmain = radius
  
 CHARMM>    scalar wmain mult 2.5   sele resname TIP3 end
 SELRPN>      0 atoms have been selected out of    872
  
 CHARMM>    scalar wmain add  1.529 sele .not. resname TIP3 end
 SELRPN>    872 atoms have been selected out of    872
  
 CHARMM>    scalar wmain mult 0.85  sele .not. resname TIP3 end
 SELRPN>    872 atoms have been selected out of    872
  
 CHARMM>    calc zab = ( @a + @b ) / 2.0
 Parameter: A -> "-2.6"
 Parameter: B -> "-2.4"
Evaluating: (-2.6+-2.4)/2.0
 Parameter: ZAB <- "-2.5"
  
 CHARMM>     
  
 CHARMM>    coor search -
 CHARMM>         xmin @x1  xmax @x2  xgrip @xncel -
 CHARMM>         ymin @y1  ymax @y2  ygrip @yncel -
 CHARMM>         zmin @a   zmax @b   zgrip 5
 Parameter: X1 -> "-17.0826968"
 Parameter: X2 -> "17.0826968"
 Parameter: XNCEL -> "170"
 Parameter: Y1 -> "-21.9894065"
 Parameter: Y2 -> "21.9894065"
 Parameter: YNCEL -> "219"
 Parameter: A -> "-2.6"
 Parameter: B -> "-2.4"

 A TOTAL OF   146726   VACUUM POINTS WERE FOUND
 A TOTAL OF    39424 OCCUPIED POINTS WERE FOUND
 A TOTAL OF        0 EXTERNAL POINTS WERE FOUND
 A TOTAL OF   146726 SELECTED POINTS WERE FOUND
 TOTAL OCCUPIED  VOLUME =      63.644016
 TOTAL SELECTED  VOLUME =     236.866676
 TOTAL FREE      VOLUME =     236.866676
 FRACTIONAL FREE VOLUME =      78.821381
  
 CHARMM>     
  
 CHARMM>    calc c = ?volume * @factor
 Parameter: FACTOR -> "5"
 RDCMND substituted energy or value "?VOLUME" to "63.6440155"
Evaluating: 63.6440155*5
 Parameter: C <- "318.220078"
  
 CHARMM>     
  
 CHARMM>    if a .lt. -10 if a .gt. -20 if c .gt. @botarea set botarea = @c
 Parameter: BOTAREA -> "396.273754"
 Parameter: C -> "318.220078"
 Comparing "-2.6" and "-10".
 IF test evaluated as false.  Skipping command
  
 CHARMM>    if a .gt.  10 if a .lt.  20 if c .gt. @toparea set toparea = @c
 Parameter: TOPAREA -> "-1"
 Parameter: C -> "318.220078"
 Comparing "-2.6" and "10".
 IF test evaluated as false.  Skipping command
  
 CHARMM>     
  
 CHARMM>    write title unit 51
 RDTITL> * -2.4  318.220078
 RDTITL> *
  
 CHARMM>     
  
 CHARMM>    incr a by @dcel
 Parameter: DCEL -> "0.2"
 Parameter: A <- "-2.4"
  
 CHARMM>    incr b by @dcel
 Parameter: DCEL -> "0.2"
 Parameter: B <- "-2.2"
  
 CHARMM>    if b le ?ZMAX goto DOAREA
 RDCMND substituted energy or value "?ZMAX" to "17.1394014"
 Comparing "-2.2" and "17.1394014".
 IF test evaluated as true.  Performing command
  
 CHARMM>     
  
 CHARMM>    ! Cross sectional protein area with whole atom.
 CHARMM>    scalar wmain = radius
  
 CHARMM>    scalar wmain mult 2.5   sele resname TIP3 end
 SELRPN>      0 atoms have been selected out of    872
  
 CHARMM>    scalar wmain add  1.529 sele .not. resname TIP3 end
 SELRPN>    872 atoms have been selected out of    872
  
 CHARMM>    scalar wmain mult 0.85  sele .not. resname TIP3 end
 SELRPN>    872 atoms have been selected out of    872
  
 CHARMM>    calc zab = ( @a + @b ) / 2.0
 Parameter: A -> "-2.4"
 Parameter: B -> "-2.2"
Evaluating: (-2.4+-2.2)/2.0
 Parameter: ZAB <- "-2.3"
  
 CHARMM>     
  
 CHARMM>    coor search -
 CHARMM>         xmin @x1  xmax @x2  xgrip @xncel -
 CHARMM>         ymin @y1  ymax @y2  ygrip @yncel -
 CHARMM>         zmin @a   zmax @b   zgrip 5
 Parameter: X1 -> "-17.0826968"
 Parameter: X2 -> "17.0826968"
 Parameter: XNCEL -> "170"
 Parameter: Y1 -> "-21.9894065"
 Parameter: Y2 -> "21.9894065"
 Parameter: YNCEL -> "219"
 Parameter: A -> "-2.4"
 Parameter: B -> "-2.2"

 A TOTAL OF   146744   VACUUM POINTS WERE FOUND
 A TOTAL OF    39406 OCCUPIED POINTS WERE FOUND
 A TOTAL OF        0 EXTERNAL POINTS WERE FOUND
 A TOTAL OF   146744 SELECTED POINTS WERE FOUND
 TOTAL OCCUPIED  VOLUME =      63.614957
 TOTAL SELECTED  VOLUME =     236.895734
 TOTAL FREE      VOLUME =     236.895734
 FRACTIONAL FREE VOLUME =      78.831050
  
 CHARMM>     
  
 CHARMM>    calc c = ?volume * @factor
 Parameter: FACTOR -> "5"
 RDCMND substituted energy or value "?VOLUME" to "63.6149573"
Evaluating: 63.6149573*5
 Parameter: C <- "318.074787"
  
 CHARMM>     
  
 CHARMM>    if a .lt. -10 if a .gt. -20 if c .gt. @botarea set botarea = @c
 Parameter: BOTAREA -> "396.273754"
 Parameter: C -> "318.074787"
 Comparing "-2.4" and "-10".
 IF test evaluated as false.  Skipping command
  
 CHARMM>    if a .gt.  10 if a .lt.  20 if c .gt. @toparea set toparea = @c
 Parameter: TOPAREA -> "-1"
 Parameter: C -> "318.074787"
 Comparing "-2.4" and "10".
 IF test evaluated as false.  Skipping command
  
 CHARMM>     
  
 CHARMM>    write title unit 51
 RDTITL> * -2.2  318.074787
 RDTITL> *
  
 CHARMM>     
  
 CHARMM>    incr a by @dcel
 Parameter: DCEL -> "0.2"
 Parameter: A <- "-2.2"
  
 CHARMM>    incr b by @dcel
 Parameter: DCEL -> "0.2"
 Parameter: B <- "-2"
  
 CHARMM>    if b le ?ZMAX goto DOAREA
 RDCMND substituted energy or value "?ZMAX" to "17.1394014"
 Comparing "-2" and "17.1394014".
 IF test evaluated as true.  Performing command
  
 CHARMM>     
  
 CHARMM>    ! Cross sectional protein area with whole atom.
 CHARMM>    scalar wmain = radius
  
 CHARMM>    scalar wmain mult 2.5   sele resname TIP3 end
 SELRPN>      0 atoms have been selected out of    872
  
 CHARMM>    scalar wmain add  1.529 sele .not. resname TIP3 end
 SELRPN>    872 atoms have been selected out of    872
  
 CHARMM>    scalar wmain mult 0.85  sele .not. resname TIP3 end
 SELRPN>    872 atoms have been selected out of    872
  
 CHARMM>    calc zab = ( @a + @b ) / 2.0
 Parameter: A -> "-2.2"
 Parameter: B -> "-2"
Evaluating: (-2.2+-2)/2.0
 Parameter: ZAB <- "-2.1"
  
 CHARMM>     
  
 CHARMM>    coor search -
 CHARMM>         xmin @x1  xmax @x2  xgrip @xncel -
 CHARMM>         ymin @y1  ymax @y2  ygrip @yncel -
 CHARMM>         zmin @a   zmax @b   zgrip 5
 Parameter: X1 -> "-17.0826968"
 Parameter: X2 -> "17.0826968"
 Parameter: XNCEL -> "170"
 Parameter: Y1 -> "-21.9894065"
 Parameter: Y2 -> "21.9894065"
 Parameter: YNCEL -> "219"
 Parameter: A -> "-2.2"
 Parameter: B -> "-2"

 A TOTAL OF   146964   VACUUM POINTS WERE FOUND
 A TOTAL OF    39186 OCCUPIED POINTS WERE FOUND
 A TOTAL OF        0 EXTERNAL POINTS WERE FOUND
 A TOTAL OF   146964 SELECTED POINTS WERE FOUND
 TOTAL OCCUPIED  VOLUME =      63.259801
 TOTAL SELECTED  VOLUME =     237.250890
 TOTAL FREE      VOLUME =     237.250890
 FRACTIONAL FREE VOLUME =      78.949234
  
 CHARMM>     
  
 CHARMM>    calc c = ?volume * @factor
 Parameter: FACTOR -> "5"
 RDCMND substituted energy or value "?VOLUME" to "63.259801"
Evaluating: 63.259801*5
 Parameter: C <- "316.299005"
  
 CHARMM>     
  
 CHARMM>    if a .lt. -10 if a .gt. -20 if c .gt. @botarea set botarea = @c
 Parameter: BOTAREA -> "396.273754"
 Parameter: C -> "316.299005"
 Comparing "-2.2" and "-10".
 IF test evaluated as false.  Skipping command
  
 CHARMM>    if a .gt.  10 if a .lt.  20 if c .gt. @toparea set toparea = @c
 Parameter: TOPAREA -> "-1"
 Parameter: C -> "316.299005"
 Comparing "-2.2" and "10".
 IF test evaluated as false.  Skipping command
  
 CHARMM>     
  
 CHARMM>    write title unit 51
 RDTITL> * -2  316.299005
 RDTITL> *
  
 CHARMM>     
  
 CHARMM>    incr a by @dcel
 Parameter: DCEL -> "0.2"
 Parameter: A <- "-2"
  
 CHARMM>    incr b by @dcel
 Parameter: DCEL -> "0.2"
 Parameter: B <- "-1.8"
  
 CHARMM>    if b le ?ZMAX goto DOAREA
 RDCMND substituted energy or value "?ZMAX" to "17.1394014"
 Comparing "-1.8" and "17.1394014".
 IF test evaluated as true.  Performing command
  
 CHARMM>     
  
 CHARMM>    ! Cross sectional protein area with whole atom.
 CHARMM>    scalar wmain = radius
  
 CHARMM>    scalar wmain mult 2.5   sele resname TIP3 end
 SELRPN>      0 atoms have been selected out of    872
  
 CHARMM>    scalar wmain add  1.529 sele .not. resname TIP3 end
 SELRPN>    872 atoms have been selected out of    872
  
 CHARMM>    scalar wmain mult 0.85  sele .not. resname TIP3 end
 SELRPN>    872 atoms have been selected out of    872
  
 CHARMM>    calc zab = ( @a + @b ) / 2.0
 Parameter: A -> "-2"
 Parameter: B -> "-1.8"
Evaluating: (-2+-1.8)/2.0
 Parameter: ZAB <- "-1.9"
  
 CHARMM>     
  
 CHARMM>    coor search -
 CHARMM>         xmin @x1  xmax @x2  xgrip @xncel -
 CHARMM>         ymin @y1  ymax @y2  ygrip @yncel -
 CHARMM>         zmin @a   zmax @b   zgrip 5
 Parameter: X1 -> "-17.0826968"
 Parameter: X2 -> "17.0826968"
 Parameter: XNCEL -> "170"
 Parameter: Y1 -> "-21.9894065"
 Parameter: Y2 -> "21.9894065"
 Parameter: YNCEL -> "219"
 Parameter: A -> "-2"
 Parameter: B -> "-1.8"

 A TOTAL OF   147206   VACUUM POINTS WERE FOUND
 A TOTAL OF    38944 OCCUPIED POINTS WERE FOUND
 A TOTAL OF        0 EXTERNAL POINTS WERE FOUND
 A TOTAL OF   147206 SELECTED POINTS WERE FOUND
 TOTAL OCCUPIED  VOLUME =      62.869129
 TOTAL SELECTED  VOLUME =     237.641562
 TOTAL FREE      VOLUME =     237.641562
 FRACTIONAL FREE VOLUME =      79.079237
  
 CHARMM>     
  
 CHARMM>    calc c = ?volume * @factor
 Parameter: FACTOR -> "5"
 RDCMND substituted energy or value "?VOLUME" to "62.869129"
Evaluating: 62.869129*5
 Parameter: C <- "314.345645"
  
 CHARMM>     
  
 CHARMM>    if a .lt. -10 if a .gt. -20 if c .gt. @botarea set botarea = @c
 Parameter: BOTAREA -> "396.273754"
 Parameter: C -> "314.345645"
 Comparing "-2" and "-10".
 IF test evaluated as false.  Skipping command
  
 CHARMM>    if a .gt.  10 if a .lt.  20 if c .gt. @toparea set toparea = @c
 Parameter: TOPAREA -> "-1"
 Parameter: C -> "314.345645"
 Comparing "-2" and "10".
 IF test evaluated as false.  Skipping command
  
 CHARMM>     
  
 CHARMM>    write title unit 51
 RDTITL> * -1.8  314.345645
 RDTITL> *
  
 CHARMM>     
  
 CHARMM>    incr a by @dcel
 Parameter: DCEL -> "0.2"
 Parameter: A <- "-1.8"
  
 CHARMM>    incr b by @dcel
 Parameter: DCEL -> "0.2"
 Parameter: B <- "-1.6"
  
 CHARMM>    if b le ?ZMAX goto DOAREA
 RDCMND substituted energy or value "?ZMAX" to "17.1394014"
 Comparing "-1.6" and "17.1394014".
 IF test evaluated as true.  Performing command
  
 CHARMM>     
  
 CHARMM>    ! Cross sectional protein area with whole atom.
 CHARMM>    scalar wmain = radius
  
 CHARMM>    scalar wmain mult 2.5   sele resname TIP3 end
 SELRPN>      0 atoms have been selected out of    872
  
 CHARMM>    scalar wmain add  1.529 sele .not. resname TIP3 end
 SELRPN>    872 atoms have been selected out of    872
  
 CHARMM>    scalar wmain mult 0.85  sele .not. resname TIP3 end
 SELRPN>    872 atoms have been selected out of    872
  
 CHARMM>    calc zab = ( @a + @b ) / 2.0
 Parameter: A -> "-1.8"
 Parameter: B -> "-1.6"
Evaluating: (-1.8+-1.6)/2.0
 Parameter: ZAB <- "-1.7"
  
 CHARMM>     
  
 CHARMM>    coor search -
 CHARMM>         xmin @x1  xmax @x2  xgrip @xncel -
 CHARMM>         ymin @y1  ymax @y2  ygrip @yncel -
 CHARMM>         zmin @a   zmax @b   zgrip 5
 Parameter: X1 -> "-17.0826968"
 Parameter: X2 -> "17.0826968"
 Parameter: XNCEL -> "170"
 Parameter: Y1 -> "-21.9894065"
 Parameter: Y2 -> "21.9894065"
 Parameter: YNCEL -> "219"
 Parameter: A -> "-1.8"
 Parameter: B -> "-1.6"

 A TOTAL OF   147532   VACUUM POINTS WERE FOUND
 A TOTAL OF    38618 OCCUPIED POINTS WERE FOUND
 A TOTAL OF        0 EXTERNAL POINTS WERE FOUND
 A TOTAL OF   147532 SELECTED POINTS WERE FOUND
 TOTAL OCCUPIED  VOLUME =      62.342852
 TOTAL SELECTED  VOLUME =     238.167839
 TOTAL FREE      VOLUME =     238.167839
 FRACTIONAL FREE VOLUME =      79.254365
  
 CHARMM>     
  
 CHARMM>    calc c = ?volume * @factor
 Parameter: FACTOR -> "5"
 RDCMND substituted energy or value "?VOLUME" to "62.3428519"
Evaluating: 62.3428519*5
 Parameter: C <- "311.71426"
  
 CHARMM>     
  
 CHARMM>    if a .lt. -10 if a .gt. -20 if c .gt. @botarea set botarea = @c
 Parameter: BOTAREA -> "396.273754"
 Parameter: C -> "311.71426"
 Comparing "-1.8" and "-10".
 IF test evaluated as false.  Skipping command
  
 CHARMM>    if a .gt.  10 if a .lt.  20 if c .gt. @toparea set toparea = @c
 Parameter: TOPAREA -> "-1"
 Parameter: C -> "311.71426"
 Comparing "-1.8" and "10".
 IF test evaluated as false.  Skipping command
  
 CHARMM>     
  
 CHARMM>    write title unit 51
 RDTITL> * -1.6  311.71426
 RDTITL> *
  
 CHARMM>     
  
 CHARMM>    incr a by @dcel
 Parameter: DCEL -> "0.2"
 Parameter: A <- "-1.6"
  
 CHARMM>    incr b by @dcel
 Parameter: DCEL -> "0.2"
 Parameter: B <- "-1.4"
  
 CHARMM>    if b le ?ZMAX goto DOAREA
 RDCMND substituted energy or value "?ZMAX" to "17.1394014"
 Comparing "-1.4" and "17.1394014".
 IF test evaluated as true.  Performing command
  
 CHARMM>     
  
 CHARMM>    ! Cross sectional protein area with whole atom.
 CHARMM>    scalar wmain = radius
  
 CHARMM>    scalar wmain mult 2.5   sele resname TIP3 end
 SELRPN>      0 atoms have been selected out of    872
  
 CHARMM>    scalar wmain add  1.529 sele .not. resname TIP3 end
 SELRPN>    872 atoms have been selected out of    872
  
 CHARMM>    scalar wmain mult 0.85  sele .not. resname TIP3 end
 SELRPN>    872 atoms have been selected out of    872
  
 CHARMM>    calc zab = ( @a + @b ) / 2.0
 Parameter: A -> "-1.6"
 Parameter: B -> "-1.4"
Evaluating: (-1.6+-1.4)/2.0
 Parameter: ZAB <- "-1.5"
  
 CHARMM>     
  
 CHARMM>    coor search -
 CHARMM>         xmin @x1  xmax @x2  xgrip @xncel -
 CHARMM>         ymin @y1  ymax @y2  ygrip @yncel -
 CHARMM>         zmin @a   zmax @b   zgrip 5
 Parameter: X1 -> "-17.0826968"
 Parameter: X2 -> "17.0826968"
 Parameter: XNCEL -> "170"
 Parameter: Y1 -> "-21.9894065"
 Parameter: Y2 -> "21.9894065"
 Parameter: YNCEL -> "219"
 Parameter: A -> "-1.6"
 Parameter: B -> "-1.4"

 A TOTAL OF   147960   VACUUM POINTS WERE FOUND
 A TOTAL OF    38190 OCCUPIED POINTS WERE FOUND
 A TOTAL OF        0 EXTERNAL POINTS WERE FOUND
 A TOTAL OF   147960 SELECTED POINTS WERE FOUND
 TOTAL OCCUPIED  VOLUME =      61.651911
 TOTAL SELECTED  VOLUME =     238.858780
 TOTAL FREE      VOLUME =     238.858780
 FRACTIONAL FREE VOLUME =      79.484287
  
 CHARMM>     
  
 CHARMM>    calc c = ?volume * @factor
 Parameter: FACTOR -> "5"
 RDCMND substituted energy or value "?VOLUME" to "61.6519114"
Evaluating: 61.6519114*5
 Parameter: C <- "308.259557"
  
 CHARMM>     
  
 CHARMM>    if a .lt. -10 if a .gt. -20 if c .gt. @botarea set botarea = @c
 Parameter: BOTAREA -> "396.273754"
 Parameter: C -> "308.259557"
 Comparing "-1.6" and "-10".
 IF test evaluated as false.  Skipping command
  
 CHARMM>    if a .gt.  10 if a .lt.  20 if c .gt. @toparea set toparea = @c
 Parameter: TOPAREA -> "-1"
 Parameter: C -> "308.259557"
 Comparing "-1.6" and "10".
 IF test evaluated as false.  Skipping command
  
 CHARMM>     
  
 CHARMM>    write title unit 51
 RDTITL> * -1.4  308.259557
 RDTITL> *
  
 CHARMM>     
  
 CHARMM>    incr a by @dcel
 Parameter: DCEL -> "0.2"
 Parameter: A <- "-1.4"
  
 CHARMM>    incr b by @dcel
 Parameter: DCEL -> "0.2"
 Parameter: B <- "-1.2"
  
 CHARMM>    if b le ?ZMAX goto DOAREA
 RDCMND substituted energy or value "?ZMAX" to "17.1394014"
 Comparing "-1.2" and "17.1394014".
 IF test evaluated as true.  Performing command
  
 CHARMM>     
  
 CHARMM>    ! Cross sectional protein area with whole atom.
 CHARMM>    scalar wmain = radius
  
 CHARMM>    scalar wmain mult 2.5   sele resname TIP3 end
 SELRPN>      0 atoms have been selected out of    872
  
 CHARMM>    scalar wmain add  1.529 sele .not. resname TIP3 end
 SELRPN>    872 atoms have been selected out of    872
  
 CHARMM>    scalar wmain mult 0.85  sele .not. resname TIP3 end
 SELRPN>    872 atoms have been selected out of    872
  
 CHARMM>    calc zab = ( @a + @b ) / 2.0
 Parameter: A -> "-1.4"
 Parameter: B -> "-1.2"
Evaluating: (-1.4+-1.2)/2.0
 Parameter: ZAB <- "-1.3"
  
 CHARMM>     
  
 CHARMM>    coor search -
 CHARMM>         xmin @x1  xmax @x2  xgrip @xncel -
 CHARMM>         ymin @y1  ymax @y2  ygrip @yncel -
 CHARMM>         zmin @a   zmax @b   zgrip 5
 Parameter: X1 -> "-17.0826968"
 Parameter: X2 -> "17.0826968"
 Parameter: XNCEL -> "170"
 Parameter: Y1 -> "-21.9894065"
 Parameter: Y2 -> "21.9894065"
 Parameter: YNCEL -> "219"
 Parameter: A -> "-1.4"
 Parameter: B -> "-1.2"

 A TOTAL OF   148454   VACUUM POINTS WERE FOUND
 A TOTAL OF    37696 OCCUPIED POINTS WERE FOUND
 A TOTAL OF        0 EXTERNAL POINTS WERE FOUND
 A TOTAL OF   148454 SELECTED POINTS WERE FOUND
 TOTAL OCCUPIED  VOLUME =      60.854424
 TOTAL SELECTED  VOLUME =     239.656267
 TOTAL FREE      VOLUME =     239.656267
 FRACTIONAL FREE VOLUME =      79.749664
  
 CHARMM>     
  
 CHARMM>    calc c = ?volume * @factor
 Parameter: FACTOR -> "5"
 RDCMND substituted energy or value "?VOLUME" to "60.8544239"
Evaluating: 60.8544239*5
 Parameter: C <- "304.27212"
  
 CHARMM>     
  
 CHARMM>    if a .lt. -10 if a .gt. -20 if c .gt. @botarea set botarea = @c
 Parameter: BOTAREA -> "396.273754"
 Parameter: C -> "304.27212"
 Comparing "-1.4" and "-10".
 IF test evaluated as false.  Skipping command
  
 CHARMM>    if a .gt.  10 if a .lt.  20 if c .gt. @toparea set toparea = @c
 Parameter: TOPAREA -> "-1"
 Parameter: C -> "304.27212"
 Comparing "-1.4" and "10".
 IF test evaluated as false.  Skipping command
  
 CHARMM>     
  
 CHARMM>    write title unit 51
 RDTITL> * -1.2  304.27212
 RDTITL> *
  
 CHARMM>     
  
 CHARMM>    incr a by @dcel
 Parameter: DCEL -> "0.2"
 Parameter: A <- "-1.2"
  
 CHARMM>    incr b by @dcel
 Parameter: DCEL -> "0.2"
 Parameter: B <- "-1"
  
 CHARMM>    if b le ?ZMAX goto DOAREA
 RDCMND substituted energy or value "?ZMAX" to "17.1394014"
 Comparing "-1" and "17.1394014".
 IF test evaluated as true.  Performing command
  
 CHARMM>     
  
 CHARMM>    ! Cross sectional protein area with whole atom.
 CHARMM>    scalar wmain = radius
  
 CHARMM>    scalar wmain mult 2.5   sele resname TIP3 end
 SELRPN>      0 atoms have been selected out of    872
  
 CHARMM>    scalar wmain add  1.529 sele .not. resname TIP3 end
 SELRPN>    872 atoms have been selected out of    872
  
 CHARMM>    scalar wmain mult 0.85  sele .not. resname TIP3 end
 SELRPN>    872 atoms have been selected out of    872
  
 CHARMM>    calc zab = ( @a + @b ) / 2.0
 Parameter: A -> "-1.2"
 Parameter: B -> "-1"
Evaluating: (-1.2+-1)/2.0
 Parameter: ZAB <- "-1.1"
  
 CHARMM>     
  
 CHARMM>    coor search -
 CHARMM>         xmin @x1  xmax @x2  xgrip @xncel -
 CHARMM>         ymin @y1  ymax @y2  ygrip @yncel -
 CHARMM>         zmin @a   zmax @b   zgrip 5
 Parameter: X1 -> "-17.0826968"
 Parameter: X2 -> "17.0826968"
 Parameter: XNCEL -> "170"
 Parameter: Y1 -> "-21.9894065"
 Parameter: Y2 -> "21.9894065"
 Parameter: YNCEL -> "219"
 Parameter: A -> "-1.2"
 Parameter: B -> "-1"

 A TOTAL OF   148868   VACUUM POINTS WERE FOUND
 A TOTAL OF    37282 OCCUPIED POINTS WERE FOUND
 A TOTAL OF        0 EXTERNAL POINTS WERE FOUND
 A TOTAL OF   148868 SELECTED POINTS WERE FOUND
 TOTAL OCCUPIED  VOLUME =      60.186084
 TOTAL SELECTED  VOLUME =     240.324607
 TOTAL FREE      VOLUME =     240.324607
 FRACTIONAL FREE VOLUME =      79.972066
  
 CHARMM>     
  
 CHARMM>    calc c = ?volume * @factor
 Parameter: FACTOR -> "5"
 RDCMND substituted energy or value "?VOLUME" to "60.1860843"
Evaluating: 60.1860843*5
 Parameter: C <- "300.930421"
  
 CHARMM>     
  
 CHARMM>    if a .lt. -10 if a .gt. -20 if c .gt. @botarea set botarea = @c
 Parameter: BOTAREA -> "396.273754"
 Parameter: C -> "300.930421"
 Comparing "-1.2" and "-10".
 IF test evaluated as false.  Skipping command
  
 CHARMM>    if a .gt.  10 if a .lt.  20 if c .gt. @toparea set toparea = @c
 Parameter: TOPAREA -> "-1"
 Parameter: C -> "300.930421"
 Comparing "-1.2" and "10".
 IF test evaluated as false.  Skipping command
  
 CHARMM>     
  
 CHARMM>    write title unit 51
 RDTITL> * -1  300.930421
 RDTITL> *
  
 CHARMM>     
  
 CHARMM>    incr a by @dcel
 Parameter: DCEL -> "0.2"
 Parameter: A <- "-1"
  
 CHARMM>    incr b by @dcel
 Parameter: DCEL -> "0.2"
 Parameter: B <- "-0.8"
  
 CHARMM>    if b le ?ZMAX goto DOAREA
 RDCMND substituted energy or value "?ZMAX" to "17.1394014"
 Comparing "-0.8" and "17.1394014".
 IF test evaluated as true.  Performing command
  
 CHARMM>     
  
 CHARMM>    ! Cross sectional protein area with whole atom.
 CHARMM>    scalar wmain = radius
  
 CHARMM>    scalar wmain mult 2.5   sele resname TIP3 end
 SELRPN>      0 atoms have been selected out of    872
  
 CHARMM>    scalar wmain add  1.529 sele .not. resname TIP3 end
 SELRPN>    872 atoms have been selected out of    872
  
 CHARMM>    scalar wmain mult 0.85  sele .not. resname TIP3 end
 SELRPN>    872 atoms have been selected out of    872
  
 CHARMM>    calc zab = ( @a + @b ) / 2.0
 Parameter: A -> "-1"
 Parameter: B -> "-0.8"
Evaluating: (-1+-0.8)/2.0
 Parameter: ZAB <- "-0.9"
  
 CHARMM>     
  
 CHARMM>    coor search -
 CHARMM>         xmin @x1  xmax @x2  xgrip @xncel -
 CHARMM>         ymin @y1  ymax @y2  ygrip @yncel -
 CHARMM>         zmin @a   zmax @b   zgrip 5
 Parameter: X1 -> "-17.0826968"
 Parameter: X2 -> "17.0826968"
 Parameter: XNCEL -> "170"
 Parameter: Y1 -> "-21.9894065"
 Parameter: Y2 -> "21.9894065"
 Parameter: YNCEL -> "219"
 Parameter: A -> "-1"
 Parameter: B -> "-0.8"

 A TOTAL OF   149130   VACUUM POINTS WERE FOUND
 A TOTAL OF    37020 OCCUPIED POINTS WERE FOUND
 A TOTAL OF        0 EXTERNAL POINTS WERE FOUND
 A TOTAL OF   149130 SELECTED POINTS WERE FOUND
 TOTAL OCCUPIED  VOLUME =      59.763125
 TOTAL SELECTED  VOLUME =     240.747566
 TOTAL FREE      VOLUME =     240.747566
 FRACTIONAL FREE VOLUME =      80.112812
  
 CHARMM>     
  
 CHARMM>    calc c = ?volume * @factor
 Parameter: FACTOR -> "5"
 RDCMND substituted energy or value "?VOLUME" to "59.7631254"
Evaluating: 59.7631254*5
 Parameter: C <- "298.815627"
  
 CHARMM>     
  
 CHARMM>    if a .lt. -10 if a .gt. -20 if c .gt. @botarea set botarea = @c
 Parameter: BOTAREA -> "396.273754"
 Parameter: C -> "298.815627"
 Comparing "-1" and "-10".
 IF test evaluated as false.  Skipping command
  
 CHARMM>    if a .gt.  10 if a .lt.  20 if c .gt. @toparea set toparea = @c
 Parameter: TOPAREA -> "-1"
 Parameter: C -> "298.815627"
 Comparing "-1" and "10".
 IF test evaluated as false.  Skipping command
  
 CHARMM>     
  
 CHARMM>    write title unit 51
 RDTITL> * -0.8  298.815627
 RDTITL> *
  
 CHARMM>     
  
 CHARMM>    incr a by @dcel
 Parameter: DCEL -> "0.2"
 Parameter: A <- "-0.8"
  
 CHARMM>    incr b by @dcel
 Parameter: DCEL -> "0.2"
 Parameter: B <- "-0.6"
  
 CHARMM>    if b le ?ZMAX goto DOAREA
 RDCMND substituted energy or value "?ZMAX" to "17.1394014"
 Comparing "-0.6" and "17.1394014".
 IF test evaluated as true.  Performing command
  
 CHARMM>     
  
 CHARMM>    ! Cross sectional protein area with whole atom.
 CHARMM>    scalar wmain = radius
  
 CHARMM>    scalar wmain mult 2.5   sele resname TIP3 end
 SELRPN>      0 atoms have been selected out of    872
  
 CHARMM>    scalar wmain add  1.529 sele .not. resname TIP3 end
 SELRPN>    872 atoms have been selected out of    872
  
 CHARMM>    scalar wmain mult 0.85  sele .not. resname TIP3 end
 SELRPN>    872 atoms have been selected out of    872
  
 CHARMM>    calc zab = ( @a + @b ) / 2.0
 Parameter: A -> "-0.8"
 Parameter: B -> "-0.6"
Evaluating: (-0.8+-0.6)/2.0
 Parameter: ZAB <- "-0.7"
  
 CHARMM>     
  
 CHARMM>    coor search -
 CHARMM>         xmin @x1  xmax @x2  xgrip @xncel -
 CHARMM>         ymin @y1  ymax @y2  ygrip @yncel -
 CHARMM>         zmin @a   zmax @b   zgrip 5
 Parameter: X1 -> "-17.0826968"
 Parameter: X2 -> "17.0826968"
 Parameter: XNCEL -> "170"
 Parameter: Y1 -> "-21.9894065"
 Parameter: Y2 -> "21.9894065"
 Parameter: YNCEL -> "219"
 Parameter: A -> "-0.8"
 Parameter: B -> "-0.6"

 A TOTAL OF   149516   VACUUM POINTS WERE FOUND
 A TOTAL OF    36634 OCCUPIED POINTS WERE FOUND
 A TOTAL OF        0 EXTERNAL POINTS WERE FOUND
 A TOTAL OF   149516 SELECTED POINTS WERE FOUND
 TOTAL OCCUPIED  VOLUME =      59.139987
 TOTAL SELECTED  VOLUME =     241.370704
 TOTAL FREE      VOLUME =     241.370704
 FRACTIONAL FREE VOLUME =      80.320172
  
 CHARMM>     
  
 CHARMM>    calc c = ?volume * @factor
 Parameter: FACTOR -> "5"
 RDCMND substituted energy or value "?VOLUME" to "59.1399874"
Evaluating: 59.1399874*5
 Parameter: C <- "295.699937"
  
 CHARMM>     
  
 CHARMM>    if a .lt. -10 if a .gt. -20 if c .gt. @botarea set botarea = @c
 Parameter: BOTAREA -> "396.273754"
 Parameter: C -> "295.699937"
 Comparing "-0.8" and "-10".
 IF test evaluated as false.  Skipping command
  
 CHARMM>    if a .gt.  10 if a .lt.  20 if c .gt. @toparea set toparea = @c
 Parameter: TOPAREA -> "-1"
 Parameter: C -> "295.699937"
 Comparing "-0.8" and "10".
 IF test evaluated as false.  Skipping command
  
 CHARMM>     
  
 CHARMM>    write title unit 51
 RDTITL> * -0.6  295.699937
 RDTITL> *
  
 CHARMM>     
  
 CHARMM>    incr a by @dcel
 Parameter: DCEL -> "0.2"
 Parameter: A <- "-0.6"
  
 CHARMM>    incr b by @dcel
 Parameter: DCEL -> "0.2"
 Parameter: B <- "-0.4"
  
 CHARMM>    if b le ?ZMAX goto DOAREA
 RDCMND substituted energy or value "?ZMAX" to "17.1394014"
 Comparing "-0.4" and "17.1394014".
 IF test evaluated as true.  Performing command
  
 CHARMM>     
  
 CHARMM>    ! Cross sectional protein area with whole atom.
 CHARMM>    scalar wmain = radius
  
 CHARMM>    scalar wmain mult 2.5   sele resname TIP3 end
 SELRPN>      0 atoms have been selected out of    872
  
 CHARMM>    scalar wmain add  1.529 sele .not. resname TIP3 end
 SELRPN>    872 atoms have been selected out of    872
  
 CHARMM>    scalar wmain mult 0.85  sele .not. resname TIP3 end
 SELRPN>    872 atoms have been selected out of    872
  
 CHARMM>    calc zab = ( @a + @b ) / 2.0
 Parameter: A -> "-0.6"
 Parameter: B -> "-0.4"
Evaluating: (-0.6+-0.4)/2.0
 Parameter: ZAB <- "-0.5"
  
 CHARMM>     
  
 CHARMM>    coor search -
 CHARMM>         xmin @x1  xmax @x2  xgrip @xncel -
 CHARMM>         ymin @y1  ymax @y2  ygrip @yncel -
 CHARMM>         zmin @a   zmax @b   zgrip 5
 Parameter: X1 -> "-17.0826968"
 Parameter: X2 -> "17.0826968"
 Parameter: XNCEL -> "170"
 Parameter: Y1 -> "-21.9894065"
 Parameter: Y2 -> "21.9894065"
 Parameter: YNCEL -> "219"
 Parameter: A -> "-0.6"
 Parameter: B -> "-0.4"

 A TOTAL OF   150002   VACUUM POINTS WERE FOUND
 A TOTAL OF    36148 OCCUPIED POINTS WERE FOUND
 A TOTAL OF        0 EXTERNAL POINTS WERE FOUND
 A TOTAL OF   150002 SELECTED POINTS WERE FOUND
 TOTAL OCCUPIED  VOLUME =      58.355415
 TOTAL SELECTED  VOLUME =     242.155276
 TOTAL FREE      VOLUME =     242.155276
 FRACTIONAL FREE VOLUME =      80.581252
  
 CHARMM>     
  
 CHARMM>    calc c = ?volume * @factor
 Parameter: FACTOR -> "5"
 RDCMND substituted energy or value "?VOLUME" to "58.3554148"
Evaluating: 58.3554148*5
 Parameter: C <- "291.777074"
  
 CHARMM>     
  
 CHARMM>    if a .lt. -10 if a .gt. -20 if c .gt. @botarea set botarea = @c
 Parameter: BOTAREA -> "396.273754"
 Parameter: C -> "291.777074"
 Comparing "-0.6" and "-10".
 IF test evaluated as false.  Skipping command
  
 CHARMM>    if a .gt.  10 if a .lt.  20 if c .gt. @toparea set toparea = @c
 Parameter: TOPAREA -> "-1"
 Parameter: C -> "291.777074"
 Comparing "-0.6" and "10".
 IF test evaluated as false.  Skipping command
  
 CHARMM>     
  
 CHARMM>    write title unit 51
 RDTITL> * -0.4  291.777074
 RDTITL> *
  
 CHARMM>     
  
 CHARMM>    incr a by @dcel
 Parameter: DCEL -> "0.2"
 Parameter: A <- "-0.4"
  
 CHARMM>    incr b by @dcel
 Parameter: DCEL -> "0.2"
 Parameter: B <- "-0.2"
  
 CHARMM>    if b le ?ZMAX goto DOAREA
 RDCMND substituted energy or value "?ZMAX" to "17.1394014"
 Comparing "-0.2" and "17.1394014".
 IF test evaluated as true.  Performing command
  
 CHARMM>     
  
 CHARMM>    ! Cross sectional protein area with whole atom.
 CHARMM>    scalar wmain = radius
  
 CHARMM>    scalar wmain mult 2.5   sele resname TIP3 end
 SELRPN>      0 atoms have been selected out of    872
  
 CHARMM>    scalar wmain add  1.529 sele .not. resname TIP3 end
 SELRPN>    872 atoms have been selected out of    872
  
 CHARMM>    scalar wmain mult 0.85  sele .not. resname TIP3 end
 SELRPN>    872 atoms have been selected out of    872
  
 CHARMM>    calc zab = ( @a + @b ) / 2.0
 Parameter: A -> "-0.4"
 Parameter: B -> "-0.2"
Evaluating: (-0.4+-0.2)/2.0
 Parameter: ZAB <- "-0.3"
  
 CHARMM>     
  
 CHARMM>    coor search -
 CHARMM>         xmin @x1  xmax @x2  xgrip @xncel -
 CHARMM>         ymin @y1  ymax @y2  ygrip @yncel -
 CHARMM>         zmin @a   zmax @b   zgrip 5
 Parameter: X1 -> "-17.0826968"
 Parameter: X2 -> "17.0826968"
 Parameter: XNCEL -> "170"
 Parameter: Y1 -> "-21.9894065"
 Parameter: Y2 -> "21.9894065"
 Parameter: YNCEL -> "219"
 Parameter: A -> "-0.4"
 Parameter: B -> "-0.2"

 A TOTAL OF   150362   VACUUM POINTS WERE FOUND
 A TOTAL OF    35788 OCCUPIED POINTS WERE FOUND
 A TOTAL OF        0 EXTERNAL POINTS WERE FOUND
 A TOTAL OF   150362 SELECTED POINTS WERE FOUND
 TOTAL OCCUPIED  VOLUME =      57.774250
 TOTAL SELECTED  VOLUME =     242.736441
 TOTAL FREE      VOLUME =     242.736441
 FRACTIONAL FREE VOLUME =      80.774644
  
 CHARMM>     
  
 CHARMM>    calc c = ?volume * @factor
 Parameter: FACTOR -> "5"
 RDCMND substituted energy or value "?VOLUME" to "57.7742499"
Evaluating: 57.7742499*5
 Parameter: C <- "288.871249"
  
 CHARMM>     
  
 CHARMM>    if a .lt. -10 if a .gt. -20 if c .gt. @botarea set botarea = @c
 Parameter: BOTAREA -> "396.273754"
 Parameter: C -> "288.871249"
 Comparing "-0.4" and "-10".
 IF test evaluated as false.  Skipping command
  
 CHARMM>    if a .gt.  10 if a .lt.  20 if c .gt. @toparea set toparea = @c
 Parameter: TOPAREA -> "-1"
 Parameter: C -> "288.871249"
 Comparing "-0.4" and "10".
 IF test evaluated as false.  Skipping command
  
 CHARMM>     
  
 CHARMM>    write title unit 51
 RDTITL> * -0.2  288.871249
 RDTITL> *
  
 CHARMM>     
  
 CHARMM>    incr a by @dcel
 Parameter: DCEL -> "0.2"
 Parameter: A <- "-0.2"
  
 CHARMM>    incr b by @dcel
 Parameter: DCEL -> "0.2"
 Parameter: B <- "0"
  
 CHARMM>    if b le ?ZMAX goto DOAREA
 RDCMND substituted energy or value "?ZMAX" to "17.1394014"
 Comparing "0" and "17.1394014".
 IF test evaluated as true.  Performing command
  
 CHARMM>     
  
 CHARMM>    ! Cross sectional protein area with whole atom.
 CHARMM>    scalar wmain = radius
  
 CHARMM>    scalar wmain mult 2.5   sele resname TIP3 end
 SELRPN>      0 atoms have been selected out of    872
  
 CHARMM>    scalar wmain add  1.529 sele .not. resname TIP3 end
 SELRPN>    872 atoms have been selected out of    872
  
 CHARMM>    scalar wmain mult 0.85  sele .not. resname TIP3 end
 SELRPN>    872 atoms have been selected out of    872
  
 CHARMM>    calc zab = ( @a + @b ) / 2.0
 Parameter: A -> "-0.2"
 Parameter: B -> "0"
Evaluating: (-0.2+0)/2.0
 Parameter: ZAB <- "-0.1"
  
 CHARMM>     
  
 CHARMM>    coor search -
 CHARMM>         xmin @x1  xmax @x2  xgrip @xncel -
 CHARMM>         ymin @y1  ymax @y2  ygrip @yncel -
 CHARMM>         zmin @a   zmax @b   zgrip 5
 Parameter: X1 -> "-17.0826968"
 Parameter: X2 -> "17.0826968"
 Parameter: XNCEL -> "170"
 Parameter: Y1 -> "-21.9894065"
 Parameter: Y2 -> "21.9894065"
 Parameter: YNCEL -> "219"
 Parameter: A -> "-0.2"
 Parameter: B -> "0"

 A TOTAL OF   150778   VACUUM POINTS WERE FOUND
 A TOTAL OF    35372 OCCUPIED POINTS WERE FOUND
 A TOTAL OF        0 EXTERNAL POINTS WERE FOUND
 A TOTAL OF   150778 SELECTED POINTS WERE FOUND
 TOTAL OCCUPIED  VOLUME =      57.102682
 TOTAL SELECTED  VOLUME =     243.408010
 TOTAL FREE      VOLUME =     243.408010
 FRACTIONAL FREE VOLUME =      80.998120
  
 CHARMM>     
  
 CHARMM>    calc c = ?volume * @factor
 Parameter: FACTOR -> "5"
 RDCMND substituted energy or value "?VOLUME" to "57.1026816"
Evaluating: 57.1026816*5
 Parameter: C <- "285.513408"
  
 CHARMM>     
  
 CHARMM>    if a .lt. -10 if a .gt. -20 if c .gt. @botarea set botarea = @c
 Parameter: BOTAREA -> "396.273754"
 Parameter: C -> "285.513408"
 Comparing "-0.2" and "-10".
 IF test evaluated as false.  Skipping command
  
 CHARMM>    if a .gt.  10 if a .lt.  20 if c .gt. @toparea set toparea = @c
 Parameter: TOPAREA -> "-1"
 Parameter: C -> "285.513408"
 Comparing "-0.2" and "10".
 IF test evaluated as false.  Skipping command
  
 CHARMM>     
  
 CHARMM>    write title unit 51
 RDTITL> * 0  285.513408
 RDTITL> *
  
 CHARMM>     
  
 CHARMM>    incr a by @dcel
 Parameter: DCEL -> "0.2"
 Parameter: A <- "0"
  
 CHARMM>    incr b by @dcel
 Parameter: DCEL -> "0.2"
 Parameter: B <- "0.2"
  
 CHARMM>    if b le ?ZMAX goto DOAREA
 RDCMND substituted energy or value "?ZMAX" to "17.1394014"
 Comparing "0.2" and "17.1394014".
 IF test evaluated as true.  Performing command
  
 CHARMM>     
  
 CHARMM>    ! Cross sectional protein area with whole atom.
 CHARMM>    scalar wmain = radius
  
 CHARMM>    scalar wmain mult 2.5   sele resname TIP3 end
 SELRPN>      0 atoms have been selected out of    872
  
 CHARMM>    scalar wmain add  1.529 sele .not. resname TIP3 end
 SELRPN>    872 atoms have been selected out of    872
  
 CHARMM>    scalar wmain mult 0.85  sele .not. resname TIP3 end
 SELRPN>    872 atoms have been selected out of    872
  
 CHARMM>    calc zab = ( @a + @b ) / 2.0
 Parameter: A -> "0"
 Parameter: B -> "0.2"
Evaluating: (0+0.2)/2.0
 Parameter: ZAB <- "0.1"
  
 CHARMM>     
  
 CHARMM>    coor search -
 CHARMM>         xmin @x1  xmax @x2  xgrip @xncel -
 CHARMM>         ymin @y1  ymax @y2  ygrip @yncel -
 CHARMM>         zmin @a   zmax @b   zgrip 5
 Parameter: X1 -> "-17.0826968"
 Parameter: X2 -> "17.0826968"
 Parameter: XNCEL -> "170"
 Parameter: Y1 -> "-21.9894065"
 Parameter: Y2 -> "21.9894065"
 Parameter: YNCEL -> "219"
 Parameter: A -> "0"
 Parameter: B -> "0.2"

 A TOTAL OF   150952   VACUUM POINTS WERE FOUND
 A TOTAL OF    35198 OCCUPIED POINTS WERE FOUND
 A TOTAL OF        0 EXTERNAL POINTS WERE FOUND
 A TOTAL OF   150952 SELECTED POINTS WERE FOUND
 TOTAL OCCUPIED  VOLUME =      56.821785
 TOTAL SELECTED  VOLUME =     243.688906
 TOTAL FREE      VOLUME =     243.688906
 FRACTIONAL FREE VOLUME =      81.091593
  
 CHARMM>     
  
 CHARMM>    calc c = ?volume * @factor
 Parameter: FACTOR -> "5"
 RDCMND substituted energy or value "?VOLUME" to "56.8217852"
Evaluating: 56.8217852*5
 Parameter: C <- "284.108926"
  
 CHARMM>     
  
 CHARMM>    if a .lt. -10 if a .gt. -20 if c .gt. @botarea set botarea = @c
 Parameter: BOTAREA -> "396.273754"
 Parameter: C -> "284.108926"
 Comparing "0" and "-10".
 IF test evaluated as false.  Skipping command
  
 CHARMM>    if a .gt.  10 if a .lt.  20 if c .gt. @toparea set toparea = @c
 Parameter: TOPAREA -> "-1"
 Parameter: C -> "284.108926"
 Comparing "0" and "10".
 IF test evaluated as false.  Skipping command
  
 CHARMM>     
  
 CHARMM>    write title unit 51
 RDTITL> * 0.2  284.108926
 RDTITL> *
  
 CHARMM>     
  
 CHARMM>    incr a by @dcel
 Parameter: DCEL -> "0.2"
 Parameter: A <- "0.2"
  
 CHARMM>    incr b by @dcel
 Parameter: DCEL -> "0.2"
 Parameter: B <- "0.4"
  
 CHARMM>    if b le ?ZMAX goto DOAREA
 RDCMND substituted energy or value "?ZMAX" to "17.1394014"
 Comparing "0.4" and "17.1394014".
 IF test evaluated as true.  Performing command
  
 CHARMM>     
  
 CHARMM>    ! Cross sectional protein area with whole atom.
 CHARMM>    scalar wmain = radius
  
 CHARMM>    scalar wmain mult 2.5   sele resname TIP3 end
 SELRPN>      0 atoms have been selected out of    872
  
 CHARMM>    scalar wmain add  1.529 sele .not. resname TIP3 end
 SELRPN>    872 atoms have been selected out of    872
  
 CHARMM>    scalar wmain mult 0.85  sele .not. resname TIP3 end
 SELRPN>    872 atoms have been selected out of    872
  
 CHARMM>    calc zab = ( @a + @b ) / 2.0
 Parameter: A -> "0.2"
 Parameter: B -> "0.4"
Evaluating: (0.2+0.4)/2.0
 Parameter: ZAB <- "0.3"
  
 CHARMM>     
  
 CHARMM>    coor search -
 CHARMM>         xmin @x1  xmax @x2  xgrip @xncel -
 CHARMM>         ymin @y1  ymax @y2  ygrip @yncel -
 CHARMM>         zmin @a   zmax @b   zgrip 5
 Parameter: X1 -> "-17.0826968"
 Parameter: X2 -> "17.0826968"
 Parameter: XNCEL -> "170"
 Parameter: Y1 -> "-21.9894065"
 Parameter: Y2 -> "21.9894065"
 Parameter: YNCEL -> "219"
 Parameter: A -> "0.2"
 Parameter: B -> "0.4"

 A TOTAL OF   151334   VACUUM POINTS WERE FOUND
 A TOTAL OF    34816 OCCUPIED POINTS WERE FOUND
 A TOTAL OF        0 EXTERNAL POINTS WERE FOUND
 A TOTAL OF   151334 SELECTED POINTS WERE FOUND
 TOTAL OCCUPIED  VOLUME =      56.205105
 TOTAL SELECTED  VOLUME =     244.305587
 TOTAL FREE      VOLUME =     244.305587
 FRACTIONAL FREE VOLUME =      81.296804
  
 CHARMM>     
  
 CHARMM>    calc c = ?volume * @factor
 Parameter: FACTOR -> "5"
 RDCMND substituted energy or value "?VOLUME" to "56.2051046"
Evaluating: 56.2051046*5
 Parameter: C <- "281.025523"
  
 CHARMM>     
  
 CHARMM>    if a .lt. -10 if a .gt. -20 if c .gt. @botarea set botarea = @c
 Parameter: BOTAREA -> "396.273754"
 Parameter: C -> "281.025523"
 Comparing "0.2" and "-10".
 IF test evaluated as false.  Skipping command
  
 CHARMM>    if a .gt.  10 if a .lt.  20 if c .gt. @toparea set toparea = @c
 Parameter: TOPAREA -> "-1"
 Parameter: C -> "281.025523"
 Comparing "0.2" and "10".
 IF test evaluated as false.  Skipping command
  
 CHARMM>     
  
 CHARMM>    write title unit 51
 RDTITL> * 0.4  281.025523
 RDTITL> *
  
 CHARMM>     
  
 CHARMM>    incr a by @dcel
 Parameter: DCEL -> "0.2"
 Parameter: A <- "0.4"
  
 CHARMM>    incr b by @dcel
 Parameter: DCEL -> "0.2"
 Parameter: B <- "0.6"
  
 CHARMM>    if b le ?ZMAX goto DOAREA
 RDCMND substituted energy or value "?ZMAX" to "17.1394014"
 Comparing "0.6" and "17.1394014".
 IF test evaluated as true.  Performing command
  
 CHARMM>     
  
 CHARMM>    ! Cross sectional protein area with whole atom.
 CHARMM>    scalar wmain = radius
  
 CHARMM>    scalar wmain mult 2.5   sele resname TIP3 end
 SELRPN>      0 atoms have been selected out of    872
  
 CHARMM>    scalar wmain add  1.529 sele .not. resname TIP3 end
 SELRPN>    872 atoms have been selected out of    872
  
 CHARMM>    scalar wmain mult 0.85  sele .not. resname TIP3 end
 SELRPN>    872 atoms have been selected out of    872
  
 CHARMM>    calc zab = ( @a + @b ) / 2.0
 Parameter: A -> "0.4"
 Parameter: B -> "0.6"
Evaluating: (0.4+0.6)/2.0
 Parameter: ZAB <- "0.5"
  
 CHARMM>     
  
 CHARMM>    coor search -
 CHARMM>         xmin @x1  xmax @x2  xgrip @xncel -
 CHARMM>         ymin @y1  ymax @y2  ygrip @yncel -
 CHARMM>         zmin @a   zmax @b   zgrip 5
 Parameter: X1 -> "-17.0826968"
 Parameter: X2 -> "17.0826968"
 Parameter: XNCEL -> "170"
 Parameter: Y1 -> "-21.9894065"
 Parameter: Y2 -> "21.9894065"
 Parameter: YNCEL -> "219"
 Parameter: A -> "0.4"
 Parameter: B -> "0.6"

 A TOTAL OF   151996   VACUUM POINTS WERE FOUND
 A TOTAL OF    34154 OCCUPIED POINTS WERE FOUND
 A TOTAL OF        0 EXTERNAL POINTS WERE FOUND
 A TOTAL OF   151996 SELECTED POINTS WERE FOUND
 TOTAL OCCUPIED  VOLUME =      55.136407
 TOTAL SELECTED  VOLUME =     245.374284
 TOTAL FREE      VOLUME =     245.374284
 FRACTIONAL FREE VOLUME =      81.652431
  
 CHARMM>     
  
 CHARMM>    calc c = ?volume * @factor
 Parameter: FACTOR -> "5"
 RDCMND substituted energy or value "?VOLUME" to "55.1364069"
Evaluating: 55.1364069*5
 Parameter: C <- "275.682034"
  
 CHARMM>     
  
 CHARMM>    if a .lt. -10 if a .gt. -20 if c .gt. @botarea set botarea = @c
 Parameter: BOTAREA -> "396.273754"
 Parameter: C -> "275.682034"
 Comparing "0.4" and "-10".
 IF test evaluated as false.  Skipping command
  
 CHARMM>    if a .gt.  10 if a .lt.  20 if c .gt. @toparea set toparea = @c
 Parameter: TOPAREA -> "-1"
 Parameter: C -> "275.682034"
 Comparing "0.4" and "10".
 IF test evaluated as false.  Skipping command
  
 CHARMM>     
  
 CHARMM>    write title unit 51
 RDTITL> * 0.6  275.682034
 RDTITL> *
  
 CHARMM>     
  
 CHARMM>    incr a by @dcel
 Parameter: DCEL -> "0.2"
 Parameter: A <- "0.6"
  
 CHARMM>    incr b by @dcel
 Parameter: DCEL -> "0.2"
 Parameter: B <- "0.8"
  
 CHARMM>    if b le ?ZMAX goto DOAREA
 RDCMND substituted energy or value "?ZMAX" to "17.1394014"
 Comparing "0.8" and "17.1394014".
 IF test evaluated as true.  Performing command
  
 CHARMM>     
  
 CHARMM>    ! Cross sectional protein area with whole atom.
 CHARMM>    scalar wmain = radius
  
 CHARMM>    scalar wmain mult 2.5   sele resname TIP3 end
 SELRPN>      0 atoms have been selected out of    872
  
 CHARMM>    scalar wmain add  1.529 sele .not. resname TIP3 end
 SELRPN>    872 atoms have been selected out of    872
  
 CHARMM>    scalar wmain mult 0.85  sele .not. resname TIP3 end
 SELRPN>    872 atoms have been selected out of    872
  
 CHARMM>    calc zab = ( @a + @b ) / 2.0
 Parameter: A -> "0.6"
 Parameter: B -> "0.8"
Evaluating: (0.6+0.8)/2.0
 Parameter: ZAB <- "0.7"
  
 CHARMM>     
  
 CHARMM>    coor search -
 CHARMM>         xmin @x1  xmax @x2  xgrip @xncel -
 CHARMM>         ymin @y1  ymax @y2  ygrip @yncel -
 CHARMM>         zmin @a   zmax @b   zgrip 5
 Parameter: X1 -> "-17.0826968"
 Parameter: X2 -> "17.0826968"
 Parameter: XNCEL -> "170"
 Parameter: Y1 -> "-21.9894065"
 Parameter: Y2 -> "21.9894065"
 Parameter: YNCEL -> "219"
 Parameter: A -> "0.6"
 Parameter: B -> "0.8"

 A TOTAL OF   152238   VACUUM POINTS WERE FOUND
 A TOTAL OF    33912 OCCUPIED POINTS WERE FOUND
 A TOTAL OF        0 EXTERNAL POINTS WERE FOUND
 A TOTAL OF   152238 SELECTED POINTS WERE FOUND
 TOTAL OCCUPIED  VOLUME =      54.745735
 TOTAL SELECTED  VOLUME =     245.764956
 TOTAL FREE      VOLUME =     245.764956
 FRACTIONAL FREE VOLUME =      81.782434
  
 CHARMM>     
  
 CHARMM>    calc c = ?volume * @factor
 Parameter: FACTOR -> "5"
 RDCMND substituted energy or value "?VOLUME" to "54.745735"
Evaluating: 54.745735*5
 Parameter: C <- "273.728675"
  
 CHARMM>     
  
 CHARMM>    if a .lt. -10 if a .gt. -20 if c .gt. @botarea set botarea = @c
 Parameter: BOTAREA -> "396.273754"
 Parameter: C -> "273.728675"
 Comparing "0.6" and "-10".
 IF test evaluated as false.  Skipping command
  
 CHARMM>    if a .gt.  10 if a .lt.  20 if c .gt. @toparea set toparea = @c
 Parameter: TOPAREA -> "-1"
 Parameter: C -> "273.728675"
 Comparing "0.6" and "10".
 IF test evaluated as false.  Skipping command
  
 CHARMM>     
  
 CHARMM>    write title unit 51
 RDTITL> * 0.8  273.728675
 RDTITL> *
  
 CHARMM>     
  
 CHARMM>    incr a by @dcel
 Parameter: DCEL -> "0.2"
 Parameter: A <- "0.8"
  
 CHARMM>    incr b by @dcel
 Parameter: DCEL -> "0.2"
 Parameter: B <- "1"
  
 CHARMM>    if b le ?ZMAX goto DOAREA
 RDCMND substituted energy or value "?ZMAX" to "17.1394014"
 Comparing "1" and "17.1394014".
 IF test evaluated as true.  Performing command
  
 CHARMM>     
  
 CHARMM>    ! Cross sectional protein area with whole atom.
 CHARMM>    scalar wmain = radius
  
 CHARMM>    scalar wmain mult 2.5   sele resname TIP3 end
 SELRPN>      0 atoms have been selected out of    872
  
 CHARMM>    scalar wmain add  1.529 sele .not. resname TIP3 end
 SELRPN>    872 atoms have been selected out of    872
  
 CHARMM>    scalar wmain mult 0.85  sele .not. resname TIP3 end
 SELRPN>    872 atoms have been selected out of    872
  
 CHARMM>    calc zab = ( @a + @b ) / 2.0
 Parameter: A -> "0.8"
 Parameter: B -> "1"
Evaluating: (0.8+1)/2.0
 Parameter: ZAB <- "0.9"
  
 CHARMM>     
  
 CHARMM>    coor search -
 CHARMM>         xmin @x1  xmax @x2  xgrip @xncel -
 CHARMM>         ymin @y1  ymax @y2  ygrip @yncel -
 CHARMM>         zmin @a   zmax @b   zgrip 5
 Parameter: X1 -> "-17.0826968"
 Parameter: X2 -> "17.0826968"
 Parameter: XNCEL -> "170"
 Parameter: Y1 -> "-21.9894065"
 Parameter: Y2 -> "21.9894065"
 Parameter: YNCEL -> "219"
 Parameter: A -> "0.8"
 Parameter: B -> "1"

 A TOTAL OF   152268   VACUUM POINTS WERE FOUND
 A TOTAL OF    33882 OCCUPIED POINTS WERE FOUND
 A TOTAL OF        0 EXTERNAL POINTS WERE FOUND
 A TOTAL OF   152268 SELECTED POINTS WERE FOUND
 TOTAL OCCUPIED  VOLUME =      54.697305
 TOTAL SELECTED  VOLUME =     245.813387
 TOTAL FREE      VOLUME =     245.813387
 FRACTIONAL FREE VOLUME =      81.798550
  
 CHARMM>     
  
 CHARMM>    calc c = ?volume * @factor
 Parameter: FACTOR -> "5"
 RDCMND substituted energy or value "?VOLUME" to "54.6973045"
Evaluating: 54.6973045*5
 Parameter: C <- "273.486522"
  
 CHARMM>     
  
 CHARMM>    if a .lt. -10 if a .gt. -20 if c .gt. @botarea set botarea = @c
 Parameter: BOTAREA -> "396.273754"
 Parameter: C -> "273.486522"
 Comparing "0.8" and "-10".
 IF test evaluated as false.  Skipping command
  
 CHARMM>    if a .gt.  10 if a .lt.  20 if c .gt. @toparea set toparea = @c
 Parameter: TOPAREA -> "-1"
 Parameter: C -> "273.486522"
 Comparing "0.8" and "10".
 IF test evaluated as false.  Skipping command
  
 CHARMM>     
  
 CHARMM>    write title unit 51
 RDTITL> * 1  273.486522
 RDTITL> *
  
 CHARMM>     
  
 CHARMM>    incr a by @dcel
 Parameter: DCEL -> "0.2"
 Parameter: A <- "1"
  
 CHARMM>    incr b by @dcel
 Parameter: DCEL -> "0.2"
 Parameter: B <- "1.2"
  
 CHARMM>    if b le ?ZMAX goto DOAREA
 RDCMND substituted energy or value "?ZMAX" to "17.1394014"
 Comparing "1.2" and "17.1394014".
 IF test evaluated as true.  Performing command
  
 CHARMM>     
  
 CHARMM>    ! Cross sectional protein area with whole atom.
 CHARMM>    scalar wmain = radius
  
 CHARMM>    scalar wmain mult 2.5   sele resname TIP3 end
 SELRPN>      0 atoms have been selected out of    872
  
 CHARMM>    scalar wmain add  1.529 sele .not. resname TIP3 end
 SELRPN>    872 atoms have been selected out of    872
  
 CHARMM>    scalar wmain mult 0.85  sele .not. resname TIP3 end
 SELRPN>    872 atoms have been selected out of    872
  
 CHARMM>    calc zab = ( @a + @b ) / 2.0
 Parameter: A -> "1"
 Parameter: B -> "1.2"
Evaluating: (1+1.2)/2.0
 Parameter: ZAB <- "1.1"
  
 CHARMM>     
  
 CHARMM>    coor search -
 CHARMM>         xmin @x1  xmax @x2  xgrip @xncel -
 CHARMM>         ymin @y1  ymax @y2  ygrip @yncel -
 CHARMM>         zmin @a   zmax @b   zgrip 5
 Parameter: X1 -> "-17.0826968"
 Parameter: X2 -> "17.0826968"
 Parameter: XNCEL -> "170"
 Parameter: Y1 -> "-21.9894065"
 Parameter: Y2 -> "21.9894065"
 Parameter: YNCEL -> "219"
 Parameter: A -> "1"
 Parameter: B -> "1.2"

 A TOTAL OF   152274   VACUUM POINTS WERE FOUND
 A TOTAL OF    33876 OCCUPIED POINTS WERE FOUND
 A TOTAL OF        0 EXTERNAL POINTS WERE FOUND
 A TOTAL OF   152274 SELECTED POINTS WERE FOUND
 TOTAL OCCUPIED  VOLUME =      54.687618
 TOTAL SELECTED  VOLUME =     245.823073
 TOTAL FREE      VOLUME =     245.823073
 FRACTIONAL FREE VOLUME =      81.801773
  
 CHARMM>     
  
 CHARMM>    calc c = ?volume * @factor
 Parameter: FACTOR -> "5"
 RDCMND substituted energy or value "?VOLUME" to "54.6876185"
Evaluating: 54.6876185*5
 Parameter: C <- "273.438092"
  
 CHARMM>     
  
 CHARMM>    if a .lt. -10 if a .gt. -20 if c .gt. @botarea set botarea = @c
 Parameter: BOTAREA -> "396.273754"
 Parameter: C -> "273.438092"
 Comparing "1" and "-10".
 IF test evaluated as false.  Skipping command
  
 CHARMM>    if a .gt.  10 if a .lt.  20 if c .gt. @toparea set toparea = @c
 Parameter: TOPAREA -> "-1"
 Parameter: C -> "273.438092"
 Comparing "1" and "10".
 IF test evaluated as false.  Skipping command
  
 CHARMM>     
  
 CHARMM>    write title unit 51
 RDTITL> * 1.2  273.438092
 RDTITL> *
  
 CHARMM>     
  
 CHARMM>    incr a by @dcel
 Parameter: DCEL -> "0.2"
 Parameter: A <- "1.2"
  
 CHARMM>    incr b by @dcel
 Parameter: DCEL -> "0.2"
 Parameter: B <- "1.4"
  
 CHARMM>    if b le ?ZMAX goto DOAREA
 RDCMND substituted energy or value "?ZMAX" to "17.1394014"
 Comparing "1.4" and "17.1394014".
 IF test evaluated as true.  Performing command
  
 CHARMM>     
  
 CHARMM>    ! Cross sectional protein area with whole atom.
 CHARMM>    scalar wmain = radius
  
 CHARMM>    scalar wmain mult 2.5   sele resname TIP3 end
 SELRPN>      0 atoms have been selected out of    872
  
 CHARMM>    scalar wmain add  1.529 sele .not. resname TIP3 end
 SELRPN>    872 atoms have been selected out of    872
  
 CHARMM>    scalar wmain mult 0.85  sele .not. resname TIP3 end
 SELRPN>    872 atoms have been selected out of    872
  
 CHARMM>    calc zab = ( @a + @b ) / 2.0
 Parameter: A -> "1.2"
 Parameter: B -> "1.4"
Evaluating: (1.2+1.4)/2.0
 Parameter: ZAB <- "1.3"
  
 CHARMM>     
  
 CHARMM>    coor search -
 CHARMM>         xmin @x1  xmax @x2  xgrip @xncel -
 CHARMM>         ymin @y1  ymax @y2  ygrip @yncel -
 CHARMM>         zmin @a   zmax @b   zgrip 5
 Parameter: X1 -> "-17.0826968"
 Parameter: X2 -> "17.0826968"
 Parameter: XNCEL -> "170"
 Parameter: Y1 -> "-21.9894065"
 Parameter: Y2 -> "21.9894065"
 Parameter: YNCEL -> "219"
 Parameter: A -> "1.2"
 Parameter: B -> "1.4"

 A TOTAL OF   152390   VACUUM POINTS WERE FOUND
 A TOTAL OF    33760 OCCUPIED POINTS WERE FOUND
 A TOTAL OF        0 EXTERNAL POINTS WERE FOUND
 A TOTAL OF   152390 SELECTED POINTS WERE FOUND
 TOTAL OCCUPIED  VOLUME =      54.500354
 TOTAL SELECTED  VOLUME =     246.010337
 TOTAL FREE      VOLUME =     246.010337
 FRACTIONAL FREE VOLUME =      81.864088
  
 CHARMM>     
  
 CHARMM>    calc c = ?volume * @factor
 Parameter: FACTOR -> "5"
 RDCMND substituted energy or value "?VOLUME" to "54.5003542"
Evaluating: 54.5003542*5
 Parameter: C <- "272.501771"
  
 CHARMM>     
  
 CHARMM>    if a .lt. -10 if a .gt. -20 if c .gt. @botarea set botarea = @c
 Parameter: BOTAREA -> "396.273754"
 Parameter: C -> "272.501771"
 Comparing "1.2" and "-10".
 IF test evaluated as false.  Skipping command
  
 CHARMM>    if a .gt.  10 if a .lt.  20 if c .gt. @toparea set toparea = @c
 Parameter: TOPAREA -> "-1"
 Parameter: C -> "272.501771"
 Comparing "1.2" and "10".
 IF test evaluated as false.  Skipping command
  
 CHARMM>     
  
 CHARMM>    write title unit 51
 RDTITL> * 1.4  272.501771
 RDTITL> *
  
 CHARMM>     
  
 CHARMM>    incr a by @dcel
 Parameter: DCEL -> "0.2"
 Parameter: A <- "1.4"
  
 CHARMM>    incr b by @dcel
 Parameter: DCEL -> "0.2"
 Parameter: B <- "1.6"
  
 CHARMM>    if b le ?ZMAX goto DOAREA
 RDCMND substituted energy or value "?ZMAX" to "17.1394014"
 Comparing "1.6" and "17.1394014".
 IF test evaluated as true.  Performing command
  
 CHARMM>     
  
 CHARMM>    ! Cross sectional protein area with whole atom.
 CHARMM>    scalar wmain = radius
  
 CHARMM>    scalar wmain mult 2.5   sele resname TIP3 end
 SELRPN>      0 atoms have been selected out of    872
  
 CHARMM>    scalar wmain add  1.529 sele .not. resname TIP3 end
 SELRPN>    872 atoms have been selected out of    872
  
 CHARMM>    scalar wmain mult 0.85  sele .not. resname TIP3 end
 SELRPN>    872 atoms have been selected out of    872
  
 CHARMM>    calc zab = ( @a + @b ) / 2.0
 Parameter: A -> "1.4"
 Parameter: B -> "1.6"
Evaluating: (1.4+1.6)/2.0
 Parameter: ZAB <- "1.5"
  
 CHARMM>     
  
 CHARMM>    coor search -
 CHARMM>         xmin @x1  xmax @x2  xgrip @xncel -
 CHARMM>         ymin @y1  ymax @y2  ygrip @yncel -
 CHARMM>         zmin @a   zmax @b   zgrip 5
 Parameter: X1 -> "-17.0826968"
 Parameter: X2 -> "17.0826968"
 Parameter: XNCEL -> "170"
 Parameter: Y1 -> "-21.9894065"
 Parameter: Y2 -> "21.9894065"
 Parameter: YNCEL -> "219"
 Parameter: A -> "1.4"
 Parameter: B -> "1.6"

 A TOTAL OF   152572   VACUUM POINTS WERE FOUND
 A TOTAL OF    33578 OCCUPIED POINTS WERE FOUND
 A TOTAL OF        0 EXTERNAL POINTS WERE FOUND
 A TOTAL OF   152572 SELECTED POINTS WERE FOUND
 TOTAL OCCUPIED  VOLUME =      54.206543
 TOTAL SELECTED  VOLUME =     246.304148
 TOTAL FREE      VOLUME =     246.304148
 FRACTIONAL FREE VOLUME =      81.961859
  
 CHARMM>     
  
 CHARMM>    calc c = ?volume * @factor
 Parameter: FACTOR -> "5"
 RDCMND substituted energy or value "?VOLUME" to "54.2065431"
Evaluating: 54.2065431*5
 Parameter: C <- "271.032715"
  
 CHARMM>     
  
 CHARMM>    if a .lt. -10 if a .gt. -20 if c .gt. @botarea set botarea = @c
 Parameter: BOTAREA -> "396.273754"
 Parameter: C -> "271.032715"
 Comparing "1.4" and "-10".
 IF test evaluated as false.  Skipping command
  
 CHARMM>    if a .gt.  10 if a .lt.  20 if c .gt. @toparea set toparea = @c
 Parameter: TOPAREA -> "-1"
 Parameter: C -> "271.032715"
 Comparing "1.4" and "10".
 IF test evaluated as false.  Skipping command
  
 CHARMM>     
  
 CHARMM>    write title unit 51
 RDTITL> * 1.6  271.032715
 RDTITL> *
  
 CHARMM>     
  
 CHARMM>    incr a by @dcel
 Parameter: DCEL -> "0.2"
 Parameter: A <- "1.6"
  
 CHARMM>    incr b by @dcel
 Parameter: DCEL -> "0.2"
 Parameter: B <- "1.8"
  
 CHARMM>    if b le ?ZMAX goto DOAREA
 RDCMND substituted energy or value "?ZMAX" to "17.1394014"
 Comparing "1.8" and "17.1394014".
 IF test evaluated as true.  Performing command
  
 CHARMM>     
  
 CHARMM>    ! Cross sectional protein area with whole atom.
 CHARMM>    scalar wmain = radius
  
 CHARMM>    scalar wmain mult 2.5   sele resname TIP3 end
 SELRPN>      0 atoms have been selected out of    872
  
 CHARMM>    scalar wmain add  1.529 sele .not. resname TIP3 end
 SELRPN>    872 atoms have been selected out of    872
  
 CHARMM>    scalar wmain mult 0.85  sele .not. resname TIP3 end
 SELRPN>    872 atoms have been selected out of    872
  
 CHARMM>    calc zab = ( @a + @b ) / 2.0
 Parameter: A -> "1.6"
 Parameter: B -> "1.8"
Evaluating: (1.6+1.8)/2.0
 Parameter: ZAB <- "1.7"
  
 CHARMM>     
  
 CHARMM>    coor search -
 CHARMM>         xmin @x1  xmax @x2  xgrip @xncel -
 CHARMM>         ymin @y1  ymax @y2  ygrip @yncel -
 CHARMM>         zmin @a   zmax @b   zgrip 5
 Parameter: X1 -> "-17.0826968"
 Parameter: X2 -> "17.0826968"
 Parameter: XNCEL -> "170"
 Parameter: Y1 -> "-21.9894065"
 Parameter: Y2 -> "21.9894065"
 Parameter: YNCEL -> "219"
 Parameter: A -> "1.6"
 Parameter: B -> "1.8"

 A TOTAL OF   152762   VACUUM POINTS WERE FOUND
 A TOTAL OF    33388 OCCUPIED POINTS WERE FOUND
 A TOTAL OF        0 EXTERNAL POINTS WERE FOUND
 A TOTAL OF   152762 SELECTED POINTS WERE FOUND
 TOTAL OCCUPIED  VOLUME =      53.899817
 TOTAL SELECTED  VOLUME =     246.610874
 TOTAL FREE      VOLUME =     246.610874
 FRACTIONAL FREE VOLUME =      82.063927
  
 CHARMM>     
  
 CHARMM>    calc c = ?volume * @factor
 Parameter: FACTOR -> "5"
 RDCMND substituted energy or value "?VOLUME" to "53.8998171"
Evaluating: 53.8998171*5
 Parameter: C <- "269.499085"
  
 CHARMM>     
  
 CHARMM>    if a .lt. -10 if a .gt. -20 if c .gt. @botarea set botarea = @c
 Parameter: BOTAREA -> "396.273754"
 Parameter: C -> "269.499085"
 Comparing "1.6" and "-10".
 IF test evaluated as false.  Skipping command
  
 CHARMM>    if a .gt.  10 if a .lt.  20 if c .gt. @toparea set toparea = @c
 Parameter: TOPAREA -> "-1"
 Parameter: C -> "269.499085"
 Comparing "1.6" and "10".
 IF test evaluated as false.  Skipping command
  
 CHARMM>     
  
 CHARMM>    write title unit 51
 RDTITL> * 1.8  269.499085
 RDTITL> *
  
 CHARMM>     
  
 CHARMM>    incr a by @dcel
 Parameter: DCEL -> "0.2"
 Parameter: A <- "1.8"
  
 CHARMM>    incr b by @dcel
 Parameter: DCEL -> "0.2"
 Parameter: B <- "2"
  
 CHARMM>    if b le ?ZMAX goto DOAREA
 RDCMND substituted energy or value "?ZMAX" to "17.1394014"
 Comparing "2" and "17.1394014".
 IF test evaluated as true.  Performing command
  
 CHARMM>     
  
 CHARMM>    ! Cross sectional protein area with whole atom.
 CHARMM>    scalar wmain = radius
  
 CHARMM>    scalar wmain mult 2.5   sele resname TIP3 end
 SELRPN>      0 atoms have been selected out of    872
  
 CHARMM>    scalar wmain add  1.529 sele .not. resname TIP3 end
 SELRPN>    872 atoms have been selected out of    872
  
 CHARMM>    scalar wmain mult 0.85  sele .not. resname TIP3 end
 SELRPN>    872 atoms have been selected out of    872
  
 CHARMM>    calc zab = ( @a + @b ) / 2.0
 Parameter: A -> "1.8"
 Parameter: B -> "2"
Evaluating: (1.8+2)/2.0
 Parameter: ZAB <- "1.9"
  
 CHARMM>     
  
 CHARMM>    coor search -
 CHARMM>         xmin @x1  xmax @x2  xgrip @xncel -
 CHARMM>         ymin @y1  ymax @y2  ygrip @yncel -
 CHARMM>         zmin @a   zmax @b   zgrip 5
 Parameter: X1 -> "-17.0826968"
 Parameter: X2 -> "17.0826968"
 Parameter: XNCEL -> "170"
 Parameter: Y1 -> "-21.9894065"
 Parameter: Y2 -> "21.9894065"
 Parameter: YNCEL -> "219"
 Parameter: A -> "1.8"
 Parameter: B -> "2"

 A TOTAL OF   152472   VACUUM POINTS WERE FOUND
 A TOTAL OF    33678 OCCUPIED POINTS WERE FOUND
 A TOTAL OF        0 EXTERNAL POINTS WERE FOUND
 A TOTAL OF   152472 SELECTED POINTS WERE FOUND
 TOTAL OCCUPIED  VOLUME =      54.367978
 TOTAL SELECTED  VOLUME =     246.142713
 TOTAL FREE      VOLUME =     246.142713
 FRACTIONAL FREE VOLUME =      81.908139
  
 CHARMM>     
  
 CHARMM>    calc c = ?volume * @factor
 Parameter: FACTOR -> "5"
 RDCMND substituted energy or value "?VOLUME" to "54.3679778"
Evaluating: 54.3679778*5
 Parameter: C <- "271.839889"
  
 CHARMM>     
  
 CHARMM>    if a .lt. -10 if a .gt. -20 if c .gt. @botarea set botarea = @c
 Parameter: BOTAREA -> "396.273754"
 Parameter: C -> "271.839889"
 Comparing "1.8" and "-10".
 IF test evaluated as false.  Skipping command
  
 CHARMM>    if a .gt.  10 if a .lt.  20 if c .gt. @toparea set toparea = @c
 Parameter: TOPAREA -> "-1"
 Parameter: C -> "271.839889"
 Comparing "1.8" and "10".
 IF test evaluated as false.  Skipping command
  
 CHARMM>     
  
 CHARMM>    write title unit 51
 RDTITL> * 2  271.839889
 RDTITL> *
  
 CHARMM>     
  
 CHARMM>    incr a by @dcel
 Parameter: DCEL -> "0.2"
 Parameter: A <- "2"
  
 CHARMM>    incr b by @dcel
 Parameter: DCEL -> "0.2"
 Parameter: B <- "2.2"
  
 CHARMM>    if b le ?ZMAX goto DOAREA
 RDCMND substituted energy or value "?ZMAX" to "17.1394014"
 Comparing "2.2" and "17.1394014".
 IF test evaluated as true.  Performing command
  
 CHARMM>     
  
 CHARMM>    ! Cross sectional protein area with whole atom.
 CHARMM>    scalar wmain = radius
  
 CHARMM>    scalar wmain mult 2.5   sele resname TIP3 end
 SELRPN>      0 atoms have been selected out of    872
  
 CHARMM>    scalar wmain add  1.529 sele .not. resname TIP3 end
 SELRPN>    872 atoms have been selected out of    872
  
 CHARMM>    scalar wmain mult 0.85  sele .not. resname TIP3 end
 SELRPN>    872 atoms have been selected out of    872
  
 CHARMM>    calc zab = ( @a + @b ) / 2.0
 Parameter: A -> "2"
 Parameter: B -> "2.2"
Evaluating: (2+2.2)/2.0
 Parameter: ZAB <- "2.1"
  
 CHARMM>     
  
 CHARMM>    coor search -
 CHARMM>         xmin @x1  xmax @x2  xgrip @xncel -
 CHARMM>         ymin @y1  ymax @y2  ygrip @yncel -
 CHARMM>         zmin @a   zmax @b   zgrip 5
 Parameter: X1 -> "-17.0826968"
 Parameter: X2 -> "17.0826968"
 Parameter: XNCEL -> "170"
 Parameter: Y1 -> "-21.9894065"
 Parameter: Y2 -> "21.9894065"
 Parameter: YNCEL -> "219"
 Parameter: A -> "2"
 Parameter: B -> "2.2"

 A TOTAL OF   152070   VACUUM POINTS WERE FOUND
 A TOTAL OF    34080 OCCUPIED POINTS WERE FOUND
 A TOTAL OF        0 EXTERNAL POINTS WERE FOUND
 A TOTAL OF   152070 SELECTED POINTS WERE FOUND
 TOTAL OCCUPIED  VOLUME =      55.016945
 TOTAL SELECTED  VOLUME =     245.493746
 TOTAL FREE      VOLUME =     245.493746
 FRACTIONAL FREE VOLUME =      81.692184
  
 CHARMM>     
  
 CHARMM>    calc c = ?volume * @factor
 Parameter: FACTOR -> "5"
 RDCMND substituted energy or value "?VOLUME" to "55.0169452"
Evaluating: 55.0169452*5
 Parameter: C <- "275.084726"
  
 CHARMM>     
  
 CHARMM>    if a .lt. -10 if a .gt. -20 if c .gt. @botarea set botarea = @c
 Parameter: BOTAREA -> "396.273754"
 Parameter: C -> "275.084726"
 Comparing "2" and "-10".
 IF test evaluated as false.  Skipping command
  
 CHARMM>    if a .gt.  10 if a .lt.  20 if c .gt. @toparea set toparea = @c
 Parameter: TOPAREA -> "-1"
 Parameter: C -> "275.084726"
 Comparing "2" and "10".
 IF test evaluated as false.  Skipping command
  
 CHARMM>     
  
 CHARMM>    write title unit 51
 RDTITL> * 2.2  275.084726
 RDTITL> *
  
 CHARMM>     
  
 CHARMM>    incr a by @dcel
 Parameter: DCEL -> "0.2"
 Parameter: A <- "2.2"
  
 CHARMM>    incr b by @dcel
 Parameter: DCEL -> "0.2"
 Parameter: B <- "2.4"
  
 CHARMM>    if b le ?ZMAX goto DOAREA
 RDCMND substituted energy or value "?ZMAX" to "17.1394014"
 Comparing "2.4" and "17.1394014".
 IF test evaluated as true.  Performing command
  
 CHARMM>     
  
 CHARMM>    ! Cross sectional protein area with whole atom.
 CHARMM>    scalar wmain = radius
  
 CHARMM>    scalar wmain mult 2.5   sele resname TIP3 end
 SELRPN>      0 atoms have been selected out of    872
  
 CHARMM>    scalar wmain add  1.529 sele .not. resname TIP3 end
 SELRPN>    872 atoms have been selected out of    872
  
 CHARMM>    scalar wmain mult 0.85  sele .not. resname TIP3 end
 SELRPN>    872 atoms have been selected out of    872
  
 CHARMM>    calc zab = ( @a + @b ) / 2.0
 Parameter: A -> "2.2"
 Parameter: B -> "2.4"
Evaluating: (2.2+2.4)/2.0
 Parameter: ZAB <- "2.3"
  
 CHARMM>     
  
 CHARMM>    coor search -
 CHARMM>         xmin @x1  xmax @x2  xgrip @xncel -
 CHARMM>         ymin @y1  ymax @y2  ygrip @yncel -
 CHARMM>         zmin @a   zmax @b   zgrip 5
 Parameter: X1 -> "-17.0826968"
 Parameter: X2 -> "17.0826968"
 Parameter: XNCEL -> "170"
 Parameter: Y1 -> "-21.9894065"
 Parameter: Y2 -> "21.9894065"
 Parameter: YNCEL -> "219"
 Parameter: A -> "2.2"
 Parameter: B -> "2.4"

 A TOTAL OF   150990   VACUUM POINTS WERE FOUND
 A TOTAL OF    35160 OCCUPIED POINTS WERE FOUND
 A TOTAL OF        0 EXTERNAL POINTS WERE FOUND
 A TOTAL OF   150990 SELECTED POINTS WERE FOUND
 TOTAL OCCUPIED  VOLUME =      56.760440
 TOTAL SELECTED  VOLUME =     243.750251
 TOTAL FREE      VOLUME =     243.750251
 FRACTIONAL FREE VOLUME =      81.112006
  
 CHARMM>     
  
 CHARMM>    calc c = ?volume * @factor
 Parameter: FACTOR -> "5"
 RDCMND substituted energy or value "?VOLUME" to "56.76044"
Evaluating: 56.76044*5
 Parameter: C <- "283.8022"
  
 CHARMM>     
  
 CHARMM>    if a .lt. -10 if a .gt. -20 if c .gt. @botarea set botarea = @c
 Parameter: BOTAREA -> "396.273754"
 Parameter: C -> "283.8022"
 Comparing "2.2" and "-10".
 IF test evaluated as false.  Skipping command
  
 CHARMM>    if a .gt.  10 if a .lt.  20 if c .gt. @toparea set toparea = @c
 Parameter: TOPAREA -> "-1"
 Parameter: C -> "283.8022"
 Comparing "2.2" and "10".
 IF test evaluated as false.  Skipping command
  
 CHARMM>     
  
 CHARMM>    write title unit 51
 RDTITL> * 2.4  283.8022
 RDTITL> *
  
 CHARMM>     
  
 CHARMM>    incr a by @dcel
 Parameter: DCEL -> "0.2"
 Parameter: A <- "2.4"
  
 CHARMM>    incr b by @dcel
 Parameter: DCEL -> "0.2"
 Parameter: B <- "2.6"
  
 CHARMM>    if b le ?ZMAX goto DOAREA
 RDCMND substituted energy or value "?ZMAX" to "17.1394014"
 Comparing "2.6" and "17.1394014".
 IF test evaluated as true.  Performing command
  
 CHARMM>     
  
 CHARMM>    ! Cross sectional protein area with whole atom.
 CHARMM>    scalar wmain = radius
  
 CHARMM>    scalar wmain mult 2.5   sele resname TIP3 end
 SELRPN>      0 atoms have been selected out of    872
  
 CHARMM>    scalar wmain add  1.529 sele .not. resname TIP3 end
 SELRPN>    872 atoms have been selected out of    872
  
 CHARMM>    scalar wmain mult 0.85  sele .not. resname TIP3 end
 SELRPN>    872 atoms have been selected out of    872
  
 CHARMM>    calc zab = ( @a + @b ) / 2.0
 Parameter: A -> "2.4"
 Parameter: B -> "2.6"
Evaluating: (2.4+2.6)/2.0
 Parameter: ZAB <- "2.5"
  
 CHARMM>     
  
 CHARMM>    coor search -
 CHARMM>         xmin @x1  xmax @x2  xgrip @xncel -
 CHARMM>         ymin @y1  ymax @y2  ygrip @yncel -
 CHARMM>         zmin @a   zmax @b   zgrip 5
 Parameter: X1 -> "-17.0826968"
 Parameter: X2 -> "17.0826968"
 Parameter: XNCEL -> "170"
 Parameter: Y1 -> "-21.9894065"
 Parameter: Y2 -> "21.9894065"
 Parameter: YNCEL -> "219"
 Parameter: A -> "2.4"
 Parameter: B -> "2.6"

 A TOTAL OF   149334   VACUUM POINTS WERE FOUND
 A TOTAL OF    36816 OCCUPIED POINTS WERE FOUND
 A TOTAL OF        0 EXTERNAL POINTS WERE FOUND
 A TOTAL OF   149334 SELECTED POINTS WERE FOUND
 TOTAL OCCUPIED  VOLUME =      59.433799
 TOTAL SELECTED  VOLUME =     241.076893
 TOTAL FREE      VOLUME =     241.076893
 FRACTIONAL FREE VOLUME =      80.222401
  
 CHARMM>     
  
 CHARMM>    calc c = ?volume * @factor
 Parameter: FACTOR -> "5"
 RDCMND substituted energy or value "?VOLUME" to "59.4337986"
Evaluating: 59.4337986*5
 Parameter: C <- "297.168993"
  
 CHARMM>     
  
 CHARMM>    if a .lt. -10 if a .gt. -20 if c .gt. @botarea set botarea = @c
 Parameter: BOTAREA -> "396.273754"
 Parameter: C -> "297.168993"
 Comparing "2.4" and "-10".
 IF test evaluated as false.  Skipping command
  
 CHARMM>    if a .gt.  10 if a .lt.  20 if c .gt. @toparea set toparea = @c
 Parameter: TOPAREA -> "-1"
 Parameter: C -> "297.168993"
 Comparing "2.4" and "10".
 IF test evaluated as false.  Skipping command
  
 CHARMM>     
  
 CHARMM>    write title unit 51
 RDTITL> * 2.6  297.168993
 RDTITL> *
  
 CHARMM>     
  
 CHARMM>    incr a by @dcel
 Parameter: DCEL -> "0.2"
 Parameter: A <- "2.6"
  
 CHARMM>    incr b by @dcel
 Parameter: DCEL -> "0.2"
 Parameter: B <- "2.8"
  
 CHARMM>    if b le ?ZMAX goto DOAREA
 RDCMND substituted energy or value "?ZMAX" to "17.1394014"
 Comparing "2.8" and "17.1394014".
 IF test evaluated as true.  Performing command
  
 CHARMM>     
  
 CHARMM>    ! Cross sectional protein area with whole atom.
 CHARMM>    scalar wmain = radius
  
 CHARMM>    scalar wmain mult 2.5   sele resname TIP3 end
 SELRPN>      0 atoms have been selected out of    872
  
 CHARMM>    scalar wmain add  1.529 sele .not. resname TIP3 end
 SELRPN>    872 atoms have been selected out of    872
  
 CHARMM>    scalar wmain mult 0.85  sele .not. resname TIP3 end
 SELRPN>    872 atoms have been selected out of    872
  
 CHARMM>    calc zab = ( @a + @b ) / 2.0
 Parameter: A -> "2.6"
 Parameter: B -> "2.8"
Evaluating: (2.6+2.8)/2.0
 Parameter: ZAB <- "2.7"
  
 CHARMM>     
  
 CHARMM>    coor search -
 CHARMM>         xmin @x1  xmax @x2  xgrip @xncel -
 CHARMM>         ymin @y1  ymax @y2  ygrip @yncel -
 CHARMM>         zmin @a   zmax @b   zgrip 5
 Parameter: X1 -> "-17.0826968"
 Parameter: X2 -> "17.0826968"
 Parameter: XNCEL -> "170"
 Parameter: Y1 -> "-21.9894065"
 Parameter: Y2 -> "21.9894065"
 Parameter: YNCEL -> "219"
 Parameter: A -> "2.6"
 Parameter: B -> "2.8"

 A TOTAL OF   148312   VACUUM POINTS WERE FOUND
 A TOTAL OF    37838 OCCUPIED POINTS WERE FOUND
 A TOTAL OF        0 EXTERNAL POINTS WERE FOUND
 A TOTAL OF   148312 SELECTED POINTS WERE FOUND
 TOTAL OCCUPIED  VOLUME =      61.083661
 TOTAL SELECTED  VOLUME =     239.427030
 TOTAL FREE      VOLUME =     239.427030
 FRACTIONAL FREE VOLUME =      79.673382
  
 CHARMM>     
  
 CHARMM>    calc c = ?volume * @factor
 Parameter: FACTOR -> "5"
 RDCMND substituted energy or value "?VOLUME" to "61.0836612"
Evaluating: 61.0836612*5
 Parameter: C <- "305.418306"
  
 CHARMM>     
  
 CHARMM>    if a .lt. -10 if a .gt. -20 if c .gt. @botarea set botarea = @c
 Parameter: BOTAREA -> "396.273754"
 Parameter: C -> "305.418306"
 Comparing "2.6" and "-10".
 IF test evaluated as false.  Skipping command
  
 CHARMM>    if a .gt.  10 if a .lt.  20 if c .gt. @toparea set toparea = @c
 Parameter: TOPAREA -> "-1"
 Parameter: C -> "305.418306"
 Comparing "2.6" and "10".
 IF test evaluated as false.  Skipping command
  
 CHARMM>     
  
 CHARMM>    write title unit 51
 RDTITL> * 2.8  305.418306
 RDTITL> *
  
 CHARMM>     
  
 CHARMM>    incr a by @dcel
 Parameter: DCEL -> "0.2"
 Parameter: A <- "2.8"
  
 CHARMM>    incr b by @dcel
 Parameter: DCEL -> "0.2"
 Parameter: B <- "3"
  
 CHARMM>    if b le ?ZMAX goto DOAREA
 RDCMND substituted energy or value "?ZMAX" to "17.1394014"
 Comparing "3" and "17.1394014".
 IF test evaluated as true.  Performing command
  
 CHARMM>     
  
 CHARMM>    ! Cross sectional protein area with whole atom.
 CHARMM>    scalar wmain = radius
  
 CHARMM>    scalar wmain mult 2.5   sele resname TIP3 end
 SELRPN>      0 atoms have been selected out of    872
  
 CHARMM>    scalar wmain add  1.529 sele .not. resname TIP3 end
 SELRPN>    872 atoms have been selected out of    872
  
 CHARMM>    scalar wmain mult 0.85  sele .not. resname TIP3 end
 SELRPN>    872 atoms have been selected out of    872
  
 CHARMM>    calc zab = ( @a + @b ) / 2.0
 Parameter: A -> "2.8"
 Parameter: B -> "3"
Evaluating: (2.8+3)/2.0
 Parameter: ZAB <- "2.9"
  
 CHARMM>     
  
 CHARMM>    coor search -
 CHARMM>         xmin @x1  xmax @x2  xgrip @xncel -
 CHARMM>         ymin @y1  ymax @y2  ygrip @yncel -
 CHARMM>         zmin @a   zmax @b   zgrip 5
 Parameter: X1 -> "-17.0826968"
 Parameter: X2 -> "17.0826968"
 Parameter: XNCEL -> "170"
 Parameter: Y1 -> "-21.9894065"
 Parameter: Y2 -> "21.9894065"
 Parameter: YNCEL -> "219"
 Parameter: A -> "2.8"
 Parameter: B -> "3"

 A TOTAL OF   147490   VACUUM POINTS WERE FOUND
 A TOTAL OF    38660 OCCUPIED POINTS WERE FOUND
 A TOTAL OF        0 EXTERNAL POINTS WERE FOUND
 A TOTAL OF   147490 SELECTED POINTS WERE FOUND
 TOTAL OCCUPIED  VOLUME =      62.410654
 TOTAL SELECTED  VOLUME =     238.100037
 TOTAL FREE      VOLUME =     238.100037
 FRACTIONAL FREE VOLUME =      79.231802
  
 CHARMM>     
  
 CHARMM>    calc c = ?volume * @factor
 Parameter: FACTOR -> "5"
 RDCMND substituted energy or value "?VOLUME" to "62.4106544"
Evaluating: 62.4106544*5
 Parameter: C <- "312.053272"
  
 CHARMM>     
  
 CHARMM>    if a .lt. -10 if a .gt. -20 if c .gt. @botarea set botarea = @c
 Parameter: BOTAREA -> "396.273754"
 Parameter: C -> "312.053272"
 Comparing "2.8" and "-10".
 IF test evaluated as false.  Skipping command
  
 CHARMM>    if a .gt.  10 if a .lt.  20 if c .gt. @toparea set toparea = @c
 Parameter: TOPAREA -> "-1"
 Parameter: C -> "312.053272"
 Comparing "2.8" and "10".
 IF test evaluated as false.  Skipping command
  
 CHARMM>     
  
 CHARMM>    write title unit 51
 RDTITL> * 3  312.053272
 RDTITL> *
  
 CHARMM>     
  
 CHARMM>    incr a by @dcel
 Parameter: DCEL -> "0.2"
 Parameter: A <- "3"
  
 CHARMM>    incr b by @dcel
 Parameter: DCEL -> "0.2"
 Parameter: B <- "3.2"
  
 CHARMM>    if b le ?ZMAX goto DOAREA
 RDCMND substituted energy or value "?ZMAX" to "17.1394014"
 Comparing "3.2" and "17.1394014".
 IF test evaluated as true.  Performing command
  
 CHARMM>     
  
 CHARMM>    ! Cross sectional protein area with whole atom.
 CHARMM>    scalar wmain = radius
  
 CHARMM>    scalar wmain mult 2.5   sele resname TIP3 end
 SELRPN>      0 atoms have been selected out of    872
  
 CHARMM>    scalar wmain add  1.529 sele .not. resname TIP3 end
 SELRPN>    872 atoms have been selected out of    872
  
 CHARMM>    scalar wmain mult 0.85  sele .not. resname TIP3 end
 SELRPN>    872 atoms have been selected out of    872
  
 CHARMM>    calc zab = ( @a + @b ) / 2.0
 Parameter: A -> "3"
 Parameter: B -> "3.2"
Evaluating: (3+3.2)/2.0
 Parameter: ZAB <- "3.1"
  
 CHARMM>     
  
 CHARMM>    coor search -
 CHARMM>         xmin @x1  xmax @x2  xgrip @xncel -
 CHARMM>         ymin @y1  ymax @y2  ygrip @yncel -
 CHARMM>         zmin @a   zmax @b   zgrip 5
 Parameter: X1 -> "-17.0826968"
 Parameter: X2 -> "17.0826968"
 Parameter: XNCEL -> "170"
 Parameter: Y1 -> "-21.9894065"
 Parameter: Y2 -> "21.9894065"
 Parameter: YNCEL -> "219"
 Parameter: A -> "3"
 Parameter: B -> "3.2"

 A TOTAL OF   146868   VACUUM POINTS WERE FOUND
 A TOTAL OF    39282 OCCUPIED POINTS WERE FOUND
 A TOTAL OF        0 EXTERNAL POINTS WERE FOUND
 A TOTAL OF   146868 SELECTED POINTS WERE FOUND
 TOTAL OCCUPIED  VOLUME =      63.414778
 TOTAL SELECTED  VOLUME =     237.095913
 TOTAL FREE      VOLUME =     237.095913
 FRACTIONAL FREE VOLUME =      78.897663
  
 CHARMM>     
  
 CHARMM>    calc c = ?volume * @factor
 Parameter: FACTOR -> "5"
 RDCMND substituted energy or value "?VOLUME" to "63.4147783"
Evaluating: 63.4147783*5
 Parameter: C <- "317.073892"
  
 CHARMM>     
  
 CHARMM>    if a .lt. -10 if a .gt. -20 if c .gt. @botarea set botarea = @c
 Parameter: BOTAREA -> "396.273754"
 Parameter: C -> "317.073892"
 Comparing "3" and "-10".
 IF test evaluated as false.  Skipping command
  
 CHARMM>    if a .gt.  10 if a .lt.  20 if c .gt. @toparea set toparea = @c
 Parameter: TOPAREA -> "-1"
 Parameter: C -> "317.073892"
 Comparing "3" and "10".
 IF test evaluated as false.  Skipping command
  
 CHARMM>     
  
 CHARMM>    write title unit 51
 RDTITL> * 3.2  317.073892
 RDTITL> *
  
 CHARMM>     
  
 CHARMM>    incr a by @dcel
 Parameter: DCEL -> "0.2"
 Parameter: A <- "3.2"
  
 CHARMM>    incr b by @dcel
 Parameter: DCEL -> "0.2"
 Parameter: B <- "3.4"
  
 CHARMM>    if b le ?ZMAX goto DOAREA
 RDCMND substituted energy or value "?ZMAX" to "17.1394014"
 Comparing "3.4" and "17.1394014".
 IF test evaluated as true.  Performing command
  
 CHARMM>     
  
 CHARMM>    ! Cross sectional protein area with whole atom.
 CHARMM>    scalar wmain = radius
  
 CHARMM>    scalar wmain mult 2.5   sele resname TIP3 end
 SELRPN>      0 atoms have been selected out of    872
  
 CHARMM>    scalar wmain add  1.529 sele .not. resname TIP3 end
 SELRPN>    872 atoms have been selected out of    872
  
 CHARMM>    scalar wmain mult 0.85  sele .not. resname TIP3 end
 SELRPN>    872 atoms have been selected out of    872
  
 CHARMM>    calc zab = ( @a + @b ) / 2.0
 Parameter: A -> "3.2"
 Parameter: B -> "3.4"
Evaluating: (3.2+3.4)/2.0
 Parameter: ZAB <- "3.3"
  
 CHARMM>     
  
 CHARMM>    coor search -
 CHARMM>         xmin @x1  xmax @x2  xgrip @xncel -
 CHARMM>         ymin @y1  ymax @y2  ygrip @yncel -
 CHARMM>         zmin @a   zmax @b   zgrip 5
 Parameter: X1 -> "-17.0826968"
 Parameter: X2 -> "17.0826968"
 Parameter: XNCEL -> "170"
 Parameter: Y1 -> "-21.9894065"
 Parameter: Y2 -> "21.9894065"
 Parameter: YNCEL -> "219"
 Parameter: A -> "3.2"
 Parameter: B -> "3.4"

 A TOTAL OF   146216   VACUUM POINTS WERE FOUND
 A TOTAL OF    39934 OCCUPIED POINTS WERE FOUND
 A TOTAL OF        0 EXTERNAL POINTS WERE FOUND
 A TOTAL OF   146216 SELECTED POINTS WERE FOUND
 TOTAL OCCUPIED  VOLUME =      64.467332
 TOTAL SELECTED  VOLUME =     236.043359
 TOTAL FREE      VOLUME =     236.043359
 FRACTIONAL FREE VOLUME =      78.547408
  
 CHARMM>     
  
 CHARMM>    calc c = ?volume * @factor
 Parameter: FACTOR -> "5"
 RDCMND substituted energy or value "?VOLUME" to "64.4673325"
Evaluating: 64.4673325*5
 Parameter: C <- "322.336662"
  
 CHARMM>     
  
 CHARMM>    if a .lt. -10 if a .gt. -20 if c .gt. @botarea set botarea = @c
 Parameter: BOTAREA -> "396.273754"
 Parameter: C -> "322.336662"
 Comparing "3.2" and "-10".
 IF test evaluated as false.  Skipping command
  
 CHARMM>    if a .gt.  10 if a .lt.  20 if c .gt. @toparea set toparea = @c
 Parameter: TOPAREA -> "-1"
 Parameter: C -> "322.336662"
 Comparing "3.2" and "10".
 IF test evaluated as false.  Skipping command
  
 CHARMM>     
  
 CHARMM>    write title unit 51
 RDTITL> * 3.4  322.336662
 RDTITL> *
  
 CHARMM>     
  
 CHARMM>    incr a by @dcel
 Parameter: DCEL -> "0.2"
 Parameter: A <- "3.4"
  
 CHARMM>    incr b by @dcel
 Parameter: DCEL -> "0.2"
 Parameter: B <- "3.6"
  
 CHARMM>    if b le ?ZMAX goto DOAREA
 RDCMND substituted energy or value "?ZMAX" to "17.1394014"
 Comparing "3.6" and "17.1394014".
 IF test evaluated as true.  Performing command
  
 CHARMM>     
  
 CHARMM>    ! Cross sectional protein area with whole atom.
 CHARMM>    scalar wmain = radius
  
 CHARMM>    scalar wmain mult 2.5   sele resname TIP3 end
 SELRPN>      0 atoms have been selected out of    872
  
 CHARMM>    scalar wmain add  1.529 sele .not. resname TIP3 end
 SELRPN>    872 atoms have been selected out of    872
  
 CHARMM>    scalar wmain mult 0.85  sele .not. resname TIP3 end
 SELRPN>    872 atoms have been selected out of    872
  
 CHARMM>    calc zab = ( @a + @b ) / 2.0
 Parameter: A -> "3.4"
 Parameter: B -> "3.6"
Evaluating: (3.4+3.6)/2.0
 Parameter: ZAB <- "3.5"
  
 CHARMM>     
  
 CHARMM>    coor search -
 CHARMM>         xmin @x1  xmax @x2  xgrip @xncel -
 CHARMM>         ymin @y1  ymax @y2  ygrip @yncel -
 CHARMM>         zmin @a   zmax @b   zgrip 5
 Parameter: X1 -> "-17.0826968"
 Parameter: X2 -> "17.0826968"
 Parameter: XNCEL -> "170"
 Parameter: Y1 -> "-21.9894065"
 Parameter: Y2 -> "21.9894065"
 Parameter: YNCEL -> "219"
 Parameter: A -> "3.4"
 Parameter: B -> "3.6"

 A TOTAL OF   145848   VACUUM POINTS WERE FOUND
 A TOTAL OF    40302 OCCUPIED POINTS WERE FOUND
 A TOTAL OF        0 EXTERNAL POINTS WERE FOUND
 A TOTAL OF   145848 SELECTED POINTS WERE FOUND
 TOTAL OCCUPIED  VOLUME =      65.061412
 TOTAL SELECTED  VOLUME =     235.449279
 TOTAL FREE      VOLUME =     235.449279
 FRACTIONAL FREE VOLUME =      78.349718
  
 CHARMM>     
  
 CHARMM>    calc c = ?volume * @factor
 Parameter: FACTOR -> "5"
 RDCMND substituted energy or value "?VOLUME" to "65.0614122"
Evaluating: 65.0614122*5
 Parameter: C <- "325.307061"
  
 CHARMM>     
  
 CHARMM>    if a .lt. -10 if a .gt. -20 if c .gt. @botarea set botarea = @c
 Parameter: BOTAREA -> "396.273754"
 Parameter: C -> "325.307061"
 Comparing "3.4" and "-10".
 IF test evaluated as false.  Skipping command
  
 CHARMM>    if a .gt.  10 if a .lt.  20 if c .gt. @toparea set toparea = @c
 Parameter: TOPAREA -> "-1"
 Parameter: C -> "325.307061"
 Comparing "3.4" and "10".
 IF test evaluated as false.  Skipping command
  
 CHARMM>     
  
 CHARMM>    write title unit 51
 RDTITL> * 3.6  325.307061
 RDTITL> *
  
 CHARMM>     
  
 CHARMM>    incr a by @dcel
 Parameter: DCEL -> "0.2"
 Parameter: A <- "3.6"
  
 CHARMM>    incr b by @dcel
 Parameter: DCEL -> "0.2"
 Parameter: B <- "3.8"
  
 CHARMM>    if b le ?ZMAX goto DOAREA
 RDCMND substituted energy or value "?ZMAX" to "17.1394014"
 Comparing "3.8" and "17.1394014".
 IF test evaluated as true.  Performing command
  
 CHARMM>     
  
 CHARMM>    ! Cross sectional protein area with whole atom.
 CHARMM>    scalar wmain = radius
  
 CHARMM>    scalar wmain mult 2.5   sele resname TIP3 end
 SELRPN>      0 atoms have been selected out of    872
  
 CHARMM>    scalar wmain add  1.529 sele .not. resname TIP3 end
 SELRPN>    872 atoms have been selected out of    872
  
 CHARMM>    scalar wmain mult 0.85  sele .not. resname TIP3 end
 SELRPN>    872 atoms have been selected out of    872
  
 CHARMM>    calc zab = ( @a + @b ) / 2.0
 Parameter: A -> "3.6"
 Parameter: B -> "3.8"
Evaluating: (3.6+3.8)/2.0
 Parameter: ZAB <- "3.7"
  
 CHARMM>     
  
 CHARMM>    coor search -
 CHARMM>         xmin @x1  xmax @x2  xgrip @xncel -
 CHARMM>         ymin @y1  ymax @y2  ygrip @yncel -
 CHARMM>         zmin @a   zmax @b   zgrip 5
 Parameter: X1 -> "-17.0826968"
 Parameter: X2 -> "17.0826968"
 Parameter: XNCEL -> "170"
 Parameter: Y1 -> "-21.9894065"
 Parameter: Y2 -> "21.9894065"
 Parameter: YNCEL -> "219"
 Parameter: A -> "3.6"
 Parameter: B -> "3.8"

 A TOTAL OF   145766   VACUUM POINTS WERE FOUND
 A TOTAL OF    40384 OCCUPIED POINTS WERE FOUND
 A TOTAL OF        0 EXTERNAL POINTS WERE FOUND
 A TOTAL OF   145766 SELECTED POINTS WERE FOUND
 TOTAL OCCUPIED  VOLUME =      65.193789
 TOTAL SELECTED  VOLUME =     235.316903
 TOTAL FREE      VOLUME =     235.316903
 FRACTIONAL FREE VOLUME =      78.305667
  
 CHARMM>     
  
 CHARMM>    calc c = ?volume * @factor
 Parameter: FACTOR -> "5"
 RDCMND substituted energy or value "?VOLUME" to "65.1937886"
Evaluating: 65.1937886*5
 Parameter: C <- "325.968943"
  
 CHARMM>     
  
 CHARMM>    if a .lt. -10 if a .gt. -20 if c .gt. @botarea set botarea = @c
 Parameter: BOTAREA -> "396.273754"
 Parameter: C -> "325.968943"
 Comparing "3.6" and "-10".
 IF test evaluated as false.  Skipping command
  
 CHARMM>    if a .gt.  10 if a .lt.  20 if c .gt. @toparea set toparea = @c
 Parameter: TOPAREA -> "-1"
 Parameter: C -> "325.968943"
 Comparing "3.6" and "10".
 IF test evaluated as false.  Skipping command
  
 CHARMM>     
  
 CHARMM>    write title unit 51
 RDTITL> * 3.8  325.968943
 RDTITL> *
  
 CHARMM>     
  
 CHARMM>    incr a by @dcel
 Parameter: DCEL -> "0.2"
 Parameter: A <- "3.8"
  
 CHARMM>    incr b by @dcel
 Parameter: DCEL -> "0.2"
 Parameter: B <- "4"
  
 CHARMM>    if b le ?ZMAX goto DOAREA
 RDCMND substituted energy or value "?ZMAX" to "17.1394014"
 Comparing "4" and "17.1394014".
 IF test evaluated as true.  Performing command
  
 CHARMM>     
  
 CHARMM>    ! Cross sectional protein area with whole atom.
 CHARMM>    scalar wmain = radius
  
 CHARMM>    scalar wmain mult 2.5   sele resname TIP3 end
 SELRPN>      0 atoms have been selected out of    872
  
 CHARMM>    scalar wmain add  1.529 sele .not. resname TIP3 end
 SELRPN>    872 atoms have been selected out of    872
  
 CHARMM>    scalar wmain mult 0.85  sele .not. resname TIP3 end
 SELRPN>    872 atoms have been selected out of    872
  
 CHARMM>    calc zab = ( @a + @b ) / 2.0
 Parameter: A -> "3.8"
 Parameter: B -> "4"
Evaluating: (3.8+4)/2.0
 Parameter: ZAB <- "3.9"
  
 CHARMM>     
  
 CHARMM>    coor search -
 CHARMM>         xmin @x1  xmax @x2  xgrip @xncel -
 CHARMM>         ymin @y1  ymax @y2  ygrip @yncel -
 CHARMM>         zmin @a   zmax @b   zgrip 5
 Parameter: X1 -> "-17.0826968"
 Parameter: X2 -> "17.0826968"
 Parameter: XNCEL -> "170"
 Parameter: Y1 -> "-21.9894065"
 Parameter: Y2 -> "21.9894065"
 Parameter: YNCEL -> "219"
 Parameter: A -> "3.8"
 Parameter: B -> "4"

 A TOTAL OF   145942   VACUUM POINTS WERE FOUND
 A TOTAL OF    40208 OCCUPIED POINTS WERE FOUND
 A TOTAL OF        0 EXTERNAL POINTS WERE FOUND
 A TOTAL OF   145942 SELECTED POINTS WERE FOUND
 TOTAL OCCUPIED  VOLUME =      64.909664
 TOTAL SELECTED  VOLUME =     235.601028
 TOTAL FREE      VOLUME =     235.601028
 FRACTIONAL FREE VOLUME =      78.400215
  
 CHARMM>     
  
 CHARMM>    calc c = ?volume * @factor
 Parameter: FACTOR -> "5"
 RDCMND substituted energy or value "?VOLUME" to "64.9096636"
Evaluating: 64.9096636*5
 Parameter: C <- "324.548318"
  
 CHARMM>     
  
 CHARMM>    if a .lt. -10 if a .gt. -20 if c .gt. @botarea set botarea = @c
 Parameter: BOTAREA -> "396.273754"
 Parameter: C -> "324.548318"
 Comparing "3.8" and "-10".
 IF test evaluated as false.  Skipping command
  
 CHARMM>    if a .gt.  10 if a .lt.  20 if c .gt. @toparea set toparea = @c
 Parameter: TOPAREA -> "-1"
 Parameter: C -> "324.548318"
 Comparing "3.8" and "10".
 IF test evaluated as false.  Skipping command
  
 CHARMM>     
  
 CHARMM>    write title unit 51
 RDTITL> * 4  324.548318
 RDTITL> *
  
 CHARMM>     
  
 CHARMM>    incr a by @dcel
 Parameter: DCEL -> "0.2"
 Parameter: A <- "4"
  
 CHARMM>    incr b by @dcel
 Parameter: DCEL -> "0.2"
 Parameter: B <- "4.2"
  
 CHARMM>    if b le ?ZMAX goto DOAREA
 RDCMND substituted energy or value "?ZMAX" to "17.1394014"
 Comparing "4.2" and "17.1394014".
 IF test evaluated as true.  Performing command
  
 CHARMM>     
  
 CHARMM>    ! Cross sectional protein area with whole atom.
 CHARMM>    scalar wmain = radius
  
 CHARMM>    scalar wmain mult 2.5   sele resname TIP3 end
 SELRPN>      0 atoms have been selected out of    872
  
 CHARMM>    scalar wmain add  1.529 sele .not. resname TIP3 end
 SELRPN>    872 atoms have been selected out of    872
  
 CHARMM>    scalar wmain mult 0.85  sele .not. resname TIP3 end
 SELRPN>    872 atoms have been selected out of    872
  
 CHARMM>    calc zab = ( @a + @b ) / 2.0
 Parameter: A -> "4"
 Parameter: B -> "4.2"
Evaluating: (4+4.2)/2.0
 Parameter: ZAB <- "4.1"
  
 CHARMM>     
  
 CHARMM>    coor search -
 CHARMM>         xmin @x1  xmax @x2  xgrip @xncel -
 CHARMM>         ymin @y1  ymax @y2  ygrip @yncel -
 CHARMM>         zmin @a   zmax @b   zgrip 5
 Parameter: X1 -> "-17.0826968"
 Parameter: X2 -> "17.0826968"
 Parameter: XNCEL -> "170"
 Parameter: Y1 -> "-21.9894065"
 Parameter: Y2 -> "21.9894065"
 Parameter: YNCEL -> "219"
 Parameter: A -> "4"
 Parameter: B -> "4.2"

 A TOTAL OF   146300   VACUUM POINTS WERE FOUND
 A TOTAL OF    39850 OCCUPIED POINTS WERE FOUND
 A TOTAL OF        0 EXTERNAL POINTS WERE FOUND
 A TOTAL OF   146300 SELECTED POINTS WERE FOUND
 TOTAL OCCUPIED  VOLUME =      64.331727
 TOTAL SELECTED  VOLUME =     236.178964
 TOTAL FREE      VOLUME =     236.178964
 FRACTIONAL FREE VOLUME =      78.592533
  
 CHARMM>     
  
 CHARMM>    calc c = ?volume * @factor
 Parameter: FACTOR -> "5"
 RDCMND substituted energy or value "?VOLUME" to "64.3317273"
Evaluating: 64.3317273*5
 Parameter: C <- "321.658637"
  
 CHARMM>     
  
 CHARMM>    if a .lt. -10 if a .gt. -20 if c .gt. @botarea set botarea = @c
 Parameter: BOTAREA -> "396.273754"
 Parameter: C -> "321.658637"
 Comparing "4" and "-10".
 IF test evaluated as false.  Skipping command
  
 CHARMM>    if a .gt.  10 if a .lt.  20 if c .gt. @toparea set toparea = @c
 Parameter: TOPAREA -> "-1"
 Parameter: C -> "321.658637"
 Comparing "4" and "10".
 IF test evaluated as false.  Skipping command
  
 CHARMM>     
  
 CHARMM>    write title unit 51
 RDTITL> * 4.2  321.658637
 RDTITL> *
  
 CHARMM>     
  
 CHARMM>    incr a by @dcel
 Parameter: DCEL -> "0.2"
 Parameter: A <- "4.2"
  
 CHARMM>    incr b by @dcel
 Parameter: DCEL -> "0.2"
 Parameter: B <- "4.4"
  
 CHARMM>    if b le ?ZMAX goto DOAREA
 RDCMND substituted energy or value "?ZMAX" to "17.1394014"
 Comparing "4.4" and "17.1394014".
 IF test evaluated as true.  Performing command
  
 CHARMM>     
  
 CHARMM>    ! Cross sectional protein area with whole atom.
 CHARMM>    scalar wmain = radius
  
 CHARMM>    scalar wmain mult 2.5   sele resname TIP3 end
 SELRPN>      0 atoms have been selected out of    872
  
 CHARMM>    scalar wmain add  1.529 sele .not. resname TIP3 end
 SELRPN>    872 atoms have been selected out of    872
  
 CHARMM>    scalar wmain mult 0.85  sele .not. resname TIP3 end
 SELRPN>    872 atoms have been selected out of    872
  
 CHARMM>    calc zab = ( @a + @b ) / 2.0
 Parameter: A -> "4.2"
 Parameter: B -> "4.4"
Evaluating: (4.2+4.4)/2.0
 Parameter: ZAB <- "4.3"
  
 CHARMM>     
  
 CHARMM>    coor search -
 CHARMM>         xmin @x1  xmax @x2  xgrip @xncel -
 CHARMM>         ymin @y1  ymax @y2  ygrip @yncel -
 CHARMM>         zmin @a   zmax @b   zgrip 5
 Parameter: X1 -> "-17.0826968"
 Parameter: X2 -> "17.0826968"
 Parameter: XNCEL -> "170"
 Parameter: Y1 -> "-21.9894065"
 Parameter: Y2 -> "21.9894065"
 Parameter: YNCEL -> "219"
 Parameter: A -> "4.2"
 Parameter: B -> "4.4"

 A TOTAL OF   146880   VACUUM POINTS WERE FOUND
 A TOTAL OF    39270 OCCUPIED POINTS WERE FOUND
 A TOTAL OF        0 EXTERNAL POINTS WERE FOUND
 A TOTAL OF   146880 SELECTED POINTS WERE FOUND
 TOTAL OCCUPIED  VOLUME =      63.395406
 TOTAL SELECTED  VOLUME =     237.115285
 TOTAL FREE      VOLUME =     237.115285
 FRACTIONAL FREE VOLUME =      78.904110
  
 CHARMM>     
  
 CHARMM>    calc c = ?volume * @factor
 Parameter: FACTOR -> "5"
 RDCMND substituted energy or value "?VOLUME" to "63.3954061"
Evaluating: 63.3954061*5
 Parameter: C <- "316.977031"
  
 CHARMM>     
  
 CHARMM>    if a .lt. -10 if a .gt. -20 if c .gt. @botarea set botarea = @c
 Parameter: BOTAREA -> "396.273754"
 Parameter: C -> "316.977031"
 Comparing "4.2" and "-10".
 IF test evaluated as false.  Skipping command
  
 CHARMM>    if a .gt.  10 if a .lt.  20 if c .gt. @toparea set toparea = @c
 Parameter: TOPAREA -> "-1"
 Parameter: C -> "316.977031"
 Comparing "4.2" and "10".
 IF test evaluated as false.  Skipping command
  
 CHARMM>     
  
 CHARMM>    write title unit 51
 RDTITL> * 4.4  316.977031
 RDTITL> *
  
 CHARMM>     
  
 CHARMM>    incr a by @dcel
 Parameter: DCEL -> "0.2"
 Parameter: A <- "4.4"
  
 CHARMM>    incr b by @dcel
 Parameter: DCEL -> "0.2"
 Parameter: B <- "4.6"
  
 CHARMM>    if b le ?ZMAX goto DOAREA
 RDCMND substituted energy or value "?ZMAX" to "17.1394014"
 Comparing "4.6" and "17.1394014".
 IF test evaluated as true.  Performing command
  
 CHARMM>     
  
 CHARMM>    ! Cross sectional protein area with whole atom.
 CHARMM>    scalar wmain = radius
  
 CHARMM>    scalar wmain mult 2.5   sele resname TIP3 end
 SELRPN>      0 atoms have been selected out of    872
  
 CHARMM>    scalar wmain add  1.529 sele .not. resname TIP3 end
 SELRPN>    872 atoms have been selected out of    872
  
 CHARMM>    scalar wmain mult 0.85  sele .not. resname TIP3 end
 SELRPN>    872 atoms have been selected out of    872
  
 CHARMM>    calc zab = ( @a + @b ) / 2.0
 Parameter: A -> "4.4"
 Parameter: B -> "4.6"
Evaluating: (4.4+4.6)/2.0
 Parameter: ZAB <- "4.5"
  
 CHARMM>     
  
 CHARMM>    coor search -
 CHARMM>         xmin @x1  xmax @x2  xgrip @xncel -
 CHARMM>         ymin @y1  ymax @y2  ygrip @yncel -
 CHARMM>         zmin @a   zmax @b   zgrip 5
 Parameter: X1 -> "-17.0826968"
 Parameter: X2 -> "17.0826968"
 Parameter: XNCEL -> "170"
 Parameter: Y1 -> "-21.9894065"
 Parameter: Y2 -> "21.9894065"
 Parameter: YNCEL -> "219"
 Parameter: A -> "4.4"
 Parameter: B -> "4.6"

 A TOTAL OF   147010   VACUUM POINTS WERE FOUND
 A TOTAL OF    39140 OCCUPIED POINTS WERE FOUND
 A TOTAL OF        0 EXTERNAL POINTS WERE FOUND
 A TOTAL OF   147010 SELECTED POINTS WERE FOUND
 TOTAL OCCUPIED  VOLUME =      63.185541
 TOTAL SELECTED  VOLUME =     237.325150
 TOTAL FREE      VOLUME =     237.325150
 FRACTIONAL FREE VOLUME =      78.973946
  
 CHARMM>     
  
 CHARMM>    calc c = ?volume * @factor
 Parameter: FACTOR -> "5"
 RDCMND substituted energy or value "?VOLUME" to "63.185541"
Evaluating: 63.185541*5
 Parameter: C <- "315.927705"
  
 CHARMM>     
  
 CHARMM>    if a .lt. -10 if a .gt. -20 if c .gt. @botarea set botarea = @c
 Parameter: BOTAREA -> "396.273754"
 Parameter: C -> "315.927705"
 Comparing "4.4" and "-10".
 IF test evaluated as false.  Skipping command
  
 CHARMM>    if a .gt.  10 if a .lt.  20 if c .gt. @toparea set toparea = @c
 Parameter: TOPAREA -> "-1"
 Parameter: C -> "315.927705"
 Comparing "4.4" and "10".
 IF test evaluated as false.  Skipping command
  
 CHARMM>     
  
 CHARMM>    write title unit 51
 RDTITL> * 4.6  315.927705
 RDTITL> *
  
 CHARMM>     
  
 CHARMM>    incr a by @dcel
 Parameter: DCEL -> "0.2"
 Parameter: A <- "4.6"
  
 CHARMM>    incr b by @dcel
 Parameter: DCEL -> "0.2"
 Parameter: B <- "4.8"
  
 CHARMM>    if b le ?ZMAX goto DOAREA
 RDCMND substituted energy or value "?ZMAX" to "17.1394014"
 Comparing "4.8" and "17.1394014".
 IF test evaluated as true.  Performing command
  
 CHARMM>     
  
 CHARMM>    ! Cross sectional protein area with whole atom.
 CHARMM>    scalar wmain = radius
  
 CHARMM>    scalar wmain mult 2.5   sele resname TIP3 end
 SELRPN>      0 atoms have been selected out of    872
  
 CHARMM>    scalar wmain add  1.529 sele .not. resname TIP3 end
 SELRPN>    872 atoms have been selected out of    872
  
 CHARMM>    scalar wmain mult 0.85  sele .not. resname TIP3 end
 SELRPN>    872 atoms have been selected out of    872
  
 CHARMM>    calc zab = ( @a + @b ) / 2.0
 Parameter: A -> "4.6"
 Parameter: B -> "4.8"
Evaluating: (4.6+4.8)/2.0
 Parameter: ZAB <- "4.7"
  
 CHARMM>     
  
 CHARMM>    coor search -
 CHARMM>         xmin @x1  xmax @x2  xgrip @xncel -
 CHARMM>         ymin @y1  ymax @y2  ygrip @yncel -
 CHARMM>         zmin @a   zmax @b   zgrip 5
 Parameter: X1 -> "-17.0826968"
 Parameter: X2 -> "17.0826968"
 Parameter: XNCEL -> "170"
 Parameter: Y1 -> "-21.9894065"
 Parameter: Y2 -> "21.9894065"
 Parameter: YNCEL -> "219"
 Parameter: A -> "4.6"
 Parameter: B -> "4.8"

 A TOTAL OF   146730   VACUUM POINTS WERE FOUND
 A TOTAL OF    39420 OCCUPIED POINTS WERE FOUND
 A TOTAL OF        0 EXTERNAL POINTS WERE FOUND
 A TOTAL OF   146730 SELECTED POINTS WERE FOUND
 TOTAL OCCUPIED  VOLUME =      63.637558
 TOTAL SELECTED  VOLUME =     236.873133
 TOTAL FREE      VOLUME =     236.873133
 FRACTIONAL FREE VOLUME =      78.823529
  
 CHARMM>     
  
 CHARMM>    calc c = ?volume * @factor
 Parameter: FACTOR -> "5"
 RDCMND substituted energy or value "?VOLUME" to "63.6375581"
Evaluating: 63.6375581*5
 Parameter: C <- "318.187791"
  
 CHARMM>     
  
 CHARMM>    if a .lt. -10 if a .gt. -20 if c .gt. @botarea set botarea = @c
 Parameter: BOTAREA -> "396.273754"
 Parameter: C -> "318.187791"
 Comparing "4.6" and "-10".
 IF test evaluated as false.  Skipping command
  
 CHARMM>    if a .gt.  10 if a .lt.  20 if c .gt. @toparea set toparea = @c
 Parameter: TOPAREA -> "-1"
 Parameter: C -> "318.187791"
 Comparing "4.6" and "10".
 IF test evaluated as false.  Skipping command
  
 CHARMM>     
  
 CHARMM>    write title unit 51
 RDTITL> * 4.8  318.187791
 RDTITL> *
  
 CHARMM>     
  
 CHARMM>    incr a by @dcel
 Parameter: DCEL -> "0.2"
 Parameter: A <- "4.8"
  
 CHARMM>    incr b by @dcel
 Parameter: DCEL -> "0.2"
 Parameter: B <- "5"
  
 CHARMM>    if b le ?ZMAX goto DOAREA
 RDCMND substituted energy or value "?ZMAX" to "17.1394014"
 Comparing "5" and "17.1394014".
 IF test evaluated as true.  Performing command
  
 CHARMM>     
  
 CHARMM>    ! Cross sectional protein area with whole atom.
 CHARMM>    scalar wmain = radius
  
 CHARMM>    scalar wmain mult 2.5   sele resname TIP3 end
 SELRPN>      0 atoms have been selected out of    872
  
 CHARMM>    scalar wmain add  1.529 sele .not. resname TIP3 end
 SELRPN>    872 atoms have been selected out of    872
  
 CHARMM>    scalar wmain mult 0.85  sele .not. resname TIP3 end
 SELRPN>    872 atoms have been selected out of    872
  
 CHARMM>    calc zab = ( @a + @b ) / 2.0
 Parameter: A -> "4.8"
 Parameter: B -> "5"
Evaluating: (4.8+5)/2.0
 Parameter: ZAB <- "4.9"
  
 CHARMM>     
  
 CHARMM>    coor search -
 CHARMM>         xmin @x1  xmax @x2  xgrip @xncel -
 CHARMM>         ymin @y1  ymax @y2  ygrip @yncel -
 CHARMM>         zmin @a   zmax @b   zgrip 5
 Parameter: X1 -> "-17.0826968"
 Parameter: X2 -> "17.0826968"
 Parameter: XNCEL -> "170"
 Parameter: Y1 -> "-21.9894065"
 Parameter: Y2 -> "21.9894065"
 Parameter: YNCEL -> "219"
 Parameter: A -> "4.8"
 Parameter: B -> "5"

 A TOTAL OF   146474   VACUUM POINTS WERE FOUND
 A TOTAL OF    39676 OCCUPIED POINTS WERE FOUND
 A TOTAL OF        0 EXTERNAL POINTS WERE FOUND
 A TOTAL OF   146474 SELECTED POINTS WERE FOUND
 TOTAL OCCUPIED  VOLUME =      64.050831
 TOTAL SELECTED  VOLUME =     236.459860
 TOTAL FREE      VOLUME =     236.459860
 FRACTIONAL FREE VOLUME =      78.686006
  
 CHARMM>     
  
 CHARMM>    calc c = ?volume * @factor
 Parameter: FACTOR -> "5"
 RDCMND substituted energy or value "?VOLUME" to "64.050831"
Evaluating: 64.050831*5
 Parameter: C <- "320.254155"
  
 CHARMM>     
  
 CHARMM>    if a .lt. -10 if a .gt. -20 if c .gt. @botarea set botarea = @c
 Parameter: BOTAREA -> "396.273754"
 Parameter: C -> "320.254155"
 Comparing "4.8" and "-10".
 IF test evaluated as false.  Skipping command
  
 CHARMM>    if a .gt.  10 if a .lt.  20 if c .gt. @toparea set toparea = @c
 Parameter: TOPAREA -> "-1"
 Parameter: C -> "320.254155"
 Comparing "4.8" and "10".
 IF test evaluated as false.  Skipping command
  
 CHARMM>     
  
 CHARMM>    write title unit 51
 RDTITL> * 5  320.254155
 RDTITL> *
  
 CHARMM>     
  
 CHARMM>    incr a by @dcel
 Parameter: DCEL -> "0.2"
 Parameter: A <- "5"
  
 CHARMM>    incr b by @dcel
 Parameter: DCEL -> "0.2"
 Parameter: B <- "5.2"
  
 CHARMM>    if b le ?ZMAX goto DOAREA
 RDCMND substituted energy or value "?ZMAX" to "17.1394014"
 Comparing "5.2" and "17.1394014".
 IF test evaluated as true.  Performing command
  
 CHARMM>     
  
 CHARMM>    ! Cross sectional protein area with whole atom.
 CHARMM>    scalar wmain = radius
  
 CHARMM>    scalar wmain mult 2.5   sele resname TIP3 end
 SELRPN>      0 atoms have been selected out of    872
  
 CHARMM>    scalar wmain add  1.529 sele .not. resname TIP3 end
 SELRPN>    872 atoms have been selected out of    872
  
 CHARMM>    scalar wmain mult 0.85  sele .not. resname TIP3 end
 SELRPN>    872 atoms have been selected out of    872
  
 CHARMM>    calc zab = ( @a + @b ) / 2.0
 Parameter: A -> "5"
 Parameter: B -> "5.2"
Evaluating: (5+5.2)/2.0
 Parameter: ZAB <- "5.1"
  
 CHARMM>     
  
 CHARMM>    coor search -
 CHARMM>         xmin @x1  xmax @x2  xgrip @xncel -
 CHARMM>         ymin @y1  ymax @y2  ygrip @yncel -
 CHARMM>         zmin @a   zmax @b   zgrip 5
 Parameter: X1 -> "-17.0826968"
 Parameter: X2 -> "17.0826968"
 Parameter: XNCEL -> "170"
 Parameter: Y1 -> "-21.9894065"
 Parameter: Y2 -> "21.9894065"
 Parameter: YNCEL -> "219"
 Parameter: A -> "5"
 Parameter: B -> "5.2"

 A TOTAL OF   146184   VACUUM POINTS WERE FOUND
 A TOTAL OF    39966 OCCUPIED POINTS WERE FOUND
 A TOTAL OF        0 EXTERNAL POINTS WERE FOUND
 A TOTAL OF   146184 SELECTED POINTS WERE FOUND
 TOTAL OCCUPIED  VOLUME =      64.518992
 TOTAL SELECTED  VOLUME =     235.991700
 TOTAL FREE      VOLUME =     235.991700
 FRACTIONAL FREE VOLUME =      78.530218
  
 CHARMM>     
  
 CHARMM>    calc c = ?volume * @factor
 Parameter: FACTOR -> "5"
 RDCMND substituted energy or value "?VOLUME" to "64.5189916"
Evaluating: 64.5189916*5
 Parameter: C <- "322.594958"
  
 CHARMM>     
  
 CHARMM>    if a .lt. -10 if a .gt. -20 if c .gt. @botarea set botarea = @c
 Parameter: BOTAREA -> "396.273754"
 Parameter: C -> "322.594958"
 Comparing "5" and "-10".
 IF test evaluated as false.  Skipping command
  
 CHARMM>    if a .gt.  10 if a .lt.  20 if c .gt. @toparea set toparea = @c
 Parameter: TOPAREA -> "-1"
 Parameter: C -> "322.594958"
 Comparing "5" and "10".
 IF test evaluated as false.  Skipping command
  
 CHARMM>     
  
 CHARMM>    write title unit 51
 RDTITL> * 5.2  322.594958
 RDTITL> *
  
 CHARMM>     
  
 CHARMM>    incr a by @dcel
 Parameter: DCEL -> "0.2"
 Parameter: A <- "5.2"
  
 CHARMM>    incr b by @dcel
 Parameter: DCEL -> "0.2"
 Parameter: B <- "5.4"
  
 CHARMM>    if b le ?ZMAX goto DOAREA
 RDCMND substituted energy or value "?ZMAX" to "17.1394014"
 Comparing "5.4" and "17.1394014".
 IF test evaluated as true.  Performing command
  
 CHARMM>     
  
 CHARMM>    ! Cross sectional protein area with whole atom.
 CHARMM>    scalar wmain = radius
  
 CHARMM>    scalar wmain mult 2.5   sele resname TIP3 end
 SELRPN>      0 atoms have been selected out of    872
  
 CHARMM>    scalar wmain add  1.529 sele .not. resname TIP3 end
 SELRPN>    872 atoms have been selected out of    872
  
 CHARMM>    scalar wmain mult 0.85  sele .not. resname TIP3 end
 SELRPN>    872 atoms have been selected out of    872
  
 CHARMM>    calc zab = ( @a + @b ) / 2.0
 Parameter: A -> "5.2"
 Parameter: B -> "5.4"
Evaluating: (5.2+5.4)/2.0
 Parameter: ZAB <- "5.3"
  
 CHARMM>     
  
 CHARMM>    coor search -
 CHARMM>         xmin @x1  xmax @x2  xgrip @xncel -
 CHARMM>         ymin @y1  ymax @y2  ygrip @yncel -
 CHARMM>         zmin @a   zmax @b   zgrip 5
 Parameter: X1 -> "-17.0826968"
 Parameter: X2 -> "17.0826968"
 Parameter: XNCEL -> "170"
 Parameter: Y1 -> "-21.9894065"
 Parameter: Y2 -> "21.9894065"
 Parameter: YNCEL -> "219"
 Parameter: A -> "5.2"
 Parameter: B -> "5.4"

 A TOTAL OF   146136   VACUUM POINTS WERE FOUND
 A TOTAL OF    40014 OCCUPIED POINTS WERE FOUND
 A TOTAL OF        0 EXTERNAL POINTS WERE FOUND
 A TOTAL OF   146136 SELECTED POINTS WERE FOUND
 TOTAL OCCUPIED  VOLUME =      64.596480
 TOTAL SELECTED  VOLUME =     235.914211
 TOTAL FREE      VOLUME =     235.914211
 FRACTIONAL FREE VOLUME =      78.504432
  
 CHARMM>     
  
 CHARMM>    calc c = ?volume * @factor
 Parameter: FACTOR -> "5"
 RDCMND substituted energy or value "?VOLUME" to "64.5964803"
Evaluating: 64.5964803*5
 Parameter: C <- "322.982401"
  
 CHARMM>     
  
 CHARMM>    if a .lt. -10 if a .gt. -20 if c .gt. @botarea set botarea = @c
 Parameter: BOTAREA -> "396.273754"
 Parameter: C -> "322.982401"
 Comparing "5.2" and "-10".
 IF test evaluated as false.  Skipping command
  
 CHARMM>    if a .gt.  10 if a .lt.  20 if c .gt. @toparea set toparea = @c
 Parameter: TOPAREA -> "-1"
 Parameter: C -> "322.982401"
 Comparing "5.2" and "10".
 IF test evaluated as false.  Skipping command
  
 CHARMM>     
  
 CHARMM>    write title unit 51
 RDTITL> * 5.4  322.982401
 RDTITL> *
  
 CHARMM>     
  
 CHARMM>    incr a by @dcel
 Parameter: DCEL -> "0.2"
 Parameter: A <- "5.4"
  
 CHARMM>    incr b by @dcel
 Parameter: DCEL -> "0.2"
 Parameter: B <- "5.6"
  
 CHARMM>    if b le ?ZMAX goto DOAREA
 RDCMND substituted energy or value "?ZMAX" to "17.1394014"
 Comparing "5.6" and "17.1394014".
 IF test evaluated as true.  Performing command
  
 CHARMM>     
  
 CHARMM>    ! Cross sectional protein area with whole atom.
 CHARMM>    scalar wmain = radius
  
 CHARMM>    scalar wmain mult 2.5   sele resname TIP3 end
 SELRPN>      0 atoms have been selected out of    872
  
 CHARMM>    scalar wmain add  1.529 sele .not. resname TIP3 end
 SELRPN>    872 atoms have been selected out of    872
  
 CHARMM>    scalar wmain mult 0.85  sele .not. resname TIP3 end
 SELRPN>    872 atoms have been selected out of    872
  
 CHARMM>    calc zab = ( @a + @b ) / 2.0
 Parameter: A -> "5.4"
 Parameter: B -> "5.6"
Evaluating: (5.4+5.6)/2.0
 Parameter: ZAB <- "5.5"
  
 CHARMM>     
  
 CHARMM>    coor search -
 CHARMM>         xmin @x1  xmax @x2  xgrip @xncel -
 CHARMM>         ymin @y1  ymax @y2  ygrip @yncel -
 CHARMM>         zmin @a   zmax @b   zgrip 5
 Parameter: X1 -> "-17.0826968"
 Parameter: X2 -> "17.0826968"
 Parameter: XNCEL -> "170"
 Parameter: Y1 -> "-21.9894065"
 Parameter: Y2 -> "21.9894065"
 Parameter: YNCEL -> "219"
 Parameter: A -> "5.4"
 Parameter: B -> "5.6"

 A TOTAL OF   146224   VACUUM POINTS WERE FOUND
 A TOTAL OF    39926 OCCUPIED POINTS WERE FOUND
 A TOTAL OF        0 EXTERNAL POINTS WERE FOUND
 A TOTAL OF   146224 SELECTED POINTS WERE FOUND
 TOTAL OCCUPIED  VOLUME =      64.454418
 TOTAL SELECTED  VOLUME =     236.056274
 TOTAL FREE      VOLUME =     236.056274
 FRACTIONAL FREE VOLUME =      78.551706
  
 CHARMM>     
  
 CHARMM>    calc c = ?volume * @factor
 Parameter: FACTOR -> "5"
 RDCMND substituted energy or value "?VOLUME" to "64.4544177"
Evaluating: 64.4544177*5
 Parameter: C <- "322.272088"
  
 CHARMM>     
  
 CHARMM>    if a .lt. -10 if a .gt. -20 if c .gt. @botarea set botarea = @c
 Parameter: BOTAREA -> "396.273754"
 Parameter: C -> "322.272088"
 Comparing "5.4" and "-10".
 IF test evaluated as false.  Skipping command
  
 CHARMM>    if a .gt.  10 if a .lt.  20 if c .gt. @toparea set toparea = @c
 Parameter: TOPAREA -> "-1"
 Parameter: C -> "322.272088"
 Comparing "5.4" and "10".
 IF test evaluated as false.  Skipping command
  
 CHARMM>     
  
 CHARMM>    write title unit 51
 RDTITL> * 5.6  322.272088
 RDTITL> *
  
 CHARMM>     
  
 CHARMM>    incr a by @dcel
 Parameter: DCEL -> "0.2"
 Parameter: A <- "5.6"
  
 CHARMM>    incr b by @dcel
 Parameter: DCEL -> "0.2"
 Parameter: B <- "5.8"
  
 CHARMM>    if b le ?ZMAX goto DOAREA
 RDCMND substituted energy or value "?ZMAX" to "17.1394014"
 Comparing "5.8" and "17.1394014".
 IF test evaluated as true.  Performing command
  
 CHARMM>     
  
 CHARMM>    ! Cross sectional protein area with whole atom.
 CHARMM>    scalar wmain = radius
  
 CHARMM>    scalar wmain mult 2.5   sele resname TIP3 end
 SELRPN>      0 atoms have been selected out of    872
  
 CHARMM>    scalar wmain add  1.529 sele .not. resname TIP3 end
 SELRPN>    872 atoms have been selected out of    872
  
 CHARMM>    scalar wmain mult 0.85  sele .not. resname TIP3 end
 SELRPN>    872 atoms have been selected out of    872
  
 CHARMM>    calc zab = ( @a + @b ) / 2.0
 Parameter: A -> "5.6"
 Parameter: B -> "5.8"
Evaluating: (5.6+5.8)/2.0
 Parameter: ZAB <- "5.7"
  
 CHARMM>     
  
 CHARMM>    coor search -
 CHARMM>         xmin @x1  xmax @x2  xgrip @xncel -
 CHARMM>         ymin @y1  ymax @y2  ygrip @yncel -
 CHARMM>         zmin @a   zmax @b   zgrip 5
 Parameter: X1 -> "-17.0826968"
 Parameter: X2 -> "17.0826968"
 Parameter: XNCEL -> "170"
 Parameter: Y1 -> "-21.9894065"
 Parameter: Y2 -> "21.9894065"
 Parameter: YNCEL -> "219"
 Parameter: A -> "5.6"
 Parameter: B -> "5.8"

 A TOTAL OF   146568   VACUUM POINTS WERE FOUND
 A TOTAL OF    39582 OCCUPIED POINTS WERE FOUND
 A TOTAL OF        0 EXTERNAL POINTS WERE FOUND
 A TOTAL OF   146568 SELECTED POINTS WERE FOUND
 TOTAL OCCUPIED  VOLUME =      63.899082
 TOTAL SELECTED  VOLUME =     236.611609
 TOTAL FREE      VOLUME =     236.611609
 FRACTIONAL FREE VOLUME =      78.736503
  
 CHARMM>     
  
 CHARMM>    calc c = ?volume * @factor
 Parameter: FACTOR -> "5"
 RDCMND substituted energy or value "?VOLUME" to "63.8990824"
Evaluating: 63.8990824*5
 Parameter: C <- "319.495412"
  
 CHARMM>     
  
 CHARMM>    if a .lt. -10 if a .gt. -20 if c .gt. @botarea set botarea = @c
 Parameter: BOTAREA -> "396.273754"
 Parameter: C -> "319.495412"
 Comparing "5.6" and "-10".
 IF test evaluated as false.  Skipping command
  
 CHARMM>    if a .gt.  10 if a .lt.  20 if c .gt. @toparea set toparea = @c
 Parameter: TOPAREA -> "-1"
 Parameter: C -> "319.495412"
 Comparing "5.6" and "10".
 IF test evaluated as false.  Skipping command
  
 CHARMM>     
  
 CHARMM>    write title unit 51
 RDTITL> * 5.8  319.495412
 RDTITL> *
  
 CHARMM>     
  
 CHARMM>    incr a by @dcel
 Parameter: DCEL -> "0.2"
 Parameter: A <- "5.8"
  
 CHARMM>    incr b by @dcel
 Parameter: DCEL -> "0.2"
 Parameter: B <- "6"
  
 CHARMM>    if b le ?ZMAX goto DOAREA
 RDCMND substituted energy or value "?ZMAX" to "17.1394014"
 Comparing "6" and "17.1394014".
 IF test evaluated as true.  Performing command
  
 CHARMM>     
  
 CHARMM>    ! Cross sectional protein area with whole atom.
 CHARMM>    scalar wmain = radius
  
 CHARMM>    scalar wmain mult 2.5   sele resname TIP3 end
 SELRPN>      0 atoms have been selected out of    872
  
 CHARMM>    scalar wmain add  1.529 sele .not. resname TIP3 end
 SELRPN>    872 atoms have been selected out of    872
  
 CHARMM>    scalar wmain mult 0.85  sele .not. resname TIP3 end
 SELRPN>    872 atoms have been selected out of    872
  
 CHARMM>    calc zab = ( @a + @b ) / 2.0
 Parameter: A -> "5.8"
 Parameter: B -> "6"
Evaluating: (5.8+6)/2.0
 Parameter: ZAB <- "5.9"
  
 CHARMM>     
  
 CHARMM>    coor search -
 CHARMM>         xmin @x1  xmax @x2  xgrip @xncel -
 CHARMM>         ymin @y1  ymax @y2  ygrip @yncel -
 CHARMM>         zmin @a   zmax @b   zgrip 5
 Parameter: X1 -> "-17.0826968"
 Parameter: X2 -> "17.0826968"
 Parameter: XNCEL -> "170"
 Parameter: Y1 -> "-21.9894065"
 Parameter: Y2 -> "21.9894065"
 Parameter: YNCEL -> "219"
 Parameter: A -> "5.8"
 Parameter: B -> "6"

 A TOTAL OF   146964   VACUUM POINTS WERE FOUND
 A TOTAL OF    39186 OCCUPIED POINTS WERE FOUND
 A TOTAL OF        0 EXTERNAL POINTS WERE FOUND
 A TOTAL OF   146964 SELECTED POINTS WERE FOUND
 TOTAL OCCUPIED  VOLUME =      63.259801
 TOTAL SELECTED  VOLUME =     237.250890
 TOTAL FREE      VOLUME =     237.250890
 FRACTIONAL FREE VOLUME =      78.949234
  
 CHARMM>     
  
 CHARMM>    calc c = ?volume * @factor
 Parameter: FACTOR -> "5"
 RDCMND substituted energy or value "?VOLUME" to "63.259801"
Evaluating: 63.259801*5
 Parameter: C <- "316.299005"
  
 CHARMM>     
  
 CHARMM>    if a .lt. -10 if a .gt. -20 if c .gt. @botarea set botarea = @c
 Parameter: BOTAREA -> "396.273754"
 Parameter: C -> "316.299005"
 Comparing "5.8" and "-10".
 IF test evaluated as false.  Skipping command
  
 CHARMM>    if a .gt.  10 if a .lt.  20 if c .gt. @toparea set toparea = @c
 Parameter: TOPAREA -> "-1"
 Parameter: C -> "316.299005"
 Comparing "5.8" and "10".
 IF test evaluated as false.  Skipping command
  
 CHARMM>     
  
 CHARMM>    write title unit 51
 RDTITL> * 6  316.299005
 RDTITL> *
  
 CHARMM>     
  
 CHARMM>    incr a by @dcel
 Parameter: DCEL -> "0.2"
 Parameter: A <- "6"
  
 CHARMM>    incr b by @dcel
 Parameter: DCEL -> "0.2"
 Parameter: B <- "6.2"
  
 CHARMM>    if b le ?ZMAX goto DOAREA
 RDCMND substituted energy or value "?ZMAX" to "17.1394014"
 Comparing "6.2" and "17.1394014".
 IF test evaluated as true.  Performing command
  
 CHARMM>     
  
 CHARMM>    ! Cross sectional protein area with whole atom.
 CHARMM>    scalar wmain = radius
  
 CHARMM>    scalar wmain mult 2.5   sele resname TIP3 end
 SELRPN>      0 atoms have been selected out of    872
  
 CHARMM>    scalar wmain add  1.529 sele .not. resname TIP3 end
 SELRPN>    872 atoms have been selected out of    872
  
 CHARMM>    scalar wmain mult 0.85  sele .not. resname TIP3 end
 SELRPN>    872 atoms have been selected out of    872
  
 CHARMM>    calc zab = ( @a + @b ) / 2.0
 Parameter: A -> "6"
 Parameter: B -> "6.2"
Evaluating: (6+6.2)/2.0
 Parameter: ZAB <- "6.1"
  
 CHARMM>     
  
 CHARMM>    coor search -
 CHARMM>         xmin @x1  xmax @x2  xgrip @xncel -
 CHARMM>         ymin @y1  ymax @y2  ygrip @yncel -
 CHARMM>         zmin @a   zmax @b   zgrip 5
 Parameter: X1 -> "-17.0826968"
 Parameter: X2 -> "17.0826968"
 Parameter: XNCEL -> "170"
 Parameter: Y1 -> "-21.9894065"
 Parameter: Y2 -> "21.9894065"
 Parameter: YNCEL -> "219"
 Parameter: A -> "6"
 Parameter: B -> "6.2"

 A TOTAL OF   147302   VACUUM POINTS WERE FOUND
 A TOTAL OF    38848 OCCUPIED POINTS WERE FOUND
 A TOTAL OF        0 EXTERNAL POINTS WERE FOUND
 A TOTAL OF   147302 SELECTED POINTS WERE FOUND
 TOTAL OCCUPIED  VOLUME =      62.714152
 TOTAL SELECTED  VOLUME =     237.796540
 TOTAL FREE      VOLUME =     237.796540
 FRACTIONAL FREE VOLUME =      79.130808
  
 CHARMM>     
  
 CHARMM>    calc c = ?volume * @factor
 Parameter: FACTOR -> "5"
 RDCMND substituted energy or value "?VOLUME" to "62.7141517"
Evaluating: 62.7141517*5
 Parameter: C <- "313.570759"
  
 CHARMM>     
  
 CHARMM>    if a .lt. -10 if a .gt. -20 if c .gt. @botarea set botarea = @c
 Parameter: BOTAREA -> "396.273754"
 Parameter: C -> "313.570759"
 Comparing "6" and "-10".
 IF test evaluated as false.  Skipping command
  
 CHARMM>    if a .gt.  10 if a .lt.  20 if c .gt. @toparea set toparea = @c
 Parameter: TOPAREA -> "-1"
 Parameter: C -> "313.570759"
 Comparing "6" and "10".
 IF test evaluated as false.  Skipping command
  
 CHARMM>     
  
 CHARMM>    write title unit 51
 RDTITL> * 6.2  313.570759
 RDTITL> *
  
 CHARMM>     
  
 CHARMM>    incr a by @dcel
 Parameter: DCEL -> "0.2"
 Parameter: A <- "6.2"
  
 CHARMM>    incr b by @dcel
 Parameter: DCEL -> "0.2"
 Parameter: B <- "6.4"
  
 CHARMM>    if b le ?ZMAX goto DOAREA
 RDCMND substituted energy or value "?ZMAX" to "17.1394014"
 Comparing "6.4" and "17.1394014".
 IF test evaluated as true.  Performing command
  
 CHARMM>     
  
 CHARMM>    ! Cross sectional protein area with whole atom.
 CHARMM>    scalar wmain = radius
  
 CHARMM>    scalar wmain mult 2.5   sele resname TIP3 end
 SELRPN>      0 atoms have been selected out of    872
  
 CHARMM>    scalar wmain add  1.529 sele .not. resname TIP3 end
 SELRPN>    872 atoms have been selected out of    872
  
 CHARMM>    scalar wmain mult 0.85  sele .not. resname TIP3 end
 SELRPN>    872 atoms have been selected out of    872
  
 CHARMM>    calc zab = ( @a + @b ) / 2.0
 Parameter: A -> "6.2"
 Parameter: B -> "6.4"
Evaluating: (6.2+6.4)/2.0
 Parameter: ZAB <- "6.3"
  
 CHARMM>     
  
 CHARMM>    coor search -
 CHARMM>         xmin @x1  xmax @x2  xgrip @xncel -
 CHARMM>         ymin @y1  ymax @y2  ygrip @yncel -
 CHARMM>         zmin @a   zmax @b   zgrip 5
 Parameter: X1 -> "-17.0826968"
 Parameter: X2 -> "17.0826968"
 Parameter: XNCEL -> "170"
 Parameter: Y1 -> "-21.9894065"
 Parameter: Y2 -> "21.9894065"
 Parameter: YNCEL -> "219"
 Parameter: A -> "6.2"
 Parameter: B -> "6.4"

 A TOTAL OF   147270   VACUUM POINTS WERE FOUND
 A TOTAL OF    38880 OCCUPIED POINTS WERE FOUND
 A TOTAL OF        0 EXTERNAL POINTS WERE FOUND
 A TOTAL OF   147270 SELECTED POINTS WERE FOUND
 TOTAL OCCUPIED  VOLUME =      62.765811
 TOTAL SELECTED  VOLUME =     237.744880
 TOTAL FREE      VOLUME =     237.744880
 FRACTIONAL FREE VOLUME =      79.113618
  
 CHARMM>     
  
 CHARMM>    calc c = ?volume * @factor
 Parameter: FACTOR -> "5"
 RDCMND substituted energy or value "?VOLUME" to "62.7658108"
Evaluating: 62.7658108*5
 Parameter: C <- "313.829054"
  
 CHARMM>     
  
 CHARMM>    if a .lt. -10 if a .gt. -20 if c .gt. @botarea set botarea = @c
 Parameter: BOTAREA -> "396.273754"
 Parameter: C -> "313.829054"
 Comparing "6.2" and "-10".
 IF test evaluated as false.  Skipping command
  
 CHARMM>    if a .gt.  10 if a .lt.  20 if c .gt. @toparea set toparea = @c
 Parameter: TOPAREA -> "-1"
 Parameter: C -> "313.829054"
 Comparing "6.2" and "10".
 IF test evaluated as false.  Skipping command
  
 CHARMM>     
  
 CHARMM>    write title unit 51
 RDTITL> * 6.4  313.829054
 RDTITL> *
  
 CHARMM>     
  
 CHARMM>    incr a by @dcel
 Parameter: DCEL -> "0.2"
 Parameter: A <- "6.4"
  
 CHARMM>    incr b by @dcel
 Parameter: DCEL -> "0.2"
 Parameter: B <- "6.6"
  
 CHARMM>    if b le ?ZMAX goto DOAREA
 RDCMND substituted energy or value "?ZMAX" to "17.1394014"
 Comparing "6.6" and "17.1394014".
 IF test evaluated as true.  Performing command
  
 CHARMM>     
  
 CHARMM>    ! Cross sectional protein area with whole atom.
 CHARMM>    scalar wmain = radius
  
 CHARMM>    scalar wmain mult 2.5   sele resname TIP3 end
 SELRPN>      0 atoms have been selected out of    872
  
 CHARMM>    scalar wmain add  1.529 sele .not. resname TIP3 end
 SELRPN>    872 atoms have been selected out of    872
  
 CHARMM>    scalar wmain mult 0.85  sele .not. resname TIP3 end
 SELRPN>    872 atoms have been selected out of    872
  
 CHARMM>    calc zab = ( @a + @b ) / 2.0
 Parameter: A -> "6.4"
 Parameter: B -> "6.6"
Evaluating: (6.4+6.6)/2.0
 Parameter: ZAB <- "6.5"
  
 CHARMM>     
  
 CHARMM>    coor search -
 CHARMM>         xmin @x1  xmax @x2  xgrip @xncel -
 CHARMM>         ymin @y1  ymax @y2  ygrip @yncel -
 CHARMM>         zmin @a   zmax @b   zgrip 5
 Parameter: X1 -> "-17.0826968"
 Parameter: X2 -> "17.0826968"
 Parameter: XNCEL -> "170"
 Parameter: Y1 -> "-21.9894065"
 Parameter: Y2 -> "21.9894065"
 Parameter: YNCEL -> "219"
 Parameter: A -> "6.4"
 Parameter: B -> "6.6"

 A TOTAL OF   147342   VACUUM POINTS WERE FOUND
 A TOTAL OF    38808 OCCUPIED POINTS WERE FOUND
 A TOTAL OF        0 EXTERNAL POINTS WERE FOUND
 A TOTAL OF   147342 SELECTED POINTS WERE FOUND
 TOTAL OCCUPIED  VOLUME =      62.649578
 TOTAL SELECTED  VOLUME =     237.861113
 TOTAL FREE      VOLUME =     237.861113
 FRACTIONAL FREE VOLUME =      79.152297
  
 CHARMM>     
  
 CHARMM>    calc c = ?volume * @factor
 Parameter: FACTOR -> "5"
 RDCMND substituted energy or value "?VOLUME" to "62.6495778"
Evaluating: 62.6495778*5
 Parameter: C <- "313.247889"
  
 CHARMM>     
  
 CHARMM>    if a .lt. -10 if a .gt. -20 if c .gt. @botarea set botarea = @c
 Parameter: BOTAREA -> "396.273754"
 Parameter: C -> "313.247889"
 Comparing "6.4" and "-10".
 IF test evaluated as false.  Skipping command
  
 CHARMM>    if a .gt.  10 if a .lt.  20 if c .gt. @toparea set toparea = @c
 Parameter: TOPAREA -> "-1"
 Parameter: C -> "313.247889"
 Comparing "6.4" and "10".
 IF test evaluated as false.  Skipping command
  
 CHARMM>     
  
 CHARMM>    write title unit 51
 RDTITL> * 6.6  313.247889
 RDTITL> *
  
 CHARMM>     
  
 CHARMM>    incr a by @dcel
 Parameter: DCEL -> "0.2"
 Parameter: A <- "6.6"
  
 CHARMM>    incr b by @dcel
 Parameter: DCEL -> "0.2"
 Parameter: B <- "6.8"
  
 CHARMM>    if b le ?ZMAX goto DOAREA
 RDCMND substituted energy or value "?ZMAX" to "17.1394014"
 Comparing "6.8" and "17.1394014".
 IF test evaluated as true.  Performing command
  
 CHARMM>     
  
 CHARMM>    ! Cross sectional protein area with whole atom.
 CHARMM>    scalar wmain = radius
  
 CHARMM>    scalar wmain mult 2.5   sele resname TIP3 end
 SELRPN>      0 atoms have been selected out of    872
  
 CHARMM>    scalar wmain add  1.529 sele .not. resname TIP3 end
 SELRPN>    872 atoms have been selected out of    872
  
 CHARMM>    scalar wmain mult 0.85  sele .not. resname TIP3 end
 SELRPN>    872 atoms have been selected out of    872
  
 CHARMM>    calc zab = ( @a + @b ) / 2.0
 Parameter: A -> "6.6"
 Parameter: B -> "6.8"
Evaluating: (6.6+6.8)/2.0
 Parameter: ZAB <- "6.7"
  
 CHARMM>     
  
 CHARMM>    coor search -
 CHARMM>         xmin @x1  xmax @x2  xgrip @xncel -
 CHARMM>         ymin @y1  ymax @y2  ygrip @yncel -
 CHARMM>         zmin @a   zmax @b   zgrip 5
 Parameter: X1 -> "-17.0826968"
 Parameter: X2 -> "17.0826968"
 Parameter: XNCEL -> "170"
 Parameter: Y1 -> "-21.9894065"
 Parameter: Y2 -> "21.9894065"
 Parameter: YNCEL -> "219"
 Parameter: A -> "6.6"
 Parameter: B -> "6.8"

 A TOTAL OF   147260   VACUUM POINTS WERE FOUND
 A TOTAL OF    38890 OCCUPIED POINTS WERE FOUND
 A TOTAL OF        0 EXTERNAL POINTS WERE FOUND
 A TOTAL OF   147260 SELECTED POINTS WERE FOUND
 TOTAL OCCUPIED  VOLUME =      62.781954
 TOTAL SELECTED  VOLUME =     237.728737
 TOTAL FREE      VOLUME =     237.728737
 FRACTIONAL FREE VOLUME =      79.108246
  
 CHARMM>     
  
 CHARMM>    calc c = ?volume * @factor
 Parameter: FACTOR -> "5"
 RDCMND substituted energy or value "?VOLUME" to "62.7819542"
Evaluating: 62.7819542*5
 Parameter: C <- "313.909771"
  
 CHARMM>     
  
 CHARMM>    if a .lt. -10 if a .gt. -20 if c .gt. @botarea set botarea = @c
 Parameter: BOTAREA -> "396.273754"
 Parameter: C -> "313.909771"
 Comparing "6.6" and "-10".
 IF test evaluated as false.  Skipping command
  
 CHARMM>    if a .gt.  10 if a .lt.  20 if c .gt. @toparea set toparea = @c
 Parameter: TOPAREA -> "-1"
 Parameter: C -> "313.909771"
 Comparing "6.6" and "10".
 IF test evaluated as false.  Skipping command
  
 CHARMM>     
  
 CHARMM>    write title unit 51
 RDTITL> * 6.8  313.909771
 RDTITL> *
  
 CHARMM>     
  
 CHARMM>    incr a by @dcel
 Parameter: DCEL -> "0.2"
 Parameter: A <- "6.8"
  
 CHARMM>    incr b by @dcel
 Parameter: DCEL -> "0.2"
 Parameter: B <- "7"
  
 CHARMM>    if b le ?ZMAX goto DOAREA
 RDCMND substituted energy or value "?ZMAX" to "17.1394014"
 Comparing "7" and "17.1394014".
 IF test evaluated as true.  Performing command
  
 CHARMM>     
  
 CHARMM>    ! Cross sectional protein area with whole atom.
 CHARMM>    scalar wmain = radius
  
 CHARMM>    scalar wmain mult 2.5   sele resname TIP3 end
 SELRPN>      0 atoms have been selected out of    872
  
 CHARMM>    scalar wmain add  1.529 sele .not. resname TIP3 end
 SELRPN>    872 atoms have been selected out of    872
  
 CHARMM>    scalar wmain mult 0.85  sele .not. resname TIP3 end
 SELRPN>    872 atoms have been selected out of    872
  
 CHARMM>    calc zab = ( @a + @b ) / 2.0
 Parameter: A -> "6.8"
 Parameter: B -> "7"
Evaluating: (6.8+7)/2.0
 Parameter: ZAB <- "6.9"
  
 CHARMM>     
  
 CHARMM>    coor search -
 CHARMM>         xmin @x1  xmax @x2  xgrip @xncel -
 CHARMM>         ymin @y1  ymax @y2  ygrip @yncel -
 CHARMM>         zmin @a   zmax @b   zgrip 5
 Parameter: X1 -> "-17.0826968"
 Parameter: X2 -> "17.0826968"
 Parameter: XNCEL -> "170"
 Parameter: Y1 -> "-21.9894065"
 Parameter: Y2 -> "21.9894065"
 Parameter: YNCEL -> "219"
 Parameter: A -> "6.8"
 Parameter: B -> "7"

 A TOTAL OF   146264   VACUUM POINTS WERE FOUND
 A TOTAL OF    39886 OCCUPIED POINTS WERE FOUND
 A TOTAL OF        0 EXTERNAL POINTS WERE FOUND
 A TOTAL OF   146264 SELECTED POINTS WERE FOUND
 TOTAL OCCUPIED  VOLUME =      64.389844
 TOTAL SELECTED  VOLUME =     236.120847
 TOTAL FREE      VOLUME =     236.120847
 FRACTIONAL FREE VOLUME =      78.573194
  
 CHARMM>     
  
 CHARMM>    calc c = ?volume * @factor
 Parameter: FACTOR -> "5"
 RDCMND substituted energy or value "?VOLUME" to "64.3898438"
Evaluating: 64.3898438*5
 Parameter: C <- "321.949219"
  
 CHARMM>     
  
 CHARMM>    if a .lt. -10 if a .gt. -20 if c .gt. @botarea set botarea = @c
 Parameter: BOTAREA -> "396.273754"
 Parameter: C -> "321.949219"
 Comparing "6.8" and "-10".
 IF test evaluated as false.  Skipping command
  
 CHARMM>    if a .gt.  10 if a .lt.  20 if c .gt. @toparea set toparea = @c
 Parameter: TOPAREA -> "-1"
 Parameter: C -> "321.949219"
 Comparing "6.8" and "10".
 IF test evaluated as false.  Skipping command
  
 CHARMM>     
  
 CHARMM>    write title unit 51
 RDTITL> * 7  321.949219
 RDTITL> *
  
 CHARMM>     
  
 CHARMM>    incr a by @dcel
 Parameter: DCEL -> "0.2"
 Parameter: A <- "7"
  
 CHARMM>    incr b by @dcel
 Parameter: DCEL -> "0.2"
 Parameter: B <- "7.2"
  
 CHARMM>    if b le ?ZMAX goto DOAREA
 RDCMND substituted energy or value "?ZMAX" to "17.1394014"
 Comparing "7.2" and "17.1394014".
 IF test evaluated as true.  Performing command
  
 CHARMM>     
  
 CHARMM>    ! Cross sectional protein area with whole atom.
 CHARMM>    scalar wmain = radius
  
 CHARMM>    scalar wmain mult 2.5   sele resname TIP3 end
 SELRPN>      0 atoms have been selected out of    872
  
 CHARMM>    scalar wmain add  1.529 sele .not. resname TIP3 end
 SELRPN>    872 atoms have been selected out of    872
  
 CHARMM>    scalar wmain mult 0.85  sele .not. resname TIP3 end
 SELRPN>    872 atoms have been selected out of    872
  
 CHARMM>    calc zab = ( @a + @b ) / 2.0
 Parameter: A -> "7"
 Parameter: B -> "7.2"
Evaluating: (7+7.2)/2.0
 Parameter: ZAB <- "7.1"
  
 CHARMM>     
  
 CHARMM>    coor search -
 CHARMM>         xmin @x1  xmax @x2  xgrip @xncel -
 CHARMM>         ymin @y1  ymax @y2  ygrip @yncel -
 CHARMM>         zmin @a   zmax @b   zgrip 5
 Parameter: X1 -> "-17.0826968"
 Parameter: X2 -> "17.0826968"
 Parameter: XNCEL -> "170"
 Parameter: Y1 -> "-21.9894065"
 Parameter: Y2 -> "21.9894065"
 Parameter: YNCEL -> "219"
 Parameter: A -> "7"
 Parameter: B -> "7.2"

 A TOTAL OF   145014   VACUUM POINTS WERE FOUND
 A TOTAL OF    41136 OCCUPIED POINTS WERE FOUND
 A TOTAL OF        0 EXTERNAL POINTS WERE FOUND
 A TOTAL OF   145014 SELECTED POINTS WERE FOUND
 TOTAL OCCUPIED  VOLUME =      66.407778
 TOTAL SELECTED  VOLUME =     234.102914
 TOTAL FREE      VOLUME =     234.102914
 FRACTIONAL FREE VOLUME =      77.901692
  
 CHARMM>     
  
 CHARMM>    calc c = ?volume * @factor
 Parameter: FACTOR -> "5"
 RDCMND substituted energy or value "?VOLUME" to "66.4077776"
Evaluating: 66.4077776*5
 Parameter: C <- "332.038888"
  
 CHARMM>     
  
 CHARMM>    if a .lt. -10 if a .gt. -20 if c .gt. @botarea set botarea = @c
 Parameter: BOTAREA -> "396.273754"
 Parameter: C -> "332.038888"
 Comparing "7" and "-10".
 IF test evaluated as false.  Skipping command
  
 CHARMM>    if a .gt.  10 if a .lt.  20 if c .gt. @toparea set toparea = @c
 Parameter: TOPAREA -> "-1"
 Parameter: C -> "332.038888"
 Comparing "7" and "10".
 IF test evaluated as false.  Skipping command
  
 CHARMM>     
  
 CHARMM>    write title unit 51
 RDTITL> * 7.2  332.038888
 RDTITL> *
  
 CHARMM>     
  
 CHARMM>    incr a by @dcel
 Parameter: DCEL -> "0.2"
 Parameter: A <- "7.2"
  
 CHARMM>    incr b by @dcel
 Parameter: DCEL -> "0.2"
 Parameter: B <- "7.4"
  
 CHARMM>    if b le ?ZMAX goto DOAREA
 RDCMND substituted energy or value "?ZMAX" to "17.1394014"
 Comparing "7.4" and "17.1394014".
 IF test evaluated as true.  Performing command
  
 CHARMM>     
  
 CHARMM>    ! Cross sectional protein area with whole atom.
 CHARMM>    scalar wmain = radius
  
 CHARMM>    scalar wmain mult 2.5   sele resname TIP3 end
 SELRPN>      0 atoms have been selected out of    872
  
 CHARMM>    scalar wmain add  1.529 sele .not. resname TIP3 end
 SELRPN>    872 atoms have been selected out of    872
  
 CHARMM>    scalar wmain mult 0.85  sele .not. resname TIP3 end
 SELRPN>    872 atoms have been selected out of    872
  
 CHARMM>    calc zab = ( @a + @b ) / 2.0
 Parameter: A -> "7.2"
 Parameter: B -> "7.4"
Evaluating: (7.2+7.4)/2.0
 Parameter: ZAB <- "7.3"
  
 CHARMM>     
  
 CHARMM>    coor search -
 CHARMM>         xmin @x1  xmax @x2  xgrip @xncel -
 CHARMM>         ymin @y1  ymax @y2  ygrip @yncel -
 CHARMM>         zmin @a   zmax @b   zgrip 5
 Parameter: X1 -> "-17.0826968"
 Parameter: X2 -> "17.0826968"
 Parameter: XNCEL -> "170"
 Parameter: Y1 -> "-21.9894065"
 Parameter: Y2 -> "21.9894065"
 Parameter: YNCEL -> "219"
 Parameter: A -> "7.2"
 Parameter: B -> "7.4"

 A TOTAL OF   143498   VACUUM POINTS WERE FOUND
 A TOTAL OF    42652 OCCUPIED POINTS WERE FOUND
 A TOTAL OF        0 EXTERNAL POINTS WERE FOUND
 A TOTAL OF   143498 SELECTED POINTS WERE FOUND
 TOTAL OCCUPIED  VOLUME =      68.855128
 TOTAL SELECTED  VOLUME =     231.655564
 TOTAL FREE      VOLUME =     231.655564
 FRACTIONAL FREE VOLUME =      77.087295
  
 CHARMM>     
  
 CHARMM>    calc c = ?volume * @factor
 Parameter: FACTOR -> "5"
 RDCMND substituted energy or value "?VOLUME" to "68.8551276"
Evaluating: 68.8551276*5
 Parameter: C <- "344.275638"
  
 CHARMM>     
  
 CHARMM>    if a .lt. -10 if a .gt. -20 if c .gt. @botarea set botarea = @c
 Parameter: BOTAREA -> "396.273754"
 Parameter: C -> "344.275638"
 Comparing "7.2" and "-10".
 IF test evaluated as false.  Skipping command
  
 CHARMM>    if a .gt.  10 if a .lt.  20 if c .gt. @toparea set toparea = @c
 Parameter: TOPAREA -> "-1"
 Parameter: C -> "344.275638"
 Comparing "7.2" and "10".
 IF test evaluated as false.  Skipping command
  
 CHARMM>     
  
 CHARMM>    write title unit 51
 RDTITL> * 7.4  344.275638
 RDTITL> *
  
 CHARMM>     
  
 CHARMM>    incr a by @dcel
 Parameter: DCEL -> "0.2"
 Parameter: A <- "7.4"
  
 CHARMM>    incr b by @dcel
 Parameter: DCEL -> "0.2"
 Parameter: B <- "7.6"
  
 CHARMM>    if b le ?ZMAX goto DOAREA
 RDCMND substituted energy or value "?ZMAX" to "17.1394014"
 Comparing "7.6" and "17.1394014".
 IF test evaluated as true.  Performing command
  
 CHARMM>     
  
 CHARMM>    ! Cross sectional protein area with whole atom.
 CHARMM>    scalar wmain = radius
  
 CHARMM>    scalar wmain mult 2.5   sele resname TIP3 end
 SELRPN>      0 atoms have been selected out of    872
  
 CHARMM>    scalar wmain add  1.529 sele .not. resname TIP3 end
 SELRPN>    872 atoms have been selected out of    872
  
 CHARMM>    scalar wmain mult 0.85  sele .not. resname TIP3 end
 SELRPN>    872 atoms have been selected out of    872
  
 CHARMM>    calc zab = ( @a + @b ) / 2.0
 Parameter: A -> "7.4"
 Parameter: B -> "7.6"
Evaluating: (7.4+7.6)/2.0
 Parameter: ZAB <- "7.5"
  
 CHARMM>     
  
 CHARMM>    coor search -
 CHARMM>         xmin @x1  xmax @x2  xgrip @xncel -
 CHARMM>         ymin @y1  ymax @y2  ygrip @yncel -
 CHARMM>         zmin @a   zmax @b   zgrip 5
 Parameter: X1 -> "-17.0826968"
 Parameter: X2 -> "17.0826968"
 Parameter: XNCEL -> "170"
 Parameter: Y1 -> "-21.9894065"
 Parameter: Y2 -> "21.9894065"
 Parameter: YNCEL -> "219"
 Parameter: A -> "7.4"
 Parameter: B -> "7.6"

 A TOTAL OF   142148   VACUUM POINTS WERE FOUND
 A TOTAL OF    44002 OCCUPIED POINTS WERE FOUND
 A TOTAL OF        0 EXTERNAL POINTS WERE FOUND
 A TOTAL OF   142148 SELECTED POINTS WERE FOUND
 TOTAL OCCUPIED  VOLUME =      71.034496
 TOTAL SELECTED  VOLUME =     229.476195
 TOTAL FREE      VOLUME =     229.476195
 FRACTIONAL FREE VOLUME =      76.362074
  
 CHARMM>     
  
 CHARMM>    calc c = ?volume * @factor
 Parameter: FACTOR -> "5"
 RDCMND substituted energy or value "?VOLUME" to "71.034496"
Evaluating: 71.034496*5
 Parameter: C <- "355.17248"
  
 CHARMM>     
  
 CHARMM>    if a .lt. -10 if a .gt. -20 if c .gt. @botarea set botarea = @c
 Parameter: BOTAREA -> "396.273754"
 Parameter: C -> "355.17248"
 Comparing "7.4" and "-10".
 IF test evaluated as false.  Skipping command
  
 CHARMM>    if a .gt.  10 if a .lt.  20 if c .gt. @toparea set toparea = @c
 Parameter: TOPAREA -> "-1"
 Parameter: C -> "355.17248"
 Comparing "7.4" and "10".
 IF test evaluated as false.  Skipping command
  
 CHARMM>     
  
 CHARMM>    write title unit 51
 RDTITL> * 7.6  355.17248
 RDTITL> *
  
 CHARMM>     
  
 CHARMM>    incr a by @dcel
 Parameter: DCEL -> "0.2"
 Parameter: A <- "7.6"
  
 CHARMM>    incr b by @dcel
 Parameter: DCEL -> "0.2"
 Parameter: B <- "7.8"
  
 CHARMM>    if b le ?ZMAX goto DOAREA
 RDCMND substituted energy or value "?ZMAX" to "17.1394014"
 Comparing "7.8" and "17.1394014".
 IF test evaluated as true.  Performing command
  
 CHARMM>     
  
 CHARMM>    ! Cross sectional protein area with whole atom.
 CHARMM>    scalar wmain = radius
  
 CHARMM>    scalar wmain mult 2.5   sele resname TIP3 end
 SELRPN>      0 atoms have been selected out of    872
  
 CHARMM>    scalar wmain add  1.529 sele .not. resname TIP3 end
 SELRPN>    872 atoms have been selected out of    872
  
 CHARMM>    scalar wmain mult 0.85  sele .not. resname TIP3 end
 SELRPN>    872 atoms have been selected out of    872
  
 CHARMM>    calc zab = ( @a + @b ) / 2.0
 Parameter: A -> "7.6"
 Parameter: B -> "7.8"
Evaluating: (7.6+7.8)/2.0
 Parameter: ZAB <- "7.7"
  
 CHARMM>     
  
 CHARMM>    coor search -
 CHARMM>         xmin @x1  xmax @x2  xgrip @xncel -
 CHARMM>         ymin @y1  ymax @y2  ygrip @yncel -
 CHARMM>         zmin @a   zmax @b   zgrip 5
 Parameter: X1 -> "-17.0826968"
 Parameter: X2 -> "17.0826968"
 Parameter: XNCEL -> "170"
 Parameter: Y1 -> "-21.9894065"
 Parameter: Y2 -> "21.9894065"
 Parameter: YNCEL -> "219"
 Parameter: A -> "7.6"
 Parameter: B -> "7.8"

 A TOTAL OF   140766   VACUUM POINTS WERE FOUND
 A TOTAL OF    45384 OCCUPIED POINTS WERE FOUND
 A TOTAL OF        0 EXTERNAL POINTS WERE FOUND
 A TOTAL OF   140766 SELECTED POINTS WERE FOUND
 TOTAL OCCUPIED  VOLUME =      73.265524
 TOTAL SELECTED  VOLUME =     227.245168
 TOTAL FREE      VOLUME =     227.245168
 FRACTIONAL FREE VOLUME =      75.619662
  
 CHARMM>     
  
 CHARMM>    calc c = ?volume * @factor
 Parameter: FACTOR -> "5"
 RDCMND substituted energy or value "?VOLUME" to "73.2655236"
Evaluating: 73.2655236*5
 Parameter: C <- "366.327618"
  
 CHARMM>     
  
 CHARMM>    if a .lt. -10 if a .gt. -20 if c .gt. @botarea set botarea = @c
 Parameter: BOTAREA -> "396.273754"
 Parameter: C -> "366.327618"
 Comparing "7.6" and "-10".
 IF test evaluated as false.  Skipping command
  
 CHARMM>    if a .gt.  10 if a .lt.  20 if c .gt. @toparea set toparea = @c
 Parameter: TOPAREA -> "-1"
 Parameter: C -> "366.327618"
 Comparing "7.6" and "10".
 IF test evaluated as false.  Skipping command
  
 CHARMM>     
  
 CHARMM>    write title unit 51
 RDTITL> * 7.8  366.327618
 RDTITL> *
  
 CHARMM>     
  
 CHARMM>    incr a by @dcel
 Parameter: DCEL -> "0.2"
 Parameter: A <- "7.8"
  
 CHARMM>    incr b by @dcel
 Parameter: DCEL -> "0.2"
 Parameter: B <- "8"
  
 CHARMM>    if b le ?ZMAX goto DOAREA
 RDCMND substituted energy or value "?ZMAX" to "17.1394014"
 Comparing "8" and "17.1394014".
 IF test evaluated as true.  Performing command
  
 CHARMM>     
  
 CHARMM>    ! Cross sectional protein area with whole atom.
 CHARMM>    scalar wmain = radius
  
 CHARMM>    scalar wmain mult 2.5   sele resname TIP3 end
 SELRPN>      0 atoms have been selected out of    872
  
 CHARMM>    scalar wmain add  1.529 sele .not. resname TIP3 end
 SELRPN>    872 atoms have been selected out of    872
  
 CHARMM>    scalar wmain mult 0.85  sele .not. resname TIP3 end
 SELRPN>    872 atoms have been selected out of    872
  
 CHARMM>    calc zab = ( @a + @b ) / 2.0
 Parameter: A -> "7.8"
 Parameter: B -> "8"
Evaluating: (7.8+8)/2.0
 Parameter: ZAB <- "7.9"
  
 CHARMM>     
  
 CHARMM>    coor search -
 CHARMM>         xmin @x1  xmax @x2  xgrip @xncel -
 CHARMM>         ymin @y1  ymax @y2  ygrip @yncel -
 CHARMM>         zmin @a   zmax @b   zgrip 5
 Parameter: X1 -> "-17.0826968"
 Parameter: X2 -> "17.0826968"
 Parameter: XNCEL -> "170"
 Parameter: Y1 -> "-21.9894065"
 Parameter: Y2 -> "21.9894065"
 Parameter: YNCEL -> "219"
 Parameter: A -> "7.8"
 Parameter: B -> "8"

 A TOTAL OF   139616   VACUUM POINTS WERE FOUND
 A TOTAL OF    46534 OCCUPIED POINTS WERE FOUND
 A TOTAL OF        0 EXTERNAL POINTS WERE FOUND
 A TOTAL OF   139616 SELECTED POINTS WERE FOUND
 TOTAL OCCUPIED  VOLUME =      75.122023
 TOTAL SELECTED  VOLUME =     225.388669
 TOTAL FREE      VOLUME =     225.388669
 FRACTIONAL FREE VOLUME =      75.001880
  
 CHARMM>     
  
 CHARMM>    calc c = ?volume * @factor
 Parameter: FACTOR -> "5"
 RDCMND substituted energy or value "?VOLUME" to "75.1220226"
Evaluating: 75.1220226*5
 Parameter: C <- "375.610113"
  
 CHARMM>     
  
 CHARMM>    if a .lt. -10 if a .gt. -20 if c .gt. @botarea set botarea = @c
 Parameter: BOTAREA -> "396.273754"
 Parameter: C -> "375.610113"
 Comparing "7.8" and "-10".
 IF test evaluated as false.  Skipping command
  
 CHARMM>    if a .gt.  10 if a .lt.  20 if c .gt. @toparea set toparea = @c
 Parameter: TOPAREA -> "-1"
 Parameter: C -> "375.610113"
 Comparing "7.8" and "10".
 IF test evaluated as false.  Skipping command
  
 CHARMM>     
  
 CHARMM>    write title unit 51
 RDTITL> * 8  375.610113
 RDTITL> *
  
 CHARMM>     
  
 CHARMM>    incr a by @dcel
 Parameter: DCEL -> "0.2"
 Parameter: A <- "8"
  
 CHARMM>    incr b by @dcel
 Parameter: DCEL -> "0.2"
 Parameter: B <- "8.2"
  
 CHARMM>    if b le ?ZMAX goto DOAREA
 RDCMND substituted energy or value "?ZMAX" to "17.1394014"
 Comparing "8.2" and "17.1394014".
 IF test evaluated as true.  Performing command
  
 CHARMM>     
  
 CHARMM>    ! Cross sectional protein area with whole atom.
 CHARMM>    scalar wmain = radius
  
 CHARMM>    scalar wmain mult 2.5   sele resname TIP3 end
 SELRPN>      0 atoms have been selected out of    872
  
 CHARMM>    scalar wmain add  1.529 sele .not. resname TIP3 end
 SELRPN>    872 atoms have been selected out of    872
  
 CHARMM>    scalar wmain mult 0.85  sele .not. resname TIP3 end
 SELRPN>    872 atoms have been selected out of    872
  
 CHARMM>    calc zab = ( @a + @b ) / 2.0
 Parameter: A -> "8"
 Parameter: B -> "8.2"
Evaluating: (8+8.2)/2.0
 Parameter: ZAB <- "8.1"
  
 CHARMM>     
  
 CHARMM>    coor search -
 CHARMM>         xmin @x1  xmax @x2  xgrip @xncel -
 CHARMM>         ymin @y1  ymax @y2  ygrip @yncel -
 CHARMM>         zmin @a   zmax @b   zgrip 5
 Parameter: X1 -> "-17.0826968"
 Parameter: X2 -> "17.0826968"
 Parameter: XNCEL -> "170"
 Parameter: Y1 -> "-21.9894065"
 Parameter: Y2 -> "21.9894065"
 Parameter: YNCEL -> "219"
 Parameter: A -> "8"
 Parameter: B -> "8.2"

 A TOTAL OF   138860   VACUUM POINTS WERE FOUND
 A TOTAL OF    47290 OCCUPIED POINTS WERE FOUND
 A TOTAL OF        0 EXTERNAL POINTS WERE FOUND
 A TOTAL OF   138860 SELECTED POINTS WERE FOUND
 TOTAL OCCUPIED  VOLUME =      76.342469
 TOTAL SELECTED  VOLUME =     224.168222
 TOTAL FREE      VOLUME =     224.168222
 FRACTIONAL FREE VOLUME =      74.595756
  
 CHARMM>     
  
 CHARMM>    calc c = ?volume * @factor
 Parameter: FACTOR -> "5"
 RDCMND substituted energy or value "?VOLUME" to "76.3424689"
Evaluating: 76.3424689*5
 Parameter: C <- "381.712344"
  
 CHARMM>     
  
 CHARMM>    if a .lt. -10 if a .gt. -20 if c .gt. @botarea set botarea = @c
 Parameter: BOTAREA -> "396.273754"
 Parameter: C -> "381.712344"
 Comparing "8" and "-10".
 IF test evaluated as false.  Skipping command
  
 CHARMM>    if a .gt.  10 if a .lt.  20 if c .gt. @toparea set toparea = @c
 Parameter: TOPAREA -> "-1"
 Parameter: C -> "381.712344"
 Comparing "8" and "10".
 IF test evaluated as false.  Skipping command
  
 CHARMM>     
  
 CHARMM>    write title unit 51
 RDTITL> * 8.2  381.712344
 RDTITL> *
  
 CHARMM>     
  
 CHARMM>    incr a by @dcel
 Parameter: DCEL -> "0.2"
 Parameter: A <- "8.2"
  
 CHARMM>    incr b by @dcel
 Parameter: DCEL -> "0.2"
 Parameter: B <- "8.4"
  
 CHARMM>    if b le ?ZMAX goto DOAREA
 RDCMND substituted energy or value "?ZMAX" to "17.1394014"
 Comparing "8.4" and "17.1394014".
 IF test evaluated as true.  Performing command
  
 CHARMM>     
  
 CHARMM>    ! Cross sectional protein area with whole atom.
 CHARMM>    scalar wmain = radius
  
 CHARMM>    scalar wmain mult 2.5   sele resname TIP3 end
 SELRPN>      0 atoms have been selected out of    872
  
 CHARMM>    scalar wmain add  1.529 sele .not. resname TIP3 end
 SELRPN>    872 atoms have been selected out of    872
  
 CHARMM>    scalar wmain mult 0.85  sele .not. resname TIP3 end
 SELRPN>    872 atoms have been selected out of    872
  
 CHARMM>    calc zab = ( @a + @b ) / 2.0
 Parameter: A -> "8.2"
 Parameter: B -> "8.4"
Evaluating: (8.2+8.4)/2.0
 Parameter: ZAB <- "8.3"
  
 CHARMM>     
  
 CHARMM>    coor search -
 CHARMM>         xmin @x1  xmax @x2  xgrip @xncel -
 CHARMM>         ymin @y1  ymax @y2  ygrip @yncel -
 CHARMM>         zmin @a   zmax @b   zgrip 5
 Parameter: X1 -> "-17.0826968"
 Parameter: X2 -> "17.0826968"
 Parameter: XNCEL -> "170"
 Parameter: Y1 -> "-21.9894065"
 Parameter: Y2 -> "21.9894065"
 Parameter: YNCEL -> "219"
 Parameter: A -> "8.2"
 Parameter: B -> "8.4"

 A TOTAL OF   138112   VACUUM POINTS WERE FOUND
 A TOTAL OF    48038 OCCUPIED POINTS WERE FOUND
 A TOTAL OF        0 EXTERNAL POINTS WERE FOUND
 A TOTAL OF   138112 SELECTED POINTS WERE FOUND
 TOTAL OCCUPIED  VOLUME =      77.550000
 TOTAL SELECTED  VOLUME =     222.960691
 TOTAL FREE      VOLUME =     222.960691
 FRACTIONAL FREE VOLUME =      74.193930
  
 CHARMM>     
  
 CHARMM>    calc c = ?volume * @factor
 Parameter: FACTOR -> "5"
 RDCMND substituted energy or value "?VOLUME" to "77.5500005"
Evaluating: 77.5500005*5
 Parameter: C <- "387.750002"
  
 CHARMM>     
  
 CHARMM>    if a .lt. -10 if a .gt. -20 if c .gt. @botarea set botarea = @c
 Parameter: BOTAREA -> "396.273754"
 Parameter: C -> "387.750002"
 Comparing "8.2" and "-10".
 IF test evaluated as false.  Skipping command
  
 CHARMM>    if a .gt.  10 if a .lt.  20 if c .gt. @toparea set toparea = @c
 Parameter: TOPAREA -> "-1"
 Parameter: C -> "387.750002"
 Comparing "8.2" and "10".
 IF test evaluated as false.  Skipping command
  
 CHARMM>     
  
 CHARMM>    write title unit 51
 RDTITL> * 8.4  387.750002
 RDTITL> *
  
 CHARMM>     
  
 CHARMM>    incr a by @dcel
 Parameter: DCEL -> "0.2"
 Parameter: A <- "8.4"
  
 CHARMM>    incr b by @dcel
 Parameter: DCEL -> "0.2"
 Parameter: B <- "8.6"
  
 CHARMM>    if b le ?ZMAX goto DOAREA
 RDCMND substituted energy or value "?ZMAX" to "17.1394014"
 Comparing "8.6" and "17.1394014".
 IF test evaluated as true.  Performing command
  
 CHARMM>     
  
 CHARMM>    ! Cross sectional protein area with whole atom.
 CHARMM>    scalar wmain = radius
  
 CHARMM>    scalar wmain mult 2.5   sele resname TIP3 end
 SELRPN>      0 atoms have been selected out of    872
  
 CHARMM>    scalar wmain add  1.529 sele .not. resname TIP3 end
 SELRPN>    872 atoms have been selected out of    872
  
 CHARMM>    scalar wmain mult 0.85  sele .not. resname TIP3 end
 SELRPN>    872 atoms have been selected out of    872
  
 CHARMM>    calc zab = ( @a + @b ) / 2.0
 Parameter: A -> "8.4"
 Parameter: B -> "8.6"
Evaluating: (8.4+8.6)/2.0
 Parameter: ZAB <- "8.5"
  
 CHARMM>     
  
 CHARMM>    coor search -
 CHARMM>         xmin @x1  xmax @x2  xgrip @xncel -
 CHARMM>         ymin @y1  ymax @y2  ygrip @yncel -
 CHARMM>         zmin @a   zmax @b   zgrip 5
 Parameter: X1 -> "-17.0826968"
 Parameter: X2 -> "17.0826968"
 Parameter: XNCEL -> "170"
 Parameter: Y1 -> "-21.9894065"
 Parameter: Y2 -> "21.9894065"
 Parameter: YNCEL -> "219"
 Parameter: A -> "8.4"
 Parameter: B -> "8.6"

 A TOTAL OF   137368   VACUUM POINTS WERE FOUND
 A TOTAL OF    48782 OCCUPIED POINTS WERE FOUND
 A TOTAL OF        0 EXTERNAL POINTS WERE FOUND
 A TOTAL OF   137368 SELECTED POINTS WERE FOUND
 TOTAL OCCUPIED  VOLUME =      78.751075
 TOTAL SELECTED  VOLUME =     221.759617
 TOTAL FREE      VOLUME =     221.759617
 FRACTIONAL FREE VOLUME =      73.794252
  
 CHARMM>     
  
 CHARMM>    calc c = ?volume * @factor
 Parameter: FACTOR -> "5"
 RDCMND substituted energy or value "?VOLUME" to "78.7510746"
Evaluating: 78.7510746*5
 Parameter: C <- "393.755373"
  
 CHARMM>     
  
 CHARMM>    if a .lt. -10 if a .gt. -20 if c .gt. @botarea set botarea = @c
 Parameter: BOTAREA -> "396.273754"
 Parameter: C -> "393.755373"
 Comparing "8.4" and "-10".
 IF test evaluated as false.  Skipping command
  
 CHARMM>    if a .gt.  10 if a .lt.  20 if c .gt. @toparea set toparea = @c
 Parameter: TOPAREA -> "-1"
 Parameter: C -> "393.755373"
 Comparing "8.4" and "10".
 IF test evaluated as false.  Skipping command
  
 CHARMM>     
  
 CHARMM>    write title unit 51
 RDTITL> * 8.6  393.755373
 RDTITL> *
  
 CHARMM>     
  
 CHARMM>    incr a by @dcel
 Parameter: DCEL -> "0.2"
 Parameter: A <- "8.6"
  
 CHARMM>    incr b by @dcel
 Parameter: DCEL -> "0.2"
 Parameter: B <- "8.8"
  
 CHARMM>    if b le ?ZMAX goto DOAREA
 RDCMND substituted energy or value "?ZMAX" to "17.1394014"
 Comparing "8.8" and "17.1394014".
 IF test evaluated as true.  Performing command
  
 CHARMM>     
  
 CHARMM>    ! Cross sectional protein area with whole atom.
 CHARMM>    scalar wmain = radius
  
 CHARMM>    scalar wmain mult 2.5   sele resname TIP3 end
 SELRPN>      0 atoms have been selected out of    872
  
 CHARMM>    scalar wmain add  1.529 sele .not. resname TIP3 end
 SELRPN>    872 atoms have been selected out of    872
  
 CHARMM>    scalar wmain mult 0.85  sele .not. resname TIP3 end
 SELRPN>    872 atoms have been selected out of    872
  
 CHARMM>    calc zab = ( @a + @b ) / 2.0
 Parameter: A -> "8.6"
 Parameter: B -> "8.8"
Evaluating: (8.6+8.8)/2.0
 Parameter: ZAB <- "8.7"
  
 CHARMM>     
  
 CHARMM>    coor search -
 CHARMM>         xmin @x1  xmax @x2  xgrip @xncel -
 CHARMM>         ymin @y1  ymax @y2  ygrip @yncel -
 CHARMM>         zmin @a   zmax @b   zgrip 5
 Parameter: X1 -> "-17.0826968"
 Parameter: X2 -> "17.0826968"
 Parameter: XNCEL -> "170"
 Parameter: Y1 -> "-21.9894065"
 Parameter: Y2 -> "21.9894065"
 Parameter: YNCEL -> "219"
 Parameter: A -> "8.6"
 Parameter: B -> "8.8"

 A TOTAL OF   136666   VACUUM POINTS WERE FOUND
 A TOTAL OF    49484 OCCUPIED POINTS WERE FOUND
 A TOTAL OF        0 EXTERNAL POINTS WERE FOUND
 A TOTAL OF   136666 SELECTED POINTS WERE FOUND
 TOTAL OCCUPIED  VOLUME =      79.884346
 TOTAL SELECTED  VOLUME =     220.626345
 TOTAL FREE      VOLUME =     220.626345
 FRACTIONAL FREE VOLUME =      73.417137
  
 CHARMM>     
  
 CHARMM>    calc c = ?volume * @factor
 Parameter: FACTOR -> "5"
 RDCMND substituted energy or value "?VOLUME" to "79.8843462"
Evaluating: 79.8843462*5
 Parameter: C <- "399.421731"
  
 CHARMM>     
  
 CHARMM>    if a .lt. -10 if a .gt. -20 if c .gt. @botarea set botarea = @c
 Parameter: BOTAREA -> "396.273754"
 Parameter: C -> "399.421731"
 Comparing "8.6" and "-10".
 IF test evaluated as false.  Skipping command
  
 CHARMM>    if a .gt.  10 if a .lt.  20 if c .gt. @toparea set toparea = @c
 Parameter: TOPAREA -> "-1"
 Parameter: C -> "399.421731"
 Comparing "8.6" and "10".
 IF test evaluated as false.  Skipping command
  
 CHARMM>     
  
 CHARMM>    write title unit 51
 RDTITL> * 8.8  399.421731
 RDTITL> *
  
 CHARMM>     
  
 CHARMM>    incr a by @dcel
 Parameter: DCEL -> "0.2"
 Parameter: A <- "8.8"
  
 CHARMM>    incr b by @dcel
 Parameter: DCEL -> "0.2"
 Parameter: B <- "9"
  
 CHARMM>    if b le ?ZMAX goto DOAREA
 RDCMND substituted energy or value "?ZMAX" to "17.1394014"
 Comparing "9" and "17.1394014".
 IF test evaluated as true.  Performing command
  
 CHARMM>     
  
 CHARMM>    ! Cross sectional protein area with whole atom.
 CHARMM>    scalar wmain = radius
  
 CHARMM>    scalar wmain mult 2.5   sele resname TIP3 end
 SELRPN>      0 atoms have been selected out of    872
  
 CHARMM>    scalar wmain add  1.529 sele .not. resname TIP3 end
 SELRPN>    872 atoms have been selected out of    872
  
 CHARMM>    scalar wmain mult 0.85  sele .not. resname TIP3 end
 SELRPN>    872 atoms have been selected out of    872
  
 CHARMM>    calc zab = ( @a + @b ) / 2.0
 Parameter: A -> "8.8"
 Parameter: B -> "9"
Evaluating: (8.8+9)/2.0
 Parameter: ZAB <- "8.9"
  
 CHARMM>     
  
 CHARMM>    coor search -
 CHARMM>         xmin @x1  xmax @x2  xgrip @xncel -
 CHARMM>         ymin @y1  ymax @y2  ygrip @yncel -
 CHARMM>         zmin @a   zmax @b   zgrip 5
 Parameter: X1 -> "-17.0826968"
 Parameter: X2 -> "17.0826968"
 Parameter: XNCEL -> "170"
 Parameter: Y1 -> "-21.9894065"
 Parameter: Y2 -> "21.9894065"
 Parameter: YNCEL -> "219"
 Parameter: A -> "8.8"
 Parameter: B -> "9"

 A TOTAL OF   136048   VACUUM POINTS WERE FOUND
 A TOTAL OF    50102 OCCUPIED POINTS WERE FOUND
 A TOTAL OF        0 EXTERNAL POINTS WERE FOUND
 A TOTAL OF   136048 SELECTED POINTS WERE FOUND
 TOTAL OCCUPIED  VOLUME =      80.882013
 TOTAL SELECTED  VOLUME =     219.628679
 TOTAL FREE      VOLUME =     219.628679
 FRACTIONAL FREE VOLUME =      73.085146
  
 CHARMM>     
  
 CHARMM>    calc c = ?volume * @factor
 Parameter: FACTOR -> "5"
 RDCMND substituted energy or value "?VOLUME" to "80.8820126"
Evaluating: 80.8820126*5
 Parameter: C <- "404.410063"
  
 CHARMM>     
  
 CHARMM>    if a .lt. -10 if a .gt. -20 if c .gt. @botarea set botarea = @c
 Parameter: BOTAREA -> "396.273754"
 Parameter: C -> "404.410063"
 Comparing "8.8" and "-10".
 IF test evaluated as false.  Skipping command
  
 CHARMM>    if a .gt.  10 if a .lt.  20 if c .gt. @toparea set toparea = @c
 Parameter: TOPAREA -> "-1"
 Parameter: C -> "404.410063"
 Comparing "8.8" and "10".
 IF test evaluated as false.  Skipping command
  
 CHARMM>     
  
 CHARMM>    write title unit 51
 RDTITL> * 9  404.410063
 RDTITL> *
  
 CHARMM>     
  
 CHARMM>    incr a by @dcel
 Parameter: DCEL -> "0.2"
 Parameter: A <- "9"
  
 CHARMM>    incr b by @dcel
 Parameter: DCEL -> "0.2"
 Parameter: B <- "9.2"
  
 CHARMM>    if b le ?ZMAX goto DOAREA
 RDCMND substituted energy or value "?ZMAX" to "17.1394014"
 Comparing "9.2" and "17.1394014".
 IF test evaluated as true.  Performing command
  
 CHARMM>     
  
 CHARMM>    ! Cross sectional protein area with whole atom.
 CHARMM>    scalar wmain = radius
  
 CHARMM>    scalar wmain mult 2.5   sele resname TIP3 end
 SELRPN>      0 atoms have been selected out of    872
  
 CHARMM>    scalar wmain add  1.529 sele .not. resname TIP3 end
 SELRPN>    872 atoms have been selected out of    872
  
 CHARMM>    scalar wmain mult 0.85  sele .not. resname TIP3 end
 SELRPN>    872 atoms have been selected out of    872
  
 CHARMM>    calc zab = ( @a + @b ) / 2.0
 Parameter: A -> "9"
 Parameter: B -> "9.2"
Evaluating: (9+9.2)/2.0
 Parameter: ZAB <- "9.1"
  
 CHARMM>     
  
 CHARMM>    coor search -
 CHARMM>         xmin @x1  xmax @x2  xgrip @xncel -
 CHARMM>         ymin @y1  ymax @y2  ygrip @yncel -
 CHARMM>         zmin @a   zmax @b   zgrip 5
 Parameter: X1 -> "-17.0826968"
 Parameter: X2 -> "17.0826968"
 Parameter: XNCEL -> "170"
 Parameter: Y1 -> "-21.9894065"
 Parameter: Y2 -> "21.9894065"
 Parameter: YNCEL -> "219"
 Parameter: A -> "9"
 Parameter: B -> "9.2"

 A TOTAL OF   135456   VACUUM POINTS WERE FOUND
 A TOTAL OF    50694 OCCUPIED POINTS WERE FOUND
 A TOTAL OF        0 EXTERNAL POINTS WERE FOUND
 A TOTAL OF   135456 SELECTED POINTS WERE FOUND
 TOTAL OCCUPIED  VOLUME =      81.837706
 TOTAL SELECTED  VOLUME =     218.672985
 TOTAL FREE      VOLUME =     218.672985
 FRACTIONAL FREE VOLUME =      72.767123
  
 CHARMM>     
  
 CHARMM>    calc c = ?volume * @factor
 Parameter: FACTOR -> "5"
 RDCMND substituted energy or value "?VOLUME" to "81.8377061"
Evaluating: 81.8377061*5
 Parameter: C <- "409.188531"
  
 CHARMM>     
  
 CHARMM>    if a .lt. -10 if a .gt. -20 if c .gt. @botarea set botarea = @c
 Parameter: BOTAREA -> "396.273754"
 Parameter: C -> "409.188531"
 Comparing "9" and "-10".
 IF test evaluated as false.  Skipping command
  
 CHARMM>    if a .gt.  10 if a .lt.  20 if c .gt. @toparea set toparea = @c
 Parameter: TOPAREA -> "-1"
 Parameter: C -> "409.188531"
 Comparing "9" and "10".
 IF test evaluated as false.  Skipping command
  
 CHARMM>     
  
 CHARMM>    write title unit 51
 RDTITL> * 9.2  409.188531
 RDTITL> *
  
 CHARMM>     
  
 CHARMM>    incr a by @dcel
 Parameter: DCEL -> "0.2"
 Parameter: A <- "9.2"
  
 CHARMM>    incr b by @dcel
 Parameter: DCEL -> "0.2"
 Parameter: B <- "9.4"
  
 CHARMM>    if b le ?ZMAX goto DOAREA
 RDCMND substituted energy or value "?ZMAX" to "17.1394014"
 Comparing "9.4" and "17.1394014".
 IF test evaluated as true.  Performing command
  
 CHARMM>     
  
 CHARMM>    ! Cross sectional protein area with whole atom.
 CHARMM>    scalar wmain = radius
  
 CHARMM>    scalar wmain mult 2.5   sele resname TIP3 end
 SELRPN>      0 atoms have been selected out of    872
  
 CHARMM>    scalar wmain add  1.529 sele .not. resname TIP3 end
 SELRPN>    872 atoms have been selected out of    872
  
 CHARMM>    scalar wmain mult 0.85  sele .not. resname TIP3 end
 SELRPN>    872 atoms have been selected out of    872
  
 CHARMM>    calc zab = ( @a + @b ) / 2.0
 Parameter: A -> "9.2"
 Parameter: B -> "9.4"
Evaluating: (9.2+9.4)/2.0
 Parameter: ZAB <- "9.3"
  
 CHARMM>     
  
 CHARMM>    coor search -
 CHARMM>         xmin @x1  xmax @x2  xgrip @xncel -
 CHARMM>         ymin @y1  ymax @y2  ygrip @yncel -
 CHARMM>         zmin @a   zmax @b   zgrip 5
 Parameter: X1 -> "-17.0826968"
 Parameter: X2 -> "17.0826968"
 Parameter: XNCEL -> "170"
 Parameter: Y1 -> "-21.9894065"
 Parameter: Y2 -> "21.9894065"
 Parameter: YNCEL -> "219"
 Parameter: A -> "9.2"
 Parameter: B -> "9.4"

 A TOTAL OF   134706   VACUUM POINTS WERE FOUND
 A TOTAL OF    51444 OCCUPIED POINTS WERE FOUND
 A TOTAL OF        0 EXTERNAL POINTS WERE FOUND
 A TOTAL OF   134706 SELECTED POINTS WERE FOUND
 TOTAL OCCUPIED  VOLUME =      83.048466
 TOTAL SELECTED  VOLUME =     217.462225
 TOTAL FREE      VOLUME =     217.462225
 FRACTIONAL FREE VOLUME =      72.364222
  
 CHARMM>     
  
 CHARMM>    calc c = ?volume * @factor
 Parameter: FACTOR -> "5"
 RDCMND substituted energy or value "?VOLUME" to "83.0484663"
Evaluating: 83.0484663*5
 Parameter: C <- "415.242331"
  
 CHARMM>     
  
 CHARMM>    if a .lt. -10 if a .gt. -20 if c .gt. @botarea set botarea = @c
 Parameter: BOTAREA -> "396.273754"
 Parameter: C -> "415.242331"
 Comparing "9.2" and "-10".
 IF test evaluated as false.  Skipping command
  
 CHARMM>    if a .gt.  10 if a .lt.  20 if c .gt. @toparea set toparea = @c
 Parameter: TOPAREA -> "-1"
 Parameter: C -> "415.242331"
 Comparing "9.2" and "10".
 IF test evaluated as false.  Skipping command
  
 CHARMM>     
  
 CHARMM>    write title unit 51
 RDTITL> * 9.4  415.242331
 RDTITL> *
  
 CHARMM>     
  
 CHARMM>    incr a by @dcel
 Parameter: DCEL -> "0.2"
 Parameter: A <- "9.4"
  
 CHARMM>    incr b by @dcel
 Parameter: DCEL -> "0.2"
 Parameter: B <- "9.6"
  
 CHARMM>    if b le ?ZMAX goto DOAREA
 RDCMND substituted energy or value "?ZMAX" to "17.1394014"
 Comparing "9.6" and "17.1394014".
 IF test evaluated as true.  Performing command
  
 CHARMM>     
  
 CHARMM>    ! Cross sectional protein area with whole atom.
 CHARMM>    scalar wmain = radius
  
 CHARMM>    scalar wmain mult 2.5   sele resname TIP3 end
 SELRPN>      0 atoms have been selected out of    872
  
 CHARMM>    scalar wmain add  1.529 sele .not. resname TIP3 end
 SELRPN>    872 atoms have been selected out of    872
  
 CHARMM>    scalar wmain mult 0.85  sele .not. resname TIP3 end
 SELRPN>    872 atoms have been selected out of    872
  
 CHARMM>    calc zab = ( @a + @b ) / 2.0
 Parameter: A -> "9.4"
 Parameter: B -> "9.6"
Evaluating: (9.4+9.6)/2.0
 Parameter: ZAB <- "9.5"
  
 CHARMM>     
  
 CHARMM>    coor search -
 CHARMM>         xmin @x1  xmax @x2  xgrip @xncel -
 CHARMM>         ymin @y1  ymax @y2  ygrip @yncel -
 CHARMM>         zmin @a   zmax @b   zgrip 5
 Parameter: X1 -> "-17.0826968"
 Parameter: X2 -> "17.0826968"
 Parameter: XNCEL -> "170"
 Parameter: Y1 -> "-21.9894065"
 Parameter: Y2 -> "21.9894065"
 Parameter: YNCEL -> "219"
 Parameter: A -> "9.4"
 Parameter: B -> "9.6"

 A TOTAL OF   134168   VACUUM POINTS WERE FOUND
 A TOTAL OF    51982 OCCUPIED POINTS WERE FOUND
 A TOTAL OF        0 EXTERNAL POINTS WERE FOUND
 A TOTAL OF   134168 SELECTED POINTS WERE FOUND
 TOTAL OCCUPIED  VOLUME =      83.916985
 TOTAL SELECTED  VOLUME =     216.593706
 TOTAL FREE      VOLUME =     216.593706
 FRACTIONAL FREE VOLUME =      72.075208
  
 CHARMM>     
  
 CHARMM>    calc c = ?volume * @factor
 Parameter: FACTOR -> "5"
 RDCMND substituted energy or value "?VOLUME" to "83.916985"
Evaluating: 83.916985*5
 Parameter: C <- "419.584925"
  
 CHARMM>     
  
 CHARMM>    if a .lt. -10 if a .gt. -20 if c .gt. @botarea set botarea = @c
 Parameter: BOTAREA -> "396.273754"
 Parameter: C -> "419.584925"
 Comparing "9.4" and "-10".
 IF test evaluated as false.  Skipping command
  
 CHARMM>    if a .gt.  10 if a .lt.  20 if c .gt. @toparea set toparea = @c
 Parameter: TOPAREA -> "-1"
 Parameter: C -> "419.584925"
 Comparing "9.4" and "10".
 IF test evaluated as false.  Skipping command
  
 CHARMM>     
  
 CHARMM>    write title unit 51
 RDTITL> * 9.6  419.584925
 RDTITL> *
  
 CHARMM>     
  
 CHARMM>    incr a by @dcel
 Parameter: DCEL -> "0.2"
 Parameter: A <- "9.6"
  
 CHARMM>    incr b by @dcel
 Parameter: DCEL -> "0.2"
 Parameter: B <- "9.8"
  
 CHARMM>    if b le ?ZMAX goto DOAREA
 RDCMND substituted energy or value "?ZMAX" to "17.1394014"
 Comparing "9.8" and "17.1394014".
 IF test evaluated as true.  Performing command
  
 CHARMM>     
  
 CHARMM>    ! Cross sectional protein area with whole atom.
 CHARMM>    scalar wmain = radius
  
 CHARMM>    scalar wmain mult 2.5   sele resname TIP3 end
 SELRPN>      0 atoms have been selected out of    872
  
 CHARMM>    scalar wmain add  1.529 sele .not. resname TIP3 end
 SELRPN>    872 atoms have been selected out of    872
  
 CHARMM>    scalar wmain mult 0.85  sele .not. resname TIP3 end
 SELRPN>    872 atoms have been selected out of    872
  
 CHARMM>    calc zab = ( @a + @b ) / 2.0
 Parameter: A -> "9.6"
 Parameter: B -> "9.8"
Evaluating: (9.6+9.8)/2.0
 Parameter: ZAB <- "9.7"
  
 CHARMM>     
  
 CHARMM>    coor search -
 CHARMM>         xmin @x1  xmax @x2  xgrip @xncel -
 CHARMM>         ymin @y1  ymax @y2  ygrip @yncel -
 CHARMM>         zmin @a   zmax @b   zgrip 5
 Parameter: X1 -> "-17.0826968"
 Parameter: X2 -> "17.0826968"
 Parameter: XNCEL -> "170"
 Parameter: Y1 -> "-21.9894065"
 Parameter: Y2 -> "21.9894065"
 Parameter: YNCEL -> "219"
 Parameter: A -> "9.6"
 Parameter: B -> "9.8"

 A TOTAL OF   133700   VACUUM POINTS WERE FOUND
 A TOTAL OF    52450 OCCUPIED POINTS WERE FOUND
 A TOTAL OF        0 EXTERNAL POINTS WERE FOUND
 A TOTAL OF   133700 SELECTED POINTS WERE FOUND
 TOTAL OCCUPIED  VOLUME =      84.672499
 TOTAL SELECTED  VOLUME =     215.838192
 TOTAL FREE      VOLUME =     215.838192
 FRACTIONAL FREE VOLUME =      71.823798
  
 CHARMM>     
  
 CHARMM>    calc c = ?volume * @factor
 Parameter: FACTOR -> "5"
 RDCMND substituted energy or value "?VOLUME" to "84.6724994"
Evaluating: 84.6724994*5
 Parameter: C <- "423.362497"
  
 CHARMM>     
  
 CHARMM>    if a .lt. -10 if a .gt. -20 if c .gt. @botarea set botarea = @c
 Parameter: BOTAREA -> "396.273754"
 Parameter: C -> "423.362497"
 Comparing "9.6" and "-10".
 IF test evaluated as false.  Skipping command
  
 CHARMM>    if a .gt.  10 if a .lt.  20 if c .gt. @toparea set toparea = @c
 Parameter: TOPAREA -> "-1"
 Parameter: C -> "423.362497"
 Comparing "9.6" and "10".
 IF test evaluated as false.  Skipping command
  
 CHARMM>     
  
 CHARMM>    write title unit 51
 RDTITL> * 9.8  423.362497
 RDTITL> *
  
 CHARMM>     
  
 CHARMM>    incr a by @dcel
 Parameter: DCEL -> "0.2"
 Parameter: A <- "9.8"
  
 CHARMM>    incr b by @dcel
 Parameter: DCEL -> "0.2"
 Parameter: B <- "10"
  
 CHARMM>    if b le ?ZMAX goto DOAREA
 RDCMND substituted energy or value "?ZMAX" to "17.1394014"
 Comparing "10" and "17.1394014".
 IF test evaluated as true.  Performing command
  
 CHARMM>     
  
 CHARMM>    ! Cross sectional protein area with whole atom.
 CHARMM>    scalar wmain = radius
  
 CHARMM>    scalar wmain mult 2.5   sele resname TIP3 end
 SELRPN>      0 atoms have been selected out of    872
  
 CHARMM>    scalar wmain add  1.529 sele .not. resname TIP3 end
 SELRPN>    872 atoms have been selected out of    872
  
 CHARMM>    scalar wmain mult 0.85  sele .not. resname TIP3 end
 SELRPN>    872 atoms have been selected out of    872
  
 CHARMM>    calc zab = ( @a + @b ) / 2.0
 Parameter: A -> "9.8"
 Parameter: B -> "10"
Evaluating: (9.8+10)/2.0
 Parameter: ZAB <- "9.9"
  
 CHARMM>     
  
 CHARMM>    coor search -
 CHARMM>         xmin @x1  xmax @x2  xgrip @xncel -
 CHARMM>         ymin @y1  ymax @y2  ygrip @yncel -
 CHARMM>         zmin @a   zmax @b   zgrip 5
 Parameter: X1 -> "-17.0826968"
 Parameter: X2 -> "17.0826968"
 Parameter: XNCEL -> "170"
 Parameter: Y1 -> "-21.9894065"
 Parameter: Y2 -> "21.9894065"
 Parameter: YNCEL -> "219"
 Parameter: A -> "9.8"
 Parameter: B -> "10"

 A TOTAL OF   133300   VACUUM POINTS WERE FOUND
 A TOTAL OF    52850 OCCUPIED POINTS WERE FOUND
 A TOTAL OF        0 EXTERNAL POINTS WERE FOUND
 A TOTAL OF   133300 SELECTED POINTS WERE FOUND
 TOTAL OCCUPIED  VOLUME =      85.318238
 TOTAL SELECTED  VOLUME =     215.192453
 TOTAL FREE      VOLUME =     215.192453
 FRACTIONAL FREE VOLUME =      71.608918
  
 CHARMM>     
  
 CHARMM>    calc c = ?volume * @factor
 Parameter: FACTOR -> "5"
 RDCMND substituted energy or value "?VOLUME" to "85.3182382"
Evaluating: 85.3182382*5
 Parameter: C <- "426.591191"
  
 CHARMM>     
  
 CHARMM>    if a .lt. -10 if a .gt. -20 if c .gt. @botarea set botarea = @c
 Parameter: BOTAREA -> "396.273754"
 Parameter: C -> "426.591191"
 Comparing "9.8" and "-10".
 IF test evaluated as false.  Skipping command
  
 CHARMM>    if a .gt.  10 if a .lt.  20 if c .gt. @toparea set toparea = @c
 Parameter: TOPAREA -> "-1"
 Parameter: C -> "426.591191"
 Comparing "9.8" and "10".
 IF test evaluated as false.  Skipping command
  
 CHARMM>     
  
 CHARMM>    write title unit 51
 RDTITL> * 10  426.591191
 RDTITL> *
  
 CHARMM>     
  
 CHARMM>    incr a by @dcel
 Parameter: DCEL -> "0.2"
 Parameter: A <- "10"
  
 CHARMM>    incr b by @dcel
 Parameter: DCEL -> "0.2"
 Parameter: B <- "10.2"
  
 CHARMM>    if b le ?ZMAX goto DOAREA
 RDCMND substituted energy or value "?ZMAX" to "17.1394014"
 Comparing "10.2" and "17.1394014".
 IF test evaluated as true.  Performing command
  
 CHARMM>     
  
 CHARMM>    ! Cross sectional protein area with whole atom.
 CHARMM>    scalar wmain = radius
  
 CHARMM>    scalar wmain mult 2.5   sele resname TIP3 end
 SELRPN>      0 atoms have been selected out of    872
  
 CHARMM>    scalar wmain add  1.529 sele .not. resname TIP3 end
 SELRPN>    872 atoms have been selected out of    872
  
 CHARMM>    scalar wmain mult 0.85  sele .not. resname TIP3 end
 SELRPN>    872 atoms have been selected out of    872
  
 CHARMM>    calc zab = ( @a + @b ) / 2.0
 Parameter: A -> "10"
 Parameter: B -> "10.2"
Evaluating: (10+10.2)/2.0
 Parameter: ZAB <- "10.1"
  
 CHARMM>     
  
 CHARMM>    coor search -
 CHARMM>         xmin @x1  xmax @x2  xgrip @xncel -
 CHARMM>         ymin @y1  ymax @y2  ygrip @yncel -
 CHARMM>         zmin @a   zmax @b   zgrip 5
 Parameter: X1 -> "-17.0826968"
 Parameter: X2 -> "17.0826968"
 Parameter: XNCEL -> "170"
 Parameter: Y1 -> "-21.9894065"
 Parameter: Y2 -> "21.9894065"
 Parameter: YNCEL -> "219"
 Parameter: A -> "10"
 Parameter: B -> "10.2"

 A TOTAL OF   132722   VACUUM POINTS WERE FOUND
 A TOTAL OF    53428 OCCUPIED POINTS WERE FOUND
 A TOTAL OF        0 EXTERNAL POINTS WERE FOUND
 A TOTAL OF   132722 SELECTED POINTS WERE FOUND
 TOTAL OCCUPIED  VOLUME =      86.251331
 TOTAL SELECTED  VOLUME =     214.259361
 TOTAL FREE      VOLUME =     214.259361
 FRACTIONAL FREE VOLUME =      71.298415
  
 CHARMM>     
  
 CHARMM>    calc c = ?volume * @factor
 Parameter: FACTOR -> "5"
 RDCMND substituted energy or value "?VOLUME" to "86.2513307"
Evaluating: 86.2513307*5
 Parameter: C <- "431.256653"
  
 CHARMM>     
  
 CHARMM>    if a .lt. -10 if a .gt. -20 if c .gt. @botarea set botarea = @c
 Parameter: BOTAREA -> "396.273754"
 Parameter: C -> "431.256653"
 Comparing "10" and "-10".
 IF test evaluated as false.  Skipping command
  
 CHARMM>    if a .gt.  10 if a .lt.  20 if c .gt. @toparea set toparea = @c
 Parameter: TOPAREA -> "-1"
 Parameter: C -> "431.256653"
 Comparing "10" and "10".
 IF test evaluated as false.  Skipping command
  
 CHARMM>     
  
 CHARMM>    write title unit 51
 RDTITL> * 10.2  431.256653
 RDTITL> *
  
 CHARMM>     
  
 CHARMM>    incr a by @dcel
 Parameter: DCEL -> "0.2"
 Parameter: A <- "10.2"
  
 CHARMM>    incr b by @dcel
 Parameter: DCEL -> "0.2"
 Parameter: B <- "10.4"
  
 CHARMM>    if b le ?ZMAX goto DOAREA
 RDCMND substituted energy or value "?ZMAX" to "17.1394014"
 Comparing "10.4" and "17.1394014".
 IF test evaluated as true.  Performing command
  
 CHARMM>     
  
 CHARMM>    ! Cross sectional protein area with whole atom.
 CHARMM>    scalar wmain = radius
  
 CHARMM>    scalar wmain mult 2.5   sele resname TIP3 end
 SELRPN>      0 atoms have been selected out of    872
  
 CHARMM>    scalar wmain add  1.529 sele .not. resname TIP3 end
 SELRPN>    872 atoms have been selected out of    872
  
 CHARMM>    scalar wmain mult 0.85  sele .not. resname TIP3 end
 SELRPN>    872 atoms have been selected out of    872
  
 CHARMM>    calc zab = ( @a + @b ) / 2.0
 Parameter: A -> "10.2"
 Parameter: B -> "10.4"
Evaluating: (10.2+10.4)/2.0
 Parameter: ZAB <- "10.3"
  
 CHARMM>     
  
 CHARMM>    coor search -
 CHARMM>         xmin @x1  xmax @x2  xgrip @xncel -
 CHARMM>         ymin @y1  ymax @y2  ygrip @yncel -
 CHARMM>         zmin @a   zmax @b   zgrip 5
 Parameter: X1 -> "-17.0826968"
 Parameter: X2 -> "17.0826968"
 Parameter: XNCEL -> "170"
 Parameter: Y1 -> "-21.9894065"
 Parameter: Y2 -> "21.9894065"
 Parameter: YNCEL -> "219"
 Parameter: A -> "10.2"
 Parameter: B -> "10.4"

 A TOTAL OF   132230   VACUUM POINTS WERE FOUND
 A TOTAL OF    53920 OCCUPIED POINTS WERE FOUND
 A TOTAL OF        0 EXTERNAL POINTS WERE FOUND
 A TOTAL OF   132230 SELECTED POINTS WERE FOUND
 TOTAL OCCUPIED  VOLUME =      87.045589
 TOTAL SELECTED  VOLUME =     213.465102
 TOTAL FREE      VOLUME =     213.465102
 FRACTIONAL FREE VOLUME =      71.034112
  
 CHARMM>     
  
 CHARMM>    calc c = ?volume * @factor
 Parameter: FACTOR -> "5"
 RDCMND substituted energy or value "?VOLUME" to "87.0455894"
Evaluating: 87.0455894*5
 Parameter: C <- "435.227947"
  
 CHARMM>     
  
 CHARMM>    if a .lt. -10 if a .gt. -20 if c .gt. @botarea set botarea = @c
 Parameter: BOTAREA -> "396.273754"
 Parameter: C -> "435.227947"
 Comparing "10.2" and "-10".
 IF test evaluated as false.  Skipping command
  
 CHARMM>    if a .gt.  10 if a .lt.  20 if c .gt. @toparea set toparea = @c
 Parameter: TOPAREA -> "-1"
 Parameter: C -> "435.227947"
 Comparing "10.2" and "10".
 IF test evaluated as true.  Performing command
 Comparing "10.2" and "20".
 IF test evaluated as true.  Performing command
 Comparing "435.227947" and "-1".
 IF test evaluated as true.  Performing command
 Parameter: TOPAREA <- "435.227947"
  
 CHARMM>     
  
 CHARMM>    write title unit 51
 RDTITL> * 10.4  435.227947
 RDTITL> *
  
 CHARMM>     
  
 CHARMM>    incr a by @dcel
 Parameter: DCEL -> "0.2"
 Parameter: A <- "10.4"
  
 CHARMM>    incr b by @dcel
 Parameter: DCEL -> "0.2"
 Parameter: B <- "10.6"
  
 CHARMM>    if b le ?ZMAX goto DOAREA
 RDCMND substituted energy or value "?ZMAX" to "17.1394014"
 Comparing "10.6" and "17.1394014".
 IF test evaluated as true.  Performing command
  
 CHARMM>     
  
 CHARMM>    ! Cross sectional protein area with whole atom.
 CHARMM>    scalar wmain = radius
  
 CHARMM>    scalar wmain mult 2.5   sele resname TIP3 end
 SELRPN>      0 atoms have been selected out of    872
  
 CHARMM>    scalar wmain add  1.529 sele .not. resname TIP3 end
 SELRPN>    872 atoms have been selected out of    872
  
 CHARMM>    scalar wmain mult 0.85  sele .not. resname TIP3 end
 SELRPN>    872 atoms have been selected out of    872
  
 CHARMM>    calc zab = ( @a + @b ) / 2.0
 Parameter: A -> "10.4"
 Parameter: B -> "10.6"
Evaluating: (10.4+10.6)/2.0
 Parameter: ZAB <- "10.5"
  
 CHARMM>     
  
 CHARMM>    coor search -
 CHARMM>         xmin @x1  xmax @x2  xgrip @xncel -
 CHARMM>         ymin @y1  ymax @y2  ygrip @yncel -
 CHARMM>         zmin @a   zmax @b   zgrip 5
 Parameter: X1 -> "-17.0826968"
 Parameter: X2 -> "17.0826968"
 Parameter: XNCEL -> "170"
 Parameter: Y1 -> "-21.9894065"
 Parameter: Y2 -> "21.9894065"
 Parameter: YNCEL -> "219"
 Parameter: A -> "10.4"
 Parameter: B -> "10.6"

 A TOTAL OF   132070   VACUUM POINTS WERE FOUND
 A TOTAL OF    54080 OCCUPIED POINTS WERE FOUND
 A TOTAL OF        0 EXTERNAL POINTS WERE FOUND
 A TOTAL OF   132070 SELECTED POINTS WERE FOUND
 TOTAL OCCUPIED  VOLUME =      87.303885
 TOTAL SELECTED  VOLUME =     213.206806
 TOTAL FREE      VOLUME =     213.206806
 FRACTIONAL FREE VOLUME =      70.948160
  
 CHARMM>     
  
 CHARMM>    calc c = ?volume * @factor
 Parameter: FACTOR -> "5"
 RDCMND substituted energy or value "?VOLUME" to "87.3038849"
Evaluating: 87.3038849*5
 Parameter: C <- "436.519425"
  
 CHARMM>     
  
 CHARMM>    if a .lt. -10 if a .gt. -20 if c .gt. @botarea set botarea = @c
 Parameter: BOTAREA -> "396.273754"
 Parameter: C -> "436.519425"
 Comparing "10.4" and "-10".
 IF test evaluated as false.  Skipping command
  
 CHARMM>    if a .gt.  10 if a .lt.  20 if c .gt. @toparea set toparea = @c
 Parameter: TOPAREA -> "435.227947"
 Parameter: C -> "436.519425"
 Comparing "10.4" and "10".
 IF test evaluated as true.  Performing command
 Comparing "10.4" and "20".
 IF test evaluated as true.  Performing command
 Comparing "436.519425" and "435.227947".
 IF test evaluated as true.  Performing command
 Parameter: TOPAREA <- "436.519425"
  
 CHARMM>     
  
 CHARMM>    write title unit 51
 RDTITL> * 10.6  436.519425
 RDTITL> *
  
 CHARMM>     
  
 CHARMM>    incr a by @dcel
 Parameter: DCEL -> "0.2"
 Parameter: A <- "10.6"
  
 CHARMM>    incr b by @dcel
 Parameter: DCEL -> "0.2"
 Parameter: B <- "10.8"
  
 CHARMM>    if b le ?ZMAX goto DOAREA
 RDCMND substituted energy or value "?ZMAX" to "17.1394014"
 Comparing "10.8" and "17.1394014".
 IF test evaluated as true.  Performing command
  
 CHARMM>     
  
 CHARMM>    ! Cross sectional protein area with whole atom.
 CHARMM>    scalar wmain = radius
  
 CHARMM>    scalar wmain mult 2.5   sele resname TIP3 end
 SELRPN>      0 atoms have been selected out of    872
  
 CHARMM>    scalar wmain add  1.529 sele .not. resname TIP3 end
 SELRPN>    872 atoms have been selected out of    872
  
 CHARMM>    scalar wmain mult 0.85  sele .not. resname TIP3 end
 SELRPN>    872 atoms have been selected out of    872
  
 CHARMM>    calc zab = ( @a + @b ) / 2.0
 Parameter: A -> "10.6"
 Parameter: B -> "10.8"
Evaluating: (10.6+10.8)/2.0
 Parameter: ZAB <- "10.7"
  
 CHARMM>     
  
 CHARMM>    coor search -
 CHARMM>         xmin @x1  xmax @x2  xgrip @xncel -
 CHARMM>         ymin @y1  ymax @y2  ygrip @yncel -
 CHARMM>         zmin @a   zmax @b   zgrip 5
 Parameter: X1 -> "-17.0826968"
 Parameter: X2 -> "17.0826968"
 Parameter: XNCEL -> "170"
 Parameter: Y1 -> "-21.9894065"
 Parameter: Y2 -> "21.9894065"
 Parameter: YNCEL -> "219"
 Parameter: A -> "10.6"
 Parameter: B -> "10.8"

 A TOTAL OF   132162   VACUUM POINTS WERE FOUND
 A TOTAL OF    53988 OCCUPIED POINTS WERE FOUND
 A TOTAL OF        0 EXTERNAL POINTS WERE FOUND
 A TOTAL OF   132162 SELECTED POINTS WERE FOUND
 TOTAL OCCUPIED  VOLUME =      87.155365
 TOTAL SELECTED  VOLUME =     213.355326
 TOTAL FREE      VOLUME =     213.355326
 FRACTIONAL FREE VOLUME =      70.997583
  
 CHARMM>     
  
 CHARMM>    calc c = ?volume * @factor
 Parameter: FACTOR -> "5"
 RDCMND substituted energy or value "?VOLUME" to "87.155365"
Evaluating: 87.155365*5
 Parameter: C <- "435.776825"
  
 CHARMM>     
  
 CHARMM>    if a .lt. -10 if a .gt. -20 if c .gt. @botarea set botarea = @c
 Parameter: BOTAREA -> "396.273754"
 Parameter: C -> "435.776825"
 Comparing "10.6" and "-10".
 IF test evaluated as false.  Skipping command
  
 CHARMM>    if a .gt.  10 if a .lt.  20 if c .gt. @toparea set toparea = @c
 Parameter: TOPAREA -> "436.519425"
 Parameter: C -> "435.776825"
 Comparing "10.6" and "10".
 IF test evaluated as true.  Performing command
 Comparing "10.6" and "20".
 IF test evaluated as true.  Performing command
 Comparing "435.776825" and "436.519425".
 IF test evaluated as false.  Skipping command
  
 CHARMM>     
  
 CHARMM>    write title unit 51
 RDTITL> * 10.8  435.776825
 RDTITL> *
  
 CHARMM>     
  
 CHARMM>    incr a by @dcel
 Parameter: DCEL -> "0.2"
 Parameter: A <- "10.8"
  
 CHARMM>    incr b by @dcel
 Parameter: DCEL -> "0.2"
 Parameter: B <- "11"
  
 CHARMM>    if b le ?ZMAX goto DOAREA
 RDCMND substituted energy or value "?ZMAX" to "17.1394014"
 Comparing "11" and "17.1394014".
 IF test evaluated as true.  Performing command
  
 CHARMM>     
  
 CHARMM>    ! Cross sectional protein area with whole atom.
 CHARMM>    scalar wmain = radius
  
 CHARMM>    scalar wmain mult 2.5   sele resname TIP3 end
 SELRPN>      0 atoms have been selected out of    872
  
 CHARMM>    scalar wmain add  1.529 sele .not. resname TIP3 end
 SELRPN>    872 atoms have been selected out of    872
  
 CHARMM>    scalar wmain mult 0.85  sele .not. resname TIP3 end
 SELRPN>    872 atoms have been selected out of    872
  
 CHARMM>    calc zab = ( @a + @b ) / 2.0
 Parameter: A -> "10.8"
 Parameter: B -> "11"
Evaluating: (10.8+11)/2.0
 Parameter: ZAB <- "10.9"
  
 CHARMM>     
  
 CHARMM>    coor search -
 CHARMM>         xmin @x1  xmax @x2  xgrip @xncel -
 CHARMM>         ymin @y1  ymax @y2  ygrip @yncel -
 CHARMM>         zmin @a   zmax @b   zgrip 5
 Parameter: X1 -> "-17.0826968"
 Parameter: X2 -> "17.0826968"
 Parameter: XNCEL -> "170"
 Parameter: Y1 -> "-21.9894065"
 Parameter: Y2 -> "21.9894065"
 Parameter: YNCEL -> "219"
 Parameter: A -> "10.8"
 Parameter: B -> "11"

 A TOTAL OF   132428   VACUUM POINTS WERE FOUND
 A TOTAL OF    53722 OCCUPIED POINTS WERE FOUND
 A TOTAL OF        0 EXTERNAL POINTS WERE FOUND
 A TOTAL OF   132428 SELECTED POINTS WERE FOUND
 TOTAL OCCUPIED  VOLUME =      86.725949
 TOTAL SELECTED  VOLUME =     213.784743
 TOTAL FREE      VOLUME =     213.784743
 FRACTIONAL FREE VOLUME =      71.140478
  
 CHARMM>     
  
 CHARMM>    calc c = ?volume * @factor
 Parameter: FACTOR -> "5"
 RDCMND substituted energy or value "?VOLUME" to "86.7259487"
Evaluating: 86.7259487*5
 Parameter: C <- "433.629744"
  
 CHARMM>     
  
 CHARMM>    if a .lt. -10 if a .gt. -20 if c .gt. @botarea set botarea = @c
 Parameter: BOTAREA -> "396.273754"
 Parameter: C -> "433.629744"
 Comparing "10.8" and "-10".
 IF test evaluated as false.  Skipping command
  
 CHARMM>    if a .gt.  10 if a .lt.  20 if c .gt. @toparea set toparea = @c
 Parameter: TOPAREA -> "436.519425"
 Parameter: C -> "433.629744"
 Comparing "10.8" and "10".
 IF test evaluated as true.  Performing command
 Comparing "10.8" and "20".
 IF test evaluated as true.  Performing command
 Comparing "433.629744" and "436.519425".
 IF test evaluated as false.  Skipping command
  
 CHARMM>     
  
 CHARMM>    write title unit 51
 RDTITL> * 11  433.629744
 RDTITL> *
  
 CHARMM>     
  
 CHARMM>    incr a by @dcel
 Parameter: DCEL -> "0.2"
 Parameter: A <- "11"
  
 CHARMM>    incr b by @dcel
 Parameter: DCEL -> "0.2"
 Parameter: B <- "11.2"
  
 CHARMM>    if b le ?ZMAX goto DOAREA
 RDCMND substituted energy or value "?ZMAX" to "17.1394014"
 Comparing "11.2" and "17.1394014".
 IF test evaluated as true.  Performing command
  
 CHARMM>     
  
 CHARMM>    ! Cross sectional protein area with whole atom.
 CHARMM>    scalar wmain = radius
  
 CHARMM>    scalar wmain mult 2.5   sele resname TIP3 end
 SELRPN>      0 atoms have been selected out of    872
  
 CHARMM>    scalar wmain add  1.529 sele .not. resname TIP3 end
 SELRPN>    872 atoms have been selected out of    872
  
 CHARMM>    scalar wmain mult 0.85  sele .not. resname TIP3 end
 SELRPN>    872 atoms have been selected out of    872
  
 CHARMM>    calc zab = ( @a + @b ) / 2.0
 Parameter: A -> "11"
 Parameter: B -> "11.2"
Evaluating: (11+11.2)/2.0
 Parameter: ZAB <- "11.1"
  
 CHARMM>     
  
 CHARMM>    coor search -
 CHARMM>         xmin @x1  xmax @x2  xgrip @xncel -
 CHARMM>         ymin @y1  ymax @y2  ygrip @yncel -
 CHARMM>         zmin @a   zmax @b   zgrip 5
 Parameter: X1 -> "-17.0826968"
 Parameter: X2 -> "17.0826968"
 Parameter: XNCEL -> "170"
 Parameter: Y1 -> "-21.9894065"
 Parameter: Y2 -> "21.9894065"
 Parameter: YNCEL -> "219"
 Parameter: A -> "11"
 Parameter: B -> "11.2"

 A TOTAL OF   132980   VACUUM POINTS WERE FOUND
 A TOTAL OF    53170 OCCUPIED POINTS WERE FOUND
 A TOTAL OF        0 EXTERNAL POINTS WERE FOUND
 A TOTAL OF   132980 SELECTED POINTS WERE FOUND
 TOTAL OCCUPIED  VOLUME =      85.834829
 TOTAL SELECTED  VOLUME =     214.675862
 TOTAL FREE      VOLUME =     214.675862
 FRACTIONAL FREE VOLUME =      71.437013
  
 CHARMM>     
  
 CHARMM>    calc c = ?volume * @factor
 Parameter: FACTOR -> "5"
 RDCMND substituted energy or value "?VOLUME" to "85.8348292"
Evaluating: 85.8348292*5
 Parameter: C <- "429.174146"
  
 CHARMM>     
  
 CHARMM>    if a .lt. -10 if a .gt. -20 if c .gt. @botarea set botarea = @c
 Parameter: BOTAREA -> "396.273754"
 Parameter: C -> "429.174146"
 Comparing "11" and "-10".
 IF test evaluated as false.  Skipping command
  
 CHARMM>    if a .gt.  10 if a .lt.  20 if c .gt. @toparea set toparea = @c
 Parameter: TOPAREA -> "436.519425"
 Parameter: C -> "429.174146"
 Comparing "11" and "10".
 IF test evaluated as true.  Performing command
 Comparing "11" and "20".
 IF test evaluated as true.  Performing command
 Comparing "429.174146" and "436.519425".
 IF test evaluated as false.  Skipping command
  
 CHARMM>     
  
 CHARMM>    write title unit 51
 RDTITL> * 11.2  429.174146
 RDTITL> *
  
 CHARMM>     
  
 CHARMM>    incr a by @dcel
 Parameter: DCEL -> "0.2"
 Parameter: A <- "11.2"
  
 CHARMM>    incr b by @dcel
 Parameter: DCEL -> "0.2"
 Parameter: B <- "11.4"
  
 CHARMM>    if b le ?ZMAX goto DOAREA
 RDCMND substituted energy or value "?ZMAX" to "17.1394014"
 Comparing "11.4" and "17.1394014".
 IF test evaluated as true.  Performing command
  
 CHARMM>     
  
 CHARMM>    ! Cross sectional protein area with whole atom.
 CHARMM>    scalar wmain = radius
  
 CHARMM>    scalar wmain mult 2.5   sele resname TIP3 end
 SELRPN>      0 atoms have been selected out of    872
  
 CHARMM>    scalar wmain add  1.529 sele .not. resname TIP3 end
 SELRPN>    872 atoms have been selected out of    872
  
 CHARMM>    scalar wmain mult 0.85  sele .not. resname TIP3 end
 SELRPN>    872 atoms have been selected out of    872
  
 CHARMM>    calc zab = ( @a + @b ) / 2.0
 Parameter: A -> "11.2"
 Parameter: B -> "11.4"
Evaluating: (11.2+11.4)/2.0
 Parameter: ZAB <- "11.3"
  
 CHARMM>     
  
 CHARMM>    coor search -
 CHARMM>         xmin @x1  xmax @x2  xgrip @xncel -
 CHARMM>         ymin @y1  ymax @y2  ygrip @yncel -
 CHARMM>         zmin @a   zmax @b   zgrip 5
 Parameter: X1 -> "-17.0826968"
 Parameter: X2 -> "17.0826968"
 Parameter: XNCEL -> "170"
 Parameter: Y1 -> "-21.9894065"
 Parameter: Y2 -> "21.9894065"
 Parameter: YNCEL -> "219"
 Parameter: A -> "11.2"
 Parameter: B -> "11.4"

 A TOTAL OF   133794   VACUUM POINTS WERE FOUND
 A TOTAL OF    52356 OCCUPIED POINTS WERE FOUND
 A TOTAL OF        0 EXTERNAL POINTS WERE FOUND
 A TOTAL OF   133794 SELECTED POINTS WERE FOUND
 TOTAL OCCUPIED  VOLUME =      84.520751
 TOTAL SELECTED  VOLUME =     215.989940
 TOTAL FREE      VOLUME =     215.989940
 FRACTIONAL FREE VOLUME =      71.874295
  
 CHARMM>     
  
 CHARMM>    calc c = ?volume * @factor
 Parameter: FACTOR -> "5"
 RDCMND substituted energy or value "?VOLUME" to "84.5207507"
Evaluating: 84.5207507*5
 Parameter: C <- "422.603753"
  
 CHARMM>     
  
 CHARMM>    if a .lt. -10 if a .gt. -20 if c .gt. @botarea set botarea = @c
 Parameter: BOTAREA -> "396.273754"
 Parameter: C -> "422.603753"
 Comparing "11.2" and "-10".
 IF test evaluated as false.  Skipping command
  
 CHARMM>    if a .gt.  10 if a .lt.  20 if c .gt. @toparea set toparea = @c
 Parameter: TOPAREA -> "436.519425"
 Parameter: C -> "422.603753"
 Comparing "11.2" and "10".
 IF test evaluated as true.  Performing command
 Comparing "11.2" and "20".
 IF test evaluated as true.  Performing command
 Comparing "422.603753" and "436.519425".
 IF test evaluated as false.  Skipping command
  
 CHARMM>     
  
 CHARMM>    write title unit 51
 RDTITL> * 11.4  422.603753
 RDTITL> *
  
 CHARMM>     
  
 CHARMM>    incr a by @dcel
 Parameter: DCEL -> "0.2"
 Parameter: A <- "11.4"
  
 CHARMM>    incr b by @dcel
 Parameter: DCEL -> "0.2"
 Parameter: B <- "11.6"
  
 CHARMM>    if b le ?ZMAX goto DOAREA
 RDCMND substituted energy or value "?ZMAX" to "17.1394014"
 Comparing "11.6" and "17.1394014".
 IF test evaluated as true.  Performing command
  
 CHARMM>     
  
 CHARMM>    ! Cross sectional protein area with whole atom.
 CHARMM>    scalar wmain = radius
  
 CHARMM>    scalar wmain mult 2.5   sele resname TIP3 end
 SELRPN>      0 atoms have been selected out of    872
  
 CHARMM>    scalar wmain add  1.529 sele .not. resname TIP3 end
 SELRPN>    872 atoms have been selected out of    872
  
 CHARMM>    scalar wmain mult 0.85  sele .not. resname TIP3 end
 SELRPN>    872 atoms have been selected out of    872
  
 CHARMM>    calc zab = ( @a + @b ) / 2.0
 Parameter: A -> "11.4"
 Parameter: B -> "11.6"
Evaluating: (11.4+11.6)/2.0
 Parameter: ZAB <- "11.5"
  
 CHARMM>     
  
 CHARMM>    coor search -
 CHARMM>         xmin @x1  xmax @x2  xgrip @xncel -
 CHARMM>         ymin @y1  ymax @y2  ygrip @yncel -
 CHARMM>         zmin @a   zmax @b   zgrip 5
 Parameter: X1 -> "-17.0826968"
 Parameter: X2 -> "17.0826968"
 Parameter: XNCEL -> "170"
 Parameter: Y1 -> "-21.9894065"
 Parameter: Y2 -> "21.9894065"
 Parameter: YNCEL -> "219"
 Parameter: A -> "11.4"
 Parameter: B -> "11.6"

 A TOTAL OF   134694   VACUUM POINTS WERE FOUND
 A TOTAL OF    51456 OCCUPIED POINTS WERE FOUND
 A TOTAL OF        0 EXTERNAL POINTS WERE FOUND
 A TOTAL OF   134694 SELECTED POINTS WERE FOUND
 TOTAL OCCUPIED  VOLUME =      83.067838
 TOTAL SELECTED  VOLUME =     217.442853
 TOTAL FREE      VOLUME =     217.442853
 FRACTIONAL FREE VOLUME =      72.357776
  
 CHARMM>     
  
 CHARMM>    calc c = ?volume * @factor
 Parameter: FACTOR -> "5"
 RDCMND substituted energy or value "?VOLUME" to "83.0678385"
Evaluating: 83.0678385*5
 Parameter: C <- "415.339192"
  
 CHARMM>     
  
 CHARMM>    if a .lt. -10 if a .gt. -20 if c .gt. @botarea set botarea = @c
 Parameter: BOTAREA -> "396.273754"
 Parameter: C -> "415.339192"
 Comparing "11.4" and "-10".
 IF test evaluated as false.  Skipping command
  
 CHARMM>    if a .gt.  10 if a .lt.  20 if c .gt. @toparea set toparea = @c
 Parameter: TOPAREA -> "436.519425"
 Parameter: C -> "415.339192"
 Comparing "11.4" and "10".
 IF test evaluated as true.  Performing command
 Comparing "11.4" and "20".
 IF test evaluated as true.  Performing command
 Comparing "415.339192" and "436.519425".
 IF test evaluated as false.  Skipping command
  
 CHARMM>     
  
 CHARMM>    write title unit 51
 RDTITL> * 11.6  415.339192
 RDTITL> *
  
 CHARMM>     
  
 CHARMM>    incr a by @dcel
 Parameter: DCEL -> "0.2"
 Parameter: A <- "11.6"
  
 CHARMM>    incr b by @dcel
 Parameter: DCEL -> "0.2"
 Parameter: B <- "11.8"
  
 CHARMM>    if b le ?ZMAX goto DOAREA
 RDCMND substituted energy or value "?ZMAX" to "17.1394014"
 Comparing "11.8" and "17.1394014".
 IF test evaluated as true.  Performing command
  
 CHARMM>     
  
 CHARMM>    ! Cross sectional protein area with whole atom.
 CHARMM>    scalar wmain = radius
  
 CHARMM>    scalar wmain mult 2.5   sele resname TIP3 end
 SELRPN>      0 atoms have been selected out of    872
  
 CHARMM>    scalar wmain add  1.529 sele .not. resname TIP3 end
 SELRPN>    872 atoms have been selected out of    872
  
 CHARMM>    scalar wmain mult 0.85  sele .not. resname TIP3 end
 SELRPN>    872 atoms have been selected out of    872
  
 CHARMM>    calc zab = ( @a + @b ) / 2.0
 Parameter: A -> "11.6"
 Parameter: B -> "11.8"
Evaluating: (11.6+11.8)/2.0
 Parameter: ZAB <- "11.7"
  
 CHARMM>     
  
 CHARMM>    coor search -
 CHARMM>         xmin @x1  xmax @x2  xgrip @xncel -
 CHARMM>         ymin @y1  ymax @y2  ygrip @yncel -
 CHARMM>         zmin @a   zmax @b   zgrip 5
 Parameter: X1 -> "-17.0826968"
 Parameter: X2 -> "17.0826968"
 Parameter: XNCEL -> "170"
 Parameter: Y1 -> "-21.9894065"
 Parameter: Y2 -> "21.9894065"
 Parameter: YNCEL -> "219"
 Parameter: A -> "11.6"
 Parameter: B -> "11.8"

 A TOTAL OF   135576   VACUUM POINTS WERE FOUND
 A TOTAL OF    50574 OCCUPIED POINTS WERE FOUND
 A TOTAL OF        0 EXTERNAL POINTS WERE FOUND
 A TOTAL OF   135576 SELECTED POINTS WERE FOUND
 TOTAL OCCUPIED  VOLUME =      81.643984
 TOTAL SELECTED  VOLUME =     218.866707
 TOTAL FREE      VOLUME =     218.866707
 FRACTIONAL FREE VOLUME =      72.831587
  
 CHARMM>     
  
 CHARMM>    calc c = ?volume * @factor
 Parameter: FACTOR -> "5"
 RDCMND substituted energy or value "?VOLUME" to "81.6439844"
Evaluating: 81.6439844*5
 Parameter: C <- "408.219922"
  
 CHARMM>     
  
 CHARMM>    if a .lt. -10 if a .gt. -20 if c .gt. @botarea set botarea = @c
 Parameter: BOTAREA -> "396.273754"
 Parameter: C -> "408.219922"
 Comparing "11.6" and "-10".
 IF test evaluated as false.  Skipping command
  
 CHARMM>    if a .gt.  10 if a .lt.  20 if c .gt. @toparea set toparea = @c
 Parameter: TOPAREA -> "436.519425"
 Parameter: C -> "408.219922"
 Comparing "11.6" and "10".
 IF test evaluated as true.  Performing command
 Comparing "11.6" and "20".
 IF test evaluated as true.  Performing command
 Comparing "408.219922" and "436.519425".
 IF test evaluated as false.  Skipping command
  
 CHARMM>     
  
 CHARMM>    write title unit 51
 RDTITL> * 11.8  408.219922
 RDTITL> *
  
 CHARMM>     
  
 CHARMM>    incr a by @dcel
 Parameter: DCEL -> "0.2"
 Parameter: A <- "11.8"
  
 CHARMM>    incr b by @dcel
 Parameter: DCEL -> "0.2"
 Parameter: B <- "12"
  
 CHARMM>    if b le ?ZMAX goto DOAREA
 RDCMND substituted energy or value "?ZMAX" to "17.1394014"
 Comparing "12" and "17.1394014".
 IF test evaluated as true.  Performing command
  
 CHARMM>     
  
 CHARMM>    ! Cross sectional protein area with whole atom.
 CHARMM>    scalar wmain = radius
  
 CHARMM>    scalar wmain mult 2.5   sele resname TIP3 end
 SELRPN>      0 atoms have been selected out of    872
  
 CHARMM>    scalar wmain add  1.529 sele .not. resname TIP3 end
 SELRPN>    872 atoms have been selected out of    872
  
 CHARMM>    scalar wmain mult 0.85  sele .not. resname TIP3 end
 SELRPN>    872 atoms have been selected out of    872
  
 CHARMM>    calc zab = ( @a + @b ) / 2.0
 Parameter: A -> "11.8"
 Parameter: B -> "12"
Evaluating: (11.8+12)/2.0
 Parameter: ZAB <- "11.9"
  
 CHARMM>     
  
 CHARMM>    coor search -
 CHARMM>         xmin @x1  xmax @x2  xgrip @xncel -
 CHARMM>         ymin @y1  ymax @y2  ygrip @yncel -
 CHARMM>         zmin @a   zmax @b   zgrip 5
 Parameter: X1 -> "-17.0826968"
 Parameter: X2 -> "17.0826968"
 Parameter: XNCEL -> "170"
 Parameter: Y1 -> "-21.9894065"
 Parameter: Y2 -> "21.9894065"
 Parameter: YNCEL -> "219"
 Parameter: A -> "11.8"
 Parameter: B -> "12"

 A TOTAL OF   136656   VACUUM POINTS WERE FOUND
 A TOTAL OF    49494 OCCUPIED POINTS WERE FOUND
 A TOTAL OF        0 EXTERNAL POINTS WERE FOUND
 A TOTAL OF   136656 SELECTED POINTS WERE FOUND
 TOTAL OCCUPIED  VOLUME =      79.900490
 TOTAL SELECTED  VOLUME =     220.610202
 TOTAL FREE      VOLUME =     220.610202
 FRACTIONAL FREE VOLUME =      73.411765
  
 CHARMM>     
  
 CHARMM>    calc c = ?volume * @factor
 Parameter: FACTOR -> "5"
 RDCMND substituted energy or value "?VOLUME" to "79.9004897"
Evaluating: 79.9004897*5
 Parameter: C <- "399.502448"
  
 CHARMM>     
  
 CHARMM>    if a .lt. -10 if a .gt. -20 if c .gt. @botarea set botarea = @c
 Parameter: BOTAREA -> "396.273754"
 Parameter: C -> "399.502448"
 Comparing "11.8" and "-10".
 IF test evaluated as false.  Skipping command
  
 CHARMM>    if a .gt.  10 if a .lt.  20 if c .gt. @toparea set toparea = @c
 Parameter: TOPAREA -> "436.519425"
 Parameter: C -> "399.502448"
 Comparing "11.8" and "10".
 IF test evaluated as true.  Performing command
 Comparing "11.8" and "20".
 IF test evaluated as true.  Performing command
 Comparing "399.502448" and "436.519425".
 IF test evaluated as false.  Skipping command
  
 CHARMM>     
  
 CHARMM>    write title unit 51
 RDTITL> * 12  399.502448
 RDTITL> *
  
 CHARMM>     
  
 CHARMM>    incr a by @dcel
 Parameter: DCEL -> "0.2"
 Parameter: A <- "12"
  
 CHARMM>    incr b by @dcel
 Parameter: DCEL -> "0.2"
 Parameter: B <- "12.2"
  
 CHARMM>    if b le ?ZMAX goto DOAREA
 RDCMND substituted energy or value "?ZMAX" to "17.1394014"
 Comparing "12.2" and "17.1394014".
 IF test evaluated as true.  Performing command
  
 CHARMM>     
  
 CHARMM>    ! Cross sectional protein area with whole atom.
 CHARMM>    scalar wmain = radius
  
 CHARMM>    scalar wmain mult 2.5   sele resname TIP3 end
 SELRPN>      0 atoms have been selected out of    872
  
 CHARMM>    scalar wmain add  1.529 sele .not. resname TIP3 end
 SELRPN>    872 atoms have been selected out of    872
  
 CHARMM>    scalar wmain mult 0.85  sele .not. resname TIP3 end
 SELRPN>    872 atoms have been selected out of    872
  
 CHARMM>    calc zab = ( @a + @b ) / 2.0
 Parameter: A -> "12"
 Parameter: B -> "12.2"
Evaluating: (12+12.2)/2.0
 Parameter: ZAB <- "12.1"
  
 CHARMM>     
  
 CHARMM>    coor search -
 CHARMM>         xmin @x1  xmax @x2  xgrip @xncel -
 CHARMM>         ymin @y1  ymax @y2  ygrip @yncel -
 CHARMM>         zmin @a   zmax @b   zgrip 5
 Parameter: X1 -> "-17.0826968"
 Parameter: X2 -> "17.0826968"
 Parameter: XNCEL -> "170"
 Parameter: Y1 -> "-21.9894065"
 Parameter: Y2 -> "21.9894065"
 Parameter: YNCEL -> "219"
 Parameter: A -> "12"
 Parameter: B -> "12.2"

 A TOTAL OF   138192   VACUUM POINTS WERE FOUND
 A TOTAL OF    47958 OCCUPIED POINTS WERE FOUND
 A TOTAL OF        0 EXTERNAL POINTS WERE FOUND
 A TOTAL OF   138192 SELECTED POINTS WERE FOUND
 TOTAL OCCUPIED  VOLUME =      77.420853
 TOTAL SELECTED  VOLUME =     223.089839
 TOTAL FREE      VOLUME =     223.089839
 FRACTIONAL FREE VOLUME =      74.236906
  
 CHARMM>     
  
 CHARMM>    calc c = ?volume * @factor
 Parameter: FACTOR -> "5"
 RDCMND substituted energy or value "?VOLUME" to "77.4208527"
Evaluating: 77.4208527*5
 Parameter: C <- "387.104264"
  
 CHARMM>     
  
 CHARMM>    if a .lt. -10 if a .gt. -20 if c .gt. @botarea set botarea = @c
 Parameter: BOTAREA -> "396.273754"
 Parameter: C -> "387.104264"
 Comparing "12" and "-10".
 IF test evaluated as false.  Skipping command
  
 CHARMM>    if a .gt.  10 if a .lt.  20 if c .gt. @toparea set toparea = @c
 Parameter: TOPAREA -> "436.519425"
 Parameter: C -> "387.104264"
 Comparing "12" and "10".
 IF test evaluated as true.  Performing command
 Comparing "12" and "20".
 IF test evaluated as true.  Performing command
 Comparing "387.104264" and "436.519425".
 IF test evaluated as false.  Skipping command
  
 CHARMM>     
  
 CHARMM>    write title unit 51
 RDTITL> * 12.2  387.104264
 RDTITL> *
  
 CHARMM>     
  
 CHARMM>    incr a by @dcel
 Parameter: DCEL -> "0.2"
 Parameter: A <- "12.2"
  
 CHARMM>    incr b by @dcel
 Parameter: DCEL -> "0.2"
 Parameter: B <- "12.4"
  
 CHARMM>    if b le ?ZMAX goto DOAREA
 RDCMND substituted energy or value "?ZMAX" to "17.1394014"
 Comparing "12.4" and "17.1394014".
 IF test evaluated as true.  Performing command
  
 CHARMM>     
  
 CHARMM>    ! Cross sectional protein area with whole atom.
 CHARMM>    scalar wmain = radius
  
 CHARMM>    scalar wmain mult 2.5   sele resname TIP3 end
 SELRPN>      0 atoms have been selected out of    872
  
 CHARMM>    scalar wmain add  1.529 sele .not. resname TIP3 end
 SELRPN>    872 atoms have been selected out of    872
  
 CHARMM>    scalar wmain mult 0.85  sele .not. resname TIP3 end
 SELRPN>    872 atoms have been selected out of    872
  
 CHARMM>    calc zab = ( @a + @b ) / 2.0
 Parameter: A -> "12.2"
 Parameter: B -> "12.4"
Evaluating: (12.2+12.4)/2.0
 Parameter: ZAB <- "12.3"
  
 CHARMM>     
  
 CHARMM>    coor search -
 CHARMM>         xmin @x1  xmax @x2  xgrip @xncel -
 CHARMM>         ymin @y1  ymax @y2  ygrip @yncel -
 CHARMM>         zmin @a   zmax @b   zgrip 5
 Parameter: X1 -> "-17.0826968"
 Parameter: X2 -> "17.0826968"
 Parameter: XNCEL -> "170"
 Parameter: Y1 -> "-21.9894065"
 Parameter: Y2 -> "21.9894065"
 Parameter: YNCEL -> "219"
 Parameter: A -> "12.2"
 Parameter: B -> "12.4"

 A TOTAL OF   140068   VACUUM POINTS WERE FOUND
 A TOTAL OF    46082 OCCUPIED POINTS WERE FOUND
 A TOTAL OF        0 EXTERNAL POINTS WERE FOUND
 A TOTAL OF   140068 SELECTED POINTS WERE FOUND
 TOTAL OCCUPIED  VOLUME =      74.392338
 TOTAL SELECTED  VOLUME =     226.118353
 TOTAL FREE      VOLUME =     226.118353
 FRACTIONAL FREE VOLUME =      75.244695
  
 CHARMM>     
  
 CHARMM>    calc c = ?volume * @factor
 Parameter: FACTOR -> "5"
 RDCMND substituted energy or value "?VOLUME" to "74.3923378"
Evaluating: 74.3923378*5
 Parameter: C <- "371.961689"
  
 CHARMM>     
  
 CHARMM>    if a .lt. -10 if a .gt. -20 if c .gt. @botarea set botarea = @c
 Parameter: BOTAREA -> "396.273754"
 Parameter: C -> "371.961689"
 Comparing "12.2" and "-10".
 IF test evaluated as false.  Skipping command
  
 CHARMM>    if a .gt.  10 if a .lt.  20 if c .gt. @toparea set toparea = @c
 Parameter: TOPAREA -> "436.519425"
 Parameter: C -> "371.961689"
 Comparing "12.2" and "10".
 IF test evaluated as true.  Performing command
 Comparing "12.2" and "20".
 IF test evaluated as true.  Performing command
 Comparing "371.961689" and "436.519425".
 IF test evaluated as false.  Skipping command
  
 CHARMM>     
  
 CHARMM>    write title unit 51
 RDTITL> * 12.4  371.961689
 RDTITL> *
  
 CHARMM>     
  
 CHARMM>    incr a by @dcel
 Parameter: DCEL -> "0.2"
 Parameter: A <- "12.4"
  
 CHARMM>    incr b by @dcel
 Parameter: DCEL -> "0.2"
 Parameter: B <- "12.6"
  
 CHARMM>    if b le ?ZMAX goto DOAREA
 RDCMND substituted energy or value "?ZMAX" to "17.1394014"
 Comparing "12.6" and "17.1394014".
 IF test evaluated as true.  Performing command
  
 CHARMM>     
  
 CHARMM>    ! Cross sectional protein area with whole atom.
 CHARMM>    scalar wmain = radius
  
 CHARMM>    scalar wmain mult 2.5   sele resname TIP3 end
 SELRPN>      0 atoms have been selected out of    872
  
 CHARMM>    scalar wmain add  1.529 sele .not. resname TIP3 end
 SELRPN>    872 atoms have been selected out of    872
  
 CHARMM>    scalar wmain mult 0.85  sele .not. resname TIP3 end
 SELRPN>    872 atoms have been selected out of    872
  
 CHARMM>    calc zab = ( @a + @b ) / 2.0
 Parameter: A -> "12.4"
 Parameter: B -> "12.6"
Evaluating: (12.4+12.6)/2.0
 Parameter: ZAB <- "12.5"
  
 CHARMM>     
  
 CHARMM>    coor search -
 CHARMM>         xmin @x1  xmax @x2  xgrip @xncel -
 CHARMM>         ymin @y1  ymax @y2  ygrip @yncel -
 CHARMM>         zmin @a   zmax @b   zgrip 5
 Parameter: X1 -> "-17.0826968"
 Parameter: X2 -> "17.0826968"
 Parameter: XNCEL -> "170"
 Parameter: Y1 -> "-21.9894065"
 Parameter: Y2 -> "21.9894065"
 Parameter: YNCEL -> "219"
 Parameter: A -> "12.4"
 Parameter: B -> "12.6"

 A TOTAL OF   141996   VACUUM POINTS WERE FOUND
 A TOTAL OF    44154 OCCUPIED POINTS WERE FOUND
 A TOTAL OF        0 EXTERNAL POINTS WERE FOUND
 A TOTAL OF   141996 SELECTED POINTS WERE FOUND
 TOTAL OCCUPIED  VOLUME =      71.279877
 TOTAL SELECTED  VOLUME =     229.230814
 TOTAL FREE      VOLUME =     229.230814
 FRACTIONAL FREE VOLUME =      76.280419
  
 CHARMM>     
  
 CHARMM>    calc c = ?volume * @factor
 Parameter: FACTOR -> "5"
 RDCMND substituted energy or value "?VOLUME" to "71.2798768"
Evaluating: 71.2798768*5
 Parameter: C <- "356.399384"
  
 CHARMM>     
  
 CHARMM>    if a .lt. -10 if a .gt. -20 if c .gt. @botarea set botarea = @c
 Parameter: BOTAREA -> "396.273754"
 Parameter: C -> "356.399384"
 Comparing "12.4" and "-10".
 IF test evaluated as false.  Skipping command
  
 CHARMM>    if a .gt.  10 if a .lt.  20 if c .gt. @toparea set toparea = @c
 Parameter: TOPAREA -> "436.519425"
 Parameter: C -> "356.399384"
 Comparing "12.4" and "10".
 IF test evaluated as true.  Performing command
 Comparing "12.4" and "20".
 IF test evaluated as true.  Performing command
 Comparing "356.399384" and "436.519425".
 IF test evaluated as false.  Skipping command
  
 CHARMM>     
  
 CHARMM>    write title unit 51
 RDTITL> * 12.6  356.399384
 RDTITL> *
  
 CHARMM>     
  
 CHARMM>    incr a by @dcel
 Parameter: DCEL -> "0.2"
 Parameter: A <- "12.6"
  
 CHARMM>    incr b by @dcel
 Parameter: DCEL -> "0.2"
 Parameter: B <- "12.8"
  
 CHARMM>    if b le ?ZMAX goto DOAREA
 RDCMND substituted energy or value "?ZMAX" to "17.1394014"
 Comparing "12.8" and "17.1394014".
 IF test evaluated as true.  Performing command
  
 CHARMM>     
  
 CHARMM>    ! Cross sectional protein area with whole atom.
 CHARMM>    scalar wmain = radius
  
 CHARMM>    scalar wmain mult 2.5   sele resname TIP3 end
 SELRPN>      0 atoms have been selected out of    872
  
 CHARMM>    scalar wmain add  1.529 sele .not. resname TIP3 end
 SELRPN>    872 atoms have been selected out of    872
  
 CHARMM>    scalar wmain mult 0.85  sele .not. resname TIP3 end
 SELRPN>    872 atoms have been selected out of    872
  
 CHARMM>    calc zab = ( @a + @b ) / 2.0
 Parameter: A -> "12.6"
 Parameter: B -> "12.8"
Evaluating: (12.6+12.8)/2.0
 Parameter: ZAB <- "12.7"
  
 CHARMM>     
  
 CHARMM>    coor search -
 CHARMM>         xmin @x1  xmax @x2  xgrip @xncel -
 CHARMM>         ymin @y1  ymax @y2  ygrip @yncel -
 CHARMM>         zmin @a   zmax @b   zgrip 5
 Parameter: X1 -> "-17.0826968"
 Parameter: X2 -> "17.0826968"
 Parameter: XNCEL -> "170"
 Parameter: Y1 -> "-21.9894065"
 Parameter: Y2 -> "21.9894065"
 Parameter: YNCEL -> "219"
 Parameter: A -> "12.6"
 Parameter: B -> "12.8"

 A TOTAL OF   143212   VACUUM POINTS WERE FOUND
 A TOTAL OF    42938 OCCUPIED POINTS WERE FOUND
 A TOTAL OF        0 EXTERNAL POINTS WERE FOUND
 A TOTAL OF   143212 SELECTED POINTS WERE FOUND
 TOTAL OCCUPIED  VOLUME =      69.316831
 TOTAL SELECTED  VOLUME =     231.193860
 TOTAL FREE      VOLUME =     231.193860
 FRACTIONAL FREE VOLUME =      76.933656
  
 CHARMM>     
  
 CHARMM>    calc c = ?volume * @factor
 Parameter: FACTOR -> "5"
 RDCMND substituted energy or value "?VOLUME" to "69.3168308"
Evaluating: 69.3168308*5
 Parameter: C <- "346.584154"
  
 CHARMM>     
  
 CHARMM>    if a .lt. -10 if a .gt. -20 if c .gt. @botarea set botarea = @c
 Parameter: BOTAREA -> "396.273754"
 Parameter: C -> "346.584154"
 Comparing "12.6" and "-10".
 IF test evaluated as false.  Skipping command
  
 CHARMM>    if a .gt.  10 if a .lt.  20 if c .gt. @toparea set toparea = @c
 Parameter: TOPAREA -> "436.519425"
 Parameter: C -> "346.584154"
 Comparing "12.6" and "10".
 IF test evaluated as true.  Performing command
 Comparing "12.6" and "20".
 IF test evaluated as true.  Performing command
 Comparing "346.584154" and "436.519425".
 IF test evaluated as false.  Skipping command
  
 CHARMM>     
  
 CHARMM>    write title unit 51
 RDTITL> * 12.8  346.584154
 RDTITL> *
  
 CHARMM>     
  
 CHARMM>    incr a by @dcel
 Parameter: DCEL -> "0.2"
 Parameter: A <- "12.8"
  
 CHARMM>    incr b by @dcel
 Parameter: DCEL -> "0.2"
 Parameter: B <- "13"
  
 CHARMM>    if b le ?ZMAX goto DOAREA
 RDCMND substituted energy or value "?ZMAX" to "17.1394014"
 Comparing "13" and "17.1394014".
 IF test evaluated as true.  Performing command
  
 CHARMM>     
  
 CHARMM>    ! Cross sectional protein area with whole atom.
 CHARMM>    scalar wmain = radius
  
 CHARMM>    scalar wmain mult 2.5   sele resname TIP3 end
 SELRPN>      0 atoms have been selected out of    872
  
 CHARMM>    scalar wmain add  1.529 sele .not. resname TIP3 end
 SELRPN>    872 atoms have been selected out of    872
  
 CHARMM>    scalar wmain mult 0.85  sele .not. resname TIP3 end
 SELRPN>    872 atoms have been selected out of    872
  
 CHARMM>    calc zab = ( @a + @b ) / 2.0
 Parameter: A -> "12.8"
 Parameter: B -> "13"
Evaluating: (12.8+13)/2.0
 Parameter: ZAB <- "12.9"
  
 CHARMM>     
  
 CHARMM>    coor search -
 CHARMM>         xmin @x1  xmax @x2  xgrip @xncel -
 CHARMM>         ymin @y1  ymax @y2  ygrip @yncel -
 CHARMM>         zmin @a   zmax @b   zgrip 5
 Parameter: X1 -> "-17.0826968"
 Parameter: X2 -> "17.0826968"
 Parameter: XNCEL -> "170"
 Parameter: Y1 -> "-21.9894065"
 Parameter: Y2 -> "21.9894065"
 Parameter: YNCEL -> "219"
 Parameter: A -> "12.8"
 Parameter: B -> "13"

 A TOTAL OF   144370   VACUUM POINTS WERE FOUND
 A TOTAL OF    41780 OCCUPIED POINTS WERE FOUND
 A TOTAL OF        0 EXTERNAL POINTS WERE FOUND
 A TOTAL OF   144370 SELECTED POINTS WERE FOUND
 TOTAL OCCUPIED  VOLUME =      67.447417
 TOTAL SELECTED  VOLUME =     233.063274
 TOTAL FREE      VOLUME =     233.063274
 FRACTIONAL FREE VOLUME =      77.555735
  
 CHARMM>     
  
 CHARMM>    calc c = ?volume * @factor
 Parameter: FACTOR -> "5"
 RDCMND substituted energy or value "?VOLUME" to "67.447417"
Evaluating: 67.447417*5
 Parameter: C <- "337.237085"
  
 CHARMM>     
  
 CHARMM>    if a .lt. -10 if a .gt. -20 if c .gt. @botarea set botarea = @c
 Parameter: BOTAREA -> "396.273754"
 Parameter: C -> "337.237085"
 Comparing "12.8" and "-10".
 IF test evaluated as false.  Skipping command
  
 CHARMM>    if a .gt.  10 if a .lt.  20 if c .gt. @toparea set toparea = @c
 Parameter: TOPAREA -> "436.519425"
 Parameter: C -> "337.237085"
 Comparing "12.8" and "10".
 IF test evaluated as true.  Performing command
 Comparing "12.8" and "20".
 IF test evaluated as true.  Performing command
 Comparing "337.237085" and "436.519425".
 IF test evaluated as false.  Skipping command
  
 CHARMM>     
  
 CHARMM>    write title unit 51
 RDTITL> * 13  337.237085
 RDTITL> *
  
 CHARMM>     
  
 CHARMM>    incr a by @dcel
 Parameter: DCEL -> "0.2"
 Parameter: A <- "13"
  
 CHARMM>    incr b by @dcel
 Parameter: DCEL -> "0.2"
 Parameter: B <- "13.2"
  
 CHARMM>    if b le ?ZMAX goto DOAREA
 RDCMND substituted energy or value "?ZMAX" to "17.1394014"
 Comparing "13.2" and "17.1394014".
 IF test evaluated as true.  Performing command
  
 CHARMM>     
  
 CHARMM>    ! Cross sectional protein area with whole atom.
 CHARMM>    scalar wmain = radius
  
 CHARMM>    scalar wmain mult 2.5   sele resname TIP3 end
 SELRPN>      0 atoms have been selected out of    872
  
 CHARMM>    scalar wmain add  1.529 sele .not. resname TIP3 end
 SELRPN>    872 atoms have been selected out of    872
  
 CHARMM>    scalar wmain mult 0.85  sele .not. resname TIP3 end
 SELRPN>    872 atoms have been selected out of    872
  
 CHARMM>    calc zab = ( @a + @b ) / 2.0
 Parameter: A -> "13"
 Parameter: B -> "13.2"
Evaluating: (13+13.2)/2.0
 Parameter: ZAB <- "13.1"
  
 CHARMM>     
  
 CHARMM>    coor search -
 CHARMM>         xmin @x1  xmax @x2  xgrip @xncel -
 CHARMM>         ymin @y1  ymax @y2  ygrip @yncel -
 CHARMM>         zmin @a   zmax @b   zgrip 5
 Parameter: X1 -> "-17.0826968"
 Parameter: X2 -> "17.0826968"
 Parameter: XNCEL -> "170"
 Parameter: Y1 -> "-21.9894065"
 Parameter: Y2 -> "21.9894065"
 Parameter: YNCEL -> "219"
 Parameter: A -> "13"
 Parameter: B -> "13.2"

 A TOTAL OF   145546   VACUUM POINTS WERE FOUND
 A TOTAL OF    40604 OCCUPIED POINTS WERE FOUND
 A TOTAL OF        0 EXTERNAL POINTS WERE FOUND
 A TOTAL OF   145546 SELECTED POINTS WERE FOUND
 TOTAL OCCUPIED  VOLUME =      65.548945
 TOTAL SELECTED  VOLUME =     234.961746
 TOTAL FREE      VOLUME =     234.961746
 FRACTIONAL FREE VOLUME =      78.187483
  
 CHARMM>     
  
 CHARMM>    calc c = ?volume * @factor
 Parameter: FACTOR -> "5"
 RDCMND substituted energy or value "?VOLUME" to "65.548945"
Evaluating: 65.548945*5
 Parameter: C <- "327.744725"
  
 CHARMM>     
  
 CHARMM>    if a .lt. -10 if a .gt. -20 if c .gt. @botarea set botarea = @c
 Parameter: BOTAREA -> "396.273754"
 Parameter: C -> "327.744725"
 Comparing "13" and "-10".
 IF test evaluated as false.  Skipping command
  
 CHARMM>    if a .gt.  10 if a .lt.  20 if c .gt. @toparea set toparea = @c
 Parameter: TOPAREA -> "436.519425"
 Parameter: C -> "327.744725"
 Comparing "13" and "10".
 IF test evaluated as true.  Performing command
 Comparing "13" and "20".
 IF test evaluated as true.  Performing command
 Comparing "327.744725" and "436.519425".
 IF test evaluated as false.  Skipping command
  
 CHARMM>     
  
 CHARMM>    write title unit 51
 RDTITL> * 13.2  327.744725
 RDTITL> *
  
 CHARMM>     
  
 CHARMM>    incr a by @dcel
 Parameter: DCEL -> "0.2"
 Parameter: A <- "13.2"
  
 CHARMM>    incr b by @dcel
 Parameter: DCEL -> "0.2"
 Parameter: B <- "13.4"
  
 CHARMM>    if b le ?ZMAX goto DOAREA
 RDCMND substituted energy or value "?ZMAX" to "17.1394014"
 Comparing "13.4" and "17.1394014".
 IF test evaluated as true.  Performing command
  
 CHARMM>     
  
 CHARMM>    ! Cross sectional protein area with whole atom.
 CHARMM>    scalar wmain = radius
  
 CHARMM>    scalar wmain mult 2.5   sele resname TIP3 end
 SELRPN>      0 atoms have been selected out of    872
  
 CHARMM>    scalar wmain add  1.529 sele .not. resname TIP3 end
 SELRPN>    872 atoms have been selected out of    872
  
 CHARMM>    scalar wmain mult 0.85  sele .not. resname TIP3 end
 SELRPN>    872 atoms have been selected out of    872
  
 CHARMM>    calc zab = ( @a + @b ) / 2.0
 Parameter: A -> "13.2"
 Parameter: B -> "13.4"
Evaluating: (13.2+13.4)/2.0
 Parameter: ZAB <- "13.3"
  
 CHARMM>     
  
 CHARMM>    coor search -
 CHARMM>         xmin @x1  xmax @x2  xgrip @xncel -
 CHARMM>         ymin @y1  ymax @y2  ygrip @yncel -
 CHARMM>         zmin @a   zmax @b   zgrip 5
 Parameter: X1 -> "-17.0826968"
 Parameter: X2 -> "17.0826968"
 Parameter: XNCEL -> "170"
 Parameter: Y1 -> "-21.9894065"
 Parameter: Y2 -> "21.9894065"
 Parameter: YNCEL -> "219"
 Parameter: A -> "13.2"
 Parameter: B -> "13.4"

 A TOTAL OF   146860   VACUUM POINTS WERE FOUND
 A TOTAL OF    39290 OCCUPIED POINTS WERE FOUND
 A TOTAL OF        0 EXTERNAL POINTS WERE FOUND
 A TOTAL OF   146860 SELECTED POINTS WERE FOUND
 TOTAL OCCUPIED  VOLUME =      63.427693
 TOTAL SELECTED  VOLUME =     237.082998
 TOTAL FREE      VOLUME =     237.082998
 FRACTIONAL FREE VOLUME =      78.893366
  
 CHARMM>     
  
 CHARMM>    calc c = ?volume * @factor
 Parameter: FACTOR -> "5"
 RDCMND substituted energy or value "?VOLUME" to "63.427693"
Evaluating: 63.427693*5
 Parameter: C <- "317.138465"
  
 CHARMM>     
  
 CHARMM>    if a .lt. -10 if a .gt. -20 if c .gt. @botarea set botarea = @c
 Parameter: BOTAREA -> "396.273754"
 Parameter: C -> "317.138465"
 Comparing "13.2" and "-10".
 IF test evaluated as false.  Skipping command
  
 CHARMM>    if a .gt.  10 if a .lt.  20 if c .gt. @toparea set toparea = @c
 Parameter: TOPAREA -> "436.519425"
 Parameter: C -> "317.138465"
 Comparing "13.2" and "10".
 IF test evaluated as true.  Performing command
 Comparing "13.2" and "20".
 IF test evaluated as true.  Performing command
 Comparing "317.138465" and "436.519425".
 IF test evaluated as false.  Skipping command
  
 CHARMM>     
  
 CHARMM>    write title unit 51
 RDTITL> * 13.4  317.138465
 RDTITL> *
  
 CHARMM>     
  
 CHARMM>    incr a by @dcel
 Parameter: DCEL -> "0.2"
 Parameter: A <- "13.4"
  
 CHARMM>    incr b by @dcel
 Parameter: DCEL -> "0.2"
 Parameter: B <- "13.6"
  
 CHARMM>    if b le ?ZMAX goto DOAREA
 RDCMND substituted energy or value "?ZMAX" to "17.1394014"
 Comparing "13.6" and "17.1394014".
 IF test evaluated as true.  Performing command
  
 CHARMM>     
  
 CHARMM>    ! Cross sectional protein area with whole atom.
 CHARMM>    scalar wmain = radius
  
 CHARMM>    scalar wmain mult 2.5   sele resname TIP3 end
 SELRPN>      0 atoms have been selected out of    872
  
 CHARMM>    scalar wmain add  1.529 sele .not. resname TIP3 end
 SELRPN>    872 atoms have been selected out of    872
  
 CHARMM>    scalar wmain mult 0.85  sele .not. resname TIP3 end
 SELRPN>    872 atoms have been selected out of    872
  
 CHARMM>    calc zab = ( @a + @b ) / 2.0
 Parameter: A -> "13.4"
 Parameter: B -> "13.6"
Evaluating: (13.4+13.6)/2.0
 Parameter: ZAB <- "13.5"
  
 CHARMM>     
  
 CHARMM>    coor search -
 CHARMM>         xmin @x1  xmax @x2  xgrip @xncel -
 CHARMM>         ymin @y1  ymax @y2  ygrip @yncel -
 CHARMM>         zmin @a   zmax @b   zgrip 5
 Parameter: X1 -> "-17.0826968"
 Parameter: X2 -> "17.0826968"
 Parameter: XNCEL -> "170"
 Parameter: Y1 -> "-21.9894065"
 Parameter: Y2 -> "21.9894065"
 Parameter: YNCEL -> "219"
 Parameter: A -> "13.4"
 Parameter: B -> "13.6"

 A TOTAL OF   148042   VACUUM POINTS WERE FOUND
 A TOTAL OF    38108 OCCUPIED POINTS WERE FOUND
 A TOTAL OF        0 EXTERNAL POINTS WERE FOUND
 A TOTAL OF   148042 SELECTED POINTS WERE FOUND
 TOTAL OCCUPIED  VOLUME =      61.519535
 TOTAL SELECTED  VOLUME =     238.991156
 TOTAL FREE      VOLUME =     238.991156
 FRACTIONAL FREE VOLUME =      79.528337
  
 CHARMM>     
  
 CHARMM>    calc c = ?volume * @factor
 Parameter: FACTOR -> "5"
 RDCMND substituted energy or value "?VOLUME" to "61.5195349"
Evaluating: 61.5195349*5
 Parameter: C <- "307.597674"
  
 CHARMM>     
  
 CHARMM>    if a .lt. -10 if a .gt. -20 if c .gt. @botarea set botarea = @c
 Parameter: BOTAREA -> "396.273754"
 Parameter: C -> "307.597674"
 Comparing "13.4" and "-10".
 IF test evaluated as false.  Skipping command
  
 CHARMM>    if a .gt.  10 if a .lt.  20 if c .gt. @toparea set toparea = @c
 Parameter: TOPAREA -> "436.519425"
 Parameter: C -> "307.597674"
 Comparing "13.4" and "10".
 IF test evaluated as true.  Performing command
 Comparing "13.4" and "20".
 IF test evaluated as true.  Performing command
 Comparing "307.597674" and "436.519425".
 IF test evaluated as false.  Skipping command
  
 CHARMM>     
  
 CHARMM>    write title unit 51
 RDTITL> * 13.6  307.597674
 RDTITL> *
  
 CHARMM>     
  
 CHARMM>    incr a by @dcel
 Parameter: DCEL -> "0.2"
 Parameter: A <- "13.6"
  
 CHARMM>    incr b by @dcel
 Parameter: DCEL -> "0.2"
 Parameter: B <- "13.8"
  
 CHARMM>    if b le ?ZMAX goto DOAREA
 RDCMND substituted energy or value "?ZMAX" to "17.1394014"
 Comparing "13.8" and "17.1394014".
 IF test evaluated as true.  Performing command
  
 CHARMM>     
  
 CHARMM>    ! Cross sectional protein area with whole atom.
 CHARMM>    scalar wmain = radius
  
 CHARMM>    scalar wmain mult 2.5   sele resname TIP3 end
 SELRPN>      0 atoms have been selected out of    872
  
 CHARMM>    scalar wmain add  1.529 sele .not. resname TIP3 end
 SELRPN>    872 atoms have been selected out of    872
  
 CHARMM>    scalar wmain mult 0.85  sele .not. resname TIP3 end
 SELRPN>    872 atoms have been selected out of    872
  
 CHARMM>    calc zab = ( @a + @b ) / 2.0
 Parameter: A -> "13.6"
 Parameter: B -> "13.8"
Evaluating: (13.6+13.8)/2.0
 Parameter: ZAB <- "13.7"
  
 CHARMM>     
  
 CHARMM>    coor search -
 CHARMM>         xmin @x1  xmax @x2  xgrip @xncel -
 CHARMM>         ymin @y1  ymax @y2  ygrip @yncel -
 CHARMM>         zmin @a   zmax @b   zgrip 5
 Parameter: X1 -> "-17.0826968"
 Parameter: X2 -> "17.0826968"
 Parameter: XNCEL -> "170"
 Parameter: Y1 -> "-21.9894065"
 Parameter: Y2 -> "21.9894065"
 Parameter: YNCEL -> "219"
 Parameter: A -> "13.6"
 Parameter: B -> "13.8"

 A TOTAL OF   149332   VACUUM POINTS WERE FOUND
 A TOTAL OF    36818 OCCUPIED POINTS WERE FOUND
 A TOTAL OF        0 EXTERNAL POINTS WERE FOUND
 A TOTAL OF   149332 SELECTED POINTS WERE FOUND
 TOTAL OCCUPIED  VOLUME =      59.437027
 TOTAL SELECTED  VOLUME =     241.073664
 TOTAL FREE      VOLUME =     241.073664
 FRACTIONAL FREE VOLUME =      80.221327
  
 CHARMM>     
  
 CHARMM>    calc c = ?volume * @factor
 Parameter: FACTOR -> "5"
 RDCMND substituted energy or value "?VOLUME" to "59.4370273"
Evaluating: 59.4370273*5
 Parameter: C <- "297.185136"
  
 CHARMM>     
  
 CHARMM>    if a .lt. -10 if a .gt. -20 if c .gt. @botarea set botarea = @c
 Parameter: BOTAREA -> "396.273754"
 Parameter: C -> "297.185136"
 Comparing "13.6" and "-10".
 IF test evaluated as false.  Skipping command
  
 CHARMM>    if a .gt.  10 if a .lt.  20 if c .gt. @toparea set toparea = @c
 Parameter: TOPAREA -> "436.519425"
 Parameter: C -> "297.185136"
 Comparing "13.6" and "10".
 IF test evaluated as true.  Performing command
 Comparing "13.6" and "20".
 IF test evaluated as true.  Performing command
 Comparing "297.185136" and "436.519425".
 IF test evaluated as false.  Skipping command
  
 CHARMM>     
  
 CHARMM>    write title unit 51
 RDTITL> * 13.8  297.185136
 RDTITL> *
  
 CHARMM>     
  
 CHARMM>    incr a by @dcel
 Parameter: DCEL -> "0.2"
 Parameter: A <- "13.8"
  
 CHARMM>    incr b by @dcel
 Parameter: DCEL -> "0.2"
 Parameter: B <- "14"
  
 CHARMM>    if b le ?ZMAX goto DOAREA
 RDCMND substituted energy or value "?ZMAX" to "17.1394014"
 Comparing "14" and "17.1394014".
 IF test evaluated as true.  Performing command
  
 CHARMM>     
  
 CHARMM>    ! Cross sectional protein area with whole atom.
 CHARMM>    scalar wmain = radius
  
 CHARMM>    scalar wmain mult 2.5   sele resname TIP3 end
 SELRPN>      0 atoms have been selected out of    872
  
 CHARMM>    scalar wmain add  1.529 sele .not. resname TIP3 end
 SELRPN>    872 atoms have been selected out of    872
  
 CHARMM>    scalar wmain mult 0.85  sele .not. resname TIP3 end
 SELRPN>    872 atoms have been selected out of    872
  
 CHARMM>    calc zab = ( @a + @b ) / 2.0
 Parameter: A -> "13.8"
 Parameter: B -> "14"
Evaluating: (13.8+14)/2.0
 Parameter: ZAB <- "13.9"
  
 CHARMM>     
  
 CHARMM>    coor search -
 CHARMM>         xmin @x1  xmax @x2  xgrip @xncel -
 CHARMM>         ymin @y1  ymax @y2  ygrip @yncel -
 CHARMM>         zmin @a   zmax @b   zgrip 5
 Parameter: X1 -> "-17.0826968"
 Parameter: X2 -> "17.0826968"
 Parameter: XNCEL -> "170"
 Parameter: Y1 -> "-21.9894065"
 Parameter: Y2 -> "21.9894065"
 Parameter: YNCEL -> "219"
 Parameter: A -> "13.8"
 Parameter: B -> "14"

 A TOTAL OF   150280   VACUUM POINTS WERE FOUND
 A TOTAL OF    35870 OCCUPIED POINTS WERE FOUND
 A TOTAL OF        0 EXTERNAL POINTS WERE FOUND
 A TOTAL OF   150280 SELECTED POINTS WERE FOUND
 TOTAL OCCUPIED  VOLUME =      57.906626
 TOTAL SELECTED  VOLUME =     242.604065
 TOTAL FREE      VOLUME =     242.604065
 FRACTIONAL FREE VOLUME =      80.730594
  
 CHARMM>     
  
 CHARMM>    calc c = ?volume * @factor
 Parameter: FACTOR -> "5"
 RDCMND substituted energy or value "?VOLUME" to "57.9066263"
Evaluating: 57.9066263*5
 Parameter: C <- "289.533131"
  
 CHARMM>     
  
 CHARMM>    if a .lt. -10 if a .gt. -20 if c .gt. @botarea set botarea = @c
 Parameter: BOTAREA -> "396.273754"
 Parameter: C -> "289.533131"
 Comparing "13.8" and "-10".
 IF test evaluated as false.  Skipping command
  
 CHARMM>    if a .gt.  10 if a .lt.  20 if c .gt. @toparea set toparea = @c
 Parameter: TOPAREA -> "436.519425"
 Parameter: C -> "289.533131"
 Comparing "13.8" and "10".
 IF test evaluated as true.  Performing command
 Comparing "13.8" and "20".
 IF test evaluated as true.  Performing command
 Comparing "289.533131" and "436.519425".
 IF test evaluated as false.  Skipping command
  
 CHARMM>     
  
 CHARMM>    write title unit 51
 RDTITL> * 14  289.533131
 RDTITL> *
  
 CHARMM>     
  
 CHARMM>    incr a by @dcel
 Parameter: DCEL -> "0.2"
 Parameter: A <- "14"
  
 CHARMM>    incr b by @dcel
 Parameter: DCEL -> "0.2"
 Parameter: B <- "14.2"
  
 CHARMM>    if b le ?ZMAX goto DOAREA
 RDCMND substituted energy or value "?ZMAX" to "17.1394014"
 Comparing "14.2" and "17.1394014".
 IF test evaluated as true.  Performing command
  
 CHARMM>     
  
 CHARMM>    ! Cross sectional protein area with whole atom.
 CHARMM>    scalar wmain = radius
  
 CHARMM>    scalar wmain mult 2.5   sele resname TIP3 end
 SELRPN>      0 atoms have been selected out of    872
  
 CHARMM>    scalar wmain add  1.529 sele .not. resname TIP3 end
 SELRPN>    872 atoms have been selected out of    872
  
 CHARMM>    scalar wmain mult 0.85  sele .not. resname TIP3 end
 SELRPN>    872 atoms have been selected out of    872
  
 CHARMM>    calc zab = ( @a + @b ) / 2.0
 Parameter: A -> "14"
 Parameter: B -> "14.2"
Evaluating: (14+14.2)/2.0
 Parameter: ZAB <- "14.1"
  
 CHARMM>     
  
 CHARMM>    coor search -
 CHARMM>         xmin @x1  xmax @x2  xgrip @xncel -
 CHARMM>         ymin @y1  ymax @y2  ygrip @yncel -
 CHARMM>         zmin @a   zmax @b   zgrip 5
 Parameter: X1 -> "-17.0826968"
 Parameter: X2 -> "17.0826968"
 Parameter: XNCEL -> "170"
 Parameter: Y1 -> "-21.9894065"
 Parameter: Y2 -> "21.9894065"
 Parameter: YNCEL -> "219"
 Parameter: A -> "14"
 Parameter: B -> "14.2"

 A TOTAL OF   150948   VACUUM POINTS WERE FOUND
 A TOTAL OF    35202 OCCUPIED POINTS WERE FOUND
 A TOTAL OF        0 EXTERNAL POINTS WERE FOUND
 A TOTAL OF   150948 SELECTED POINTS WERE FOUND
 TOTAL OCCUPIED  VOLUME =      56.828243
 TOTAL SELECTED  VOLUME =     243.682449
 TOTAL FREE      VOLUME =     243.682449
 FRACTIONAL FREE VOLUME =      81.089444
  
 CHARMM>     
  
 CHARMM>    calc c = ?volume * @factor
 Parameter: FACTOR -> "5"
 RDCMND substituted energy or value "?VOLUME" to "56.8282426"
Evaluating: 56.8282426*5
 Parameter: C <- "284.141213"
  
 CHARMM>     
  
 CHARMM>    if a .lt. -10 if a .gt. -20 if c .gt. @botarea set botarea = @c
 Parameter: BOTAREA -> "396.273754"
 Parameter: C -> "284.141213"
 Comparing "14" and "-10".
 IF test evaluated as false.  Skipping command
  
 CHARMM>    if a .gt.  10 if a .lt.  20 if c .gt. @toparea set toparea = @c
 Parameter: TOPAREA -> "436.519425"
 Parameter: C -> "284.141213"
 Comparing "14" and "10".
 IF test evaluated as true.  Performing command
 Comparing "14" and "20".
 IF test evaluated as true.  Performing command
 Comparing "284.141213" and "436.519425".
 IF test evaluated as false.  Skipping command
  
 CHARMM>     
  
 CHARMM>    write title unit 51
 RDTITL> * 14.2  284.141213
 RDTITL> *
  
 CHARMM>     
  
 CHARMM>    incr a by @dcel
 Parameter: DCEL -> "0.2"
 Parameter: A <- "14.2"
  
 CHARMM>    incr b by @dcel
 Parameter: DCEL -> "0.2"
 Parameter: B <- "14.4"
  
 CHARMM>    if b le ?ZMAX goto DOAREA
 RDCMND substituted energy or value "?ZMAX" to "17.1394014"
 Comparing "14.4" and "17.1394014".
 IF test evaluated as true.  Performing command
  
 CHARMM>     
  
 CHARMM>    ! Cross sectional protein area with whole atom.
 CHARMM>    scalar wmain = radius
  
 CHARMM>    scalar wmain mult 2.5   sele resname TIP3 end
 SELRPN>      0 atoms have been selected out of    872
  
 CHARMM>    scalar wmain add  1.529 sele .not. resname TIP3 end
 SELRPN>    872 atoms have been selected out of    872
  
 CHARMM>    scalar wmain mult 0.85  sele .not. resname TIP3 end
 SELRPN>    872 atoms have been selected out of    872
  
 CHARMM>    calc zab = ( @a + @b ) / 2.0
 Parameter: A -> "14.2"
 Parameter: B -> "14.4"
Evaluating: (14.2+14.4)/2.0
 Parameter: ZAB <- "14.3"
  
 CHARMM>     
  
 CHARMM>    coor search -
 CHARMM>         xmin @x1  xmax @x2  xgrip @xncel -
 CHARMM>         ymin @y1  ymax @y2  ygrip @yncel -
 CHARMM>         zmin @a   zmax @b   zgrip 5
 Parameter: X1 -> "-17.0826968"
 Parameter: X2 -> "17.0826968"
 Parameter: XNCEL -> "170"
 Parameter: Y1 -> "-21.9894065"
 Parameter: Y2 -> "21.9894065"
 Parameter: YNCEL -> "219"
 Parameter: A -> "14.2"
 Parameter: B -> "14.4"

 A TOTAL OF   151740   VACUUM POINTS WERE FOUND
 A TOTAL OF    34410 OCCUPIED POINTS WERE FOUND
 A TOTAL OF        0 EXTERNAL POINTS WERE FOUND
 A TOTAL OF   151740 SELECTED POINTS WERE FOUND
 TOTAL OCCUPIED  VOLUME =      55.549680
 TOTAL SELECTED  VOLUME =     244.961011
 TOTAL FREE      VOLUME =     244.961011
 FRACTIONAL FREE VOLUME =      81.514907
  
 CHARMM>     
  
 CHARMM>    calc c = ?volume * @factor
 Parameter: FACTOR -> "5"
 RDCMND substituted energy or value "?VOLUME" to "55.5496798"
Evaluating: 55.5496798*5
 Parameter: C <- "277.748399"
  
 CHARMM>     
  
 CHARMM>    if a .lt. -10 if a .gt. -20 if c .gt. @botarea set botarea = @c
 Parameter: BOTAREA -> "396.273754"
 Parameter: C -> "277.748399"
 Comparing "14.2" and "-10".
 IF test evaluated as false.  Skipping command
  
 CHARMM>    if a .gt.  10 if a .lt.  20 if c .gt. @toparea set toparea = @c
 Parameter: TOPAREA -> "436.519425"
 Parameter: C -> "277.748399"
 Comparing "14.2" and "10".
 IF test evaluated as true.  Performing command
 Comparing "14.2" and "20".
 IF test evaluated as true.  Performing command
 Comparing "277.748399" and "436.519425".
 IF test evaluated as false.  Skipping command
  
 CHARMM>     
  
 CHARMM>    write title unit 51
 RDTITL> * 14.4  277.748399
 RDTITL> *
  
 CHARMM>     
  
 CHARMM>    incr a by @dcel
 Parameter: DCEL -> "0.2"
 Parameter: A <- "14.4"
  
 CHARMM>    incr b by @dcel
 Parameter: DCEL -> "0.2"
 Parameter: B <- "14.6"
  
 CHARMM>    if b le ?ZMAX goto DOAREA
 RDCMND substituted energy or value "?ZMAX" to "17.1394014"
 Comparing "14.6" and "17.1394014".
 IF test evaluated as true.  Performing command
  
 CHARMM>     
  
 CHARMM>    ! Cross sectional protein area with whole atom.
 CHARMM>    scalar wmain = radius
  
 CHARMM>    scalar wmain mult 2.5   sele resname TIP3 end
 SELRPN>      0 atoms have been selected out of    872
  
 CHARMM>    scalar wmain add  1.529 sele .not. resname TIP3 end
 SELRPN>    872 atoms have been selected out of    872
  
 CHARMM>    scalar wmain mult 0.85  sele .not. resname TIP3 end
 SELRPN>    872 atoms have been selected out of    872
  
 CHARMM>    calc zab = ( @a + @b ) / 2.0
 Parameter: A -> "14.4"
 Parameter: B -> "14.6"
Evaluating: (14.4+14.6)/2.0
 Parameter: ZAB <- "14.5"
  
 CHARMM>     
  
 CHARMM>    coor search -
 CHARMM>         xmin @x1  xmax @x2  xgrip @xncel -
 CHARMM>         ymin @y1  ymax @y2  ygrip @yncel -
 CHARMM>         zmin @a   zmax @b   zgrip 5
 Parameter: X1 -> "-17.0826968"
 Parameter: X2 -> "17.0826968"
 Parameter: XNCEL -> "170"
 Parameter: Y1 -> "-21.9894065"
 Parameter: Y2 -> "21.9894065"
 Parameter: YNCEL -> "219"
 Parameter: A -> "14.4"
 Parameter: B -> "14.6"

 A TOTAL OF   152524   VACUUM POINTS WERE FOUND
 A TOTAL OF    33626 OCCUPIED POINTS WERE FOUND
 A TOTAL OF        0 EXTERNAL POINTS WERE FOUND
 A TOTAL OF   152524 SELECTED POINTS WERE FOUND
 TOTAL OCCUPIED  VOLUME =      54.284032
 TOTAL SELECTED  VOLUME =     246.226660
 TOTAL FREE      VOLUME =     246.226660
 FRACTIONAL FREE VOLUME =      81.936073
  
 CHARMM>     
  
 CHARMM>    calc c = ?volume * @factor
 Parameter: FACTOR -> "5"
 RDCMND substituted energy or value "?VOLUME" to "54.2840317"
Evaluating: 54.2840317*5
 Parameter: C <- "271.420159"
  
 CHARMM>     
  
 CHARMM>    if a .lt. -10 if a .gt. -20 if c .gt. @botarea set botarea = @c
 Parameter: BOTAREA -> "396.273754"
 Parameter: C -> "271.420159"
 Comparing "14.4" and "-10".
 IF test evaluated as false.  Skipping command
  
 CHARMM>    if a .gt.  10 if a .lt.  20 if c .gt. @toparea set toparea = @c
 Parameter: TOPAREA -> "436.519425"
 Parameter: C -> "271.420159"
 Comparing "14.4" and "10".
 IF test evaluated as true.  Performing command
 Comparing "14.4" and "20".
 IF test evaluated as true.  Performing command
 Comparing "271.420159" and "436.519425".
 IF test evaluated as false.  Skipping command
  
 CHARMM>     
  
 CHARMM>    write title unit 51
 RDTITL> * 14.6  271.420159
 RDTITL> *
  
 CHARMM>     
  
 CHARMM>    incr a by @dcel
 Parameter: DCEL -> "0.2"
 Parameter: A <- "14.6"
  
 CHARMM>    incr b by @dcel
 Parameter: DCEL -> "0.2"
 Parameter: B <- "14.8"
  
 CHARMM>    if b le ?ZMAX goto DOAREA
 RDCMND substituted energy or value "?ZMAX" to "17.1394014"
 Comparing "14.8" and "17.1394014".
 IF test evaluated as true.  Performing command
  
 CHARMM>     
  
 CHARMM>    ! Cross sectional protein area with whole atom.
 CHARMM>    scalar wmain = radius
  
 CHARMM>    scalar wmain mult 2.5   sele resname TIP3 end
 SELRPN>      0 atoms have been selected out of    872
  
 CHARMM>    scalar wmain add  1.529 sele .not. resname TIP3 end
 SELRPN>    872 atoms have been selected out of    872
  
 CHARMM>    scalar wmain mult 0.85  sele .not. resname TIP3 end
 SELRPN>    872 atoms have been selected out of    872
  
 CHARMM>    calc zab = ( @a + @b ) / 2.0
 Parameter: A -> "14.6"
 Parameter: B -> "14.8"
Evaluating: (14.6+14.8)/2.0
 Parameter: ZAB <- "14.7"
  
 CHARMM>     
  
 CHARMM>    coor search -
 CHARMM>         xmin @x1  xmax @x2  xgrip @xncel -
 CHARMM>         ymin @y1  ymax @y2  ygrip @yncel -
 CHARMM>         zmin @a   zmax @b   zgrip 5
 Parameter: X1 -> "-17.0826968"
 Parameter: X2 -> "17.0826968"
 Parameter: XNCEL -> "170"
 Parameter: Y1 -> "-21.9894065"
 Parameter: Y2 -> "21.9894065"
 Parameter: YNCEL -> "219"
 Parameter: A -> "14.6"
 Parameter: B -> "14.8"

 A TOTAL OF   152684   VACUUM POINTS WERE FOUND
 A TOTAL OF    33466 OCCUPIED POINTS WERE FOUND
 A TOTAL OF        0 EXTERNAL POINTS WERE FOUND
 A TOTAL OF   152684 SELECTED POINTS WERE FOUND
 TOTAL OCCUPIED  VOLUME =      54.025736
 TOTAL SELECTED  VOLUME =     246.484955
 TOTAL FREE      VOLUME =     246.484955
 FRACTIONAL FREE VOLUME =      82.022025
  
 CHARMM>     
  
 CHARMM>    calc c = ?volume * @factor
 Parameter: FACTOR -> "5"
 RDCMND substituted energy or value "?VOLUME" to "54.0257362"
Evaluating: 54.0257362*5
 Parameter: C <- "270.128681"
  
 CHARMM>     
  
 CHARMM>    if a .lt. -10 if a .gt. -20 if c .gt. @botarea set botarea = @c
 Parameter: BOTAREA -> "396.273754"
 Parameter: C -> "270.128681"
 Comparing "14.6" and "-10".
 IF test evaluated as false.  Skipping command
  
 CHARMM>    if a .gt.  10 if a .lt.  20 if c .gt. @toparea set toparea = @c
 Parameter: TOPAREA -> "436.519425"
 Parameter: C -> "270.128681"
 Comparing "14.6" and "10".
 IF test evaluated as true.  Performing command
 Comparing "14.6" and "20".
 IF test evaluated as true.  Performing command
 Comparing "270.128681" and "436.519425".
 IF test evaluated as false.  Skipping command
  
 CHARMM>     
  
 CHARMM>    write title unit 51
 RDTITL> * 14.8  270.128681
 RDTITL> *
  
 CHARMM>     
  
 CHARMM>    incr a by @dcel
 Parameter: DCEL -> "0.2"
 Parameter: A <- "14.8"
  
 CHARMM>    incr b by @dcel
 Parameter: DCEL -> "0.2"
 Parameter: B <- "15"
  
 CHARMM>    if b le ?ZMAX goto DOAREA
 RDCMND substituted energy or value "?ZMAX" to "17.1394014"
 Comparing "15" and "17.1394014".
 IF test evaluated as true.  Performing command
  
 CHARMM>     
  
 CHARMM>    ! Cross sectional protein area with whole atom.
 CHARMM>    scalar wmain = radius
  
 CHARMM>    scalar wmain mult 2.5   sele resname TIP3 end
 SELRPN>      0 atoms have been selected out of    872
  
 CHARMM>    scalar wmain add  1.529 sele .not. resname TIP3 end
 SELRPN>    872 atoms have been selected out of    872
  
 CHARMM>    scalar wmain mult 0.85  sele .not. resname TIP3 end
 SELRPN>    872 atoms have been selected out of    872
  
 CHARMM>    calc zab = ( @a + @b ) / 2.0
 Parameter: A -> "14.8"
 Parameter: B -> "15"
Evaluating: (14.8+15)/2.0
 Parameter: ZAB <- "14.9"
  
 CHARMM>     
  
 CHARMM>    coor search -
 CHARMM>         xmin @x1  xmax @x2  xgrip @xncel -
 CHARMM>         ymin @y1  ymax @y2  ygrip @yncel -
 CHARMM>         zmin @a   zmax @b   zgrip 5
 Parameter: X1 -> "-17.0826968"
 Parameter: X2 -> "17.0826968"
 Parameter: XNCEL -> "170"
 Parameter: Y1 -> "-21.9894065"
 Parameter: Y2 -> "21.9894065"
 Parameter: YNCEL -> "219"
 Parameter: A -> "14.8"
 Parameter: B -> "15"

 A TOTAL OF   152924   VACUUM POINTS WERE FOUND
 A TOTAL OF    33226 OCCUPIED POINTS WERE FOUND
 A TOTAL OF        0 EXTERNAL POINTS WERE FOUND
 A TOTAL OF   152924 SELECTED POINTS WERE FOUND
 TOTAL OCCUPIED  VOLUME =      53.638293
 TOTAL SELECTED  VOLUME =     246.872398
 TOTAL FREE      VOLUME =     246.872398
 FRACTIONAL FREE VOLUME =      82.150954
  
 CHARMM>     
  
 CHARMM>    calc c = ?volume * @factor
 Parameter: FACTOR -> "5"
 RDCMND substituted energy or value "?VOLUME" to "53.6382929"
Evaluating: 53.6382929*5
 Parameter: C <- "268.191464"
  
 CHARMM>     
  
 CHARMM>    if a .lt. -10 if a .gt. -20 if c .gt. @botarea set botarea = @c
 Parameter: BOTAREA -> "396.273754"
 Parameter: C -> "268.191464"
 Comparing "14.8" and "-10".
 IF test evaluated as false.  Skipping command
  
 CHARMM>    if a .gt.  10 if a .lt.  20 if c .gt. @toparea set toparea = @c
 Parameter: TOPAREA -> "436.519425"
 Parameter: C -> "268.191464"
 Comparing "14.8" and "10".
 IF test evaluated as true.  Performing command
 Comparing "14.8" and "20".
 IF test evaluated as true.  Performing command
 Comparing "268.191464" and "436.519425".
 IF test evaluated as false.  Skipping command
  
 CHARMM>     
  
 CHARMM>    write title unit 51
 RDTITL> * 15  268.191464
 RDTITL> *
  
 CHARMM>     
  
 CHARMM>    incr a by @dcel
 Parameter: DCEL -> "0.2"
 Parameter: A <- "15"
  
 CHARMM>    incr b by @dcel
 Parameter: DCEL -> "0.2"
 Parameter: B <- "15.2"
  
 CHARMM>    if b le ?ZMAX goto DOAREA
 RDCMND substituted energy or value "?ZMAX" to "17.1394014"
 Comparing "15.2" and "17.1394014".
 IF test evaluated as true.  Performing command
  
 CHARMM>     
  
 CHARMM>    ! Cross sectional protein area with whole atom.
 CHARMM>    scalar wmain = radius
  
 CHARMM>    scalar wmain mult 2.5   sele resname TIP3 end
 SELRPN>      0 atoms have been selected out of    872
  
 CHARMM>    scalar wmain add  1.529 sele .not. resname TIP3 end
 SELRPN>    872 atoms have been selected out of    872
  
 CHARMM>    scalar wmain mult 0.85  sele .not. resname TIP3 end
 SELRPN>    872 atoms have been selected out of    872
  
 CHARMM>    calc zab = ( @a + @b ) / 2.0
 Parameter: A -> "15"
 Parameter: B -> "15.2"
Evaluating: (15+15.2)/2.0
 Parameter: ZAB <- "15.1"
  
 CHARMM>     
  
 CHARMM>    coor search -
 CHARMM>         xmin @x1  xmax @x2  xgrip @xncel -
 CHARMM>         ymin @y1  ymax @y2  ygrip @yncel -
 CHARMM>         zmin @a   zmax @b   zgrip 5
 Parameter: X1 -> "-17.0826968"
 Parameter: X2 -> "17.0826968"
 Parameter: XNCEL -> "170"
 Parameter: Y1 -> "-21.9894065"
 Parameter: Y2 -> "21.9894065"
 Parameter: YNCEL -> "219"
 Parameter: A -> "15"
 Parameter: B -> "15.2"

 A TOTAL OF   153216   VACUUM POINTS WERE FOUND
 A TOTAL OF    32934 OCCUPIED POINTS WERE FOUND
 A TOTAL OF        0 EXTERNAL POINTS WERE FOUND
 A TOTAL OF   153216 SELECTED POINTS WERE FOUND
 TOTAL OCCUPIED  VOLUME =      53.166904
 TOTAL SELECTED  VOLUME =     247.343788
 TOTAL FREE      VOLUME =     247.343788
 FRACTIONAL FREE VOLUME =      82.307816
  
 CHARMM>     
  
 CHARMM>    calc c = ?volume * @factor
 Parameter: FACTOR -> "5"
 RDCMND substituted energy or value "?VOLUME" to "53.1669036"
Evaluating: 53.1669036*5
 Parameter: C <- "265.834518"
  
 CHARMM>     
  
 CHARMM>    if a .lt. -10 if a .gt. -20 if c .gt. @botarea set botarea = @c
 Parameter: BOTAREA -> "396.273754"
 Parameter: C -> "265.834518"
 Comparing "15" and "-10".
 IF test evaluated as false.  Skipping command
  
 CHARMM>    if a .gt.  10 if a .lt.  20 if c .gt. @toparea set toparea = @c
 Parameter: TOPAREA -> "436.519425"
 Parameter: C -> "265.834518"
 Comparing "15" and "10".
 IF test evaluated as true.  Performing command
 Comparing "15" and "20".
 IF test evaluated as true.  Performing command
 Comparing "265.834518" and "436.519425".
 IF test evaluated as false.  Skipping command
  
 CHARMM>     
  
 CHARMM>    write title unit 51
 RDTITL> * 15.2  265.834518
 RDTITL> *
  
 CHARMM>     
  
 CHARMM>    incr a by @dcel
 Parameter: DCEL -> "0.2"
 Parameter: A <- "15.2"
  
 CHARMM>    incr b by @dcel
 Parameter: DCEL -> "0.2"
 Parameter: B <- "15.4"
  
 CHARMM>    if b le ?ZMAX goto DOAREA
 RDCMND substituted energy or value "?ZMAX" to "17.1394014"
 Comparing "15.4" and "17.1394014".
 IF test evaluated as true.  Performing command
  
 CHARMM>     
  
 CHARMM>    ! Cross sectional protein area with whole atom.
 CHARMM>    scalar wmain = radius
  
 CHARMM>    scalar wmain mult 2.5   sele resname TIP3 end
 SELRPN>      0 atoms have been selected out of    872
  
 CHARMM>    scalar wmain add  1.529 sele .not. resname TIP3 end
 SELRPN>    872 atoms have been selected out of    872
  
 CHARMM>    scalar wmain mult 0.85  sele .not. resname TIP3 end
 SELRPN>    872 atoms have been selected out of    872
  
 CHARMM>    calc zab = ( @a + @b ) / 2.0
 Parameter: A -> "15.2"
 Parameter: B -> "15.4"
Evaluating: (15.2+15.4)/2.0
 Parameter: ZAB <- "15.3"
  
 CHARMM>     
  
 CHARMM>    coor search -
 CHARMM>         xmin @x1  xmax @x2  xgrip @xncel -
 CHARMM>         ymin @y1  ymax @y2  ygrip @yncel -
 CHARMM>         zmin @a   zmax @b   zgrip 5
 Parameter: X1 -> "-17.0826968"
 Parameter: X2 -> "17.0826968"
 Parameter: XNCEL -> "170"
 Parameter: Y1 -> "-21.9894065"
 Parameter: Y2 -> "21.9894065"
 Parameter: YNCEL -> "219"
 Parameter: A -> "15.2"
 Parameter: B -> "15.4"

 A TOTAL OF   153644   VACUUM POINTS WERE FOUND
 A TOTAL OF    32506 OCCUPIED POINTS WERE FOUND
 A TOTAL OF        0 EXTERNAL POINTS WERE FOUND
 A TOTAL OF   153644 SELECTED POINTS WERE FOUND
 TOTAL OCCUPIED  VOLUME =      52.475963
 TOTAL SELECTED  VOLUME =     248.034728
 TOTAL FREE      VOLUME =     248.034728
 FRACTIONAL FREE VOLUME =      82.537738
  
 CHARMM>     
  
 CHARMM>    calc c = ?volume * @factor
 Parameter: FACTOR -> "5"
 RDCMND substituted energy or value "?VOLUME" to "52.4759631"
Evaluating: 52.4759631*5
 Parameter: C <- "262.379816"
  
 CHARMM>     
  
 CHARMM>    if a .lt. -10 if a .gt. -20 if c .gt. @botarea set botarea = @c
 Parameter: BOTAREA -> "396.273754"
 Parameter: C -> "262.379816"
 Comparing "15.2" and "-10".
 IF test evaluated as false.  Skipping command
  
 CHARMM>    if a .gt.  10 if a .lt.  20 if c .gt. @toparea set toparea = @c
 Parameter: TOPAREA -> "436.519425"
 Parameter: C -> "262.379816"
 Comparing "15.2" and "10".
 IF test evaluated as true.  Performing command
 Comparing "15.2" and "20".
 IF test evaluated as true.  Performing command
 Comparing "262.379816" and "436.519425".
 IF test evaluated as false.  Skipping command
  
 CHARMM>     
  
 CHARMM>    write title unit 51
 RDTITL> * 15.4  262.379816
 RDTITL> *
  
 CHARMM>     
  
 CHARMM>    incr a by @dcel
 Parameter: DCEL -> "0.2"
 Parameter: A <- "15.4"
  
 CHARMM>    incr b by @dcel
 Parameter: DCEL -> "0.2"
 Parameter: B <- "15.6"
  
 CHARMM>    if b le ?ZMAX goto DOAREA
 RDCMND substituted energy or value "?ZMAX" to "17.1394014"
 Comparing "15.6" and "17.1394014".
 IF test evaluated as true.  Performing command
  
 CHARMM>     
  
 CHARMM>    ! Cross sectional protein area with whole atom.
 CHARMM>    scalar wmain = radius
  
 CHARMM>    scalar wmain mult 2.5   sele resname TIP3 end
 SELRPN>      0 atoms have been selected out of    872
  
 CHARMM>    scalar wmain add  1.529 sele .not. resname TIP3 end
 SELRPN>    872 atoms have been selected out of    872
  
 CHARMM>    scalar wmain mult 0.85  sele .not. resname TIP3 end
 SELRPN>    872 atoms have been selected out of    872
  
 CHARMM>    calc zab = ( @a + @b ) / 2.0
 Parameter: A -> "15.4"
 Parameter: B -> "15.6"
Evaluating: (15.4+15.6)/2.0
 Parameter: ZAB <- "15.5"
  
 CHARMM>     
  
 CHARMM>    coor search -
 CHARMM>         xmin @x1  xmax @x2  xgrip @xncel -
 CHARMM>         ymin @y1  ymax @y2  ygrip @yncel -
 CHARMM>         zmin @a   zmax @b   zgrip 5
 Parameter: X1 -> "-17.0826968"
 Parameter: X2 -> "17.0826968"
 Parameter: XNCEL -> "170"
 Parameter: Y1 -> "-21.9894065"
 Parameter: Y2 -> "21.9894065"
 Parameter: YNCEL -> "219"
 Parameter: A -> "15.4"
 Parameter: B -> "15.6"

 A TOTAL OF   154220   VACUUM POINTS WERE FOUND
 A TOTAL OF    31930 OCCUPIED POINTS WERE FOUND
 A TOTAL OF        0 EXTERNAL POINTS WERE FOUND
 A TOTAL OF   154220 SELECTED POINTS WERE FOUND
 TOTAL OCCUPIED  VOLUME =      51.546099
 TOTAL SELECTED  VOLUME =     248.964592
 TOTAL FREE      VOLUME =     248.964592
 FRACTIONAL FREE VOLUME =      82.847166
  
 CHARMM>     
  
 CHARMM>    calc c = ?volume * @factor
 Parameter: FACTOR -> "5"
 RDCMND substituted energy or value "?VOLUME" to "51.5460992"
Evaluating: 51.5460992*5
 Parameter: C <- "257.730496"
  
 CHARMM>     
  
 CHARMM>    if a .lt. -10 if a .gt. -20 if c .gt. @botarea set botarea = @c
 Parameter: BOTAREA -> "396.273754"
 Parameter: C -> "257.730496"
 Comparing "15.4" and "-10".
 IF test evaluated as false.  Skipping command
  
 CHARMM>    if a .gt.  10 if a .lt.  20 if c .gt. @toparea set toparea = @c
 Parameter: TOPAREA -> "436.519425"
 Parameter: C -> "257.730496"
 Comparing "15.4" and "10".
 IF test evaluated as true.  Performing command
 Comparing "15.4" and "20".
 IF test evaluated as true.  Performing command
 Comparing "257.730496" and "436.519425".
 IF test evaluated as false.  Skipping command
  
 CHARMM>     
  
 CHARMM>    write title unit 51
 RDTITL> * 15.6  257.730496
 RDTITL> *
  
 CHARMM>     
  
 CHARMM>    incr a by @dcel
 Parameter: DCEL -> "0.2"
 Parameter: A <- "15.6"
  
 CHARMM>    incr b by @dcel
 Parameter: DCEL -> "0.2"
 Parameter: B <- "15.8"
  
 CHARMM>    if b le ?ZMAX goto DOAREA
 RDCMND substituted energy or value "?ZMAX" to "17.1394014"
 Comparing "15.8" and "17.1394014".
 IF test evaluated as true.  Performing command
  
 CHARMM>     
  
 CHARMM>    ! Cross sectional protein area with whole atom.
 CHARMM>    scalar wmain = radius
  
 CHARMM>    scalar wmain mult 2.5   sele resname TIP3 end
 SELRPN>      0 atoms have been selected out of    872
  
 CHARMM>    scalar wmain add  1.529 sele .not. resname TIP3 end
 SELRPN>    872 atoms have been selected out of    872
  
 CHARMM>    scalar wmain mult 0.85  sele .not. resname TIP3 end
 SELRPN>    872 atoms have been selected out of    872
  
 CHARMM>    calc zab = ( @a + @b ) / 2.0
 Parameter: A -> "15.6"
 Parameter: B -> "15.8"
Evaluating: (15.6+15.8)/2.0
 Parameter: ZAB <- "15.7"
  
 CHARMM>     
  
 CHARMM>    coor search -
 CHARMM>         xmin @x1  xmax @x2  xgrip @xncel -
 CHARMM>         ymin @y1  ymax @y2  ygrip @yncel -
 CHARMM>         zmin @a   zmax @b   zgrip 5
 Parameter: X1 -> "-17.0826968"
 Parameter: X2 -> "17.0826968"
 Parameter: XNCEL -> "170"
 Parameter: Y1 -> "-21.9894065"
 Parameter: Y2 -> "21.9894065"
 Parameter: YNCEL -> "219"
 Parameter: A -> "15.6"
 Parameter: B -> "15.8"

 A TOTAL OF   154964   VACUUM POINTS WERE FOUND
 A TOTAL OF    31186 OCCUPIED POINTS WERE FOUND
 A TOTAL OF        0 EXTERNAL POINTS WERE FOUND
 A TOTAL OF   154964 SELECTED POINTS WERE FOUND
 TOTAL OCCUPIED  VOLUME =      50.345025
 TOTAL SELECTED  VOLUME =     250.165666
 TOTAL FREE      VOLUME =     250.165666
 FRACTIONAL FREE VOLUME =      83.246844
  
 CHARMM>     
  
 CHARMM>    calc c = ?volume * @factor
 Parameter: FACTOR -> "5"
 RDCMND substituted energy or value "?VOLUME" to "50.3450251"
Evaluating: 50.3450251*5
 Parameter: C <- "251.725125"
  
 CHARMM>     
  
 CHARMM>    if a .lt. -10 if a .gt. -20 if c .gt. @botarea set botarea = @c
 Parameter: BOTAREA -> "396.273754"
 Parameter: C -> "251.725125"
 Comparing "15.6" and "-10".
 IF test evaluated as false.  Skipping command
  
 CHARMM>    if a .gt.  10 if a .lt.  20 if c .gt. @toparea set toparea = @c
 Parameter: TOPAREA -> "436.519425"
 Parameter: C -> "251.725125"
 Comparing "15.6" and "10".
 IF test evaluated as true.  Performing command
 Comparing "15.6" and "20".
 IF test evaluated as true.  Performing command
 Comparing "251.725125" and "436.519425".
 IF test evaluated as false.  Skipping command
  
 CHARMM>     
  
 CHARMM>    write title unit 51
 RDTITL> * 15.8  251.725125
 RDTITL> *
  
 CHARMM>     
  
 CHARMM>    incr a by @dcel
 Parameter: DCEL -> "0.2"
 Parameter: A <- "15.8"
  
 CHARMM>    incr b by @dcel
 Parameter: DCEL -> "0.2"
 Parameter: B <- "16"
  
 CHARMM>    if b le ?ZMAX goto DOAREA
 RDCMND substituted energy or value "?ZMAX" to "17.1394014"
 Comparing "16" and "17.1394014".
 IF test evaluated as true.  Performing command
  
 CHARMM>     
  
 CHARMM>    ! Cross sectional protein area with whole atom.
 CHARMM>    scalar wmain = radius
  
 CHARMM>    scalar wmain mult 2.5   sele resname TIP3 end
 SELRPN>      0 atoms have been selected out of    872
  
 CHARMM>    scalar wmain add  1.529 sele .not. resname TIP3 end
 SELRPN>    872 atoms have been selected out of    872
  
 CHARMM>    scalar wmain mult 0.85  sele .not. resname TIP3 end
 SELRPN>    872 atoms have been selected out of    872
  
 CHARMM>    calc zab = ( @a + @b ) / 2.0
 Parameter: A -> "15.8"
 Parameter: B -> "16"
Evaluating: (15.8+16)/2.0
 Parameter: ZAB <- "15.9"
  
 CHARMM>     
  
 CHARMM>    coor search -
 CHARMM>         xmin @x1  xmax @x2  xgrip @xncel -
 CHARMM>         ymin @y1  ymax @y2  ygrip @yncel -
 CHARMM>         zmin @a   zmax @b   zgrip 5
 Parameter: X1 -> "-17.0826968"
 Parameter: X2 -> "17.0826968"
 Parameter: XNCEL -> "170"
 Parameter: Y1 -> "-21.9894065"
 Parameter: Y2 -> "21.9894065"
 Parameter: YNCEL -> "219"
 Parameter: A -> "15.8"
 Parameter: B -> "16"

 A TOTAL OF   155864   VACUUM POINTS WERE FOUND
 A TOTAL OF    30286 OCCUPIED POINTS WERE FOUND
 A TOTAL OF        0 EXTERNAL POINTS WERE FOUND
 A TOTAL OF   155864 SELECTED POINTS WERE FOUND
 TOTAL OCCUPIED  VOLUME =      48.892113
 TOTAL SELECTED  VOLUME =     251.618578
 TOTAL FREE      VOLUME =     251.618578
 FRACTIONAL FREE VOLUME =      83.730325
  
 CHARMM>     
  
 CHARMM>    calc c = ?volume * @factor
 Parameter: FACTOR -> "5"
 RDCMND substituted energy or value "?VOLUME" to "48.8921128"
Evaluating: 48.8921128*5
 Parameter: C <- "244.460564"
  
 CHARMM>     
  
 CHARMM>    if a .lt. -10 if a .gt. -20 if c .gt. @botarea set botarea = @c
 Parameter: BOTAREA -> "396.273754"
 Parameter: C -> "244.460564"
 Comparing "15.8" and "-10".
 IF test evaluated as false.  Skipping command
  
 CHARMM>    if a .gt.  10 if a .lt.  20 if c .gt. @toparea set toparea = @c
 Parameter: TOPAREA -> "436.519425"
 Parameter: C -> "244.460564"
 Comparing "15.8" and "10".
 IF test evaluated as true.  Performing command
 Comparing "15.8" and "20".
 IF test evaluated as true.  Performing command
 Comparing "244.460564" and "436.519425".
 IF test evaluated as false.  Skipping command
  
 CHARMM>     
  
 CHARMM>    write title unit 51
 RDTITL> * 16  244.460564
 RDTITL> *
  
 CHARMM>     
  
 CHARMM>    incr a by @dcel
 Parameter: DCEL -> "0.2"
 Parameter: A <- "16"
  
 CHARMM>    incr b by @dcel
 Parameter: DCEL -> "0.2"
 Parameter: B <- "16.2"
  
 CHARMM>    if b le ?ZMAX goto DOAREA
 RDCMND substituted energy or value "?ZMAX" to "17.1394014"
 Comparing "16.2" and "17.1394014".
 IF test evaluated as true.  Performing command
  
 CHARMM>     
  
 CHARMM>    ! Cross sectional protein area with whole atom.
 CHARMM>    scalar wmain = radius
  
 CHARMM>    scalar wmain mult 2.5   sele resname TIP3 end
 SELRPN>      0 atoms have been selected out of    872
  
 CHARMM>    scalar wmain add  1.529 sele .not. resname TIP3 end
 SELRPN>    872 atoms have been selected out of    872
  
 CHARMM>    scalar wmain mult 0.85  sele .not. resname TIP3 end
 SELRPN>    872 atoms have been selected out of    872
  
 CHARMM>    calc zab = ( @a + @b ) / 2.0
 Parameter: A -> "16"
 Parameter: B -> "16.2"
Evaluating: (16+16.2)/2.0
 Parameter: ZAB <- "16.1"
  
 CHARMM>     
  
 CHARMM>    coor search -
 CHARMM>         xmin @x1  xmax @x2  xgrip @xncel -
 CHARMM>         ymin @y1  ymax @y2  ygrip @yncel -
 CHARMM>         zmin @a   zmax @b   zgrip 5
 Parameter: X1 -> "-17.0826968"
 Parameter: X2 -> "17.0826968"
 Parameter: XNCEL -> "170"
 Parameter: Y1 -> "-21.9894065"
 Parameter: Y2 -> "21.9894065"
 Parameter: YNCEL -> "219"
 Parameter: A -> "16"
 Parameter: B -> "16.2"

 A TOTAL OF   156800   VACUUM POINTS WERE FOUND
 A TOTAL OF    29350 OCCUPIED POINTS WERE FOUND
 A TOTAL OF        0 EXTERNAL POINTS WERE FOUND
 A TOTAL OF   156800 SELECTED POINTS WERE FOUND
 TOTAL OCCUPIED  VOLUME =      47.381084
 TOTAL SELECTED  VOLUME =     253.129607
 TOTAL FREE      VOLUME =     253.129607
 FRACTIONAL FREE VOLUME =      84.233145
  
 CHARMM>     
  
 CHARMM>    calc c = ?volume * @factor
 Parameter: FACTOR -> "5"
 RDCMND substituted energy or value "?VOLUME" to "47.381084"
Evaluating: 47.381084*5
 Parameter: C <- "236.90542"
  
 CHARMM>     
  
 CHARMM>    if a .lt. -10 if a .gt. -20 if c .gt. @botarea set botarea = @c
 Parameter: BOTAREA -> "396.273754"
 Parameter: C -> "236.90542"
 Comparing "16" and "-10".
 IF test evaluated as false.  Skipping command
  
 CHARMM>    if a .gt.  10 if a .lt.  20 if c .gt. @toparea set toparea = @c
 Parameter: TOPAREA -> "436.519425"
 Parameter: C -> "236.90542"
 Comparing "16" and "10".
 IF test evaluated as true.  Performing command
 Comparing "16" and "20".
 IF test evaluated as true.  Performing command
 Comparing "236.90542" and "436.519425".
 IF test evaluated as false.  Skipping command
  
 CHARMM>     
  
 CHARMM>    write title unit 51
 RDTITL> * 16.2  236.90542
 RDTITL> *
  
 CHARMM>     
  
 CHARMM>    incr a by @dcel
 Parameter: DCEL -> "0.2"
 Parameter: A <- "16.2"
  
 CHARMM>    incr b by @dcel
 Parameter: DCEL -> "0.2"
 Parameter: B <- "16.4"
  
 CHARMM>    if b le ?ZMAX goto DOAREA
 RDCMND substituted energy or value "?ZMAX" to "17.1394014"
 Comparing "16.4" and "17.1394014".
 IF test evaluated as true.  Performing command
  
 CHARMM>     
  
 CHARMM>    ! Cross sectional protein area with whole atom.
 CHARMM>    scalar wmain = radius
  
 CHARMM>    scalar wmain mult 2.5   sele resname TIP3 end
 SELRPN>      0 atoms have been selected out of    872
  
 CHARMM>    scalar wmain add  1.529 sele .not. resname TIP3 end
 SELRPN>    872 atoms have been selected out of    872
  
 CHARMM>    scalar wmain mult 0.85  sele .not. resname TIP3 end
 SELRPN>    872 atoms have been selected out of    872
  
 CHARMM>    calc zab = ( @a + @b ) / 2.0
 Parameter: A -> "16.2"
 Parameter: B -> "16.4"
Evaluating: (16.2+16.4)/2.0
 Parameter: ZAB <- "16.3"
  
 CHARMM>     
  
 CHARMM>    coor search -
 CHARMM>         xmin @x1  xmax @x2  xgrip @xncel -
 CHARMM>         ymin @y1  ymax @y2  ygrip @yncel -
 CHARMM>         zmin @a   zmax @b   zgrip 5
 Parameter: X1 -> "-17.0826968"
 Parameter: X2 -> "17.0826968"
 Parameter: XNCEL -> "170"
 Parameter: Y1 -> "-21.9894065"
 Parameter: Y2 -> "21.9894065"
 Parameter: YNCEL -> "219"
 Parameter: A -> "16.2"
 Parameter: B -> "16.4"

 A TOTAL OF   157770   VACUUM POINTS WERE FOUND
 A TOTAL OF    28380 OCCUPIED POINTS WERE FOUND
 A TOTAL OF        0 EXTERNAL POINTS WERE FOUND
 A TOTAL OF   157770 SELECTED POINTS WERE FOUND
 TOTAL OCCUPIED  VOLUME =      45.815167
 TOTAL SELECTED  VOLUME =     254.695524
 TOTAL FREE      VOLUME =     254.695524
 FRACTIONAL FREE VOLUME =      84.754230
  
 CHARMM>     
  
 CHARMM>    calc c = ?volume * @factor
 Parameter: FACTOR -> "5"
 RDCMND substituted energy or value "?VOLUME" to "45.8151674"
Evaluating: 45.8151674*5
 Parameter: C <- "229.075837"
  
 CHARMM>     
  
 CHARMM>    if a .lt. -10 if a .gt. -20 if c .gt. @botarea set botarea = @c
 Parameter: BOTAREA -> "396.273754"
 Parameter: C -> "229.075837"
 Comparing "16.2" and "-10".
 IF test evaluated as false.  Skipping command
  
 CHARMM>    if a .gt.  10 if a .lt.  20 if c .gt. @toparea set toparea = @c
 Parameter: TOPAREA -> "436.519425"
 Parameter: C -> "229.075837"
 Comparing "16.2" and "10".
 IF test evaluated as true.  Performing command
 Comparing "16.2" and "20".
 IF test evaluated as true.  Performing command
 Comparing "229.075837" and "436.519425".
 IF test evaluated as false.  Skipping command
  
 CHARMM>     
  
 CHARMM>    write title unit 51
 RDTITL> * 16.4  229.075837
 RDTITL> *
  
 CHARMM>     
  
 CHARMM>    incr a by @dcel
 Parameter: DCEL -> "0.2"
 Parameter: A <- "16.4"
  
 CHARMM>    incr b by @dcel
 Parameter: DCEL -> "0.2"
 Parameter: B <- "16.6"
  
 CHARMM>    if b le ?ZMAX goto DOAREA
 RDCMND substituted energy or value "?ZMAX" to "17.1394014"
 Comparing "16.6" and "17.1394014".
 IF test evaluated as true.  Performing command
  
 CHARMM>     
  
 CHARMM>    ! Cross sectional protein area with whole atom.
 CHARMM>    scalar wmain = radius
  
 CHARMM>    scalar wmain mult 2.5   sele resname TIP3 end
 SELRPN>      0 atoms have been selected out of    872
  
 CHARMM>    scalar wmain add  1.529 sele .not. resname TIP3 end
 SELRPN>    872 atoms have been selected out of    872
  
 CHARMM>    scalar wmain mult 0.85  sele .not. resname TIP3 end
 SELRPN>    872 atoms have been selected out of    872
  
 CHARMM>    calc zab = ( @a + @b ) / 2.0
 Parameter: A -> "16.4"
 Parameter: B -> "16.6"
Evaluating: (16.4+16.6)/2.0
 Parameter: ZAB <- "16.5"
  
 CHARMM>     
  
 CHARMM>    coor search -
 CHARMM>         xmin @x1  xmax @x2  xgrip @xncel -
 CHARMM>         ymin @y1  ymax @y2  ygrip @yncel -
 CHARMM>         zmin @a   zmax @b   zgrip 5
 Parameter: X1 -> "-17.0826968"
 Parameter: X2 -> "17.0826968"
 Parameter: XNCEL -> "170"
 Parameter: Y1 -> "-21.9894065"
 Parameter: Y2 -> "21.9894065"
 Parameter: YNCEL -> "219"
 Parameter: A -> "16.4"
 Parameter: B -> "16.6"

 A TOTAL OF   158958   VACUUM POINTS WERE FOUND
 A TOTAL OF    27192 OCCUPIED POINTS WERE FOUND
 A TOTAL OF        0 EXTERNAL POINTS WERE FOUND
 A TOTAL OF   158958 SELECTED POINTS WERE FOUND
 TOTAL OCCUPIED  VOLUME =      43.897323
 TOTAL SELECTED  VOLUME =     256.613368
 TOTAL FREE      VOLUME =     256.613368
 FRACTIONAL FREE VOLUME =      85.392425
  
 CHARMM>     
  
 CHARMM>    calc c = ?volume * @factor
 Parameter: FACTOR -> "5"
 RDCMND substituted energy or value "?VOLUME" to "43.8973232"
Evaluating: 43.8973232*5
 Parameter: C <- "219.486616"
  
 CHARMM>     
  
 CHARMM>    if a .lt. -10 if a .gt. -20 if c .gt. @botarea set botarea = @c
 Parameter: BOTAREA -> "396.273754"
 Parameter: C -> "219.486616"
 Comparing "16.4" and "-10".
 IF test evaluated as false.  Skipping command
  
 CHARMM>    if a .gt.  10 if a .lt.  20 if c .gt. @toparea set toparea = @c
 Parameter: TOPAREA -> "436.519425"
 Parameter: C -> "219.486616"
 Comparing "16.4" and "10".
 IF test evaluated as true.  Performing command
 Comparing "16.4" and "20".
 IF test evaluated as true.  Performing command
 Comparing "219.486616" and "436.519425".
 IF test evaluated as false.  Skipping command
  
 CHARMM>     
  
 CHARMM>    write title unit 51
 RDTITL> * 16.6  219.486616
 RDTITL> *
  
 CHARMM>     
  
 CHARMM>    incr a by @dcel
 Parameter: DCEL -> "0.2"
 Parameter: A <- "16.6"
  
 CHARMM>    incr b by @dcel
 Parameter: DCEL -> "0.2"
 Parameter: B <- "16.8"
  
 CHARMM>    if b le ?ZMAX goto DOAREA
 RDCMND substituted energy or value "?ZMAX" to "17.1394014"
 Comparing "16.8" and "17.1394014".
 IF test evaluated as true.  Performing command
  
 CHARMM>     
  
 CHARMM>    ! Cross sectional protein area with whole atom.
 CHARMM>    scalar wmain = radius
  
 CHARMM>    scalar wmain mult 2.5   sele resname TIP3 end
 SELRPN>      0 atoms have been selected out of    872
  
 CHARMM>    scalar wmain add  1.529 sele .not. resname TIP3 end
 SELRPN>    872 atoms have been selected out of    872
  
 CHARMM>    scalar wmain mult 0.85  sele .not. resname TIP3 end
 SELRPN>    872 atoms have been selected out of    872
  
 CHARMM>    calc zab = ( @a + @b ) / 2.0
 Parameter: A -> "16.6"
 Parameter: B -> "16.8"
Evaluating: (16.6+16.8)/2.0
 Parameter: ZAB <- "16.7"
  
 CHARMM>     
  
 CHARMM>    coor search -
 CHARMM>         xmin @x1  xmax @x2  xgrip @xncel -
 CHARMM>         ymin @y1  ymax @y2  ygrip @yncel -
 CHARMM>         zmin @a   zmax @b   zgrip 5
 Parameter: X1 -> "-17.0826968"
 Parameter: X2 -> "17.0826968"
 Parameter: XNCEL -> "170"
 Parameter: Y1 -> "-21.9894065"
 Parameter: Y2 -> "21.9894065"
 Parameter: YNCEL -> "219"
 Parameter: A -> "16.6"
 Parameter: B -> "16.8"

 A TOTAL OF   160392   VACUUM POINTS WERE FOUND
 A TOTAL OF    25758 OCCUPIED POINTS WERE FOUND
 A TOTAL OF        0 EXTERNAL POINTS WERE FOUND
 A TOTAL OF   160392 SELECTED POINTS WERE FOUND
 TOTAL OCCUPIED  VOLUME =      41.582350
 TOTAL SELECTED  VOLUME =     258.928342
 TOTAL FREE      VOLUME =     258.928342
 FRACTIONAL FREE VOLUME =      86.162772
  
 CHARMM>     
  
 CHARMM>    calc c = ?volume * @factor
 Parameter: FACTOR -> "5"
 RDCMND substituted energy or value "?VOLUME" to "41.5823496"
Evaluating: 41.5823496*5
 Parameter: C <- "207.911748"
  
 CHARMM>     
  
 CHARMM>    if a .lt. -10 if a .gt. -20 if c .gt. @botarea set botarea = @c
 Parameter: BOTAREA -> "396.273754"
 Parameter: C -> "207.911748"
 Comparing "16.6" and "-10".
 IF test evaluated as false.  Skipping command
  
 CHARMM>    if a .gt.  10 if a .lt.  20 if c .gt. @toparea set toparea = @c
 Parameter: TOPAREA -> "436.519425"
 Parameter: C -> "207.911748"
 Comparing "16.6" and "10".
 IF test evaluated as true.  Performing command
 Comparing "16.6" and "20".
 IF test evaluated as true.  Performing command
 Comparing "207.911748" and "436.519425".
 IF test evaluated as false.  Skipping command
  
 CHARMM>     
  
 CHARMM>    write title unit 51
 RDTITL> * 16.8  207.911748
 RDTITL> *
  
 CHARMM>     
  
 CHARMM>    incr a by @dcel
 Parameter: DCEL -> "0.2"
 Parameter: A <- "16.8"
  
 CHARMM>    incr b by @dcel
 Parameter: DCEL -> "0.2"
 Parameter: B <- "17"
  
 CHARMM>    if b le ?ZMAX goto DOAREA
 RDCMND substituted energy or value "?ZMAX" to "17.1394014"
 Comparing "17" and "17.1394014".
 IF test evaluated as true.  Performing command
  
 CHARMM>     
  
 CHARMM>    ! Cross sectional protein area with whole atom.
 CHARMM>    scalar wmain = radius
  
 CHARMM>    scalar wmain mult 2.5   sele resname TIP3 end
 SELRPN>      0 atoms have been selected out of    872
  
 CHARMM>    scalar wmain add  1.529 sele .not. resname TIP3 end
 SELRPN>    872 atoms have been selected out of    872
  
 CHARMM>    scalar wmain mult 0.85  sele .not. resname TIP3 end
 SELRPN>    872 atoms have been selected out of    872
  
 CHARMM>    calc zab = ( @a + @b ) / 2.0
 Parameter: A -> "16.8"
 Parameter: B -> "17"
Evaluating: (16.8+17)/2.0
 Parameter: ZAB <- "16.9"
  
 CHARMM>     
  
 CHARMM>    coor search -
 CHARMM>         xmin @x1  xmax @x2  xgrip @xncel -
 CHARMM>         ymin @y1  ymax @y2  ygrip @yncel -
 CHARMM>         zmin @a   zmax @b   zgrip 5
 Parameter: X1 -> "-17.0826968"
 Parameter: X2 -> "17.0826968"
 Parameter: XNCEL -> "170"
 Parameter: Y1 -> "-21.9894065"
 Parameter: Y2 -> "21.9894065"
 Parameter: YNCEL -> "219"
 Parameter: A -> "16.8"
 Parameter: B -> "17"

 A TOTAL OF   162246   VACUUM POINTS WERE FOUND
 A TOTAL OF    23904 OCCUPIED POINTS WERE FOUND
 A TOTAL OF        0 EXTERNAL POINTS WERE FOUND
 A TOTAL OF   162246 SELECTED POINTS WERE FOUND
 TOTAL OCCUPIED  VOLUME =      38.589350
 TOTAL SELECTED  VOLUME =     261.921341
 TOTAL FREE      VOLUME =     261.921341
 FRACTIONAL FREE VOLUME =      87.158743
  
 CHARMM>     
  
 CHARMM>    calc c = ?volume * @factor
 Parameter: FACTOR -> "5"
 RDCMND substituted energy or value "?VOLUME" to "38.5893503"
Evaluating: 38.5893503*5
 Parameter: C <- "192.946752"
  
 CHARMM>     
  
 CHARMM>    if a .lt. -10 if a .gt. -20 if c .gt. @botarea set botarea = @c
 Parameter: BOTAREA -> "396.273754"
 Parameter: C -> "192.946752"
 Comparing "16.8" and "-10".
 IF test evaluated as false.  Skipping command
  
 CHARMM>    if a .gt.  10 if a .lt.  20 if c .gt. @toparea set toparea = @c
 Parameter: TOPAREA -> "436.519425"
 Parameter: C -> "192.946752"
 Comparing "16.8" and "10".
 IF test evaluated as true.  Performing command
 Comparing "16.8" and "20".
 IF test evaluated as true.  Performing command
 Comparing "192.946752" and "436.519425".
 IF test evaluated as false.  Skipping command
  
 CHARMM>     
  
 CHARMM>    write title unit 51
 RDTITL> * 17  192.946752
 RDTITL> *
  
 CHARMM>     
  
 CHARMM>    incr a by @dcel
 Parameter: DCEL -> "0.2"
 Parameter: A <- "17"
  
 CHARMM>    incr b by @dcel
 Parameter: DCEL -> "0.2"
 Parameter: B <- "17.2"
  
 CHARMM>    if b le ?ZMAX goto DOAREA
 RDCMND substituted energy or value "?ZMAX" to "17.1394014"
 Comparing "17.2" and "17.1394014".
 IF test evaluated as false.  Skipping command
  
 CHARMM>     
  
 CHARMM>    if toparea .eq. -1 calc toparea = 0
 Comparing "436.519425" and "-1".
 IF test evaluated as false.  Skipping command
  
 CHARMM>    if botarea .eq. -1 calc botarea = 0
 Comparing "396.273754" and "-1".
 IF test evaluated as false.  Skipping command
  
 CHARMM>     
  
 CHARMM>    ! Protein size
 CHARMM>    coor stat sele .not. hydrogen end
 SELRPN>    402 atoms have been selected out of    872
 STATISTICS FOR       402 SELECTED ATOMS:
    XMIN =  -11.458824 XMAX =   11.458824 XAVE =    0.000000
    YMIN =  -16.184087 YMAX =   16.184087 YAVE =   -0.000000
    ZMIN =  -18.098400 ZMAX =   16.416600 ZAVE =   -0.624094
    WMIN =    0.000000 WMAX =    0.047968 WAVE =    0.001550
  
 CHARMM>    calc xmax = ?xmax
 RDCMND substituted energy or value "?XMAX" to "11.4588244"
Evaluating: 11.4588244
 Parameter: XMAX <- "11.4588244"
  
 CHARMM>    calc xmin = ?xmin
 RDCMND substituted energy or value "?XMIN" to "-11.4588244"
Evaluating: -11.4588244
 Parameter: XMIN <- "-11.4588244"
  
 CHARMM>    calc ymax = ?ymax
 RDCMND substituted energy or value "?YMAX" to "16.1840875"
Evaluating: 16.1840875
 Parameter: YMAX <- "16.1840875"
  
 CHARMM>    calc ymin = ?ymin
 RDCMND substituted energy or value "?YMIN" to "-16.1840875"
Evaluating: -16.1840875
 Parameter: YMIN <- "-16.1840875"
  
 CHARMM>    calc zmax = ?zmax
 RDCMND substituted energy or value "?ZMAX" to "16.4166004"
Evaluating: 16.4166004
 Parameter: ZMAX <- "16.4166004"
  
 CHARMM>    calc zmin = ?zmin
 RDCMND substituted energy or value "?ZMIN" to "-18.0983996"
Evaluating: -18.0983996
 Parameter: ZMIN <- "-18.0983996"
  
 CHARMM>     
  
 CHARMM>     
  
 CHARMM>    open write card  unit 51 name step2_protein_area.str
 OPNLGU> Unit already open. The old file will be closed first.
 VCLOSE: Closing unit   51 with status "KEEP"
 VOPEN> Attempting to open::step2_protein_area.str::
 OPNLGU> Unit 51 opened for WRITE access to step2_protein_area.str
  
 CHARMM>    write title unit 51
 RDTITL> * CALC TOPAREA = 436.519425
 RDTITL> * CALC BOTAREA = 396.273754
 RDTITL> * CALC XMAX = 11.4588244
 RDTITL> * CALC XMIN = -11.4588244
 RDTITL> * CALC YMAX = 16.1840875
 RDTITL> * CALC YMIN = -16.1840875
 RDTITL> * CALC ZMAX = 16.4166004
 RDTITL> * CALC ZMIN = -18.0983996
 RDTITL> *
  
 CHARMM>     
  
 CHARMM>     
  
 VCLOSE: Closing unit   99 with status "KEEP"

                    RETURNING TO INPUT STREAM     5
  
 CHARMM>     
  
 CHARMM>    open write card unit 10 name step2_orient.pdb
 OPNLGU> Unit already open. The old file will be closed first.
 VCLOSE: Closing unit   10 with status "KEEP"
 VOPEN> Attempting to open::step2_orient.pdb::
 OPNLGU> Unit 10 opened for WRITE access to step2_orient.pdb
  
 CHARMM>    write coor pdb  unit 10 sele .not. segid PWAT end
 RDTITL>  
 RDTITL> No title read.
  Write CHARMM-pdb format
 SELRPN>    872 atoms have been selected out of    872
  
 CHARMM>     
  
 CHARMM>    open write card unit 10 name step2_orient.crd
 OPNLGU> Unit already open. The old file will be closed first.
 VCLOSE: Closing unit   10 with status "KEEP"
 VOPEN> Attempting to open::step2_orient.crd::
 OPNLGU> Unit 10 opened for WRITE access to step2_orient.crd
  
 CHARMM>    write coor card unit 10 sele .not. segid PWAT end
 RDTITL>  
 RDTITL> No title read.
 SELRPN>    872 atoms have been selected out of    872
 VCLOSE: Closing unit   10 with status "KEEP"
  
 CHARMM>     
  
 CHARMM>    stop
 VCLOSE: Closing unit   20 with status "KEEP"
 VCLOSE: Closing unit   51 with status "KEEP"
$$$$$$  New timer profile $$$$$
 Total time                      7.46 Other:            0.00

                    NORMAL TERMINATION BY NORMAL STOP
                    MOST SEVERE WARNING WAS AT LEVEL  1

                    $$$$$ JOB ACCOUNTING INFORMATION $$$$$
                     ELAPSED TIME:     7.46  SECONDS 
                         CPU TIME:     7.46  SECONDS 
